Version Modification Check	Set up job	﻿2026-05-09T15:41:31.2312768Z Current runner version: '2.334.0'
Version Modification Check	Set up job	2026-05-09T15:41:31.2337392Z ##[group]Runner Image Provisioner
Version Modification Check	Set up job	2026-05-09T15:41:31.2338214Z Hosted Compute Agent
Version Modification Check	Set up job	2026-05-09T15:41:31.2338676Z Version: 20260213.493
Version Modification Check	Set up job	2026-05-09T15:41:31.2339228Z Commit: 5c115507f6dd24b8de37d8bbe0bb4509d0cc0fa3
Version Modification Check	Set up job	2026-05-09T15:41:31.2339890Z Build Date: 2026-02-13T00:28:41Z
Version Modification Check	Set up job	2026-05-09T15:41:31.2340478Z Worker ID: {70846086-dbac-4b30-95de-7bcd2dc15ecf}
Version Modification Check	Set up job	2026-05-09T15:41:31.2341103Z Azure Region: westus3
Version Modification Check	Set up job	2026-05-09T15:41:31.2341607Z ##[endgroup]
Version Modification Check	Set up job	2026-05-09T15:41:31.2342849Z ##[group]Operating System
Version Modification Check	Set up job	2026-05-09T15:41:31.2343363Z Ubuntu
Version Modification Check	Set up job	2026-05-09T15:41:31.2344031Z 24.04.4
Version Modification Check	Set up job	2026-05-09T15:41:31.2344613Z LTS
Version Modification Check	Set up job	2026-05-09T15:41:31.2345029Z ##[endgroup]
Version Modification Check	Set up job	2026-05-09T15:41:31.2345472Z ##[group]Runner Image
Version Modification Check	Set up job	2026-05-09T15:41:31.2345975Z Image: ubuntu-24.04
Version Modification Check	Set up job	2026-05-09T15:41:31.2346398Z Version: 20260413.86.1
Version Modification Check	Set up job	2026-05-09T15:41:31.2347287Z Included Software: https://github.com/actions/runner-images/blob/ubuntu24/20260413.86/images/ubuntu/Ubuntu2404-Readme.md
Version Modification Check	Set up job	2026-05-09T15:41:31.2348782Z Image Release: https://github.com/actions/runner-images/releases/tag/ubuntu24%2F20260413.86
Version Modification Check	Set up job	2026-05-09T15:41:31.2349581Z ##[endgroup]
Version Modification Check	Set up job	2026-05-09T15:41:31.2352031Z ##[group]GITHUB_TOKEN Permissions
Version Modification Check	Set up job	2026-05-09T15:41:31.2354172Z Actions: write
Version Modification Check	Set up job	2026-05-09T15:41:31.2354707Z ArtifactMetadata: write
Version Modification Check	Set up job	2026-05-09T15:41:31.2355169Z Attestations: write
Version Modification Check	Set up job	2026-05-09T15:41:31.2355641Z Checks: write
Version Modification Check	Set up job	2026-05-09T15:41:31.2356155Z Contents: write
Version Modification Check	Set up job	2026-05-09T15:41:31.2356588Z Deployments: write
Version Modification Check	Set up job	2026-05-09T15:41:31.2357083Z Discussions: write
Version Modification Check	Set up job	2026-05-09T15:41:31.2357517Z Issues: write
Version Modification Check	Set up job	2026-05-09T15:41:31.2357951Z Metadata: read
Version Modification Check	Set up job	2026-05-09T15:41:31.2358393Z Models: read
Version Modification Check	Set up job	2026-05-09T15:41:31.2358813Z Packages: write
Version Modification Check	Set up job	2026-05-09T15:41:31.2359266Z Pages: write
Version Modification Check	Set up job	2026-05-09T15:41:31.2359824Z PullRequests: write
Version Modification Check	Set up job	2026-05-09T15:41:31.2360287Z RepositoryProjects: write
Version Modification Check	Set up job	2026-05-09T15:41:31.2360795Z SecurityEvents: write
Version Modification Check	Set up job	2026-05-09T15:41:31.2361284Z Statuses: write
Version Modification Check	Set up job	2026-05-09T15:41:31.2361739Z VulnerabilityAlerts: read
Version Modification Check	Set up job	2026-05-09T15:41:31.2362259Z ##[endgroup]
Version Modification Check	Set up job	2026-05-09T15:41:31.2364514Z Secret source: Actions
Version Modification Check	Set up job	2026-05-09T15:41:31.2365247Z Prepare workflow directory
Version Modification Check	Set up job	2026-05-09T15:41:31.2915503Z Prepare all required actions
Version Modification Check	Set up job	2026-05-09T15:41:31.2952444Z Getting action download info
Version Modification Check	Set up job	2026-05-09T15:41:31.7105756Z Download action repository 'actions/checkout@v4' (SHA:34e114876b0b11c390a56381ad16ebd13914f8d5)
Version Modification Check	Set up job	2026-05-09T15:41:31.8140077Z Download action repository 'dtolnay/rust-toolchain@stable' (SHA:29eef336d9b2848a0b548edc03f92a220660cdb8)
Version Modification Check	Set up job	2026-05-09T15:41:32.1534366Z Complete job name: Version Modification Check
Version Modification Check	Run actions/checkout@v4	﻿2026-05-09T15:41:32.2291104Z ##[group]Run actions/checkout@v4
Version Modification Check	Run actions/checkout@v4	2026-05-09T15:41:32.2291872Z with:
Version Modification Check	Run actions/checkout@v4	2026-05-09T15:41:32.2292219Z   fetch-depth: 0
Version Modification Check	Run actions/checkout@v4	2026-05-09T15:41:32.2292599Z   repository: link-assistant/router
Version Modification Check	Run actions/checkout@v4	2026-05-09T15:41:32.2293269Z   token: ***
Version Modification Check	Run actions/checkout@v4	2026-05-09T15:41:32.2293607Z   ssh-strict: true
Version Modification Check	Run actions/checkout@v4	2026-05-09T15:41:32.2294239Z   ssh-user: git
Version Modification Check	Run actions/checkout@v4	2026-05-09T15:41:32.2294615Z   persist-credentials: true
Version Modification Check	Run actions/checkout@v4	2026-05-09T15:41:32.2295024Z   clean: true
Version Modification Check	Run actions/checkout@v4	2026-05-09T15:41:32.2295423Z   sparse-checkout-cone-mode: true
Version Modification Check	Run actions/checkout@v4	2026-05-09T15:41:32.2295863Z   fetch-tags: false
Version Modification Check	Run actions/checkout@v4	2026-05-09T15:41:32.2296220Z   show-progress: true
Version Modification Check	Run actions/checkout@v4	2026-05-09T15:41:32.2296585Z   lfs: false
Version Modification Check	Run actions/checkout@v4	2026-05-09T15:41:32.2296913Z   submodules: false
Version Modification Check	Run actions/checkout@v4	2026-05-09T15:41:32.2297262Z   set-safe-directory: true
Version Modification Check	Run actions/checkout@v4	2026-05-09T15:41:32.2297886Z env:
Version Modification Check	Run actions/checkout@v4	2026-05-09T15:41:32.2298214Z   CARGO_TERM_COLOR: always
Version Modification Check	Run actions/checkout@v4	2026-05-09T15:41:32.2298626Z   RUSTFLAGS: -Dwarnings
Version Modification Check	Run actions/checkout@v4	2026-05-09T15:41:32.2299193Z   CARGO_REGISTRY_TOKEN: ***
Version Modification Check	Run actions/checkout@v4	2026-05-09T15:41:32.2299637Z   DOCKERHUB_IMAGE: konard/link-assistant-router
Version Modification Check	Run actions/checkout@v4	2026-05-09T15:41:32.2300161Z ##[endgroup]
Version Modification Check	Run actions/checkout@v4	2026-05-09T15:41:32.3384723Z Syncing repository: link-assistant/router
Version Modification Check	Run actions/checkout@v4	2026-05-09T15:41:32.3387350Z ##[group]Getting Git version info
Version Modification Check	Run actions/checkout@v4	2026-05-09T15:41:32.3388447Z Working directory is '/home/runner/work/router/router'
Version Modification Check	Run actions/checkout@v4	2026-05-09T15:41:32.3390022Z [command]/usr/bin/git version
Version Modification Check	Run actions/checkout@v4	2026-05-09T15:41:32.3396975Z git version 2.53.0
Version Modification Check	Run actions/checkout@v4	2026-05-09T15:41:32.3420377Z ##[endgroup]
Version Modification Check	Run actions/checkout@v4	2026-05-09T15:41:32.3433181Z Temporarily overriding HOME='/home/runner/work/_temp/2824a967-acb5-430e-8fde-9ad1e1282665' before making global git config changes
Version Modification Check	Run actions/checkout@v4	2026-05-09T15:41:32.3439256Z Adding repository directory to the temporary git global config as a safe directory
Version Modification Check	Run actions/checkout@v4	2026-05-09T15:41:32.3440285Z [command]/usr/bin/git config --global --add safe.directory /home/runner/work/router/router
Version Modification Check	Run actions/checkout@v4	2026-05-09T15:41:32.3469282Z Deleting the contents of '/home/runner/work/router/router'
Version Modification Check	Run actions/checkout@v4	2026-05-09T15:41:32.3472184Z ##[group]Initializing the repository
Version Modification Check	Run actions/checkout@v4	2026-05-09T15:41:32.3476324Z [command]/usr/bin/git init /home/runner/work/router/router
Version Modification Check	Run actions/checkout@v4	2026-05-09T15:41:32.3545795Z hint: Using 'master' as the name for the initial branch. This default branch name
Version Modification Check	Run actions/checkout@v4	2026-05-09T15:41:32.3547152Z hint: will change to "main" in Git 3.0. To configure the initial branch name
Version Modification Check	Run actions/checkout@v4	2026-05-09T15:41:32.3547959Z hint: to use in all of your new repositories, which will suppress this warning,
Version Modification Check	Run actions/checkout@v4	2026-05-09T15:41:32.3549020Z hint: call:
Version Modification Check	Run actions/checkout@v4	2026-05-09T15:41:32.3549541Z hint:
Version Modification Check	Run actions/checkout@v4	2026-05-09T15:41:32.3550029Z hint: 	git config --global init.defaultBranch <name>
Version Modification Check	Run actions/checkout@v4	2026-05-09T15:41:32.3550539Z hint:
Version Modification Check	Run actions/checkout@v4	2026-05-09T15:41:32.3551161Z hint: Names commonly chosen instead of 'master' are 'main', 'trunk' and
Version Modification Check	Run actions/checkout@v4	2026-05-09T15:41:32.3551956Z hint: 'development'. The just-created branch can be renamed via this command:
Version Modification Check	Run actions/checkout@v4	2026-05-09T15:41:32.3552565Z hint:
Version Modification Check	Run actions/checkout@v4	2026-05-09T15:41:32.3552912Z hint: 	git branch -m <name>
Version Modification Check	Run actions/checkout@v4	2026-05-09T15:41:32.3553300Z hint:
Version Modification Check	Run actions/checkout@v4	2026-05-09T15:41:32.3553994Z hint: Disable this message with "git config set advice.defaultBranchName false"
Version Modification Check	Run actions/checkout@v4	2026-05-09T15:41:32.3554856Z Initialized empty Git repository in /home/runner/work/router/router/.git/
Version Modification Check	Run actions/checkout@v4	2026-05-09T15:41:32.3557816Z [command]/usr/bin/git remote add origin https://github.com/link-assistant/router
Version Modification Check	Run actions/checkout@v4	2026-05-09T15:41:32.3584909Z ##[endgroup]
Version Modification Check	Run actions/checkout@v4	2026-05-09T15:41:32.3585620Z ##[group]Disabling automatic garbage collection
Version Modification Check	Run actions/checkout@v4	2026-05-09T15:41:32.3589169Z [command]/usr/bin/git config --local gc.auto 0
Version Modification Check	Run actions/checkout@v4	2026-05-09T15:41:32.3613387Z ##[endgroup]
Version Modification Check	Run actions/checkout@v4	2026-05-09T15:41:32.3614287Z ##[group]Setting up auth
Version Modification Check	Run actions/checkout@v4	2026-05-09T15:41:32.3620606Z [command]/usr/bin/git config --local --name-only --get-regexp core\.sshCommand
Version Modification Check	Run actions/checkout@v4	2026-05-09T15:41:32.3646169Z [command]/usr/bin/git submodule foreach --recursive sh -c "git config --local --name-only --get-regexp 'core\.sshCommand' && git config --local --unset-all 'core.sshCommand' || :"
Version Modification Check	Run actions/checkout@v4	2026-05-09T15:41:32.3894086Z [command]/usr/bin/git config --local --name-only --get-regexp http\.https\:\/\/github\.com\/\.extraheader
Version Modification Check	Run actions/checkout@v4	2026-05-09T15:41:32.3919906Z [command]/usr/bin/git submodule foreach --recursive sh -c "git config --local --name-only --get-regexp 'http\.https\:\/\/github\.com\/\.extraheader' && git config --local --unset-all 'http.https://github.com/.extraheader' || :"
Version Modification Check	Run actions/checkout@v4	2026-05-09T15:41:32.4103117Z [command]/usr/bin/git config --local --name-only --get-regexp ^includeIf\.gitdir:
Version Modification Check	Run actions/checkout@v4	2026-05-09T15:41:32.4137115Z [command]/usr/bin/git submodule foreach --recursive git config --local --show-origin --name-only --get-regexp remote.origin.url
Version Modification Check	Run actions/checkout@v4	2026-05-09T15:41:32.4319534Z [command]/usr/bin/git config --local http.https://github.com/.extraheader AUTHORIZATION: basic ***
Version Modification Check	Run actions/checkout@v4	2026-05-09T15:41:32.4349603Z ##[endgroup]
Version Modification Check	Run actions/checkout@v4	2026-05-09T15:41:32.4350337Z ##[group]Fetching the repository
Version Modification Check	Run actions/checkout@v4	2026-05-09T15:41:32.4358837Z [command]/usr/bin/git -c protocol.version=2 fetch --prune --no-recurse-submodules origin +refs/heads/*:refs/remotes/origin/* +refs/tags/*:refs/tags/* +ba32e82dc793d7f93a9953448b25cb6ac18c737d:refs/remotes/pull/26/merge
Version Modification Check	Run actions/checkout@v4	2026-05-09T15:41:33.2816132Z From https://github.com/link-assistant/router
Version Modification Check	Run actions/checkout@v4	2026-05-09T15:41:33.2819569Z  * [new branch]      issue-1-1bf9ef21c1ac                     -> origin/issue-1-1bf9ef21c1ac
Version Modification Check	Run actions/checkout@v4	2026-05-09T15:41:33.2822271Z  * [new branch]      issue-11-0f880923289a                    -> origin/issue-11-0f880923289a
Version Modification Check	Run actions/checkout@v4	2026-05-09T15:41:33.2824652Z  * [new branch]      issue-13-2606f9974b11                    -> origin/issue-13-2606f9974b11
Version Modification Check	Run actions/checkout@v4	2026-05-09T15:41:33.2826722Z  * [new branch]      issue-15-8f76cb08364a                    -> origin/issue-15-8f76cb08364a
Version Modification Check	Run actions/checkout@v4	2026-05-09T15:41:33.2829132Z  * [new branch]      issue-17-eb0edbddcdb5                    -> origin/issue-17-eb0edbddcdb5
Version Modification Check	Run actions/checkout@v4	2026-05-09T15:41:33.2831311Z  * [new branch]      issue-18-aafa1060453e                    -> origin/issue-18-aafa1060453e
Version Modification Check	Run actions/checkout@v4	2026-05-09T15:41:33.2833574Z  * [new branch]      issue-21-4e3dd79ebb0a                    -> origin/issue-21-4e3dd79ebb0a
Version Modification Check	Run actions/checkout@v4	2026-05-09T15:41:33.2835915Z  * [new branch]      issue-23-c4c21ed11eba                    -> origin/issue-23-c4c21ed11eba
Version Modification Check	Run actions/checkout@v4	2026-05-09T15:41:33.2838016Z  * [new branch]      issue-25-cee894a7a764                    -> origin/issue-25-cee894a7a764
Version Modification Check	Run actions/checkout@v4	2026-05-09T15:41:33.2840080Z  * [new branch]      issue-3-105675fe4cc7                     -> origin/issue-3-105675fe4cc7
Version Modification Check	Run actions/checkout@v4	2026-05-09T15:41:33.2842221Z  * [new branch]      issue-5-5a51161efdc8                     -> origin/issue-5-5a51161efdc8
Version Modification Check	Run actions/checkout@v4	2026-05-09T15:41:33.2844528Z  * [new branch]      issue-7-080001720a10                     -> origin/issue-7-080001720a10
Version Modification Check	Run actions/checkout@v4	2026-05-09T15:41:33.2847215Z  * [new branch]      issue-9-d545a925a750                     -> origin/issue-9-d545a925a750
Version Modification Check	Run actions/checkout@v4	2026-05-09T15:41:33.2849831Z  * [new branch]      main                                     -> origin/main
Version Modification Check	Run actions/checkout@v4	2026-05-09T15:41:33.2851479Z  * [new tag]         v0.10.0                                  -> v0.10.0
Version Modification Check	Run actions/checkout@v4	2026-05-09T15:41:33.2853044Z  * [new tag]         v0.11.0                                  -> v0.11.0
Version Modification Check	Run actions/checkout@v4	2026-05-09T15:41:33.2855221Z  * [new tag]         v0.12.0                                  -> v0.12.0
Version Modification Check	Run actions/checkout@v4	2026-05-09T15:41:33.2856996Z  * [new tag]         v0.13.0                                  -> v0.13.0
Version Modification Check	Run actions/checkout@v4	2026-05-09T15:41:33.2858775Z  * [new tag]         v0.3.0                                   -> v0.3.0
Version Modification Check	Run actions/checkout@v4	2026-05-09T15:41:33.2860356Z  * [new tag]         v0.4.0                                   -> v0.4.0
Version Modification Check	Run actions/checkout@v4	2026-05-09T15:41:33.2861938Z  * [new tag]         v0.5.0                                   -> v0.5.0
Version Modification Check	Run actions/checkout@v4	2026-05-09T15:41:33.2863707Z  * [new tag]         v0.6.0                                   -> v0.6.0
Version Modification Check	Run actions/checkout@v4	2026-05-09T15:41:33.2865597Z  * [new tag]         v0.7.0                                   -> v0.7.0
Version Modification Check	Run actions/checkout@v4	2026-05-09T15:41:33.2867192Z  * [new tag]         v0.8.0                                   -> v0.8.0
Version Modification Check	Run actions/checkout@v4	2026-05-09T15:41:33.2868872Z  * [new tag]         v0.9.0                                   -> v0.9.0
Version Modification Check	Run actions/checkout@v4	2026-05-09T15:41:33.2871039Z  * [new ref]         ba32e82dc793d7f93a9953448b25cb6ac18c737d -> pull/26/merge
Version Modification Check	Run actions/checkout@v4	2026-05-09T15:41:33.2875538Z ##[endgroup]
Version Modification Check	Run actions/checkout@v4	2026-05-09T15:41:33.2877294Z ##[group]Determining the checkout info
Version Modification Check	Run actions/checkout@v4	2026-05-09T15:41:33.2879313Z ##[endgroup]
Version Modification Check	Run actions/checkout@v4	2026-05-09T15:41:33.2880469Z [command]/usr/bin/git sparse-checkout disable
Version Modification Check	Run actions/checkout@v4	2026-05-09T15:41:33.2898818Z [command]/usr/bin/git config --local --unset-all extensions.worktreeConfig
Version Modification Check	Run actions/checkout@v4	2026-05-09T15:41:33.2922324Z ##[group]Checking out the ref
Version Modification Check	Run actions/checkout@v4	2026-05-09T15:41:33.2925644Z [command]/usr/bin/git checkout --progress --force refs/remotes/pull/26/merge
Version Modification Check	Run actions/checkout@v4	2026-05-09T15:41:33.3089650Z Note: switching to 'refs/remotes/pull/26/merge'.
Version Modification Check	Run actions/checkout@v4	2026-05-09T15:41:33.3091165Z
Version Modification Check	Run actions/checkout@v4	2026-05-09T15:41:33.3092121Z You are in 'detached HEAD' state. You can look around, make experimental
Version Modification Check	Run actions/checkout@v4	2026-05-09T15:41:33.3094783Z changes and commit them, and you can discard any commits you make in this
Version Modification Check	Run actions/checkout@v4	2026-05-09T15:41:33.3097698Z state without impacting any branches by switching back to a branch.
Version Modification Check	Run actions/checkout@v4	2026-05-09T15:41:33.3098949Z
Version Modification Check	Run actions/checkout@v4	2026-05-09T15:41:33.3099909Z If you want to create a new branch to retain commits you create, you may
Version Modification Check	Run actions/checkout@v4	2026-05-09T15:41:33.3102030Z do so (now or later) by using -c with the switch command. Example:
Version Modification Check	Run actions/checkout@v4	2026-05-09T15:41:33.3103202Z
Version Modification Check	Run actions/checkout@v4	2026-05-09T15:41:33.3103698Z   git switch -c <new-branch-name>
Version Modification Check	Run actions/checkout@v4	2026-05-09T15:41:33.3104841Z
Version Modification Check	Run actions/checkout@v4	2026-05-09T15:41:33.3105507Z Or undo this operation with:
Version Modification Check	Run actions/checkout@v4	2026-05-09T15:41:33.3106249Z
Version Modification Check	Run actions/checkout@v4	2026-05-09T15:41:33.3106681Z   git switch -
Version Modification Check	Run actions/checkout@v4	2026-05-09T15:41:33.3107250Z
Version Modification Check	Run actions/checkout@v4	2026-05-09T15:41:33.3108137Z Turn off this advice by setting config variable advice.detachedHead to false
Version Modification Check	Run actions/checkout@v4	2026-05-09T15:41:33.3109438Z
Version Modification Check	Run actions/checkout@v4	2026-05-09T15:41:33.3110913Z HEAD is now at ba32e82 Merge d9869a554093bc9d7c450f42308aef4b391f307b into 32be51c7464978cfb12e66692bfe04b8849db236
Version Modification Check	Run actions/checkout@v4	2026-05-09T15:41:33.3115888Z ##[endgroup]
Version Modification Check	Run actions/checkout@v4	2026-05-09T15:41:33.3129801Z [command]/usr/bin/git log -1 --format=%H
Version Modification Check	Run actions/checkout@v4	2026-05-09T15:41:33.3149836Z ba32e82dc793d7f93a9953448b25cb6ac18c737d
Version Modification Check	Setup Rust	﻿2026-05-09T15:41:33.3669378Z ##[group]Run dtolnay/rust-toolchain@stable
Version Modification Check	Setup Rust	2026-05-09T15:41:33.3670512Z with:
Version Modification Check	Setup Rust	2026-05-09T15:41:33.3671232Z   toolchain: stable
Version Modification Check	Setup Rust	2026-05-09T15:41:33.3671988Z env:
Version Modification Check	Setup Rust	2026-05-09T15:41:33.3672705Z   CARGO_TERM_COLOR: always
Version Modification Check	Setup Rust	2026-05-09T15:41:33.3673574Z   RUSTFLAGS: -Dwarnings
Version Modification Check	Setup Rust	2026-05-09T15:41:33.3675058Z   CARGO_REGISTRY_TOKEN: ***
Version Modification Check	Setup Rust	2026-05-09T15:41:33.3676050Z   DOCKERHUB_IMAGE: konard/link-assistant-router
Version Modification Check	Setup Rust	2026-05-09T15:41:33.3677099Z ##[endgroup]
Version Modification Check	Setup Rust	2026-05-09T15:41:33.3833225Z ##[group]Run : parse toolchain version
Version Modification Check	Setup Rust	2026-05-09T15:41:33.3834661Z ^[[36;1m: parse toolchain version^[[0m
Version Modification Check	Setup Rust	2026-05-09T15:41:33.3835655Z ^[[36;1mif [[ -z $toolchain ]]; then^[[0m
Version Modification Check	Setup Rust	2026-05-09T15:41:33.3837393Z ^[[36;1m  # GitHub does not enforce `required: true` inputs itself. https://github.com/actions/runner/issues/1070^[[0m
Version Modification Check	Setup Rust	2026-05-09T15:41:33.3839294Z ^[[36;1m  echo "'toolchain' is a required input" >&2^[[0m
Version Modification Check	Setup Rust	2026-05-09T15:41:33.3840367Z ^[[36;1m  exit 1^[[0m
Version Modification Check	Setup Rust	2026-05-09T15:41:33.3841525Z ^[[36;1melif [[ $toolchain =~ ^stable' '[0-9]+' '(year|month|week|day)s?' 'ago$ ]]; then^[[0m
Version Modification Check	Setup Rust	2026-05-09T15:41:33.3843020Z ^[[36;1m  if [[ Linux == macOS ]]; then^[[0m
Version Modification Check	Setup Rust	2026-05-09T15:41:33.3844948Z ^[[36;1m    echo "toolchain=1.$((($(date -v-$(sed 's/stable \([0-9]*\) \(.\).*/\1\2/' <<< $toolchain) +%s)/60/60/24-16569)/7/6))" >> $GITHUB_OUTPUT^[[0m
Version Modification Check	Setup Rust	2026-05-09T15:41:33.3846714Z ^[[36;1m  else^[[0m
Version Modification Check	Setup Rust	2026-05-09T15:41:33.3848128Z ^[[36;1m    echo "toolchain=1.$((($(date --date "${toolchain#stable }" +%s)/60/60/24-16569)/7/6))" >> $GITHUB_OUTPUT^[[0m
Version Modification Check	Setup Rust	2026-05-09T15:41:33.3849725Z ^[[36;1m  fi^[[0m
Version Modification Check	Setup Rust	2026-05-09T15:41:33.3850784Z ^[[36;1melif [[ $toolchain =~ ^stable' 'minus' '[0-9]+' 'releases?$ ]]; then^[[0m
Version Modification Check	Setup Rust	2026-05-09T15:41:33.3852607Z ^[[36;1m  echo "toolchain=1.$((($(date +%s)/60/60/24-16569)/7/6-${toolchain//[^0-9]/}))" >> $GITHUB_OUTPUT^[[0m
Version Modification Check	Setup Rust	2026-05-09T15:41:33.3854358Z ^[[36;1melif [[ $toolchain =~ ^1\.[0-9]+$ ]]; then^[[0m
Version Modification Check	Setup Rust	2026-05-09T15:41:33.3856176Z ^[[36;1m  echo "toolchain=1.$((i=${toolchain#1.}, c=($(date +%s)/60/60/24-16569)/7/6, i+9*i*(10*i<=c)+90*i*(100*i<=c)))" >> $GITHUB_OUTPUT^[[0m
Version Modification Check	Setup Rust	2026-05-09T15:41:33.3857920Z ^[[36;1melse^[[0m
Version Modification Check	Setup Rust	2026-05-09T15:41:33.3858814Z ^[[36;1m  echo "toolchain=$toolchain" >> $GITHUB_OUTPUT^[[0m
Version Modification Check	Setup Rust	2026-05-09T15:41:33.3859894Z ^[[36;1mfi^[[0m
Version Modification Check	Setup Rust	2026-05-09T15:41:33.3879477Z shell: /usr/bin/bash --noprofile --norc -e -o pipefail {0}
Version Modification Check	Setup Rust	2026-05-09T15:41:33.3880715Z env:
Version Modification Check	Setup Rust	2026-05-09T15:41:33.3881434Z   CARGO_TERM_COLOR: always
Version Modification Check	Setup Rust	2026-05-09T15:41:33.3882284Z   RUSTFLAGS: -Dwarnings
Version Modification Check	Setup Rust	2026-05-09T15:41:33.3883446Z   CARGO_REGISTRY_TOKEN: ***
Version Modification Check	Setup Rust	2026-05-09T15:41:33.3884558Z   DOCKERHUB_IMAGE: konard/link-assistant-router
Version Modification Check	Setup Rust	2026-05-09T15:41:33.3885613Z   toolchain: stable
Version Modification Check	Setup Rust	2026-05-09T15:41:33.3886356Z ##[endgroup]
Version Modification Check	Setup Rust	2026-05-09T15:41:33.4044504Z ##[group]Run : construct rustup command line
Version Modification Check	Setup Rust	2026-05-09T15:41:33.4045701Z ^[[36;1m: construct rustup command line^[[0m
Version Modification Check	Setup Rust	2026-05-09T15:41:33.4047274Z ^[[36;1mecho "targets=$(for t in ${targets//,/ }; do echo -n ' --target' $t; done)" >> $GITHUB_OUTPUT^[[0m
Version Modification Check	Setup Rust	2026-05-09T15:41:33.4049404Z ^[[36;1mecho "components=$(for c in ${components//,/ }; do echo -n ' --component' $c; done)" >> $GITHUB_OUTPUT^[[0m
Version Modification Check	Setup Rust	2026-05-09T15:41:33.4051104Z ^[[36;1mecho "downgrade=" >> $GITHUB_OUTPUT^[[0m
Version Modification Check	Setup Rust	2026-05-09T15:41:33.4066473Z shell: /usr/bin/bash --noprofile --norc -e -o pipefail {0}
Version Modification Check	Setup Rust	2026-05-09T15:41:33.4067648Z env:
Version Modification Check	Setup Rust	2026-05-09T15:41:33.4068361Z   CARGO_TERM_COLOR: always
Version Modification Check	Setup Rust	2026-05-09T15:41:33.4069215Z   RUSTFLAGS: -Dwarnings
Version Modification Check	Setup Rust	2026-05-09T15:41:33.4070398Z   CARGO_REGISTRY_TOKEN: ***
Version Modification Check	Setup Rust	2026-05-09T15:41:33.4071368Z   DOCKERHUB_IMAGE: konard/link-assistant-router
Version Modification Check	Setup Rust	2026-05-09T15:41:33.4072399Z   targets:
Version Modification Check	Setup Rust	2026-05-09T15:41:33.4073088Z   components:
Version Modification Check	Setup Rust	2026-05-09T15:41:33.4073943Z ##[endgroup]
Version Modification Check	Setup Rust	2026-05-09T15:41:33.4175003Z ##[group]Run : set $CARGO_HOME
Version Modification Check	Setup Rust	2026-05-09T15:41:33.4175970Z ^[[36;1m: set $CARGO_HOME^[[0m
Version Modification Check	Setup Rust	2026-05-09T15:41:33.4177109Z ^[[36;1mecho CARGO_HOME=${CARGO_HOME:-"$HOME/.cargo"} >> $GITHUB_ENV^[[0m
Version Modification Check	Setup Rust	2026-05-09T15:41:33.4192233Z shell: /usr/bin/bash --noprofile --norc -e -o pipefail {0}
Version Modification Check	Setup Rust	2026-05-09T15:41:33.4193389Z env:
Version Modification Check	Setup Rust	2026-05-09T15:41:33.4194254Z   CARGO_TERM_COLOR: always
Version Modification Check	Setup Rust	2026-05-09T15:41:33.4195097Z   RUSTFLAGS: -Dwarnings
Version Modification Check	Setup Rust	2026-05-09T15:41:33.4196471Z   CARGO_REGISTRY_TOKEN: ***
Version Modification Check	Setup Rust	2026-05-09T15:41:33.4197444Z   DOCKERHUB_IMAGE: konard/link-assistant-router
Version Modification Check	Setup Rust	2026-05-09T15:41:33.4198468Z ##[endgroup]
Version Modification Check	Setup Rust	2026-05-09T15:41:33.4302288Z ##[group]Run : install rustup if needed
Version Modification Check	Setup Rust	2026-05-09T15:41:33.4303357Z ^[[36;1m: install rustup if needed^[[0m
Version Modification Check	Setup Rust	2026-05-09T15:41:33.4304590Z ^[[36;1mif ! command -v rustup &>/dev/null; then^[[0m
Version Modification Check	Setup Rust	2026-05-09T15:41:33.4306971Z ^[[36;1m  curl --proto '=https' --tlsv1.2 --retry 10 --retry-connrefused --location --silent --show-error --fail https://sh.rustup.rs | sh -s -- --default-toolchain none -y^[[0m
Version Modification Check	Setup Rust	2026-05-09T15:41:33.4309346Z ^[[36;1m  echo "$CARGO_HOME/bin" >> $GITHUB_PATH^[[0m
Version Modification Check	Setup Rust	2026-05-09T15:41:33.4310373Z ^[[36;1mfi^[[0m
Version Modification Check	Setup Rust	2026-05-09T15:41:33.4324730Z shell: /usr/bin/bash --noprofile --norc -e -o pipefail {0}
Version Modification Check	Setup Rust	2026-05-09T15:41:33.4325900Z env:
Version Modification Check	Setup Rust	2026-05-09T15:41:33.4326598Z   CARGO_TERM_COLOR: always
Version Modification Check	Setup Rust	2026-05-09T15:41:33.4327438Z   RUSTFLAGS: -Dwarnings
Version Modification Check	Setup Rust	2026-05-09T15:41:33.4328573Z   CARGO_REGISTRY_TOKEN: ***
Version Modification Check	Setup Rust	2026-05-09T15:41:33.4329554Z   DOCKERHUB_IMAGE: konard/link-assistant-router
Version Modification Check	Setup Rust	2026-05-09T15:41:33.4330609Z   CARGO_HOME: /home/runner/.cargo
Version Modification Check	Setup Rust	2026-05-09T15:41:33.4331500Z ##[endgroup]
Version Modification Check	Setup Rust	2026-05-09T15:41:33.4437579Z ##[group]Run rustup toolchain install stable --profile minimal --no-self-update
Version Modification Check	Setup Rust	2026-05-09T15:41:33.4439372Z ^[[36;1mrustup toolchain install stable --profile minimal --no-self-update^[[0m
Version Modification Check	Setup Rust	2026-05-09T15:41:33.4453704Z shell: /usr/bin/bash --noprofile --norc -e -o pipefail {0}
Version Modification Check	Setup Rust	2026-05-09T15:41:33.4455168Z env:
Version Modification Check	Setup Rust	2026-05-09T15:41:33.4455873Z   CARGO_TERM_COLOR: always
Version Modification Check	Setup Rust	2026-05-09T15:41:33.4456709Z   RUSTFLAGS: -Dwarnings
Version Modification Check	Setup Rust	2026-05-09T15:41:33.4457830Z   CARGO_REGISTRY_TOKEN: ***
Version Modification Check	Setup Rust	2026-05-09T15:41:33.4458767Z   DOCKERHUB_IMAGE: konard/link-assistant-router
Version Modification Check	Setup Rust	2026-05-09T15:41:33.4459832Z   CARGO_HOME: /home/runner/.cargo
Version Modification Check	Setup Rust	2026-05-09T15:41:33.4460739Z   RUSTUP_PERMIT_COPY_RENAME: 1
Version Modification Check	Setup Rust	2026-05-09T15:41:33.4461647Z ##[endgroup]
Version Modification Check	Setup Rust	2026-05-09T15:41:33.5902429Z info: syncing channel updates for stable-x86_64-unknown-linux-gnu
Version Modification Check	Setup Rust	2026-05-09T15:41:33.7631491Z info: latest update on 2026-04-16 for version 1.95.0 (59807616e 2026-04-14)
Version Modification Check	Setup Rust	2026-05-09T15:41:33.7755466Z info: removing previous version of component clippy
Version Modification Check	Setup Rust	2026-05-09T15:41:33.7774356Z info: removing previous version of component rustfmt
Version Modification Check	Setup Rust	2026-05-09T15:41:33.7782335Z info: removing previous version of component cargo
Version Modification Check	Setup Rust	2026-05-09T15:41:33.7813003Z info: removing previous version of component rust-std
Version Modification Check	Setup Rust	2026-05-09T15:41:33.7837353Z info: removing previous version of component rustc
Version Modification Check	Setup Rust	2026-05-09T15:41:33.7867257Z info: downloading 5 components
Version Modification Check	Setup Rust	2026-05-09T15:41:42.8084362Z
Version Modification Check	Setup Rust	2026-05-09T15:41:42.8155923Z   stable-x86_64-unknown-linux-gnu updated - rustc 1.95.0 (59807616e 2026-04-14) (from rustc 1.94.1 (e408947bf 2026-03-25))
Version Modification Check	Setup Rust	2026-05-09T15:41:42.8156812Z
Version Modification Check	Setup Rust	2026-05-09T15:41:42.8218497Z ##[group]Run rustup default stable
Version Modification Check	Setup Rust	2026-05-09T15:41:42.8218805Z ^[[36;1mrustup default stable^[[0m
Version Modification Check	Setup Rust	2026-05-09T15:41:42.8232817Z shell: /usr/bin/bash --noprofile --norc -e -o pipefail {0}
Version Modification Check	Setup Rust	2026-05-09T15:41:42.8233173Z env:
Version Modification Check	Setup Rust	2026-05-09T15:41:42.8233361Z   CARGO_TERM_COLOR: always
Version Modification Check	Setup Rust	2026-05-09T15:41:42.8233603Z   RUSTFLAGS: -Dwarnings
Version Modification Check	Setup Rust	2026-05-09T15:41:42.8234263Z   CARGO_REGISTRY_TOKEN: ***
Version Modification Check	Setup Rust	2026-05-09T15:41:42.8234515Z   DOCKERHUB_IMAGE: konard/link-assistant-router
Version Modification Check	Setup Rust	2026-05-09T15:41:42.8234801Z   CARGO_HOME: /home/runner/.cargo
Version Modification Check	Setup Rust	2026-05-09T15:41:42.8235023Z ##[endgroup]
Version Modification Check	Setup Rust	2026-05-09T15:41:42.8313182Z info: using existing install for stable-x86_64-unknown-linux-gnu
Version Modification Check	Setup Rust	2026-05-09T15:41:42.8319134Z info: default toolchain set to stable-x86_64-unknown-linux-gnu
Version Modification Check	Setup Rust	2026-05-09T15:41:42.8319581Z
Version Modification Check	Setup Rust	2026-05-09T15:41:42.8380587Z   stable-x86_64-unknown-linux-gnu unchanged - rustc 1.95.0 (59807616e 2026-04-14)
Version Modification Check	Setup Rust	2026-05-09T15:41:42.8380934Z
Version Modification Check	Setup Rust	2026-05-09T15:41:42.8414950Z ##[group]Run : create cachekey
Version Modification Check	Setup Rust	2026-05-09T15:41:42.8415446Z ^[[36;1m: create cachekey^[[0m
Version Modification Check	Setup Rust	2026-05-09T15:41:42.8415913Z ^[[36;1mDATE=$(rustc +stable --version --verbose | sed -ne 's/^commit-date: \(20[0-9][0-9]\)-\([01][0-9]\)-\([0-3][0-9]\)$/\1\2\3/p')^[[0m
Version Modification Check	Setup Rust	2026-05-09T15:41:42.8416616Z ^[[36;1mHASH=$(rustc +stable --version --verbose | sed -ne 's/^commit-hash: //p')^[[0m
Version Modification Check	Setup Rust	2026-05-09T15:41:42.8417072Z ^[[36;1mecho "cachekey=$(echo $DATE$HASH | head -c12)" >> $GITHUB_OUTPUT^[[0m
Version Modification Check	Setup Rust	2026-05-09T15:41:42.8430853Z shell: /usr/bin/bash --noprofile --norc -e -o pipefail {0}
Version Modification Check	Setup Rust	2026-05-09T15:41:42.8431173Z env:
Version Modification Check	Setup Rust	2026-05-09T15:41:42.8431359Z   CARGO_TERM_COLOR: always
Version Modification Check	Setup Rust	2026-05-09T15:41:42.8431573Z   RUSTFLAGS: -Dwarnings
Version Modification Check	Setup Rust	2026-05-09T15:41:42.8431975Z   CARGO_REGISTRY_TOKEN: ***
Version Modification Check	Setup Rust	2026-05-09T15:41:42.8432229Z   DOCKERHUB_IMAGE: konard/link-assistant-router
Version Modification Check	Setup Rust	2026-05-09T15:41:42.8432541Z   CARGO_HOME: /home/runner/.cargo
Version Modification Check	Setup Rust	2026-05-09T15:41:42.8432795Z ##[endgroup]
Version Modification Check	Setup Rust	2026-05-09T15:41:42.8732247Z ##[group]Run : disable incremental compilation
Version Modification Check	Setup Rust	2026-05-09T15:41:42.8732631Z ^[[36;1m: disable incremental compilation^[[0m
Version Modification Check	Setup Rust	2026-05-09T15:41:42.8732940Z ^[[36;1mif [ -z "${CARGO_INCREMENTAL+set}" ]; then^[[0m
Version Modification Check	Setup Rust	2026-05-09T15:41:42.8733339Z ^[[36;1m  echo CARGO_INCREMENTAL=0 >> $GITHUB_ENV^[[0m
Version Modification Check	Setup Rust	2026-05-09T15:41:42.8733607Z ^[[36;1mfi^[[0m
Version Modification Check	Setup Rust	2026-05-09T15:41:42.8747473Z shell: /usr/bin/bash --noprofile --norc -e -o pipefail {0}
Version Modification Check	Setup Rust	2026-05-09T15:41:42.8747797Z env:
Version Modification Check	Setup Rust	2026-05-09T15:41:42.8747993Z   CARGO_TERM_COLOR: always
Version Modification Check	Setup Rust	2026-05-09T15:41:42.8748218Z   RUSTFLAGS: -Dwarnings
Version Modification Check	Setup Rust	2026-05-09T15:41:42.8748617Z   CARGO_REGISTRY_TOKEN: ***
Version Modification Check	Setup Rust	2026-05-09T15:41:42.8748878Z   DOCKERHUB_IMAGE: konard/link-assistant-router
Version Modification Check	Setup Rust	2026-05-09T15:41:42.8749168Z   CARGO_HOME: /home/runner/.cargo
Version Modification Check	Setup Rust	2026-05-09T15:41:42.8749395Z ##[endgroup]
Version Modification Check	Setup Rust	2026-05-09T15:41:42.8805746Z ##[group]Run : enable colors in Cargo output
Version Modification Check	Setup Rust	2026-05-09T15:41:42.8806079Z ^[[36;1m: enable colors in Cargo output^[[0m
Version Modification Check	Setup Rust	2026-05-09T15:41:42.8806381Z ^[[36;1mif [ -z "${CARGO_TERM_COLOR+set}" ]; then^[[0m
Version Modification Check	Setup Rust	2026-05-09T15:41:42.8806688Z ^[[36;1m  echo CARGO_TERM_COLOR=always >> $GITHUB_ENV^[[0m
Version Modification Check	Setup Rust	2026-05-09T15:41:42.8806977Z ^[[36;1mfi^[[0m
Version Modification Check	Setup Rust	2026-05-09T15:41:42.8819706Z shell: /usr/bin/bash --noprofile --norc -e -o pipefail {0}
Version Modification Check	Setup Rust	2026-05-09T15:41:42.8820021Z env:
Version Modification Check	Setup Rust	2026-05-09T15:41:42.8820218Z   CARGO_TERM_COLOR: always
Version Modification Check	Setup Rust	2026-05-09T15:41:42.8820453Z   RUSTFLAGS: -Dwarnings
Version Modification Check	Setup Rust	2026-05-09T15:41:42.8820812Z   CARGO_REGISTRY_TOKEN: ***
Version Modification Check	Setup Rust	2026-05-09T15:41:42.8821063Z   DOCKERHUB_IMAGE: konard/link-assistant-router
Version Modification Check	Setup Rust	2026-05-09T15:41:42.8821345Z   CARGO_HOME: /home/runner/.cargo
Version Modification Check	Setup Rust	2026-05-09T15:41:42.8821570Z   CARGO_INCREMENTAL: 0
Version Modification Check	Setup Rust	2026-05-09T15:41:42.8821775Z ##[endgroup]
Version Modification Check	Setup Rust	2026-05-09T15:41:42.8957250Z ##[group]Run : enable Cargo sparse registry
Version Modification Check	Setup Rust	2026-05-09T15:41:42.8957584Z ^[[36;1m: enable Cargo sparse registry^[[0m
Version Modification Check	Setup Rust	2026-05-09T15:41:42.8957928Z ^[[36;1m# implemented in 1.66, stabilized in 1.68, made default in 1.70^[[0m
Version Modification Check	Setup Rust	2026-05-09T15:41:42.8958579Z ^[[36;1mif [ -z "${CARGO_REGISTRIES_CRATES_IO_PROTOCOL+set}" -o -f "/home/runner/work/_temp"/.implicit_cargo_registries_crates_io_protocol ]; then^[[0m
Version Modification Check	Setup Rust	2026-05-09T15:41:42.8959263Z ^[[36;1m  if rustc +stable --version --verbose | grep -q '^release: 1\.6[89]\.'; then^[[0m
Version Modification Check	Setup Rust	2026-05-09T15:41:42.8959784Z ^[[36;1m    touch "/home/runner/work/_temp"/.implicit_cargo_registries_crates_io_protocol || true^[[0m
Version Modification Check	Setup Rust	2026-05-09T15:41:42.8960278Z ^[[36;1m    echo CARGO_REGISTRIES_CRATES_IO_PROTOCOL=sparse >> $GITHUB_ENV^[[0m
Version Modification Check	Setup Rust	2026-05-09T15:41:42.8960723Z ^[[36;1m  elif rustc +stable --version --verbose | grep -q '^release: 1\.6[67]\.'; then^[[0m
Version Modification Check	Setup Rust	2026-05-09T15:41:42.8961234Z ^[[36;1m    touch "/home/runner/work/_temp"/.implicit_cargo_registries_crates_io_protocol || true^[[0m
Version Modification Check	Setup Rust	2026-05-09T15:41:42.8961709Z ^[[36;1m    echo CARGO_REGISTRIES_CRATES_IO_PROTOCOL=git >> $GITHUB_ENV^[[0m
Version Modification Check	Setup Rust	2026-05-09T15:41:42.8962020Z ^[[36;1m  fi^[[0m
Version Modification Check	Setup Rust	2026-05-09T15:41:42.8962195Z ^[[36;1mfi^[[0m
Version Modification Check	Setup Rust	2026-05-09T15:41:42.8975383Z shell: /usr/bin/bash --noprofile --norc -e -o pipefail {0}
Version Modification Check	Setup Rust	2026-05-09T15:41:42.8975699Z env:
Version Modification Check	Setup Rust	2026-05-09T15:41:42.8975902Z   CARGO_TERM_COLOR: always
Version Modification Check	Setup Rust	2026-05-09T15:41:42.8976123Z   RUSTFLAGS: -Dwarnings
Version Modification Check	Setup Rust	2026-05-09T15:41:42.8976618Z   CARGO_REGISTRY_TOKEN: ***
Version Modification Check	Setup Rust	2026-05-09T15:41:42.8976878Z   DOCKERHUB_IMAGE: konard/link-assistant-router
Version Modification Check	Setup Rust	2026-05-09T15:41:42.8977158Z   CARGO_HOME: /home/runner/.cargo
Version Modification Check	Setup Rust	2026-05-09T15:41:42.8977412Z   CARGO_INCREMENTAL: 0
Version Modification Check	Setup Rust	2026-05-09T15:41:42.8977704Z ##[endgroup]
Version Modification Check	Setup Rust	2026-05-09T15:41:42.9256306Z ##[group]Run : work around spurious network errors in curl 8.0
Version Modification Check	Setup Rust	2026-05-09T15:41:42.9256738Z ^[[36;1m: work around spurious network errors in curl 8.0^[[0m
Version Modification Check	Setup Rust	2026-05-09T15:41:42.9257256Z ^[[36;1m# https://rust-lang.zulipchat.com/#narrow/stream/246057-t-cargo/topic/timeout.20investigation^[[0m
Version Modification Check	Setup Rust	2026-05-09T15:41:42.9257810Z ^[[36;1mif rustc +stable --version --verbose | grep -q '^release: 1\.7[01]\.'; then^[[0m
Version Modification Check	Setup Rust	2026-05-09T15:41:42.9258228Z ^[[36;1m  echo CARGO_HTTP_MULTIPLEXING=false >> $GITHUB_ENV^[[0m
Version Modification Check	Setup Rust	2026-05-09T15:41:42.9258514Z ^[[36;1mfi^[[0m
Version Modification Check	Setup Rust	2026-05-09T15:41:42.9272897Z shell: /usr/bin/bash --noprofile --norc -e -o pipefail {0}
Version Modification Check	Setup Rust	2026-05-09T15:41:42.9273214Z env:
Version Modification Check	Setup Rust	2026-05-09T15:41:42.9273401Z   CARGO_TERM_COLOR: always
Version Modification Check	Setup Rust	2026-05-09T15:41:42.9273627Z   RUSTFLAGS: -Dwarnings
Version Modification Check	Setup Rust	2026-05-09T15:41:42.9274243Z   CARGO_REGISTRY_TOKEN: ***
Version Modification Check	Setup Rust	2026-05-09T15:41:42.9274541Z   DOCKERHUB_IMAGE: konard/link-assistant-router
Version Modification Check	Setup Rust	2026-05-09T15:41:42.9274819Z   CARGO_HOME: /home/runner/.cargo
Version Modification Check	Setup Rust	2026-05-09T15:41:42.9275075Z   CARGO_INCREMENTAL: 0
Version Modification Check	Setup Rust	2026-05-09T15:41:42.9275276Z ##[endgroup]
Version Modification Check	Setup Rust	2026-05-09T15:41:42.9443052Z ##[group]Run rustc +stable --version --verbose
Version Modification Check	Setup Rust	2026-05-09T15:41:42.9443385Z ^[[36;1mrustc +stable --version --verbose^[[0m
Version Modification Check	Setup Rust	2026-05-09T15:41:42.9457975Z shell: /usr/bin/bash --noprofile --norc -e -o pipefail {0}
Version Modification Check	Setup Rust	2026-05-09T15:41:42.9458310Z env:
Version Modification Check	Setup Rust	2026-05-09T15:41:42.9458490Z   CARGO_TERM_COLOR: always
Version Modification Check	Setup Rust	2026-05-09T15:41:42.9458716Z   RUSTFLAGS: -Dwarnings
Version Modification Check	Setup Rust	2026-05-09T15:41:42.9459115Z   CARGO_REGISTRY_TOKEN: ***
Version Modification Check	Setup Rust	2026-05-09T15:41:42.9459361Z   DOCKERHUB_IMAGE: konard/link-assistant-router
Version Modification Check	Setup Rust	2026-05-09T15:41:42.9459645Z   CARGO_HOME: /home/runner/.cargo
Version Modification Check	Setup Rust	2026-05-09T15:41:42.9459881Z   CARGO_INCREMENTAL: 0
Version Modification Check	Setup Rust	2026-05-09T15:41:42.9460077Z ##[endgroup]
Version Modification Check	Setup Rust	2026-05-09T15:41:42.9589280Z rustc 1.95.0 (59807616e 2026-04-14)
Version Modification Check	Setup Rust	2026-05-09T15:41:42.9590115Z binary: rustc
Version Modification Check	Setup Rust	2026-05-09T15:41:42.9590532Z commit-hash: 59807616e1fa2540724bfbac14d7976d7e4a3860
Version Modification Check	Setup Rust	2026-05-09T15:41:42.9591022Z commit-date: 2026-04-14
Version Modification Check	Setup Rust	2026-05-09T15:41:42.9591437Z host: x86_64-unknown-linux-gnu
Version Modification Check	Setup Rust	2026-05-09T15:41:42.9591803Z release: 1.95.0
Version Modification Check	Setup Rust	2026-05-09T15:41:42.9592119Z LLVM version: 22.1.2
Version Modification Check	Install rust-script	﻿2026-05-09T15:41:42.9660682Z ##[group]Run cargo install rust-script
Version Modification Check	Install rust-script	2026-05-09T15:41:42.9661007Z ^[[36;1mcargo install rust-script^[[0m
Version Modification Check	Install rust-script	2026-05-09T15:41:42.9676144Z shell: /usr/bin/bash -e {0}
Version Modification Check	Install rust-script	2026-05-09T15:41:42.9676414Z env:
Version Modification Check	Install rust-script	2026-05-09T15:41:42.9676604Z   CARGO_TERM_COLOR: always
Version Modification Check	Install rust-script	2026-05-09T15:41:42.9676818Z   RUSTFLAGS: -Dwarnings
Version Modification Check	Install rust-script	2026-05-09T15:41:42.9677200Z   CARGO_REGISTRY_TOKEN: ***
Version Modification Check	Install rust-script	2026-05-09T15:41:42.9677454Z   DOCKERHUB_IMAGE: konard/link-assistant-router
Version Modification Check	Install rust-script	2026-05-09T15:41:42.9677734Z   CARGO_HOME: /home/runner/.cargo
Version Modification Check	Install rust-script	2026-05-09T15:41:42.9677978Z   CARGO_INCREMENTAL: 0
Version Modification Check	Install rust-script	2026-05-09T15:41:42.9678177Z ##[endgroup]
Version Modification Check	Install rust-script	2026-05-09T15:41:42.9918431Z ^[[1m^[[92m    Updating^[[0m crates.io index
Version Modification Check	Install rust-script	2026-05-09T15:41:43.1140748Z ^[[1m^[[92m Downloading^[[0m crates ...
Version Modification Check	Install rust-script	2026-05-09T15:41:43.1899604Z ^[[1m^[[92m  Downloaded^[[0m rust-script v0.36.0
Version Modification Check	Install rust-script	2026-05-09T15:41:43.2064293Z ^[[1m^[[92m  Installing^[[0m rust-script v0.36.0
Version Modification Check	Install rust-script	2026-05-09T15:41:43.2212268Z ^[[1m^[[92m    Updating^[[0m crates.io index
Version Modification Check	Install rust-script	2026-05-09T15:41:43.6678337Z ^[[1m^[[92m     Locking^[[0m 113 packages to latest compatible versions
Version Modification Check	Install rust-script	2026-05-09T15:41:43.6715319Z ^[[1m^[[92m      Adding^[[0m generic-array v0.14.7 ^[[1m^[[33m(available: v0.14.9)^[[0m
Version Modification Check	Install rust-script	2026-05-09T15:41:43.6813539Z ^[[1m^[[92m      Adding^[[0m sha1 v0.10.6 ^[[1m^[[33m(available: v0.11.0)^[[0m
Version Modification Check	Install rust-script	2026-05-09T15:41:43.6836090Z ^[[1m^[[92m      Adding^[[0m toml v0.9.12+spec-1.1.0 ^[[1m^[[33m(available: v1.1.2+spec-1.1.0)^[[0m
Version Modification Check	Install rust-script	2026-05-09T15:41:43.6864343Z ^[[1m^[[92m      Adding^[[0m winreg v0.55.0 ^[[1m^[[33m(available: v0.56.0)^[[0m
Version Modification Check	Install rust-script	2026-05-09T15:41:43.6884511Z ^[[1m^[[92m Downloading^[[0m crates ...
Version Modification Check	Install rust-script	2026-05-09T15:41:43.7419926Z ^[[1m^[[92m  Downloaded^[[0m anstyle-query v1.1.5
Version Modification Check	Install rust-script	2026-05-09T15:41:43.7522860Z ^[[1m^[[92m  Downloaded^[[0m block-buffer v0.10.4
Version Modification Check	Install rust-script	2026-05-09T15:41:43.7531326Z ^[[1m^[[92m  Downloaded^[[0m cfg-if v1.0.4
Version Modification Check	Install rust-script	2026-05-09T15:41:43.7574694Z ^[[1m^[[92m  Downloaded^[[0m bitflags v2.11.1
Version Modification Check	Install rust-script	2026-05-09T15:41:43.7601215Z ^[[1m^[[92m  Downloaded^[[0m anstream v1.0.0
Version Modification Check	Install rust-script	2026-05-09T15:41:43.7663566Z ^[[1m^[[92m  Downloaded^[[0m pulldown-cmark-escape v0.11.0
Version Modification Check	Install rust-script	2026-05-09T15:41:43.7669305Z ^[[1m^[[92m  Downloaded^[[0m anstyle-parse v1.0.0
Version Modification Check	Install rust-script	2026-05-09T15:41:43.7682408Z ^[[1m^[[92m  Downloaded^[[0m strsim v0.11.1
Version Modification Check	Install rust-script	2026-05-09T15:41:43.7695308Z ^[[1m^[[92m  Downloaded^[[0m generic-array v0.14.7
Version Modification Check	Install rust-script	2026-05-09T15:41:43.7704603Z ^[[1m^[[92m  Downloaded^[[0m dirs-sys v0.5.0
Version Modification Check	Install rust-script	2026-05-09T15:41:43.7738309Z ^[[1m^[[92m  Downloaded^[[0m equivalent v1.0.2
Version Modification Check	Install rust-script	2026-05-09T15:41:43.7745359Z ^[[1m^[[92m  Downloaded^[[0m errno v0.3.14
Version Modification Check	Install rust-script	2026-05-09T15:41:43.7758547Z ^[[1m^[[92m  Downloaded^[[0m toml_writer v1.1.1+spec-1.1.0
Version Modification Check	Install rust-script	2026-05-09T15:41:43.7768533Z ^[[1m^[[92m  Downloaded^[[0m clap_lex v1.1.0
Version Modification Check	Install rust-script	2026-05-09T15:41:43.7776219Z ^[[1m^[[92m  Downloaded^[[0m anstyle v1.0.14
Version Modification Check	Install rust-script	2026-05-09T15:41:43.7786188Z ^[[1m^[[92m  Downloaded^[[0m colorchoice v1.0.5
Version Modification Check	Install rust-script	2026-05-09T15:41:43.7828210Z ^[[1m^[[92m  Downloaded^[[0m serde_spanned v1.1.1
Version Modification Check	Install rust-script	2026-05-09T15:41:43.7839704Z ^[[1m^[[92m  Downloaded^[[0m version_check v0.9.5
Version Modification Check	Install rust-script	2026-05-09T15:41:43.7902177Z ^[[1m^[[92m  Downloaded^[[0m utf8parse v0.2.2
Version Modification Check	Install rust-script	2026-05-09T15:41:43.7908944Z ^[[1m^[[92m  Downloaded^[[0m crypto-common v0.1.7
Version Modification Check	Install rust-script	2026-05-09T15:41:43.7916349Z ^[[1m^[[92m  Downloaded^[[0m cpufeatures v0.2.17
Version Modification Check	Install rust-script	2026-05-09T15:41:43.7944199Z ^[[1m^[[92m  Downloaded^[[0m option-ext v0.2.0
Version Modification Check	Install rust-script	2026-05-09T15:41:43.7988269Z ^[[1m^[[92m  Downloaded^[[0m dirs v6.0.0
Version Modification Check	Install rust-script	2026-05-09T15:41:43.7997663Z ^[[1m^[[92m  Downloaded^[[0m shell-words v1.1.1
Version Modification Check	Install rust-script	2026-05-09T15:41:43.8006994Z ^[[1m^[[92m  Downloaded^[[0m env_filter v1.0.1
Version Modification Check	Install rust-script	2026-05-09T15:41:43.8021434Z ^[[1m^[[92m  Downloaded^[[0m sha1 v0.10.6
Version Modification Check	Install rust-script	2026-05-09T15:41:43.8037918Z ^[[1m^[[92m  Downloaded^[[0m is_terminal_polyfill v1.70.2
Version Modification Check	Install rust-script	2026-05-09T15:41:43.8068728Z ^[[1m^[[92m  Downloaded^[[0m toml_datetime v0.7.5+spec-1.1.0
Version Modification Check	Install rust-script	2026-05-09T15:41:43.8078862Z ^[[1m^[[92m  Downloaded^[[0m fastrand v2.4.1
Version Modification Check	Install rust-script	2026-05-09T15:41:43.8089636Z ^[[1m^[[92m  Downloaded^[[0m toml_parser v1.1.2+spec-1.1.0
Version Modification Check	Install rust-script	2026-05-09T15:41:43.8105117Z ^[[1m^[[92m  Downloaded^[[0m getopts v0.2.24
Version Modification Check	Install rust-script	2026-05-09T15:41:43.8115072Z ^[[1m^[[92m  Downloaded^[[0m digest v0.10.7
Version Modification Check	Install rust-script	2026-05-09T15:41:43.8152564Z ^[[1m^[[92m  Downloaded^[[0m unicase v2.9.0
Version Modification Check	Install rust-script	2026-05-09T15:41:43.8164263Z ^[[1m^[[92m  Downloaded^[[0m log v0.4.29
Version Modification Check	Install rust-script	2026-05-09T15:41:43.8181085Z ^[[1m^[[92m  Downloaded^[[0m env_logger v0.11.10
Version Modification Check	Install rust-script	2026-05-09T15:41:43.8198198Z ^[[1m^[[92m  Downloaded^[[0m serde_core v1.0.228
Version Modification Check	Install rust-script	2026-05-09T15:41:43.8217668Z ^[[1m^[[92m  Downloaded^[[0m getrandom v0.4.2
Version Modification Check	Install rust-script	2026-05-09T15:41:43.8243224Z ^[[1m^[[92m  Downloaded^[[0m toml v0.9.12+spec-1.1.0
Version Modification Check	Install rust-script	2026-05-09T15:41:43.8269986Z ^[[1m^[[92m  Downloaded^[[0m clap v4.6.1
Version Modification Check	Install rust-script	2026-05-09T15:41:43.8325002Z ^[[1m^[[92m  Downloaded^[[0m typenum v1.20.0
Version Modification Check	Install rust-script	2026-05-09T15:41:43.8350850Z ^[[1m^[[92m  Downloaded^[[0m indexmap v2.14.0
Version Modification Check	Install rust-script	2026-05-09T15:41:43.8382582Z ^[[1m^[[92m  Downloaded^[[0m pulldown-cmark v0.13.3
Version Modification Check	Install rust-script	2026-05-09T15:41:43.8420012Z ^[[1m^[[92m  Downloaded^[[0m memchr v2.8.0
Version Modification Check	Install rust-script	2026-05-09T15:41:43.8452042Z ^[[1m^[[92m  Downloaded^[[0m regex v1.12.3
Version Modification Check	Install rust-script	2026-05-09T15:41:43.8486376Z ^[[1m^[[92m  Downloaded^[[0m winnow v1.0.2
Version Modification Check	Install rust-script	2026-05-09T15:41:43.8544396Z ^[[1m^[[92m  Downloaded^[[0m winnow v0.7.15
Version Modification Check	Install rust-script	2026-05-09T15:41:43.8601283Z ^[[1m^[[92m  Downloaded^[[0m hashbrown v0.17.1
Version Modification Check	Install rust-script	2026-05-09T15:41:43.8637298Z ^[[1m^[[92m  Downloaded^[[0m clap_builder v4.6.0
Version Modification Check	Install rust-script	2026-05-09T15:41:43.8678404Z ^[[1m^[[92m  Downloaded^[[0m aho-corasick v1.1.4
Version Modification Check	Install rust-script	2026-05-09T15:41:43.8717903Z ^[[1m^[[92m  Downloaded^[[0m tempfile v3.27.0
Version Modification Check	Install rust-script	2026-05-09T15:41:43.8735726Z ^[[1m^[[92m  Downloaded^[[0m unicode-width v0.2.2
Version Modification Check	Install rust-script	2026-05-09T15:41:43.8777935Z ^[[1m^[[92m  Downloaded^[[0m once_cell v1.21.4
Version Modification Check	Install rust-script	2026-05-09T15:41:43.8795702Z ^[[1m^[[92m  Downloaded^[[0m regex-syntax v0.8.10
Version Modification Check	Install rust-script	2026-05-09T15:41:43.8845689Z ^[[1m^[[92m  Downloaded^[[0m rustix v1.1.4
Version Modification Check	Install rust-script	2026-05-09T15:41:43.9090843Z ^[[1m^[[92m  Downloaded^[[0m regex-automata v0.4.14
Version Modification Check	Install rust-script	2026-05-09T15:41:43.9189187Z ^[[1m^[[92m  Downloaded^[[0m jiff v0.2.24
Version Modification Check	Install rust-script	2026-05-09T15:41:43.9304656Z ^[[1m^[[92m  Downloaded^[[0m libc v0.2.186
Version Modification Check	Install rust-script	2026-05-09T15:41:43.9614960Z ^[[1m^[[92m  Downloaded^[[0m linux-raw-sys v0.12.1
Version Modification Check	Install rust-script	2026-05-09T15:41:44.0160667Z ^[[1m^[[92m   Compiling^[[0m version_check v0.9.5
Version Modification Check	Install rust-script	2026-05-09T15:41:44.0161303Z ^[[1m^[[92m   Compiling^[[0m memchr v2.8.0
Version Modification Check	Install rust-script	2026-05-09T15:41:44.0161795Z ^[[1m^[[92m   Compiling^[[0m libc v0.2.186
Version Modification Check	Install rust-script	2026-05-09T15:41:44.0162629Z ^[[1m^[[92m   Compiling^[[0m serde_core v1.0.228
Version Modification Check	Install rust-script	2026-05-09T15:41:44.1885192Z ^[[1m^[[92m   Compiling^[[0m typenum v1.20.0
Version Modification Check	Install rust-script	2026-05-09T15:41:44.2230645Z ^[[1m^[[92m   Compiling^[[0m generic-array v0.14.7
Version Modification Check	Install rust-script	2026-05-09T15:41:44.2614365Z ^[[1m^[[92m   Compiling^[[0m utf8parse v0.2.2
Version Modification Check	Install rust-script	2026-05-09T15:41:44.3076209Z ^[[1m^[[92m   Compiling^[[0m anstyle-parse v1.0.0
Version Modification Check	Install rust-script	2026-05-09T15:41:44.4335300Z ^[[1m^[[92m   Compiling^[[0m anstyle v1.0.14
Version Modification Check	Install rust-script	2026-05-09T15:41:44.5995086Z ^[[1m^[[92m   Compiling^[[0m aho-corasick v1.1.4
Version Modification Check	Install rust-script	2026-05-09T15:41:44.8730965Z ^[[1m^[[92m   Compiling^[[0m anstyle-query v1.1.5
Version Modification Check	Install rust-script	2026-05-09T15:41:44.9135126Z ^[[1m^[[92m   Compiling^[[0m regex-syntax v0.8.10
Version Modification Check	Install rust-script	2026-05-09T15:41:45.1920172Z ^[[1m^[[92m   Compiling^[[0m is_terminal_polyfill v1.70.2
Version Modification Check	Install rust-script	2026-05-09T15:41:45.2255078Z ^[[1m^[[92m   Compiling^[[0m colorchoice v1.0.5
Version Modification Check	Install rust-script	2026-05-09T15:41:45.2615109Z ^[[1m^[[92m   Compiling^[[0m anstream v1.0.0
Version Modification Check	Install rust-script	2026-05-09T15:41:45.5477364Z ^[[1m^[[92m   Compiling^[[0m cfg-if v1.0.4
Version Modification Check	Install rust-script	2026-05-09T15:41:45.5695115Z ^[[1m^[[92m   Compiling^[[0m rustix v1.1.4
Version Modification Check	Install rust-script	2026-05-09T15:41:45.7385167Z ^[[1m^[[92m   Compiling^[[0m getrandom v0.4.2
Version Modification Check	Install rust-script	2026-05-09T15:41:45.8257014Z ^[[1m^[[92m   Compiling^[[0m bitflags v2.11.1
Version Modification Check	Install rust-script	2026-05-09T15:41:46.1125990Z ^[[1m^[[92m   Compiling^[[0m crypto-common v0.1.7
Version Modification Check	Install rust-script	2026-05-09T15:41:46.1705015Z ^[[1m^[[92m   Compiling^[[0m block-buffer v0.10.4
Version Modification Check	Install rust-script	2026-05-09T15:41:46.2424868Z ^[[1m^[[92m   Compiling^[[0m winnow v1.0.2
Version Modification Check	Install rust-script	2026-05-09T15:41:46.5985421Z ^[[1m^[[92m   Compiling^[[0m strsim v0.11.1
Version Modification Check	Install rust-script	2026-05-09T15:41:47.0774958Z ^[[1m^[[92m   Compiling^[[0m regex-automata v0.4.14
Version Modification Check	Install rust-script	2026-05-09T15:41:47.6785411Z ^[[1m^[[92m   Compiling^[[0m log v0.4.29
Version Modification Check	Install rust-script	2026-05-09T15:41:47.8184953Z ^[[1m^[[92m   Compiling^[[0m pulldown-cmark v0.13.3
Version Modification Check	Install rust-script	2026-05-09T15:41:47.8298117Z ^[[1m^[[92m   Compiling^[[0m clap_lex v1.1.0
Version Modification Check	Install rust-script	2026-05-09T15:41:47.8735040Z ^[[1m^[[92m   Compiling^[[0m option-ext v0.2.0
Version Modification Check	Install rust-script	2026-05-09T15:41:47.9018344Z ^[[1m^[[92m   Compiling^[[0m unicode-width v0.2.2
Version Modification Check	Install rust-script	2026-05-09T15:41:48.0255000Z ^[[1m^[[92m   Compiling^[[0m linux-raw-sys v0.12.1
Version Modification Check	Install rust-script	2026-05-09T15:41:48.0882428Z ^[[1m^[[92m   Compiling^[[0m getopts v0.2.24
Version Modification Check	Install rust-script	2026-05-09T15:41:48.6855169Z ^[[1m^[[92m   Compiling^[[0m clap_builder v4.6.0
Version Modification Check	Install rust-script	2026-05-09T15:41:49.0305218Z ^[[1m^[[92m   Compiling^[[0m dirs-sys v0.5.0
Version Modification Check	Install rust-script	2026-05-09T15:41:49.2975135Z ^[[1m^[[92m   Compiling^[[0m serde_spanned v1.1.1
Version Modification Check	Install rust-script	2026-05-09T15:41:49.3695205Z ^[[1m^[[92m   Compiling^[[0m toml_datetime v0.7.5+spec-1.1.0
Version Modification Check	Install rust-script	2026-05-09T15:41:49.6385106Z ^[[1m^[[92m   Compiling^[[0m regex v1.12.3
Version Modification Check	Install rust-script	2026-05-09T15:41:50.2445378Z ^[[1m^[[92m   Compiling^[[0m env_filter v1.0.1
Version Modification Check	Install rust-script	2026-05-09T15:41:50.4275054Z ^[[1m^[[92m   Compiling^[[0m toml_parser v1.1.2+spec-1.1.0
Version Modification Check	Install rust-script	2026-05-09T15:41:50.7355092Z ^[[1m^[[92m   Compiling^[[0m digest v0.10.7
Version Modification Check	Install rust-script	2026-05-09T15:41:50.9844977Z ^[[1m^[[92m   Compiling^[[0m winnow v0.7.15
Version Modification Check	Install rust-script	2026-05-09T15:41:51.3410762Z ^[[1m^[[92m   Compiling^[[0m toml_writer v1.1.1+spec-1.1.0
Version Modification Check	Install rust-script	2026-05-09T15:41:51.5045092Z ^[[1m^[[92m   Compiling^[[0m once_cell v1.21.4
Version Modification Check	Install rust-script	2026-05-09T15:41:51.6609874Z ^[[1m^[[92m   Compiling^[[0m jiff v0.2.24
Version Modification Check	Install rust-script	2026-05-09T15:41:52.7465050Z ^[[1m^[[92m   Compiling^[[0m unicase v2.9.0
Version Modification Check	Install rust-script	2026-05-09T15:41:52.8924990Z ^[[1m^[[92m   Compiling^[[0m pulldown-cmark-escape v0.11.0
Version Modification Check	Install rust-script	2026-05-09T15:41:52.9471771Z ^[[1m^[[92m   Compiling^[[0m cpufeatures v0.2.17
Version Modification Check	Install rust-script	2026-05-09T15:41:52.9745066Z ^[[1m^[[92m   Compiling^[[0m fastrand v2.4.1
Version Modification Check	Install rust-script	2026-05-09T15:41:53.1525090Z ^[[1m^[[92m   Compiling^[[0m tempfile v3.27.0
Version Modification Check	Install rust-script	2026-05-09T15:41:53.4215256Z ^[[1m^[[92m   Compiling^[[0m sha1 v0.10.6
Version Modification Check	Install rust-script	2026-05-09T15:41:53.6616391Z ^[[1m^[[92m   Compiling^[[0m toml v0.9.12+spec-1.1.0
Version Modification Check	Install rust-script	2026-05-09T15:41:54.6074991Z ^[[1m^[[92m   Compiling^[[0m clap v4.6.1
Version Modification Check	Install rust-script	2026-05-09T15:41:54.6336942Z ^[[1m^[[92m   Compiling^[[0m dirs v6.0.0
Version Modification Check	Install rust-script	2026-05-09T15:41:54.7065169Z ^[[1m^[[92m   Compiling^[[0m shell-words v1.1.1
Version Modification Check	Install rust-script	2026-05-09T15:41:55.5525237Z ^[[1m^[[92m   Compiling^[[0m env_logger v0.11.10
Version Modification Check	Install rust-script	2026-05-09T15:41:56.3883155Z ^[[1m^[[92m   Compiling^[[0m rust-script v0.36.0
Version Modification Check	Install rust-script	2026-05-09T15:42:17.0391382Z ^[[1m^[[92m    Finished^[[0m `release` profile [optimized] target(s) in 34.06s
Version Modification Check	Install rust-script	2026-05-09T15:42:17.0654258Z ^[[1m^[[92m  Installing^[[0m /home/runner/.cargo/bin/rust-script
Version Modification Check	Install rust-script	2026-05-09T15:42:17.0655116Z ^[[1m^[[92m   Installed^[[0m package `rust-script v0.36.0` (executable `rust-script`)
Version Modification Check	Check for manual version changes	﻿2026-05-09T15:42:17.0861335Z ##[group]Run rust-script scripts/check-version-modification.rs
Version Modification Check	Check for manual version changes	2026-05-09T15:42:17.0861931Z ^[[36;1mrust-script scripts/check-version-modification.rs^[[0m
Version Modification Check	Check for manual version changes	2026-05-09T15:42:17.0874918Z shell: /usr/bin/bash -e {0}
Version Modification Check	Check for manual version changes	2026-05-09T15:42:17.0875153Z env:
Version Modification Check	Check for manual version changes	2026-05-09T15:42:17.0875341Z   CARGO_TERM_COLOR: always
Version Modification Check	Check for manual version changes	2026-05-09T15:42:17.0875551Z   RUSTFLAGS: -Dwarnings
Version Modification Check	Check for manual version changes	2026-05-09T15:42:17.0876291Z   CARGO_REGISTRY_TOKEN: ***
Version Modification Check	Check for manual version changes	2026-05-09T15:42:17.0876558Z   DOCKERHUB_IMAGE: konard/link-assistant-router
Version Modification Check	Check for manual version changes	2026-05-09T15:42:17.0876842Z   CARGO_HOME: /home/runner/.cargo
Version Modification Check	Check for manual version changes	2026-05-09T15:42:17.0877082Z   CARGO_INCREMENTAL: 0
Version Modification Check	Check for manual version changes	2026-05-09T15:42:17.0877305Z   GITHUB_EVENT_NAME: pull_request
Version Modification Check	Check for manual version changes	2026-05-09T15:42:17.0877543Z   GITHUB_HEAD_REF: issue-25-cee894a7a764
Version Modification Check	Check for manual version changes	2026-05-09T15:42:17.0877787Z   GITHUB_BASE_REF: main
Version Modification Check	Check for manual version changes	2026-05-09T15:42:17.0877974Z ##[endgroup]
Version Modification Check	Check for manual version changes	2026-05-09T15:42:25.4979152Z Checking for manual version modifications in Cargo.toml...
Version Modification Check	Check for manual version changes	2026-05-09T15:42:25.4979571Z
Version Modification Check	Check for manual version changes	2026-05-09T15:42:25.9537245Z No changes to Cargo.toml detected.
Version Modification Check	Check for manual version changes	2026-05-09T15:42:25.9537837Z Version check passed.
Version Modification Check	Post Run actions/checkout@v4	﻿2026-05-09T15:42:25.9617457Z Post job cleanup.
Version Modification Check	Post Run actions/checkout@v4	2026-05-09T15:42:26.0524058Z [command]/usr/bin/git version
Version Modification Check	Post Run actions/checkout@v4	2026-05-09T15:42:26.0564712Z git version 2.53.0
Version Modification Check	Post Run actions/checkout@v4	2026-05-09T15:42:26.0602737Z Temporarily overriding HOME='/home/runner/work/_temp/15ce5ccc-34b2-4d6d-adec-20531ffe6074' before making global git config changes
Version Modification Check	Post Run actions/checkout@v4	2026-05-09T15:42:26.0604137Z Adding repository directory to the temporary git global config as a safe directory
Version Modification Check	Post Run actions/checkout@v4	2026-05-09T15:42:26.0607943Z [command]/usr/bin/git config --global --add safe.directory /home/runner/work/router/router
Version Modification Check	Post Run actions/checkout@v4	2026-05-09T15:42:26.0641041Z [command]/usr/bin/git config --local --name-only --get-regexp core\.sshCommand
Version Modification Check	Post Run actions/checkout@v4	2026-05-09T15:42:26.0671409Z [command]/usr/bin/git submodule foreach --recursive sh -c "git config --local --name-only --get-regexp 'core\.sshCommand' && git config --local --unset-all 'core.sshCommand' || :"
Version Modification Check	Post Run actions/checkout@v4	2026-05-09T15:42:26.0857569Z [command]/usr/bin/git config --local --name-only --get-regexp http\.https\:\/\/github\.com\/\.extraheader
Version Modification Check	Post Run actions/checkout@v4	2026-05-09T15:42:26.0878147Z http.https://github.com/.extraheader
Version Modification Check	Post Run actions/checkout@v4	2026-05-09T15:42:26.0890358Z [command]/usr/bin/git config --local --unset-all http.https://github.com/.extraheader
Version Modification Check	Post Run actions/checkout@v4	2026-05-09T15:42:26.0917846Z [command]/usr/bin/git submodule foreach --recursive sh -c "git config --local --name-only --get-regexp 'http\.https\:\/\/github\.com\/\.extraheader' && git config --local --unset-all 'http.https://github.com/.extraheader' || :"
Version Modification Check	Post Run actions/checkout@v4	2026-05-09T15:42:26.1097099Z [command]/usr/bin/git config --local --name-only --get-regexp ^includeIf\.gitdir:
Version Modification Check	Post Run actions/checkout@v4	2026-05-09T15:42:26.1125244Z [command]/usr/bin/git submodule foreach --recursive git config --local --show-origin --name-only --get-regexp remote.origin.url
Version Modification Check	Complete job	﻿2026-05-09T15:42:26.1420972Z Cleaning up orphan processes
Version Modification Check	Complete job	2026-05-09T15:42:26.1646403Z ##[warning]Node.js 20 actions are deprecated. The following actions are running on Node.js 20 and may not work as expected: actions/checkout@v4. Actions will be forced to run with Node.js 24 by default starting June 2nd, 2026. Node.js 20 will be removed from the runner on September 16th, 2026. Please check if updated versions of these actions are available that support Node.js 24. To opt into Node.js 24 now, set the FORCE_JAVASCRIPT_ACTIONS_TO_NODE24=true environment variable on the runner or in your workflow file. Once Node.js 24 becomes the default, you can temporarily opt out by setting ACTIONS_ALLOW_USE_UNSECURE_NODE_VERSION=true. For more information see: https://github.blog/changelog/2025-09-19-deprecation-of-node-20-on-github-actions-runners/
Detect Changes	Set up job	﻿2026-05-09T15:41:31.3326769Z Current runner version: '2.334.0'
Detect Changes	Set up job	2026-05-09T15:41:31.3350666Z ##[group]Runner Image Provisioner
Detect Changes	Set up job	2026-05-09T15:41:31.3351462Z Hosted Compute Agent
Detect Changes	Set up job	2026-05-09T15:41:31.3352027Z Version: 20260213.493
Detect Changes	Set up job	2026-05-09T15:41:31.3352730Z Commit: 5c115507f6dd24b8de37d8bbe0bb4509d0cc0fa3
Detect Changes	Set up job	2026-05-09T15:41:31.3353412Z Build Date: 2026-02-13T00:28:41Z
Detect Changes	Set up job	2026-05-09T15:41:31.3354075Z Worker ID: {db4f1c87-6d49-4b00-bcea-cb83da108152}
Detect Changes	Set up job	2026-05-09T15:41:31.3354764Z Azure Region: westus
Detect Changes	Set up job	2026-05-09T15:41:31.3355338Z ##[endgroup]
Detect Changes	Set up job	2026-05-09T15:41:31.3356971Z ##[group]Operating System
Detect Changes	Set up job	2026-05-09T15:41:31.3357628Z Ubuntu
Detect Changes	Set up job	2026-05-09T15:41:31.3358164Z 24.04.4
Detect Changes	Set up job	2026-05-09T15:41:31.3358592Z LTS
Detect Changes	Set up job	2026-05-09T15:41:31.3359081Z ##[endgroup]
Detect Changes	Set up job	2026-05-09T15:41:31.3359599Z ##[group]Runner Image
Detect Changes	Set up job	2026-05-09T15:41:31.3360116Z Image: ubuntu-24.04
Detect Changes	Set up job	2026-05-09T15:41:31.3360700Z Version: 20260413.86.1
Detect Changes	Set up job	2026-05-09T15:41:31.3361716Z Included Software: https://github.com/actions/runner-images/blob/ubuntu24/20260413.86/images/ubuntu/Ubuntu2404-Readme.md
Detect Changes	Set up job	2026-05-09T15:41:31.3363391Z Image Release: https://github.com/actions/runner-images/releases/tag/ubuntu24%2F20260413.86
Detect Changes	Set up job	2026-05-09T15:41:31.3364259Z ##[endgroup]
Detect Changes	Set up job	2026-05-09T15:41:31.3367309Z ##[group]GITHUB_TOKEN Permissions
Detect Changes	Set up job	2026-05-09T15:41:31.3369442Z Actions: write
Detect Changes	Set up job	2026-05-09T15:41:31.3370001Z ArtifactMetadata: write
Detect Changes	Set up job	2026-05-09T15:41:31.3370652Z Attestations: write
Detect Changes	Set up job	2026-05-09T15:41:31.3371207Z Checks: write
Detect Changes	Set up job	2026-05-09T15:41:31.3371683Z Contents: write
Detect Changes	Set up job	2026-05-09T15:41:31.3372266Z Deployments: write
Detect Changes	Set up job	2026-05-09T15:41:31.3372783Z Discussions: write
Detect Changes	Set up job	2026-05-09T15:41:31.3373348Z Issues: write
Detect Changes	Set up job	2026-05-09T15:41:31.3373980Z Metadata: read
Detect Changes	Set up job	2026-05-09T15:41:31.3374481Z Models: read
Detect Changes	Set up job	2026-05-09T15:41:31.3374993Z Packages: write
Detect Changes	Set up job	2026-05-09T15:41:31.3375504Z Pages: write
Detect Changes	Set up job	2026-05-09T15:41:31.3376337Z PullRequests: write
Detect Changes	Set up job	2026-05-09T15:41:31.3376922Z RepositoryProjects: write
Detect Changes	Set up job	2026-05-09T15:41:31.3377462Z SecurityEvents: write
Detect Changes	Set up job	2026-05-09T15:41:31.3378083Z Statuses: write
Detect Changes	Set up job	2026-05-09T15:41:31.3378609Z VulnerabilityAlerts: read
Detect Changes	Set up job	2026-05-09T15:41:31.3379169Z ##[endgroup]
Detect Changes	Set up job	2026-05-09T15:41:31.3381203Z Secret source: Actions
Detect Changes	Set up job	2026-05-09T15:41:31.3381904Z Prepare workflow directory
Detect Changes	Set up job	2026-05-09T15:41:31.3963979Z Prepare all required actions
Detect Changes	Set up job	2026-05-09T15:41:31.4001616Z Getting action download info
Detect Changes	Set up job	2026-05-09T15:41:31.8171281Z Download action repository 'actions/checkout@v4' (SHA:34e114876b0b11c390a56381ad16ebd13914f8d5)
Detect Changes	Set up job	2026-05-09T15:41:31.9412584Z Download action repository 'dtolnay/rust-toolchain@stable' (SHA:29eef336d9b2848a0b548edc03f92a220660cdb8)
Detect Changes	Set up job	2026-05-09T15:41:32.2811717Z Complete job name: Detect Changes
Detect Changes	Run actions/checkout@v4	﻿2026-05-09T15:41:32.3463068Z ##[group]Run actions/checkout@v4
Detect Changes	Run actions/checkout@v4	2026-05-09T15:41:32.3463922Z with:
Detect Changes	Run actions/checkout@v4	2026-05-09T15:41:32.3464312Z   fetch-depth: 0
Detect Changes	Run actions/checkout@v4	2026-05-09T15:41:32.3464752Z   repository: link-assistant/router
Detect Changes	Run actions/checkout@v4	2026-05-09T15:41:32.3465395Z   token: ***
Detect Changes	Run actions/checkout@v4	2026-05-09T15:41:32.3465782Z   ssh-strict: true
Detect Changes	Run actions/checkout@v4	2026-05-09T15:41:32.3466404Z   ssh-user: git
Detect Changes	Run actions/checkout@v4	2026-05-09T15:41:32.3466809Z   persist-credentials: true
Detect Changes	Run actions/checkout@v4	2026-05-09T15:41:32.3467260Z   clean: true
Detect Changes	Run actions/checkout@v4	2026-05-09T15:41:32.3467783Z   sparse-checkout-cone-mode: true
Detect Changes	Run actions/checkout@v4	2026-05-09T15:41:32.3468281Z   fetch-tags: false
Detect Changes	Run actions/checkout@v4	2026-05-09T15:41:32.3468685Z   show-progress: true
Detect Changes	Run actions/checkout@v4	2026-05-09T15:41:32.3469088Z   lfs: false
Detect Changes	Run actions/checkout@v4	2026-05-09T15:41:32.3469463Z   submodules: false
Detect Changes	Run actions/checkout@v4	2026-05-09T15:41:32.3469873Z   set-safe-directory: true
Detect Changes	Run actions/checkout@v4	2026-05-09T15:41:32.3470589Z env:
Detect Changes	Run actions/checkout@v4	2026-05-09T15:41:32.3470998Z   CARGO_TERM_COLOR: always
Detect Changes	Run actions/checkout@v4	2026-05-09T15:41:32.3471451Z   RUSTFLAGS: -Dwarnings
Detect Changes	Run actions/checkout@v4	2026-05-09T15:41:32.3472048Z   CARGO_REGISTRY_TOKEN: ***
Detect Changes	Run actions/checkout@v4	2026-05-09T15:41:32.3472556Z   DOCKERHUB_IMAGE: konard/link-assistant-router
Detect Changes	Run actions/checkout@v4	2026-05-09T15:41:32.3473126Z ##[endgroup]
Detect Changes	Run actions/checkout@v4	2026-05-09T15:41:32.4573862Z Syncing repository: link-assistant/router
Detect Changes	Run actions/checkout@v4	2026-05-09T15:41:32.4575740Z ##[group]Getting Git version info
Detect Changes	Run actions/checkout@v4	2026-05-09T15:41:32.4576742Z Working directory is '/home/runner/work/router/router'
Detect Changes	Run actions/checkout@v4	2026-05-09T15:41:32.4577665Z [command]/usr/bin/git version
Detect Changes	Run actions/checkout@v4	2026-05-09T15:41:32.4632155Z git version 2.53.0
Detect Changes	Run actions/checkout@v4	2026-05-09T15:41:32.4659422Z ##[endgroup]
Detect Changes	Run actions/checkout@v4	2026-05-09T15:41:32.4673962Z Temporarily overriding HOME='/home/runner/work/_temp/42b83461-23fa-4992-a28c-7f0e5aeb2c04' before making global git config changes
Detect Changes	Run actions/checkout@v4	2026-05-09T15:41:32.4675353Z Adding repository directory to the temporary git global config as a safe directory
Detect Changes	Run actions/checkout@v4	2026-05-09T15:41:32.4679255Z [command]/usr/bin/git config --global --add safe.directory /home/runner/work/router/router
Detect Changes	Run actions/checkout@v4	2026-05-09T15:41:32.4711613Z Deleting the contents of '/home/runner/work/router/router'
Detect Changes	Run actions/checkout@v4	2026-05-09T15:41:32.4715235Z ##[group]Initializing the repository
Detect Changes	Run actions/checkout@v4	2026-05-09T15:41:32.4719539Z [command]/usr/bin/git init /home/runner/work/router/router
Detect Changes	Run actions/checkout@v4	2026-05-09T15:41:32.4812805Z hint: Using 'master' as the name for the initial branch. This default branch name
Detect Changes	Run actions/checkout@v4	2026-05-09T15:41:32.4814597Z hint: will change to "main" in Git 3.0. To configure the initial branch name
Detect Changes	Run actions/checkout@v4	2026-05-09T15:41:32.4815860Z hint: to use in all of your new repositories, which will suppress this warning,
Detect Changes	Run actions/checkout@v4	2026-05-09T15:41:32.4817119Z hint: call:
Detect Changes	Run actions/checkout@v4	2026-05-09T15:41:32.4817635Z hint:
Detect Changes	Run actions/checkout@v4	2026-05-09T15:41:32.4818364Z hint: 	git config --global init.defaultBranch <name>
Detect Changes	Run actions/checkout@v4	2026-05-09T15:41:32.4819470Z hint:
Detect Changes	Run actions/checkout@v4	2026-05-09T15:41:32.4820339Z hint: Names commonly chosen instead of 'master' are 'main', 'trunk' and
Detect Changes	Run actions/checkout@v4	2026-05-09T15:41:32.4821299Z hint: 'development'. The just-created branch can be renamed via this command:
Detect Changes	Run actions/checkout@v4	2026-05-09T15:41:32.4822035Z hint:
Detect Changes	Run actions/checkout@v4	2026-05-09T15:41:32.4822474Z hint: 	git branch -m <name>
Detect Changes	Run actions/checkout@v4	2026-05-09T15:41:32.4822984Z hint:
Detect Changes	Run actions/checkout@v4	2026-05-09T15:41:32.4823605Z hint: Disable this message with "git config set advice.defaultBranchName false"
Detect Changes	Run actions/checkout@v4	2026-05-09T15:41:32.4824545Z Initialized empty Git repository in /home/runner/work/router/router/.git/
Detect Changes	Run actions/checkout@v4	2026-05-09T15:41:32.4827385Z [command]/usr/bin/git remote add origin https://github.com/link-assistant/router
Detect Changes	Run actions/checkout@v4	2026-05-09T15:41:32.4858206Z ##[endgroup]
Detect Changes	Run actions/checkout@v4	2026-05-09T15:41:32.4858958Z ##[group]Disabling automatic garbage collection
Detect Changes	Run actions/checkout@v4	2026-05-09T15:41:32.4862423Z [command]/usr/bin/git config --local gc.auto 0
Detect Changes	Run actions/checkout@v4	2026-05-09T15:41:32.4890147Z ##[endgroup]
Detect Changes	Run actions/checkout@v4	2026-05-09T15:41:32.4890839Z ##[group]Setting up auth
Detect Changes	Run actions/checkout@v4	2026-05-09T15:41:32.4897659Z [command]/usr/bin/git config --local --name-only --get-regexp core\.sshCommand
Detect Changes	Run actions/checkout@v4	2026-05-09T15:41:32.4929075Z [command]/usr/bin/git submodule foreach --recursive sh -c "git config --local --name-only --get-regexp 'core\.sshCommand' && git config --local --unset-all 'core.sshCommand' || :"
Detect Changes	Run actions/checkout@v4	2026-05-09T15:41:32.5221213Z [command]/usr/bin/git config --local --name-only --get-regexp http\.https\:\/\/github\.com\/\.extraheader
Detect Changes	Run actions/checkout@v4	2026-05-09T15:41:32.5253340Z [command]/usr/bin/git submodule foreach --recursive sh -c "git config --local --name-only --get-regexp 'http\.https\:\/\/github\.com\/\.extraheader' && git config --local --unset-all 'http.https://github.com/.extraheader' || :"
Detect Changes	Run actions/checkout@v4	2026-05-09T15:41:32.5469998Z [command]/usr/bin/git config --local --name-only --get-regexp ^includeIf\.gitdir:
Detect Changes	Run actions/checkout@v4	2026-05-09T15:41:32.5498844Z [command]/usr/bin/git submodule foreach --recursive git config --local --show-origin --name-only --get-regexp remote.origin.url
Detect Changes	Run actions/checkout@v4	2026-05-09T15:41:32.5722826Z [command]/usr/bin/git config --local http.https://github.com/.extraheader AUTHORIZATION: basic ***
Detect Changes	Run actions/checkout@v4	2026-05-09T15:41:32.5758105Z ##[endgroup]
Detect Changes	Run actions/checkout@v4	2026-05-09T15:41:32.5758893Z ##[group]Fetching the repository
Detect Changes	Run actions/checkout@v4	2026-05-09T15:41:32.5767502Z [command]/usr/bin/git -c protocol.version=2 fetch --prune --no-recurse-submodules origin +refs/heads/*:refs/remotes/origin/* +refs/tags/*:refs/tags/* +ba32e82dc793d7f93a9953448b25cb6ac18c737d:refs/remotes/pull/26/merge
Detect Changes	Run actions/checkout@v4	2026-05-09T15:41:33.2833684Z From https://github.com/link-assistant/router
Detect Changes	Run actions/checkout@v4	2026-05-09T15:41:33.2836315Z  * [new branch]      issue-1-1bf9ef21c1ac                     -> origin/issue-1-1bf9ef21c1ac
Detect Changes	Run actions/checkout@v4	2026-05-09T15:41:33.2839025Z  * [new branch]      issue-11-0f880923289a                    -> origin/issue-11-0f880923289a
Detect Changes	Run actions/checkout@v4	2026-05-09T15:41:33.2841608Z  * [new branch]      issue-13-2606f9974b11                    -> origin/issue-13-2606f9974b11
Detect Changes	Run actions/checkout@v4	2026-05-09T15:41:33.2844139Z  * [new branch]      issue-15-8f76cb08364a                    -> origin/issue-15-8f76cb08364a
Detect Changes	Run actions/checkout@v4	2026-05-09T15:41:33.2847332Z  * [new branch]      issue-17-eb0edbddcdb5                    -> origin/issue-17-eb0edbddcdb5
Detect Changes	Run actions/checkout@v4	2026-05-09T15:41:33.2850358Z  * [new branch]      issue-18-aafa1060453e                    -> origin/issue-18-aafa1060453e
Detect Changes	Run actions/checkout@v4	2026-05-09T15:41:33.2853349Z  * [new branch]      issue-21-4e3dd79ebb0a                    -> origin/issue-21-4e3dd79ebb0a
Detect Changes	Run actions/checkout@v4	2026-05-09T15:41:33.2856585Z  * [new branch]      issue-23-c4c21ed11eba                    -> origin/issue-23-c4c21ed11eba
Detect Changes	Run actions/checkout@v4	2026-05-09T15:41:33.2859569Z  * [new branch]      issue-25-cee894a7a764                    -> origin/issue-25-cee894a7a764
Detect Changes	Run actions/checkout@v4	2026-05-09T15:41:33.2862510Z  * [new branch]      issue-3-105675fe4cc7                     -> origin/issue-3-105675fe4cc7
Detect Changes	Run actions/checkout@v4	2026-05-09T15:41:33.2865667Z  * [new branch]      issue-5-5a51161efdc8                     -> origin/issue-5-5a51161efdc8
Detect Changes	Run actions/checkout@v4	2026-05-09T15:41:33.2869074Z  * [new branch]      issue-7-080001720a10                     -> origin/issue-7-080001720a10
Detect Changes	Run actions/checkout@v4	2026-05-09T15:41:33.2872076Z  * [new branch]      issue-9-d545a925a750                     -> origin/issue-9-d545a925a750
Detect Changes	Run actions/checkout@v4	2026-05-09T15:41:33.2874302Z  * [new branch]      main                                     -> origin/main
Detect Changes	Run actions/checkout@v4	2026-05-09T15:41:33.2875990Z  * [new tag]         v0.10.0                                  -> v0.10.0
Detect Changes	Run actions/checkout@v4	2026-05-09T15:41:33.2877770Z  * [new tag]         v0.11.0                                  -> v0.11.0
Detect Changes	Run actions/checkout@v4	2026-05-09T15:41:33.2879282Z  * [new tag]         v0.12.0                                  -> v0.12.0
Detect Changes	Run actions/checkout@v4	2026-05-09T15:41:33.2880778Z  * [new tag]         v0.13.0                                  -> v0.13.0
Detect Changes	Run actions/checkout@v4	2026-05-09T15:41:33.2882289Z  * [new tag]         v0.3.0                                   -> v0.3.0
Detect Changes	Run actions/checkout@v4	2026-05-09T15:41:33.2883762Z  * [new tag]         v0.4.0                                   -> v0.4.0
Detect Changes	Run actions/checkout@v4	2026-05-09T15:41:33.2885246Z  * [new tag]         v0.5.0                                   -> v0.5.0
Detect Changes	Run actions/checkout@v4	2026-05-09T15:41:33.2887483Z  * [new tag]         v0.6.0                                   -> v0.6.0
Detect Changes	Run actions/checkout@v4	2026-05-09T15:41:33.2889658Z  * [new tag]         v0.7.0                                   -> v0.7.0
Detect Changes	Run actions/checkout@v4	2026-05-09T15:41:33.2891173Z  * [new tag]         v0.8.0                                   -> v0.8.0
Detect Changes	Run actions/checkout@v4	2026-05-09T15:41:33.2892668Z  * [new tag]         v0.9.0                                   -> v0.9.0
Detect Changes	Run actions/checkout@v4	2026-05-09T15:41:33.2895114Z  * [new ref]         ba32e82dc793d7f93a9953448b25cb6ac18c737d -> pull/26/merge
Detect Changes	Run actions/checkout@v4	2026-05-09T15:41:33.2900022Z ##[endgroup]
Detect Changes	Run actions/checkout@v4	2026-05-09T15:41:33.2901601Z ##[group]Determining the checkout info
Detect Changes	Run actions/checkout@v4	2026-05-09T15:41:33.2903376Z ##[endgroup]
Detect Changes	Run actions/checkout@v4	2026-05-09T15:41:33.2904809Z [command]/usr/bin/git sparse-checkout disable
Detect Changes	Run actions/checkout@v4	2026-05-09T15:41:33.2943491Z [command]/usr/bin/git config --local --unset-all extensions.worktreeConfig
Detect Changes	Run actions/checkout@v4	2026-05-09T15:41:33.2971098Z ##[group]Checking out the ref
Detect Changes	Run actions/checkout@v4	2026-05-09T15:41:33.2974053Z [command]/usr/bin/git checkout --progress --force refs/remotes/pull/26/merge
Detect Changes	Run actions/checkout@v4	2026-05-09T15:41:33.3177170Z Note: switching to 'refs/remotes/pull/26/merge'.
Detect Changes	Run actions/checkout@v4	2026-05-09T15:41:33.3178546Z
Detect Changes	Run actions/checkout@v4	2026-05-09T15:41:33.3179398Z You are in 'detached HEAD' state. You can look around, make experimental
Detect Changes	Run actions/checkout@v4	2026-05-09T15:41:33.3182265Z changes and commit them, and you can discard any commits you make in this
Detect Changes	Run actions/checkout@v4	2026-05-09T15:41:33.3185441Z state without impacting any branches by switching back to a branch.
Detect Changes	Run actions/checkout@v4	2026-05-09T15:41:33.3187708Z
Detect Changes	Run actions/checkout@v4	2026-05-09T15:41:33.3188941Z If you want to create a new branch to retain commits you create, you may
Detect Changes	Run actions/checkout@v4	2026-05-09T15:41:33.3191917Z do so (now or later) by using -c with the switch command. Example:
Detect Changes	Run actions/checkout@v4	2026-05-09T15:41:33.3193734Z
Detect Changes	Run actions/checkout@v4	2026-05-09T15:41:33.3194410Z   git switch -c <new-branch-name>
Detect Changes	Run actions/checkout@v4	2026-05-09T15:41:33.3195560Z
Detect Changes	Run actions/checkout@v4	2026-05-09T15:41:33.3196482Z Or undo this operation with:
Detect Changes	Run actions/checkout@v4	2026-05-09T15:41:33.3197600Z
Detect Changes	Run actions/checkout@v4	2026-05-09T15:41:33.3198396Z   git switch -
Detect Changes	Run actions/checkout@v4	2026-05-09T15:41:33.3198977Z
Detect Changes	Run actions/checkout@v4	2026-05-09T15:41:33.3199873Z Turn off this advice by setting config variable advice.detachedHead to false
Detect Changes	Run actions/checkout@v4	2026-05-09T15:41:33.3201192Z
Detect Changes	Run actions/checkout@v4	2026-05-09T15:41:33.3202682Z HEAD is now at ba32e82 Merge d9869a554093bc9d7c450f42308aef4b391f307b into 32be51c7464978cfb12e66692bfe04b8849db236
Detect Changes	Run actions/checkout@v4	2026-05-09T15:41:33.3208942Z ##[endgroup]
Detect Changes	Run actions/checkout@v4	2026-05-09T15:41:33.3225448Z [command]/usr/bin/git log -1 --format=%H
Detect Changes	Run actions/checkout@v4	2026-05-09T15:41:33.3247774Z ba32e82dc793d7f93a9953448b25cb6ac18c737d
Detect Changes	Setup Rust	﻿2026-05-09T15:41:33.3814998Z ##[group]Run dtolnay/rust-toolchain@stable
Detect Changes	Setup Rust	2026-05-09T15:41:33.3816268Z with:
Detect Changes	Setup Rust	2026-05-09T15:41:33.3816954Z   toolchain: stable
Detect Changes	Setup Rust	2026-05-09T15:41:33.3817678Z env:
Detect Changes	Setup Rust	2026-05-09T15:41:33.3818333Z   CARGO_TERM_COLOR: always
Detect Changes	Setup Rust	2026-05-09T15:41:33.3819179Z   RUSTFLAGS: -Dwarnings
Detect Changes	Setup Rust	2026-05-09T15:41:33.3820442Z   CARGO_REGISTRY_TOKEN: ***
Detect Changes	Setup Rust	2026-05-09T15:41:33.3821415Z   DOCKERHUB_IMAGE: konard/link-assistant-router
Detect Changes	Setup Rust	2026-05-09T15:41:33.3822461Z ##[endgroup]
Detect Changes	Setup Rust	2026-05-09T15:41:33.4121615Z ##[group]Run : parse toolchain version
Detect Changes	Setup Rust	2026-05-09T15:41:33.4123551Z ^[[36;1m: parse toolchain version^[[0m
Detect Changes	Setup Rust	2026-05-09T15:41:33.4125270Z ^[[36;1mif [[ -z $toolchain ]]; then^[[0m
Detect Changes	Setup Rust	2026-05-09T15:41:33.4128616Z ^[[36;1m  # GitHub does not enforce `required: true` inputs itself. https://github.com/actions/runner/issues/1070^[[0m
Detect Changes	Setup Rust	2026-05-09T15:41:33.4131138Z ^[[36;1m  echo "'toolchain' is a required input" >&2^[[0m
Detect Changes	Setup Rust	2026-05-09T15:41:33.4132479Z ^[[36;1m  exit 1^[[0m
Detect Changes	Setup Rust	2026-05-09T15:41:33.4133945Z ^[[36;1melif [[ $toolchain =~ ^stable' '[0-9]+' '(year|month|week|day)s?' 'ago$ ]]; then^[[0m
Detect Changes	Setup Rust	2026-05-09T15:41:33.4135851Z ^[[36;1m  if [[ Linux == macOS ]]; then^[[0m
Detect Changes	Setup Rust	2026-05-09T15:41:33.4138522Z ^[[36;1m    echo "toolchain=1.$((($(date -v-$(sed 's/stable \([0-9]*\) \(.\).*/\1\2/' <<< $toolchain) +%s)/60/60/24-16569)/7/6))" >> $GITHUB_OUTPUT^[[0m
Detect Changes	Setup Rust	2026-05-09T15:41:33.4140829Z ^[[36;1m  else^[[0m
Detect Changes	Setup Rust	2026-05-09T15:41:33.4142357Z ^[[36;1m    echo "toolchain=1.$((($(date --date "${toolchain#stable }" +%s)/60/60/24-16569)/7/6))" >> $GITHUB_OUTPUT^[[0m
Detect Changes	Setup Rust	2026-05-09T15:41:33.4144135Z ^[[36;1m  fi^[[0m
Detect Changes	Setup Rust	2026-05-09T15:41:33.4145234Z ^[[36;1melif [[ $toolchain =~ ^stable' 'minus' '[0-9]+' 'releases?$ ]]; then^[[0m
Detect Changes	Setup Rust	2026-05-09T15:41:33.4147497Z ^[[36;1m  echo "toolchain=1.$((($(date +%s)/60/60/24-16569)/7/6-${toolchain//[^0-9]/}))" >> $GITHUB_OUTPUT^[[0m
Detect Changes	Setup Rust	2026-05-09T15:41:33.4149201Z ^[[36;1melif [[ $toolchain =~ ^1\.[0-9]+$ ]]; then^[[0m
Detect Changes	Setup Rust	2026-05-09T15:41:33.4151090Z ^[[36;1m  echo "toolchain=1.$((i=${toolchain#1.}, c=($(date +%s)/60/60/24-16569)/7/6, i+9*i*(10*i<=c)+90*i*(100*i<=c)))" >> $GITHUB_OUTPUT^[[0m
Detect Changes	Setup Rust	2026-05-09T15:41:33.4152867Z ^[[36;1melse^[[0m
Detect Changes	Setup Rust	2026-05-09T15:41:33.4153731Z ^[[36;1m  echo "toolchain=$toolchain" >> $GITHUB_OUTPUT^[[0m
Detect Changes	Setup Rust	2026-05-09T15:41:33.4154818Z ^[[36;1mfi^[[0m
Detect Changes	Setup Rust	2026-05-09T15:41:33.4181504Z shell: /usr/bin/bash --noprofile --norc -e -o pipefail {0}
Detect Changes	Setup Rust	2026-05-09T15:41:33.4182723Z env:
Detect Changes	Setup Rust	2026-05-09T15:41:33.4183375Z   CARGO_TERM_COLOR: always
Detect Changes	Setup Rust	2026-05-09T15:41:33.4184200Z   RUSTFLAGS: -Dwarnings
Detect Changes	Setup Rust	2026-05-09T15:41:33.4185366Z   CARGO_REGISTRY_TOKEN: ***
Detect Changes	Setup Rust	2026-05-09T15:41:33.4186672Z   DOCKERHUB_IMAGE: konard/link-assistant-router
Detect Changes	Setup Rust	2026-05-09T15:41:33.4187785Z   toolchain: stable
Detect Changes	Setup Rust	2026-05-09T15:41:33.4188525Z ##[endgroup]
Detect Changes	Setup Rust	2026-05-09T15:41:33.4364506Z ##[group]Run : construct rustup command line
Detect Changes	Setup Rust	2026-05-09T15:41:33.4365626Z ^[[36;1m: construct rustup command line^[[0m
Detect Changes	Setup Rust	2026-05-09T15:41:33.4367532Z ^[[36;1mecho "targets=$(for t in ${targets//,/ }; do echo -n ' --target' $t; done)" >> $GITHUB_OUTPUT^[[0m
Detect Changes	Setup Rust	2026-05-09T15:41:33.4369745Z ^[[36;1mecho "components=$(for c in ${components//,/ }; do echo -n ' --component' $c; done)" >> $GITHUB_OUTPUT^[[0m
Detect Changes	Setup Rust	2026-05-09T15:41:33.4371465Z ^[[36;1mecho "downgrade=" >> $GITHUB_OUTPUT^[[0m
Detect Changes	Setup Rust	2026-05-09T15:41:33.4394073Z shell: /usr/bin/bash --noprofile --norc -e -o pipefail {0}
Detect Changes	Setup Rust	2026-05-09T15:41:33.4395226Z env:
Detect Changes	Setup Rust	2026-05-09T15:41:33.4395855Z   CARGO_TERM_COLOR: always
Detect Changes	Setup Rust	2026-05-09T15:41:33.4396985Z   RUSTFLAGS: -Dwarnings
Detect Changes	Setup Rust	2026-05-09T15:41:33.4398128Z   CARGO_REGISTRY_TOKEN: ***
Detect Changes	Setup Rust	2026-05-09T15:41:33.4399048Z   DOCKERHUB_IMAGE: konard/link-assistant-router
Detect Changes	Setup Rust	2026-05-09T15:41:33.4400053Z   targets:
Detect Changes	Setup Rust	2026-05-09T15:41:33.4400707Z   components:
Detect Changes	Setup Rust	2026-05-09T15:41:33.4401363Z ##[endgroup]
Detect Changes	Setup Rust	2026-05-09T15:41:33.4519160Z ##[group]Run : set $CARGO_HOME
Detect Changes	Setup Rust	2026-05-09T15:41:33.4520046Z ^[[36;1m: set $CARGO_HOME^[[0m
Detect Changes	Setup Rust	2026-05-09T15:41:33.4521155Z ^[[36;1mecho CARGO_HOME=${CARGO_HOME:-"$HOME/.cargo"} >> $GITHUB_ENV^[[0m
Detect Changes	Setup Rust	2026-05-09T15:41:33.4548291Z shell: /usr/bin/bash --noprofile --norc -e -o pipefail {0}
Detect Changes	Setup Rust	2026-05-09T15:41:33.4550291Z env:
Detect Changes	Setup Rust	2026-05-09T15:41:33.4551130Z   CARGO_TERM_COLOR: always
Detect Changes	Setup Rust	2026-05-09T15:41:33.4552145Z   RUSTFLAGS: -Dwarnings
Detect Changes	Setup Rust	2026-05-09T15:41:33.4553852Z   CARGO_REGISTRY_TOKEN: ***
Detect Changes	Setup Rust	2026-05-09T15:41:33.4554923Z   DOCKERHUB_IMAGE: konard/link-assistant-router
Detect Changes	Setup Rust	2026-05-09T15:41:33.4556308Z ##[endgroup]
Detect Changes	Setup Rust	2026-05-09T15:41:33.4667780Z ##[group]Run : install rustup if needed
Detect Changes	Setup Rust	2026-05-09T15:41:33.4668778Z ^[[36;1m: install rustup if needed^[[0m
Detect Changes	Setup Rust	2026-05-09T15:41:33.4669794Z ^[[36;1mif ! command -v rustup &>/dev/null; then^[[0m
Detect Changes	Setup Rust	2026-05-09T15:41:33.4672363Z ^[[36;1m  curl --proto '=https' --tlsv1.2 --retry 10 --retry-connrefused --location --silent --show-error --fail https://sh.rustup.rs | sh -s -- --default-toolchain none -y^[[0m
Detect Changes	Setup Rust	2026-05-09T15:41:33.4674866Z ^[[36;1m  echo "$CARGO_HOME/bin" >> $GITHUB_PATH^[[0m
Detect Changes	Setup Rust	2026-05-09T15:41:33.4675843Z ^[[36;1mfi^[[0m
Detect Changes	Setup Rust	2026-05-09T15:41:33.4696881Z shell: /usr/bin/bash --noprofile --norc -e -o pipefail {0}
Detect Changes	Setup Rust	2026-05-09T15:41:33.4698040Z env:
Detect Changes	Setup Rust	2026-05-09T15:41:33.4698663Z   CARGO_TERM_COLOR: always
Detect Changes	Setup Rust	2026-05-09T15:41:33.4699460Z   RUSTFLAGS: -Dwarnings
Detect Changes	Setup Rust	2026-05-09T15:41:33.4700536Z   CARGO_REGISTRY_TOKEN: ***
Detect Changes	Setup Rust	2026-05-09T15:41:33.4701467Z   DOCKERHUB_IMAGE: konard/link-assistant-router
Detect Changes	Setup Rust	2026-05-09T15:41:33.4702511Z   CARGO_HOME: /home/runner/.cargo
Detect Changes	Setup Rust	2026-05-09T15:41:33.4703355Z ##[endgroup]
Detect Changes	Setup Rust	2026-05-09T15:41:33.4814029Z ##[group]Run rustup toolchain install stable --profile minimal --no-self-update
Detect Changes	Setup Rust	2026-05-09T15:41:33.4815856Z ^[[36;1mrustup toolchain install stable --profile minimal --no-self-update^[[0m
Detect Changes	Setup Rust	2026-05-09T15:41:33.4837533Z shell: /usr/bin/bash --noprofile --norc -e -o pipefail {0}
Detect Changes	Setup Rust	2026-05-09T15:41:33.4838660Z env:
Detect Changes	Setup Rust	2026-05-09T15:41:33.4839281Z   CARGO_TERM_COLOR: always
Detect Changes	Setup Rust	2026-05-09T15:41:33.4840072Z   RUSTFLAGS: -Dwarnings
Detect Changes	Setup Rust	2026-05-09T15:41:33.4841140Z   CARGO_REGISTRY_TOKEN: ***
Detect Changes	Setup Rust	2026-05-09T15:41:33.4842037Z   DOCKERHUB_IMAGE: konard/link-assistant-router
Detect Changes	Setup Rust	2026-05-09T15:41:33.4843075Z   CARGO_HOME: /home/runner/.cargo
Detect Changes	Setup Rust	2026-05-09T15:41:33.4843951Z   RUSTUP_PERMIT_COPY_RENAME: 1
Detect Changes	Setup Rust	2026-05-09T15:41:33.4844745Z ##[endgroup]
Detect Changes	Setup Rust	2026-05-09T15:41:33.6479428Z info: syncing channel updates for stable-x86_64-unknown-linux-gnu
Detect Changes	Setup Rust	2026-05-09T15:41:33.7367315Z info: latest update on 2026-04-16 for version 1.95.0 (59807616e 2026-04-14)
Detect Changes	Setup Rust	2026-05-09T15:41:33.7573686Z info: removing previous version of component clippy
Detect Changes	Setup Rust	2026-05-09T15:41:33.7701917Z info: removing previous version of component rustfmt
Detect Changes	Setup Rust	2026-05-09T15:41:33.7712480Z info: removing previous version of component cargo
Detect Changes	Setup Rust	2026-05-09T15:41:33.7793375Z info: removing previous version of component rust-std
Detect Changes	Setup Rust	2026-05-09T15:41:33.7881548Z info: removing previous version of component rustc
Detect Changes	Setup Rust	2026-05-09T15:41:33.7930761Z info: downloading 5 components
Detect Changes	Setup Rust	2026-05-09T15:41:41.8281647Z
Detect Changes	Setup Rust	2026-05-09T15:41:41.8358151Z   stable-x86_64-unknown-linux-gnu updated - rustc 1.95.0 (59807616e 2026-04-14) (from rustc 1.94.1 (e408947bf 2026-03-25))
Detect Changes	Setup Rust	2026-05-09T15:41:41.8358782Z
Detect Changes	Setup Rust	2026-05-09T15:41:41.8464269Z ##[group]Run rustup default stable
Detect Changes	Setup Rust	2026-05-09T15:41:41.8464588Z ^[[36;1mrustup default stable^[[0m
Detect Changes	Setup Rust	2026-05-09T15:41:41.8487291Z shell: /usr/bin/bash --noprofile --norc -e -o pipefail {0}
Detect Changes	Setup Rust	2026-05-09T15:41:41.8487652Z env:
Detect Changes	Setup Rust	2026-05-09T15:41:41.8487848Z   CARGO_TERM_COLOR: always
Detect Changes	Setup Rust	2026-05-09T15:41:41.8488078Z   RUSTFLAGS: -Dwarnings
Detect Changes	Setup Rust	2026-05-09T15:41:41.8488486Z   CARGO_REGISTRY_TOKEN: ***
Detect Changes	Setup Rust	2026-05-09T15:41:41.8488741Z   DOCKERHUB_IMAGE: konard/link-assistant-router
Detect Changes	Setup Rust	2026-05-09T15:41:41.8489033Z   CARGO_HOME: /home/runner/.cargo
Detect Changes	Setup Rust	2026-05-09T15:41:41.8489262Z ##[endgroup]
Detect Changes	Setup Rust	2026-05-09T15:41:41.8583148Z info: using existing install for stable-x86_64-unknown-linux-gnu
Detect Changes	Setup Rust	2026-05-09T15:41:41.8590492Z info: default toolchain set to stable-x86_64-unknown-linux-gnu
Detect Changes	Setup Rust	2026-05-09T15:41:41.8590824Z
Detect Changes	Setup Rust	2026-05-09T15:41:41.8656630Z   stable-x86_64-unknown-linux-gnu unchanged - rustc 1.95.0 (59807616e 2026-04-14)
Detect Changes	Setup Rust	2026-05-09T15:41:41.8657261Z
Detect Changes	Setup Rust	2026-05-09T15:41:41.8698248Z ##[group]Run : create cachekey
Detect Changes	Setup Rust	2026-05-09T15:41:41.8698803Z ^[[36;1m: create cachekey^[[0m
Detect Changes	Setup Rust	2026-05-09T15:41:41.8699303Z ^[[36;1mDATE=$(rustc +stable --version --verbose | sed -ne 's/^commit-date: \(20[0-9][0-9]\)-\([01][0-9]\)-\([0-3][0-9]\)$/\1\2\3/p')^[[0m
Detect Changes	Setup Rust	2026-05-09T15:41:41.8700120Z ^[[36;1mHASH=$(rustc +stable --version --verbose | sed -ne 's/^commit-hash: //p')^[[0m
Detect Changes	Setup Rust	2026-05-09T15:41:41.8700610Z ^[[36;1mecho "cachekey=$(echo $DATE$HASH | head -c12)" >> $GITHUB_OUTPUT^[[0m
Detect Changes	Setup Rust	2026-05-09T15:41:41.8722757Z shell: /usr/bin/bash --noprofile --norc -e -o pipefail {0}
Detect Changes	Setup Rust	2026-05-09T15:41:41.8723105Z env:
Detect Changes	Setup Rust	2026-05-09T15:41:41.8723284Z   CARGO_TERM_COLOR: always
Detect Changes	Setup Rust	2026-05-09T15:41:41.8723526Z   RUSTFLAGS: -Dwarnings
Detect Changes	Setup Rust	2026-05-09T15:41:41.8723922Z   CARGO_REGISTRY_TOKEN: ***
Detect Changes	Setup Rust	2026-05-09T15:41:41.8724172Z   DOCKERHUB_IMAGE: konard/link-assistant-router
Detect Changes	Setup Rust	2026-05-09T15:41:41.8724495Z   CARGO_HOME: /home/runner/.cargo
Detect Changes	Setup Rust	2026-05-09T15:41:41.8724741Z ##[endgroup]
Detect Changes	Setup Rust	2026-05-09T15:41:41.9071742Z ##[group]Run : disable incremental compilation
Detect Changes	Setup Rust	2026-05-09T15:41:41.9072124Z ^[[36;1m: disable incremental compilation^[[0m
Detect Changes	Setup Rust	2026-05-09T15:41:41.9072452Z ^[[36;1mif [ -z "${CARGO_INCREMENTAL+set}" ]; then^[[0m
Detect Changes	Setup Rust	2026-05-09T15:41:41.9072804Z ^[[36;1m  echo CARGO_INCREMENTAL=0 >> $GITHUB_ENV^[[0m
Detect Changes	Setup Rust	2026-05-09T15:41:41.9073076Z ^[[36;1mfi^[[0m
Detect Changes	Setup Rust	2026-05-09T15:41:41.9095342Z shell: /usr/bin/bash --noprofile --norc -e -o pipefail {0}
Detect Changes	Setup Rust	2026-05-09T15:41:41.9095673Z env:
Detect Changes	Setup Rust	2026-05-09T15:41:41.9095862Z   CARGO_TERM_COLOR: always
Detect Changes	Setup Rust	2026-05-09T15:41:41.9096387Z   RUSTFLAGS: -Dwarnings
Detect Changes	Setup Rust	2026-05-09T15:41:41.9096808Z   CARGO_REGISTRY_TOKEN: ***
Detect Changes	Setup Rust	2026-05-09T15:41:41.9097072Z   DOCKERHUB_IMAGE: konard/link-assistant-router
Detect Changes	Setup Rust	2026-05-09T15:41:41.9097364Z   CARGO_HOME: /home/runner/.cargo
Detect Changes	Setup Rust	2026-05-09T15:41:41.9097592Z ##[endgroup]
Detect Changes	Setup Rust	2026-05-09T15:41:41.9166445Z ##[group]Run : enable colors in Cargo output
Detect Changes	Setup Rust	2026-05-09T15:41:41.9166791Z ^[[36;1m: enable colors in Cargo output^[[0m
Detect Changes	Setup Rust	2026-05-09T15:41:41.9167093Z ^[[36;1mif [ -z "${CARGO_TERM_COLOR+set}" ]; then^[[0m
Detect Changes	Setup Rust	2026-05-09T15:41:41.9167429Z ^[[36;1m  echo CARGO_TERM_COLOR=always >> $GITHUB_ENV^[[0m
Detect Changes	Setup Rust	2026-05-09T15:41:41.9167731Z ^[[36;1mfi^[[0m
Detect Changes	Setup Rust	2026-05-09T15:41:41.9187853Z shell: /usr/bin/bash --noprofile --norc -e -o pipefail {0}
Detect Changes	Setup Rust	2026-05-09T15:41:41.9188190Z env:
Detect Changes	Setup Rust	2026-05-09T15:41:41.9188376Z   CARGO_TERM_COLOR: always
Detect Changes	Setup Rust	2026-05-09T15:41:41.9188615Z   RUSTFLAGS: -Dwarnings
Detect Changes	Setup Rust	2026-05-09T15:41:41.9188977Z   CARGO_REGISTRY_TOKEN: ***
Detect Changes	Setup Rust	2026-05-09T15:41:41.9189233Z   DOCKERHUB_IMAGE: konard/link-assistant-router
Detect Changes	Setup Rust	2026-05-09T15:41:41.9189526Z   CARGO_HOME: /home/runner/.cargo
Detect Changes	Setup Rust	2026-05-09T15:41:41.9189757Z   CARGO_INCREMENTAL: 0
Detect Changes	Setup Rust	2026-05-09T15:41:41.9189956Z ##[endgroup]
Detect Changes	Setup Rust	2026-05-09T15:41:41.9287393Z ##[group]Run : enable Cargo sparse registry
Detect Changes	Setup Rust	2026-05-09T15:41:41.9287729Z ^[[36;1m: enable Cargo sparse registry^[[0m
Detect Changes	Setup Rust	2026-05-09T15:41:41.9288084Z ^[[36;1m# implemented in 1.66, stabilized in 1.68, made default in 1.70^[[0m
Detect Changes	Setup Rust	2026-05-09T15:41:41.9288778Z ^[[36;1mif [ -z "${CARGO_REGISTRIES_CRATES_IO_PROTOCOL+set}" -o -f "/home/runner/work/_temp"/.implicit_cargo_registries_crates_io_protocol ]; then^[[0m
Detect Changes	Setup Rust	2026-05-09T15:41:41.9289503Z ^[[36;1m  if rustc +stable --version --verbose | grep -q '^release: 1\.6[89]\.'; then^[[0m
Detect Changes	Setup Rust	2026-05-09T15:41:41.9290063Z ^[[36;1m    touch "/home/runner/work/_temp"/.implicit_cargo_registries_crates_io_protocol || true^[[0m
Detect Changes	Setup Rust	2026-05-09T15:41:41.9290591Z ^[[36;1m    echo CARGO_REGISTRIES_CRATES_IO_PROTOCOL=sparse >> $GITHUB_ENV^[[0m
Detect Changes	Setup Rust	2026-05-09T15:41:41.9291063Z ^[[36;1m  elif rustc +stable --version --verbose | grep -q '^release: 1\.6[67]\.'; then^[[0m
Detect Changes	Setup Rust	2026-05-09T15:41:41.9291611Z ^[[36;1m    touch "/home/runner/work/_temp"/.implicit_cargo_registries_crates_io_protocol || true^[[0m
Detect Changes	Setup Rust	2026-05-09T15:41:41.9292108Z ^[[36;1m    echo CARGO_REGISTRIES_CRATES_IO_PROTOCOL=git >> $GITHUB_ENV^[[0m
Detect Changes	Setup Rust	2026-05-09T15:41:41.9292428Z ^[[36;1m  fi^[[0m
Detect Changes	Setup Rust	2026-05-09T15:41:41.9292600Z ^[[36;1mfi^[[0m
Detect Changes	Setup Rust	2026-05-09T15:41:41.9312916Z shell: /usr/bin/bash --noprofile --norc -e -o pipefail {0}
Detect Changes	Setup Rust	2026-05-09T15:41:41.9313251Z env:
Detect Changes	Setup Rust	2026-05-09T15:41:41.9313440Z   CARGO_TERM_COLOR: always
Detect Changes	Setup Rust	2026-05-09T15:41:41.9313666Z   RUSTFLAGS: -Dwarnings
Detect Changes	Setup Rust	2026-05-09T15:41:41.9314172Z   CARGO_REGISTRY_TOKEN: ***
Detect Changes	Setup Rust	2026-05-09T15:41:41.9314428Z   DOCKERHUB_IMAGE: konard/link-assistant-router
Detect Changes	Setup Rust	2026-05-09T15:41:41.9314710Z   CARGO_HOME: /home/runner/.cargo
Detect Changes	Setup Rust	2026-05-09T15:41:41.9314958Z   CARGO_INCREMENTAL: 0
Detect Changes	Setup Rust	2026-05-09T15:41:41.9315292Z ##[endgroup]
Detect Changes	Setup Rust	2026-05-09T15:41:41.9628806Z ##[group]Run : work around spurious network errors in curl 8.0
Detect Changes	Setup Rust	2026-05-09T15:41:41.9629260Z ^[[36;1m: work around spurious network errors in curl 8.0^[[0m
Detect Changes	Setup Rust	2026-05-09T15:41:41.9629811Z ^[[36;1m# https://rust-lang.zulipchat.com/#narrow/stream/246057-t-cargo/topic/timeout.20investigation^[[0m
Detect Changes	Setup Rust	2026-05-09T15:41:41.9630442Z ^[[36;1mif rustc +stable --version --verbose | grep -q '^release: 1\.7[01]\.'; then^[[0m
Detect Changes	Setup Rust	2026-05-09T15:41:41.9630898Z ^[[36;1m  echo CARGO_HTTP_MULTIPLEXING=false >> $GITHUB_ENV^[[0m
Detect Changes	Setup Rust	2026-05-09T15:41:41.9631194Z ^[[36;1mfi^[[0m
Detect Changes	Setup Rust	2026-05-09T15:41:41.9653922Z shell: /usr/bin/bash --noprofile --norc -e -o pipefail {0}
Detect Changes	Setup Rust	2026-05-09T15:41:41.9654262Z env:
Detect Changes	Setup Rust	2026-05-09T15:41:41.9654457Z   CARGO_TERM_COLOR: always
Detect Changes	Setup Rust	2026-05-09T15:41:41.9654695Z   RUSTFLAGS: -Dwarnings
Detect Changes	Setup Rust	2026-05-09T15:41:41.9655077Z   CARGO_REGISTRY_TOKEN: ***
Detect Changes	Setup Rust	2026-05-09T15:41:41.9655332Z   DOCKERHUB_IMAGE: konard/link-assistant-router
Detect Changes	Setup Rust	2026-05-09T15:41:41.9655614Z   CARGO_HOME: /home/runner/.cargo
Detect Changes	Setup Rust	2026-05-09T15:41:41.9655857Z   CARGO_INCREMENTAL: 0
Detect Changes	Setup Rust	2026-05-09T15:41:41.9656055Z ##[endgroup]
Detect Changes	Setup Rust	2026-05-09T15:41:41.9844990Z ##[group]Run rustc +stable --version --verbose
Detect Changes	Setup Rust	2026-05-09T15:41:41.9845320Z ^[[36;1mrustc +stable --version --verbose^[[0m
Detect Changes	Setup Rust	2026-05-09T15:41:41.9867748Z shell: /usr/bin/bash --noprofile --norc -e -o pipefail {0}
Detect Changes	Setup Rust	2026-05-09T15:41:41.9868093Z env:
Detect Changes	Setup Rust	2026-05-09T15:41:41.9868277Z   CARGO_TERM_COLOR: always
Detect Changes	Setup Rust	2026-05-09T15:41:41.9868508Z   RUSTFLAGS: -Dwarnings
Detect Changes	Setup Rust	2026-05-09T15:41:41.9868884Z   CARGO_REGISTRY_TOKEN: ***
Detect Changes	Setup Rust	2026-05-09T15:41:41.9869162Z   DOCKERHUB_IMAGE: konard/link-assistant-router
Detect Changes	Setup Rust	2026-05-09T15:41:41.9869470Z   CARGO_HOME: /home/runner/.cargo
Detect Changes	Setup Rust	2026-05-09T15:41:41.9869711Z   CARGO_INCREMENTAL: 0
Detect Changes	Setup Rust	2026-05-09T15:41:41.9869909Z ##[endgroup]
Detect Changes	Setup Rust	2026-05-09T15:41:42.0017293Z rustc 1.95.0 (59807616e 2026-04-14)
Detect Changes	Setup Rust	2026-05-09T15:41:42.0017974Z binary: rustc
Detect Changes	Setup Rust	2026-05-09T15:41:42.0018488Z commit-hash: 59807616e1fa2540724bfbac14d7976d7e4a3860
Detect Changes	Setup Rust	2026-05-09T15:41:42.0019037Z commit-date: 2026-04-14
Detect Changes	Setup Rust	2026-05-09T15:41:42.0019490Z host: x86_64-unknown-linux-gnu
Detect Changes	Setup Rust	2026-05-09T15:41:42.0019932Z release: 1.95.0
Detect Changes	Setup Rust	2026-05-09T15:41:42.0020302Z LLVM version: 22.1.2
Detect Changes	Install rust-script	﻿2026-05-09T15:41:42.0093580Z ##[group]Run cargo install rust-script
Detect Changes	Install rust-script	2026-05-09T15:41:42.0093918Z ^[[36;1mcargo install rust-script^[[0m
Detect Changes	Install rust-script	2026-05-09T15:41:42.0116765Z shell: /usr/bin/bash -e {0}
Detect Changes	Install rust-script	2026-05-09T15:41:42.0117020Z env:
Detect Changes	Install rust-script	2026-05-09T15:41:42.0117208Z   CARGO_TERM_COLOR: always
Detect Changes	Install rust-script	2026-05-09T15:41:42.0117432Z   RUSTFLAGS: -Dwarnings
Detect Changes	Install rust-script	2026-05-09T15:41:42.0117802Z   CARGO_REGISTRY_TOKEN: ***
Detect Changes	Install rust-script	2026-05-09T15:41:42.0118061Z   DOCKERHUB_IMAGE: konard/link-assistant-router
Detect Changes	Install rust-script	2026-05-09T15:41:42.0118344Z   CARGO_HOME: /home/runner/.cargo
Detect Changes	Install rust-script	2026-05-09T15:41:42.0118580Z   CARGO_INCREMENTAL: 0
Detect Changes	Install rust-script	2026-05-09T15:41:42.0118778Z ##[endgroup]
Detect Changes	Install rust-script	2026-05-09T15:41:42.0394303Z ^[[1m^[[92m    Updating^[[0m crates.io index
Detect Changes	Install rust-script	2026-05-09T15:41:42.0898448Z ^[[1m^[[92m Downloading^[[0m crates ...
Detect Changes	Install rust-script	2026-05-09T15:41:42.1248755Z ^[[1m^[[92m  Downloaded^[[0m rust-script v0.36.0
Detect Changes	Install rust-script	2026-05-09T15:41:42.1442438Z ^[[1m^[[92m  Installing^[[0m rust-script v0.36.0
Detect Changes	Install rust-script	2026-05-09T15:41:42.1616791Z ^[[1m^[[92m    Updating^[[0m crates.io index
Detect Changes	Install rust-script	2026-05-09T15:41:42.4007245Z ^[[1m^[[92m     Locking^[[0m 113 packages to latest compatible versions
Detect Changes	Install rust-script	2026-05-09T15:41:42.4040181Z ^[[1m^[[92m      Adding^[[0m generic-array v0.14.7 ^[[1m^[[33m(available: v0.14.9)^[[0m
Detect Changes	Install rust-script	2026-05-09T15:41:42.4131140Z ^[[1m^[[92m      Adding^[[0m sha1 v0.10.6 ^[[1m^[[33m(available: v0.11.0)^[[0m
Detect Changes	Install rust-script	2026-05-09T15:41:42.4151114Z ^[[1m^[[92m      Adding^[[0m toml v0.9.12+spec-1.1.0 ^[[1m^[[33m(available: v1.1.2+spec-1.1.0)^[[0m
Detect Changes	Install rust-script	2026-05-09T15:41:42.4178481Z ^[[1m^[[92m      Adding^[[0m winreg v0.55.0 ^[[1m^[[33m(available: v0.56.0)^[[0m
Detect Changes	Install rust-script	2026-05-09T15:41:42.4198584Z ^[[1m^[[92m Downloading^[[0m crates ...
Detect Changes	Install rust-script	2026-05-09T15:41:42.4476565Z ^[[1m^[[92m  Downloaded^[[0m version_check v0.9.5
Detect Changes	Install rust-script	2026-05-09T15:41:42.4566300Z ^[[1m^[[92m  Downloaded^[[0m cfg-if v1.0.4
Detect Changes	Install rust-script	2026-05-09T15:41:42.4596303Z ^[[1m^[[92m  Downloaded^[[0m colorchoice v1.0.5
Detect Changes	Install rust-script	2026-05-09T15:41:42.4608577Z ^[[1m^[[92m  Downloaded^[[0m cpufeatures v0.2.17
Detect Changes	Install rust-script	2026-05-09T15:41:42.4626742Z ^[[1m^[[92m  Downloaded^[[0m getopts v0.2.24
Detect Changes	Install rust-script	2026-05-09T15:41:42.4647441Z ^[[1m^[[92m  Downloaded^[[0m option-ext v0.2.0
Detect Changes	Install rust-script	2026-05-09T15:41:42.4658289Z ^[[1m^[[92m  Downloaded^[[0m fastrand v2.4.1
Detect Changes	Install rust-script	2026-05-09T15:41:42.4676697Z ^[[1m^[[92m  Downloaded^[[0m env_filter v1.0.1
Detect Changes	Install rust-script	2026-05-09T15:41:42.4693485Z ^[[1m^[[92m  Downloaded^[[0m toml_parser v1.1.2+spec-1.1.0
Detect Changes	Install rust-script	2026-05-09T15:41:42.4720706Z ^[[1m^[[92m  Downloaded^[[0m once_cell v1.21.4
Detect Changes	Install rust-script	2026-05-09T15:41:42.4747842Z ^[[1m^[[92m  Downloaded^[[0m strsim v0.11.1
Detect Changes	Install rust-script	2026-05-09T15:41:42.4765691Z ^[[1m^[[92m  Downloaded^[[0m memchr v2.8.0
Detect Changes	Install rust-script	2026-05-09T15:41:42.4823688Z ^[[1m^[[92m  Downloaded^[[0m shell-words v1.1.1
Detect Changes	Install rust-script	2026-05-09T15:41:42.4835353Z ^[[1m^[[92m  Downloaded^[[0m utf8parse v0.2.2
Detect Changes	Install rust-script	2026-05-09T15:41:42.4848692Z ^[[1m^[[92m  Downloaded^[[0m env_logger v0.11.10
Detect Changes	Install rust-script	2026-05-09T15:41:42.4874120Z ^[[1m^[[92m  Downloaded^[[0m toml_datetime v0.7.5+spec-1.1.0
Detect Changes	Install rust-script	2026-05-09T15:41:42.4890255Z ^[[1m^[[92m  Downloaded^[[0m unicase v2.9.0
Detect Changes	Install rust-script	2026-05-09T15:41:42.4909947Z ^[[1m^[[92m  Downloaded^[[0m bitflags v2.11.1
Detect Changes	Install rust-script	2026-05-09T15:41:42.4955848Z ^[[1m^[[92m  Downloaded^[[0m tempfile v3.27.0
Detect Changes	Install rust-script	2026-05-09T15:41:42.4985351Z ^[[1m^[[92m  Downloaded^[[0m toml v0.9.12+spec-1.1.0
Detect Changes	Install rust-script	2026-05-09T15:41:42.5029960Z ^[[1m^[[92m  Downloaded^[[0m serde_core v1.0.228
Detect Changes	Install rust-script	2026-05-09T15:41:42.5060137Z ^[[1m^[[92m  Downloaded^[[0m getrandom v0.4.2
Detect Changes	Install rust-script	2026-05-09T15:41:42.5102627Z ^[[1m^[[92m  Downloaded^[[0m hashbrown v0.17.1
Detect Changes	Install rust-script	2026-05-09T15:41:42.5159480Z ^[[1m^[[92m  Downloaded^[[0m log v0.4.29
Detect Changes	Install rust-script	2026-05-09T15:41:42.5190734Z ^[[1m^[[92m  Downloaded^[[0m indexmap v2.14.0
Detect Changes	Install rust-script	2026-05-09T15:41:42.5237901Z ^[[1m^[[92m  Downloaded^[[0m toml_writer v1.1.1+spec-1.1.0
Detect Changes	Install rust-script	2026-05-09T15:41:42.5255861Z ^[[1m^[[92m  Downloaded^[[0m typenum v1.20.0
Detect Changes	Install rust-script	2026-05-09T15:41:42.5296171Z ^[[1m^[[92m  Downloaded^[[0m regex v1.12.3
Detect Changes	Install rust-script	2026-05-09T15:41:42.5352194Z ^[[1m^[[92m  Downloaded^[[0m anstyle-query v1.1.5
Detect Changes	Install rust-script	2026-05-09T15:41:42.5366476Z ^[[1m^[[92m  Downloaded^[[0m pulldown-cmark v0.13.3
Detect Changes	Install rust-script	2026-05-09T15:41:42.5421370Z ^[[1m^[[92m  Downloaded^[[0m winnow v0.7.15
Detect Changes	Install rust-script	2026-05-09T15:41:42.5518328Z ^[[1m^[[92m  Downloaded^[[0m winnow v1.0.2
Detect Changes	Install rust-script	2026-05-09T15:41:42.5616609Z ^[[1m^[[92m  Downloaded^[[0m aho-corasick v1.1.4
Detect Changes	Install rust-script	2026-05-09T15:41:42.5672169Z ^[[1m^[[92m  Downloaded^[[0m is_terminal_polyfill v1.70.2
Detect Changes	Install rust-script	2026-05-09T15:41:42.5685960Z ^[[1m^[[92m  Downloaded^[[0m generic-array v0.14.7
Detect Changes	Install rust-script	2026-05-09T15:41:42.5702388Z ^[[1m^[[92m  Downloaded^[[0m serde_spanned v1.1.1
Detect Changes	Install rust-script	2026-05-09T15:41:42.5716329Z ^[[1m^[[92m  Downloaded^[[0m pulldown-cmark-escape v0.11.0
Detect Changes	Install rust-script	2026-05-09T15:41:42.5725998Z ^[[1m^[[92m  Downloaded^[[0m equivalent v1.0.2
Detect Changes	Install rust-script	2026-05-09T15:41:42.5741842Z ^[[1m^[[92m  Downloaded^[[0m unicode-width v0.2.2
Detect Changes	Install rust-script	2026-05-09T15:41:42.5799503Z ^[[1m^[[92m  Downloaded^[[0m dirs-sys v0.5.0
Detect Changes	Install rust-script	2026-05-09T15:41:42.5813446Z ^[[1m^[[92m  Downloaded^[[0m block-buffer v0.10.4
Detect Changes	Install rust-script	2026-05-09T15:41:42.5826905Z ^[[1m^[[92m  Downloaded^[[0m sha1 v0.10.6
Detect Changes	Install rust-script	2026-05-09T15:41:42.5846565Z ^[[1m^[[92m  Downloaded^[[0m errno v0.3.14
Detect Changes	Install rust-script	2026-05-09T15:41:42.5864981Z ^[[1m^[[92m  Downloaded^[[0m regex-syntax v0.8.10
Detect Changes	Install rust-script	2026-05-09T15:41:42.5933916Z ^[[1m^[[92m  Downloaded^[[0m crypto-common v0.1.7
Detect Changes	Install rust-script	2026-05-09T15:41:42.5948001Z ^[[1m^[[92m  Downloaded^[[0m rustix v1.1.4
Detect Changes	Install rust-script	2026-05-09T15:41:42.6217086Z ^[[1m^[[92m  Downloaded^[[0m clap v4.6.1
Detect Changes	Install rust-script	2026-05-09T15:41:42.6313770Z ^[[1m^[[92m  Downloaded^[[0m digest v0.10.7
Detect Changes	Install rust-script	2026-05-09T15:41:42.6335401Z ^[[1m^[[92m  Downloaded^[[0m anstream v1.0.0
Detect Changes	Install rust-script	2026-05-09T15:41:42.6359189Z ^[[1m^[[92m  Downloaded^[[0m dirs v6.0.0
Detect Changes	Install rust-script	2026-05-09T15:41:42.6374797Z ^[[1m^[[92m  Downloaded^[[0m clap_lex v1.1.0
Detect Changes	Install rust-script	2026-05-09T15:41:42.6387679Z ^[[1m^[[92m  Downloaded^[[0m anstyle-parse v1.0.0
Detect Changes	Install rust-script	2026-05-09T15:41:42.6404219Z ^[[1m^[[92m  Downloaded^[[0m anstyle v1.0.14
Detect Changes	Install rust-script	2026-05-09T15:41:42.6421616Z ^[[1m^[[92m  Downloaded^[[0m clap_builder v4.6.0
Detect Changes	Install rust-script	2026-05-09T15:41:42.6495015Z ^[[1m^[[92m  Downloaded^[[0m regex-automata v0.4.14
Detect Changes	Install rust-script	2026-05-09T15:41:42.6686294Z ^[[1m^[[92m  Downloaded^[[0m jiff v0.2.24
Detect Changes	Install rust-script	2026-05-09T15:41:42.6851908Z ^[[1m^[[92m  Downloaded^[[0m libc v0.2.186
Detect Changes	Install rust-script	2026-05-09T15:41:42.7422891Z ^[[1m^[[92m  Downloaded^[[0m linux-raw-sys v0.12.1
Detect Changes	Install rust-script	2026-05-09T15:41:42.8188946Z ^[[1m^[[92m   Compiling^[[0m version_check v0.9.5
Detect Changes	Install rust-script	2026-05-09T15:41:42.8189711Z ^[[1m^[[92m   Compiling^[[0m memchr v2.8.0
Detect Changes	Install rust-script	2026-05-09T15:41:42.8190853Z ^[[1m^[[92m   Compiling^[[0m libc v0.2.186
Detect Changes	Install rust-script	2026-05-09T15:41:42.8191753Z ^[[1m^[[92m   Compiling^[[0m serde_core v1.0.228
Detect Changes	Install rust-script	2026-05-09T15:41:43.0300835Z ^[[1m^[[92m   Compiling^[[0m generic-array v0.14.7
Detect Changes	Install rust-script	2026-05-09T15:41:43.0518408Z ^[[1m^[[92m   Compiling^[[0m typenum v1.20.0
Detect Changes	Install rust-script	2026-05-09T15:41:43.0705572Z ^[[1m^[[92m   Compiling^[[0m utf8parse v0.2.2
Detect Changes	Install rust-script	2026-05-09T15:41:43.1081947Z ^[[1m^[[92m   Compiling^[[0m anstyle-parse v1.0.0
Detect Changes	Install rust-script	2026-05-09T15:41:43.2397318Z ^[[1m^[[92m   Compiling^[[0m anstyle v1.0.14
Detect Changes	Install rust-script	2026-05-09T15:41:43.4047636Z ^[[1m^[[92m   Compiling^[[0m aho-corasick v1.1.4
Detect Changes	Install rust-script	2026-05-09T15:41:43.6767762Z ^[[1m^[[92m   Compiling^[[0m regex-syntax v0.8.10
Detect Changes	Install rust-script	2026-05-09T15:41:44.0267374Z ^[[1m^[[92m   Compiling^[[0m colorchoice v1.0.5
Detect Changes	Install rust-script	2026-05-09T15:41:44.0621949Z ^[[1m^[[92m   Compiling^[[0m is_terminal_polyfill v1.70.2
Detect Changes	Install rust-script	2026-05-09T15:41:44.0947464Z ^[[1m^[[92m   Compiling^[[0m anstyle-query v1.1.5
Detect Changes	Install rust-script	2026-05-09T15:41:44.1347773Z ^[[1m^[[92m   Compiling^[[0m anstream v1.0.0
Detect Changes	Install rust-script	2026-05-09T15:41:44.4347884Z ^[[1m^[[92m   Compiling^[[0m getrandom v0.4.2
Detect Changes	Install rust-script	2026-05-09T15:41:44.5368570Z ^[[1m^[[92m   Compiling^[[0m bitflags v2.11.1
Detect Changes	Install rust-script	2026-05-09T15:41:44.7567338Z ^[[1m^[[92m   Compiling^[[0m rustix v1.1.4
Detect Changes	Install rust-script	2026-05-09T15:41:44.9444868Z ^[[1m^[[92m   Compiling^[[0m cfg-if v1.0.4
Detect Changes	Install rust-script	2026-05-09T15:41:45.0327518Z ^[[1m^[[92m   Compiling^[[0m block-buffer v0.10.4
Detect Changes	Install rust-script	2026-05-09T15:41:45.1007681Z ^[[1m^[[92m   Compiling^[[0m crypto-common v0.1.7
Detect Changes	Install rust-script	2026-05-09T15:41:45.1607467Z ^[[1m^[[92m   Compiling^[[0m log v0.4.29
Detect Changes	Install rust-script	2026-05-09T15:41:45.2997682Z ^[[1m^[[92m   Compiling^[[0m linux-raw-sys v0.12.1
Detect Changes	Install rust-script	2026-05-09T15:41:45.6217471Z ^[[1m^[[92m   Compiling^[[0m regex-automata v0.4.14
Detect Changes	Install rust-script	2026-05-09T15:41:46.5917577Z ^[[1m^[[92m   Compiling^[[0m unicode-width v0.2.2
Detect Changes	Install rust-script	2026-05-09T15:41:46.7737354Z ^[[1m^[[92m   Compiling^[[0m winnow v1.0.2
Detect Changes	Install rust-script	2026-05-09T15:41:46.8570750Z ^[[1m^[[92m   Compiling^[[0m pulldown-cmark v0.13.3
Detect Changes	Install rust-script	2026-05-09T15:41:46.9239866Z ^[[1m^[[92m   Compiling^[[0m strsim v0.11.1
Detect Changes	Install rust-script	2026-05-09T15:41:47.1677352Z ^[[1m^[[92m   Compiling^[[0m option-ext v0.2.0
Detect Changes	Install rust-script	2026-05-09T15:41:47.1977470Z ^[[1m^[[92m   Compiling^[[0m clap_lex v1.1.0
Detect Changes	Install rust-script	2026-05-09T15:41:47.3883418Z ^[[1m^[[92m   Compiling^[[0m clap_builder v4.6.0
Detect Changes	Install rust-script	2026-05-09T15:41:47.3890227Z ^[[1m^[[92m   Compiling^[[0m dirs-sys v0.5.0
Detect Changes	Install rust-script	2026-05-09T15:41:47.6567577Z ^[[1m^[[92m   Compiling^[[0m toml_parser v1.1.2+spec-1.1.0
Detect Changes	Install rust-script	2026-05-09T15:41:47.9045123Z ^[[1m^[[92m   Compiling^[[0m toml_datetime v0.7.5+spec-1.1.0
Detect Changes	Install rust-script	2026-05-09T15:41:48.1807632Z ^[[1m^[[92m   Compiling^[[0m regex v1.12.3
Detect Changes	Install rust-script	2026-05-09T15:41:48.5608915Z ^[[1m^[[92m   Compiling^[[0m env_filter v1.0.1
Detect Changes	Install rust-script	2026-05-09T15:41:48.9753313Z ^[[1m^[[92m   Compiling^[[0m serde_spanned v1.1.1
Detect Changes	Install rust-script	2026-05-09T15:41:49.0429654Z ^[[1m^[[92m   Compiling^[[0m getopts v0.2.24
Detect Changes	Install rust-script	2026-05-09T15:41:49.6557425Z ^[[1m^[[92m   Compiling^[[0m digest v0.10.7
Detect Changes	Install rust-script	2026-05-09T15:41:49.9027899Z ^[[1m^[[92m   Compiling^[[0m pulldown-cmark-escape v0.11.0
Detect Changes	Install rust-script	2026-05-09T15:41:49.9627873Z ^[[1m^[[92m   Compiling^[[0m toml_writer v1.1.1+spec-1.1.0
Detect Changes	Install rust-script	2026-05-09T15:41:50.1237349Z ^[[1m^[[92m   Compiling^[[0m jiff v0.2.24
Detect Changes	Install rust-script	2026-05-09T15:41:51.1007460Z ^[[1m^[[92m   Compiling^[[0m fastrand v2.4.1
Detect Changes	Install rust-script	2026-05-09T15:41:51.2837626Z ^[[1m^[[92m   Compiling^[[0m cpufeatures v0.2.17
Detect Changes	Install rust-script	2026-05-09T15:41:51.3077468Z ^[[1m^[[92m   Compiling^[[0m unicase v2.9.0
Detect Changes	Install rust-script	2026-05-09T15:41:51.4607530Z ^[[1m^[[92m   Compiling^[[0m winnow v0.7.15
Detect Changes	Install rust-script	2026-05-09T15:41:52.0347859Z ^[[1m^[[92m   Compiling^[[0m once_cell v1.21.4
Detect Changes	Install rust-script	2026-05-09T15:41:52.1877384Z ^[[1m^[[92m   Compiling^[[0m tempfile v3.27.0
Detect Changes	Install rust-script	2026-05-09T15:41:53.3357558Z ^[[1m^[[92m   Compiling^[[0m toml v0.9.12+spec-1.1.0
Detect Changes	Install rust-script	2026-05-09T15:41:53.3490907Z ^[[1m^[[92m   Compiling^[[0m sha1 v0.10.6
Detect Changes	Install rust-script	2026-05-09T15:41:53.5287798Z ^[[1m^[[92m   Compiling^[[0m clap v4.6.1
Detect Changes	Install rust-script	2026-05-09T15:41:53.5587591Z ^[[1m^[[92m   Compiling^[[0m dirs v6.0.0
Detect Changes	Install rust-script	2026-05-09T15:41:53.6257525Z ^[[1m^[[92m   Compiling^[[0m env_logger v0.11.10
Detect Changes	Install rust-script	2026-05-09T15:41:54.1886994Z ^[[1m^[[92m   Compiling^[[0m shell-words v1.1.1
Detect Changes	Install rust-script	2026-05-09T15:41:55.4510388Z ^[[1m^[[92m   Compiling^[[0m rust-script v0.36.0
Detect Changes	Install rust-script	2026-05-09T15:42:15.1052430Z ^[[1m^[[92m    Finished^[[0m `release` profile [optimized] target(s) in 33.08s
Detect Changes	Install rust-script	2026-05-09T15:42:15.1297036Z ^[[1m^[[92m  Installing^[[0m /home/runner/.cargo/bin/rust-script
Detect Changes	Install rust-script	2026-05-09T15:42:15.1299390Z ^[[1m^[[92m   Installed^[[0m package `rust-script v0.36.0` (executable `rust-script`)
Detect Changes	Detect changes	﻿2026-05-09T15:42:15.1599063Z ##[group]Run rust-script scripts/detect-code-changes.rs
Detect Changes	Detect changes	2026-05-09T15:42:15.1599508Z ^[[36;1mrust-script scripts/detect-code-changes.rs^[[0m
Detect Changes	Detect changes	2026-05-09T15:42:15.1620310Z shell: /usr/bin/bash -e {0}
Detect Changes	Detect changes	2026-05-09T15:42:15.1620543Z env:
Detect Changes	Detect changes	2026-05-09T15:42:15.1620713Z   CARGO_TERM_COLOR: always
Detect Changes	Detect changes	2026-05-09T15:42:15.1620932Z   RUSTFLAGS: -Dwarnings
Detect Changes	Detect changes	2026-05-09T15:42:15.1621489Z   CARGO_REGISTRY_TOKEN: ***
Detect Changes	Detect changes	2026-05-09T15:42:15.1621748Z   DOCKERHUB_IMAGE: konard/link-assistant-router
Detect Changes	Detect changes	2026-05-09T15:42:15.1622038Z   CARGO_HOME: /home/runner/.cargo
Detect Changes	Detect changes	2026-05-09T15:42:15.1622272Z   CARGO_INCREMENTAL: 0
Detect Changes	Detect changes	2026-05-09T15:42:15.1622484Z   GITHUB_EVENT_NAME: pull_request
Detect Changes	Detect changes	2026-05-09T15:42:15.1622781Z   GITHUB_BASE_SHA: 48f55efdb2c2343a7e7084e1da69b44c2925ca69
Detect Changes	Detect changes	2026-05-09T15:42:15.1623127Z   GITHUB_HEAD_SHA: d9869a554093bc9d7c450f42308aef4b391f307b
Detect Changes	Detect changes	2026-05-09T15:42:15.1623409Z ##[endgroup]
Detect Changes	Detect changes	2026-05-09T15:42:23.5994706Z Detecting file changes for CI/CD...
Detect Changes	Detect changes	2026-05-09T15:42:23.5995124Z
Detect Changes	Detect changes	2026-05-09T15:42:23.5995624Z Comparing PR: 48f55efdb2c2343a7e7084e1da69b44c2925ca69...d9869a554093bc9d7c450f42308aef4b391f307b
Detect Changes	Detect changes	2026-05-09T15:42:23.9599207Z Changed files:
Detect Changes	Detect changes	2026-05-09T15:42:23.9599653Z   Cargo.lock
Detect Changes	Detect changes	2026-05-09T15:42:23.9599945Z   Dockerfile
Detect Changes	Detect changes	2026-05-09T15:42:23.9600396Z   changelog.d/20260509_152500_fix_docker_builder_toolchain.md
Detect Changes	Detect changes	2026-05-09T15:42:23.9600999Z   docs/case-studies/issue-25/README.md
Detect Changes	Detect changes	2026-05-09T15:42:23.9601565Z   docs/case-studies/issue-25/ci-logs/ci-run-25604352544.log
Detect Changes	Detect changes	2026-05-09T15:42:23.9602172Z   docs/case-studies/issue-25/online-research.md
Detect Changes	Detect changes	2026-05-09T15:42:23.9602935Z   docs/case-studies/issue-25/raw/artifacts/link-assistant-router-XJESUT.dockerbuild
Detect Changes	Detect changes	2026-05-09T15:42:23.9603977Z   docs/case-studies/issue-25/raw/artifacts/link-assistant-router-XJESUT.dockerbuild.json
Detect Changes	Detect changes	2026-05-09T15:42:23.9604872Z   docs/case-studies/issue-25/raw/ci-run-25604352544.json
Detect Changes	Detect changes	2026-05-09T15:42:23.9605476Z   docs/case-studies/issue-25/raw/csharp-template-release.yml
Detect Changes	Detect changes	2026-05-09T15:42:23.9606377Z   docs/case-studies/issue-25/raw/csharp-template-tree.json
Detect Changes	Detect changes	2026-05-09T15:42:23.9607144Z   docs/case-studies/issue-25/raw/docker-official-rust-image-tags.txt
Detect Changes	Detect changes	2026-05-09T15:42:23.9607819Z   docs/case-studies/issue-25/raw/issue-25.json
Detect Changes	Detect changes	2026-05-09T15:42:23.9608550Z   docs/case-studies/issue-25/raw/js-template-release.yml
Detect Changes	Detect changes	2026-05-09T15:42:23.9609223Z   docs/case-studies/issue-25/raw/js-template-tree.json
Detect Changes	Detect changes	2026-05-09T15:42:23.9609869Z   docs/case-studies/issue-25/raw/python-template-release.yml
Detect Changes	Detect changes	2026-05-09T15:42:23.9610539Z   docs/case-studies/issue-25/raw/python-template-tree.json
Detect Changes	Detect changes	2026-05-09T15:42:23.9610904Z   docs/case-studies/issue-25/raw/recent-runs.json
Detect Changes	Detect changes	2026-05-09T15:42:23.9611219Z   docs/case-studies/issue-25/raw/router-tree.json
Detect Changes	Detect changes	2026-05-09T15:42:23.9611574Z   docs/case-studies/issue-25/raw/rust-template-release.yml
Detect Changes	Detect changes	2026-05-09T15:42:23.9611947Z   docs/case-studies/issue-25/raw/rust-template-tree.json
Detect Changes	Detect changes	2026-05-09T15:42:23.9612321Z   docs/case-studies/issue-25/raw/template-ci-file-trees.txt
Detect Changes	Detect changes	2026-05-09T15:42:23.9612670Z   docs/case-studies/issue-25/requirements.md
Detect Changes	Detect changes	2026-05-09T15:42:23.9612987Z   docs/case-studies/issue-25/template-comparison.md
Detect Changes	Detect changes	2026-05-09T15:42:23.9613296Z   tests/release_workflow_test.rs
Detect Changes	Detect changes	2026-05-09T15:42:23.9613456Z
Detect Changes	Detect changes	2026-05-09T15:42:23.9613536Z rs-changed=true
Detect Changes	Detect changes	2026-05-09T15:42:23.9613719Z toml-changed=false
Detect Changes	Detect changes	2026-05-09T15:42:23.9613908Z mjs-changed=false
Detect Changes	Detect changes	2026-05-09T15:42:23.9614097Z docs-changed=true
Detect Changes	Detect changes	2026-05-09T15:42:23.9614281Z workflow-changed=false
Detect Changes	Detect changes	2026-05-09T15:42:23.9614412Z
Detect Changes	Detect changes	2026-05-09T15:42:23.9614504Z Files considered as code changes:
Detect Changes	Detect changes	2026-05-09T15:42:23.9614730Z   Cargo.lock
Detect Changes	Detect changes	2026-05-09T15:42:23.9614900Z   Dockerfile
Detect Changes	Detect changes	2026-05-09T15:42:23.9615081Z   tests/release_workflow_test.rs
Detect Changes	Detect changes	2026-05-09T15:42:23.9615462Z
Detect Changes	Detect changes	2026-05-09T15:42:23.9615549Z any-code-changed=true
Detect Changes	Detect changes	2026-05-09T15:42:23.9615681Z
Detect Changes	Detect changes	2026-05-09T15:42:23.9615765Z Change detection completed.
Detect Changes	Post Run actions/checkout@v4	﻿2026-05-09T15:42:23.9700411Z Post job cleanup.
Detect Changes	Post Run actions/checkout@v4	2026-05-09T15:42:24.0707725Z [command]/usr/bin/git version
Detect Changes	Post Run actions/checkout@v4	2026-05-09T15:42:24.0752420Z git version 2.53.0
Detect Changes	Post Run actions/checkout@v4	2026-05-09T15:42:24.0795616Z Temporarily overriding HOME='/home/runner/work/_temp/873887cf-c358-4945-aa6d-d1ba67c8325d' before making global git config changes
Detect Changes	Post Run actions/checkout@v4	2026-05-09T15:42:24.0796622Z Adding repository directory to the temporary git global config as a safe directory
Detect Changes	Post Run actions/checkout@v4	2026-05-09T15:42:24.0801186Z [command]/usr/bin/git config --global --add safe.directory /home/runner/work/router/router
Detect Changes	Post Run actions/checkout@v4	2026-05-09T15:42:24.0835288Z [command]/usr/bin/git config --local --name-only --get-regexp core\.sshCommand
Detect Changes	Post Run actions/checkout@v4	2026-05-09T15:42:24.0866907Z [command]/usr/bin/git submodule foreach --recursive sh -c "git config --local --name-only --get-regexp 'core\.sshCommand' && git config --local --unset-all 'core.sshCommand' || :"
Detect Changes	Post Run actions/checkout@v4	2026-05-09T15:42:24.1089675Z [command]/usr/bin/git config --local --name-only --get-regexp http\.https\:\/\/github\.com\/\.extraheader
Detect Changes	Post Run actions/checkout@v4	2026-05-09T15:42:24.1110275Z http.https://github.com/.extraheader
Detect Changes	Post Run actions/checkout@v4	2026-05-09T15:42:24.1123424Z [command]/usr/bin/git config --local --unset-all http.https://github.com/.extraheader
Detect Changes	Post Run actions/checkout@v4	2026-05-09T15:42:24.1153812Z [command]/usr/bin/git submodule foreach --recursive sh -c "git config --local --name-only --get-regexp 'http\.https\:\/\/github\.com\/\.extraheader' && git config --local --unset-all 'http.https://github.com/.extraheader' || :"
Detect Changes	Post Run actions/checkout@v4	2026-05-09T15:42:24.1377060Z [command]/usr/bin/git config --local --name-only --get-regexp ^includeIf\.gitdir:
Detect Changes	Post Run actions/checkout@v4	2026-05-09T15:42:24.1406808Z [command]/usr/bin/git submodule foreach --recursive git config --local --show-origin --name-only --get-regexp remote.origin.url
Detect Changes	Complete job	﻿2026-05-09T15:42:24.1742787Z Evaluate and set job outputs
Detect Changes	Complete job	2026-05-09T15:42:24.1748577Z Set output 'rs-changed'
Detect Changes	Complete job	2026-05-09T15:42:24.1750693Z Set output 'toml-changed'
Detect Changes	Complete job	2026-05-09T15:42:24.1751099Z Set output 'docs-changed'
Detect Changes	Complete job	2026-05-09T15:42:24.1751407Z Set output 'workflow-changed'
Detect Changes	Complete job	2026-05-09T15:42:24.1751708Z Set output 'any-code-changed'
Detect Changes	Complete job	2026-05-09T15:42:24.1752290Z Cleaning up orphan processes
Detect Changes	Complete job	2026-05-09T15:42:24.2129874Z ##[warning]Node.js 20 actions are deprecated. The following actions are running on Node.js 20 and may not work as expected: actions/checkout@v4. Actions will be forced to run with Node.js 24 by default starting June 2nd, 2026. Node.js 20 will be removed from the runner on September 16th, 2026. Please check if updated versions of these actions are available that support Node.js 24. To opt into Node.js 24 now, set the FORCE_JAVASCRIPT_ACTIONS_TO_NODE24=true environment variable on the runner or in your workflow file. Once Node.js 24 becomes the default, you can temporarily opt out by setting ACTIONS_ALLOW_USE_UNSECURE_NODE_VERSION=true. For more information see: https://github.blog/changelog/2025-09-19-deprecation-of-node-20-on-github-actions-runners/
Changelog Fragment Check	Set up job	﻿2026-05-09T15:42:29.4848859Z Current runner version: '2.334.0'
Changelog Fragment Check	Set up job	2026-05-09T15:42:29.4879946Z ##[group]Runner Image Provisioner
Changelog Fragment Check	Set up job	2026-05-09T15:42:29.4880918Z Hosted Compute Agent
Changelog Fragment Check	Set up job	2026-05-09T15:42:29.4881525Z Version: 20260213.493
Changelog Fragment Check	Set up job	2026-05-09T15:42:29.4882279Z Commit: 5c115507f6dd24b8de37d8bbe0bb4509d0cc0fa3
Changelog Fragment Check	Set up job	2026-05-09T15:42:29.4883002Z Build Date: 2026-02-13T00:28:41Z
Changelog Fragment Check	Set up job	2026-05-09T15:42:29.4884100Z Worker ID: {791633c2-f914-46f2-bbe2-0ef743cf4df1}
Changelog Fragment Check	Set up job	2026-05-09T15:42:29.4884885Z Azure Region: eastus
Changelog Fragment Check	Set up job	2026-05-09T15:42:29.4885493Z ##[endgroup]
Changelog Fragment Check	Set up job	2026-05-09T15:42:29.4887289Z ##[group]Operating System
Changelog Fragment Check	Set up job	2026-05-09T15:42:29.4887996Z Ubuntu
Changelog Fragment Check	Set up job	2026-05-09T15:42:29.4888521Z 24.04.4
Changelog Fragment Check	Set up job	2026-05-09T15:42:29.4889022Z LTS
Changelog Fragment Check	Set up job	2026-05-09T15:42:29.4889577Z ##[endgroup]
Changelog Fragment Check	Set up job	2026-05-09T15:42:29.4890125Z ##[group]Runner Image
Changelog Fragment Check	Set up job	2026-05-09T15:42:29.4890670Z Image: ubuntu-24.04
Changelog Fragment Check	Set up job	2026-05-09T15:42:29.4891288Z Version: 20260413.86.1
Changelog Fragment Check	Set up job	2026-05-09T15:42:29.4892328Z Included Software: https://github.com/actions/runner-images/blob/ubuntu24/20260413.86/images/ubuntu/Ubuntu2404-Readme.md
Changelog Fragment Check	Set up job	2026-05-09T15:42:29.4894296Z Image Release: https://github.com/actions/runner-images/releases/tag/ubuntu24%2F20260413.86
Changelog Fragment Check	Set up job	2026-05-09T15:42:29.4895188Z ##[endgroup]
Changelog Fragment Check	Set up job	2026-05-09T15:42:29.4898012Z ##[group]GITHUB_TOKEN Permissions
Changelog Fragment Check	Set up job	2026-05-09T15:42:29.4900397Z Actions: write
Changelog Fragment Check	Set up job	2026-05-09T15:42:29.4901012Z ArtifactMetadata: write
Changelog Fragment Check	Set up job	2026-05-09T15:42:29.4901696Z Attestations: write
Changelog Fragment Check	Set up job	2026-05-09T15:42:29.4902241Z Checks: write
Changelog Fragment Check	Set up job	2026-05-09T15:42:29.4902783Z Contents: write
Changelog Fragment Check	Set up job	2026-05-09T15:42:29.4903391Z Deployments: write
Changelog Fragment Check	Set up job	2026-05-09T15:42:29.4904182Z Discussions: write
Changelog Fragment Check	Set up job	2026-05-09T15:42:29.4904822Z Issues: write
Changelog Fragment Check	Set up job	2026-05-09T15:42:29.4905643Z Metadata: read
Changelog Fragment Check	Set up job	2026-05-09T15:42:29.4906358Z Models: read
Changelog Fragment Check	Set up job	2026-05-09T15:42:29.4907126Z Packages: write
Changelog Fragment Check	Set up job	2026-05-09T15:42:29.4907899Z Pages: write
Changelog Fragment Check	Set up job	2026-05-09T15:42:29.4908824Z PullRequests: write
Changelog Fragment Check	Set up job	2026-05-09T15:42:29.4909654Z RepositoryProjects: write
Changelog Fragment Check	Set up job	2026-05-09T15:42:29.4910260Z SecurityEvents: write
Changelog Fragment Check	Set up job	2026-05-09T15:42:29.4910860Z Statuses: write
Changelog Fragment Check	Set up job	2026-05-09T15:42:29.4911422Z VulnerabilityAlerts: read
Changelog Fragment Check	Set up job	2026-05-09T15:42:29.4912024Z ##[endgroup]
Changelog Fragment Check	Set up job	2026-05-09T15:42:29.4914518Z Secret source: Actions
Changelog Fragment Check	Set up job	2026-05-09T15:42:29.4915599Z Prepare workflow directory
Changelog Fragment Check	Set up job	2026-05-09T15:42:29.5431226Z Prepare all required actions
Changelog Fragment Check	Set up job	2026-05-09T15:42:29.5467953Z Getting action download info
Changelog Fragment Check	Set up job	2026-05-09T15:42:29.8291076Z Download action repository 'actions/checkout@v4' (SHA:34e114876b0b11c390a56381ad16ebd13914f8d5)
Changelog Fragment Check	Set up job	2026-05-09T15:42:29.9520885Z Download action repository 'dtolnay/rust-toolchain@stable' (SHA:29eef336d9b2848a0b548edc03f92a220660cdb8)
Changelog Fragment Check	Set up job	2026-05-09T15:42:30.1599733Z Complete job name: Changelog Fragment Check
Changelog Fragment Check	Run actions/checkout@v4	﻿2026-05-09T15:42:30.2231231Z ##[group]Run actions/checkout@v4
Changelog Fragment Check	Run actions/checkout@v4	2026-05-09T15:42:30.2232027Z with:
Changelog Fragment Check	Run actions/checkout@v4	2026-05-09T15:42:30.2232398Z   fetch-depth: 0
Changelog Fragment Check	Run actions/checkout@v4	2026-05-09T15:42:30.2232815Z   repository: link-assistant/router
Changelog Fragment Check	Run actions/checkout@v4	2026-05-09T15:42:30.2233474Z   token: ***
Changelog Fragment Check	Run actions/checkout@v4	2026-05-09T15:42:30.2234160Z   ssh-strict: true
Changelog Fragment Check	Run actions/checkout@v4	2026-05-09T15:42:30.2234676Z   ssh-user: git
Changelog Fragment Check	Run actions/checkout@v4	2026-05-09T15:42:30.2235064Z   persist-credentials: true
Changelog Fragment Check	Run actions/checkout@v4	2026-05-09T15:42:30.2235504Z   clean: true
Changelog Fragment Check	Run actions/checkout@v4	2026-05-09T15:42:30.2235920Z   sparse-checkout-cone-mode: true
Changelog Fragment Check	Run actions/checkout@v4	2026-05-09T15:42:30.2236392Z   fetch-tags: false
Changelog Fragment Check	Run actions/checkout@v4	2026-05-09T15:42:30.2236785Z   show-progress: true
Changelog Fragment Check	Run actions/checkout@v4	2026-05-09T15:42:30.2237175Z   lfs: false
Changelog Fragment Check	Run actions/checkout@v4	2026-05-09T15:42:30.2237537Z   submodules: false
Changelog Fragment Check	Run actions/checkout@v4	2026-05-09T15:42:30.2237928Z   set-safe-directory: true
Changelog Fragment Check	Run actions/checkout@v4	2026-05-09T15:42:30.2238614Z env:
Changelog Fragment Check	Run actions/checkout@v4	2026-05-09T15:42:30.2238971Z   CARGO_TERM_COLOR: always
Changelog Fragment Check	Run actions/checkout@v4	2026-05-09T15:42:30.2239412Z   RUSTFLAGS: -Dwarnings
Changelog Fragment Check	Run actions/checkout@v4	2026-05-09T15:42:30.2239985Z   CARGO_REGISTRY_TOKEN: ***
Changelog Fragment Check	Run actions/checkout@v4	2026-05-09T15:42:30.2240479Z   DOCKERHUB_IMAGE: konard/link-assistant-router
Changelog Fragment Check	Run actions/checkout@v4	2026-05-09T15:42:30.2241052Z ##[endgroup]
Changelog Fragment Check	Run actions/checkout@v4	2026-05-09T15:42:30.3333559Z Syncing repository: link-assistant/router
Changelog Fragment Check	Run actions/checkout@v4	2026-05-09T15:42:30.3335848Z ##[group]Getting Git version info
Changelog Fragment Check	Run actions/checkout@v4	2026-05-09T15:42:30.3336514Z Working directory is '/home/runner/work/router/router'
Changelog Fragment Check	Run actions/checkout@v4	2026-05-09T15:42:30.3337473Z [command]/usr/bin/git version
Changelog Fragment Check	Run actions/checkout@v4	2026-05-09T15:42:30.3391005Z git version 2.53.0
Changelog Fragment Check	Run actions/checkout@v4	2026-05-09T15:42:30.3414915Z ##[endgroup]
Changelog Fragment Check	Run actions/checkout@v4	2026-05-09T15:42:30.3428434Z Temporarily overriding HOME='/home/runner/work/_temp/69719649-89b4-490d-b41f-d2d4b7695852' before making global git config changes
Changelog Fragment Check	Run actions/checkout@v4	2026-05-09T15:42:30.3429871Z Adding repository directory to the temporary git global config as a safe directory
Changelog Fragment Check	Run actions/checkout@v4	2026-05-09T15:42:30.3433306Z [command]/usr/bin/git config --global --add safe.directory /home/runner/work/router/router
Changelog Fragment Check	Run actions/checkout@v4	2026-05-09T15:42:30.3465005Z Deleting the contents of '/home/runner/work/router/router'
Changelog Fragment Check	Run actions/checkout@v4	2026-05-09T15:42:30.3468752Z ##[group]Initializing the repository
Changelog Fragment Check	Run actions/checkout@v4	2026-05-09T15:42:30.3472626Z [command]/usr/bin/git init /home/runner/work/router/router
Changelog Fragment Check	Run actions/checkout@v4	2026-05-09T15:42:30.3533099Z hint: Using 'master' as the name for the initial branch. This default branch name
Changelog Fragment Check	Run actions/checkout@v4	2026-05-09T15:42:30.3534773Z hint: will change to "main" in Git 3.0. To configure the initial branch name
Changelog Fragment Check	Run actions/checkout@v4	2026-05-09T15:42:30.3535792Z hint: to use in all of your new repositories, which will suppress this warning,
Changelog Fragment Check	Run actions/checkout@v4	2026-05-09T15:42:30.3536504Z hint: call:
Changelog Fragment Check	Run actions/checkout@v4	2026-05-09T15:42:30.3536919Z hint:
Changelog Fragment Check	Run actions/checkout@v4	2026-05-09T15:42:30.3537409Z hint: 	git config --global init.defaultBranch <name>
Changelog Fragment Check	Run actions/checkout@v4	2026-05-09T15:42:30.3537981Z hint:
Changelog Fragment Check	Run actions/checkout@v4	2026-05-09T15:42:30.3538514Z hint: Names commonly chosen instead of 'master' are 'main', 'trunk' and
Changelog Fragment Check	Run actions/checkout@v4	2026-05-09T15:42:30.3539805Z hint: 'development'. The just-created branch can be renamed via this command:
Changelog Fragment Check	Run actions/checkout@v4	2026-05-09T15:42:30.3540535Z hint:
Changelog Fragment Check	Run actions/checkout@v4	2026-05-09T15:42:30.3540909Z hint: 	git branch -m <name>
Changelog Fragment Check	Run actions/checkout@v4	2026-05-09T15:42:30.3541334Z hint:
Changelog Fragment Check	Run actions/checkout@v4	2026-05-09T15:42:30.3541912Z hint: Disable this message with "git config set advice.defaultBranchName false"
Changelog Fragment Check	Run actions/checkout@v4	2026-05-09T15:42:30.3543015Z Initialized empty Git repository in /home/runner/work/router/router/.git/
Changelog Fragment Check	Run actions/checkout@v4	2026-05-09T15:42:30.3545090Z [command]/usr/bin/git remote add origin https://github.com/link-assistant/router
Changelog Fragment Check	Run actions/checkout@v4	2026-05-09T15:42:30.3575491Z ##[endgroup]
Changelog Fragment Check	Run actions/checkout@v4	2026-05-09T15:42:30.3576230Z ##[group]Disabling automatic garbage collection
Changelog Fragment Check	Run actions/checkout@v4	2026-05-09T15:42:30.3579490Z [command]/usr/bin/git config --local gc.auto 0
Changelog Fragment Check	Run actions/checkout@v4	2026-05-09T15:42:30.3608501Z ##[endgroup]
Changelog Fragment Check	Run actions/checkout@v4	2026-05-09T15:42:30.3609214Z ##[group]Setting up auth
Changelog Fragment Check	Run actions/checkout@v4	2026-05-09T15:42:30.3614998Z [command]/usr/bin/git config --local --name-only --get-regexp core\.sshCommand
Changelog Fragment Check	Run actions/checkout@v4	2026-05-09T15:42:30.3645057Z [command]/usr/bin/git submodule foreach --recursive sh -c "git config --local --name-only --get-regexp 'core\.sshCommand' && git config --local --unset-all 'core.sshCommand' || :"
Changelog Fragment Check	Run actions/checkout@v4	2026-05-09T15:42:30.3931341Z [command]/usr/bin/git config --local --name-only --get-regexp http\.https\:\/\/github\.com\/\.extraheader
Changelog Fragment Check	Run actions/checkout@v4	2026-05-09T15:42:30.3960904Z [command]/usr/bin/git submodule foreach --recursive sh -c "git config --local --name-only --get-regexp 'http\.https\:\/\/github\.com\/\.extraheader' && git config --local --unset-all 'http.https://github.com/.extraheader' || :"
Changelog Fragment Check	Run actions/checkout@v4	2026-05-09T15:42:30.4196340Z [command]/usr/bin/git config --local --name-only --get-regexp ^includeIf\.gitdir:
Changelog Fragment Check	Run actions/checkout@v4	2026-05-09T15:42:30.4227275Z [command]/usr/bin/git submodule foreach --recursive git config --local --show-origin --name-only --get-regexp remote.origin.url
Changelog Fragment Check	Run actions/checkout@v4	2026-05-09T15:42:30.4456280Z [command]/usr/bin/git config --local http.https://github.com/.extraheader AUTHORIZATION: basic ***
Changelog Fragment Check	Run actions/checkout@v4	2026-05-09T15:42:30.4490045Z ##[endgroup]
Changelog Fragment Check	Run actions/checkout@v4	2026-05-09T15:42:30.4490850Z ##[group]Fetching the repository
Changelog Fragment Check	Run actions/checkout@v4	2026-05-09T15:42:30.4499416Z [command]/usr/bin/git -c protocol.version=2 fetch --prune --no-recurse-submodules origin +refs/heads/*:refs/remotes/origin/* +refs/tags/*:refs/tags/* +ba32e82dc793d7f93a9953448b25cb6ac18c737d:refs/remotes/pull/26/merge
Changelog Fragment Check	Run actions/checkout@v4	2026-05-09T15:42:30.7176714Z From https://github.com/link-assistant/router
Changelog Fragment Check	Run actions/checkout@v4	2026-05-09T15:42:30.7178309Z  * [new branch]      issue-1-1bf9ef21c1ac                     -> origin/issue-1-1bf9ef21c1ac
Changelog Fragment Check	Run actions/checkout@v4	2026-05-09T15:42:30.7179746Z  * [new branch]      issue-11-0f880923289a                    -> origin/issue-11-0f880923289a
Changelog Fragment Check	Run actions/checkout@v4	2026-05-09T15:42:30.7181111Z  * [new branch]      issue-13-2606f9974b11                    -> origin/issue-13-2606f9974b11
Changelog Fragment Check	Run actions/checkout@v4	2026-05-09T15:42:30.7182492Z  * [new branch]      issue-15-8f76cb08364a                    -> origin/issue-15-8f76cb08364a
Changelog Fragment Check	Run actions/checkout@v4	2026-05-09T15:42:30.7184585Z  * [new branch]      issue-17-eb0edbddcdb5                    -> origin/issue-17-eb0edbddcdb5
Changelog Fragment Check	Run actions/checkout@v4	2026-05-09T15:42:30.7186198Z  * [new branch]      issue-18-aafa1060453e                    -> origin/issue-18-aafa1060453e
Changelog Fragment Check	Run actions/checkout@v4	2026-05-09T15:42:30.7187803Z  * [new branch]      issue-21-4e3dd79ebb0a                    -> origin/issue-21-4e3dd79ebb0a
Changelog Fragment Check	Run actions/checkout@v4	2026-05-09T15:42:30.7189488Z  * [new branch]      issue-23-c4c21ed11eba                    -> origin/issue-23-c4c21ed11eba
Changelog Fragment Check	Run actions/checkout@v4	2026-05-09T15:42:30.7191149Z  * [new branch]      issue-25-cee894a7a764                    -> origin/issue-25-cee894a7a764
Changelog Fragment Check	Run actions/checkout@v4	2026-05-09T15:42:30.7192792Z  * [new branch]      issue-3-105675fe4cc7                     -> origin/issue-3-105675fe4cc7
Changelog Fragment Check	Run actions/checkout@v4	2026-05-09T15:42:30.7194549Z  * [new branch]      issue-5-5a51161efdc8                     -> origin/issue-5-5a51161efdc8
Changelog Fragment Check	Run actions/checkout@v4	2026-05-09T15:42:30.7196160Z  * [new branch]      issue-7-080001720a10                     -> origin/issue-7-080001720a10
Changelog Fragment Check	Run actions/checkout@v4	2026-05-09T15:42:30.7197584Z  * [new branch]      issue-9-d545a925a750                     -> origin/issue-9-d545a925a750
Changelog Fragment Check	Run actions/checkout@v4	2026-05-09T15:42:30.7198472Z  * [new branch]      main                                     -> origin/main
Changelog Fragment Check	Run actions/checkout@v4	2026-05-09T15:42:30.7199225Z  * [new tag]         v0.10.0                                  -> v0.10.0
Changelog Fragment Check	Run actions/checkout@v4	2026-05-09T15:42:30.7199929Z  * [new tag]         v0.11.0                                  -> v0.11.0
Changelog Fragment Check	Run actions/checkout@v4	2026-05-09T15:42:30.7200630Z  * [new tag]         v0.12.0                                  -> v0.12.0
Changelog Fragment Check	Run actions/checkout@v4	2026-05-09T15:42:30.7201310Z  * [new tag]         v0.13.0                                  -> v0.13.0
Changelog Fragment Check	Run actions/checkout@v4	2026-05-09T15:42:30.7201999Z  * [new tag]         v0.3.0                                   -> v0.3.0
Changelog Fragment Check	Run actions/checkout@v4	2026-05-09T15:42:30.7202671Z  * [new tag]         v0.4.0                                   -> v0.4.0
Changelog Fragment Check	Run actions/checkout@v4	2026-05-09T15:42:30.7203335Z  * [new tag]         v0.5.0                                   -> v0.5.0
Changelog Fragment Check	Run actions/checkout@v4	2026-05-09T15:42:30.7204258Z  * [new tag]         v0.6.0                                   -> v0.6.0
Changelog Fragment Check	Run actions/checkout@v4	2026-05-09T15:42:30.7205002Z  * [new tag]         v0.7.0                                   -> v0.7.0
Changelog Fragment Check	Run actions/checkout@v4	2026-05-09T15:42:30.7205693Z  * [new tag]         v0.8.0                                   -> v0.8.0
Changelog Fragment Check	Run actions/checkout@v4	2026-05-09T15:42:30.7206430Z  * [new tag]         v0.9.0                                   -> v0.9.0
Changelog Fragment Check	Run actions/checkout@v4	2026-05-09T15:42:30.7207188Z  * [new ref]         ba32e82dc793d7f93a9953448b25cb6ac18c737d -> pull/26/merge
Changelog Fragment Check	Run actions/checkout@v4	2026-05-09T15:42:30.7233389Z ##[endgroup]
Changelog Fragment Check	Run actions/checkout@v4	2026-05-09T15:42:30.7234649Z ##[group]Determining the checkout info
Changelog Fragment Check	Run actions/checkout@v4	2026-05-09T15:42:30.7235937Z ##[endgroup]
Changelog Fragment Check	Run actions/checkout@v4	2026-05-09T15:42:30.7240246Z [command]/usr/bin/git sparse-checkout disable
Changelog Fragment Check	Run actions/checkout@v4	2026-05-09T15:42:30.7279177Z [command]/usr/bin/git config --local --unset-all extensions.worktreeConfig
Changelog Fragment Check	Run actions/checkout@v4	2026-05-09T15:42:30.7306915Z ##[group]Checking out the ref
Changelog Fragment Check	Run actions/checkout@v4	2026-05-09T15:42:30.7310543Z [command]/usr/bin/git checkout --progress --force refs/remotes/pull/26/merge
Changelog Fragment Check	Run actions/checkout@v4	2026-05-09T15:42:30.7515812Z Note: switching to 'refs/remotes/pull/26/merge'.
Changelog Fragment Check	Run actions/checkout@v4	2026-05-09T15:42:30.7516586Z
Changelog Fragment Check	Run actions/checkout@v4	2026-05-09T15:42:30.7517204Z You are in 'detached HEAD' state. You can look around, make experimental
Changelog Fragment Check	Run actions/checkout@v4	2026-05-09T15:42:30.7518541Z changes and commit them, and you can discard any commits you make in this
Changelog Fragment Check	Run actions/checkout@v4	2026-05-09T15:42:30.7519869Z state without impacting any branches by switching back to a branch.
Changelog Fragment Check	Run actions/checkout@v4	2026-05-09T15:42:30.7520401Z
Changelog Fragment Check	Run actions/checkout@v4	2026-05-09T15:42:30.7520737Z If you want to create a new branch to retain commits you create, you may
Changelog Fragment Check	Run actions/checkout@v4	2026-05-09T15:42:30.7521539Z do so (now or later) by using -c with the switch command. Example:
Changelog Fragment Check	Run actions/checkout@v4	2026-05-09T15:42:30.7522015Z
Changelog Fragment Check	Run actions/checkout@v4	2026-05-09T15:42:30.7522207Z   git switch -c <new-branch-name>
Changelog Fragment Check	Run actions/checkout@v4	2026-05-09T15:42:30.7522568Z
Changelog Fragment Check	Run actions/checkout@v4	2026-05-09T15:42:30.7522760Z Or undo this operation with:
Changelog Fragment Check	Run actions/checkout@v4	2026-05-09T15:42:30.7523184Z
Changelog Fragment Check	Run actions/checkout@v4	2026-05-09T15:42:30.7523441Z   git switch -
Changelog Fragment Check	Run actions/checkout@v4	2026-05-09T15:42:30.7523793Z
Changelog Fragment Check	Run actions/checkout@v4	2026-05-09T15:42:30.7524599Z Turn off this advice by setting config variable advice.detachedHead to false
Changelog Fragment Check	Run actions/checkout@v4	2026-05-09T15:42:30.7525461Z
Changelog Fragment Check	Run actions/checkout@v4	2026-05-09T15:42:30.7526378Z HEAD is now at ba32e82 Merge d9869a554093bc9d7c450f42308aef4b391f307b into 32be51c7464978cfb12e66692bfe04b8849db236
Changelog Fragment Check	Run actions/checkout@v4	2026-05-09T15:42:30.7529137Z ##[endgroup]
Changelog Fragment Check	Run actions/checkout@v4	2026-05-09T15:42:30.7559757Z [command]/usr/bin/git log -1 --format=%H
Changelog Fragment Check	Run actions/checkout@v4	2026-05-09T15:42:30.7582080Z ba32e82dc793d7f93a9953448b25cb6ac18c737d
Changelog Fragment Check	Setup Rust	﻿2026-05-09T15:42:30.7921431Z ##[group]Run dtolnay/rust-toolchain@stable
Changelog Fragment Check	Setup Rust	2026-05-09T15:42:30.7921979Z with:
Changelog Fragment Check	Setup Rust	2026-05-09T15:42:30.7922328Z   toolchain: stable
Changelog Fragment Check	Setup Rust	2026-05-09T15:42:30.7922692Z env:
Changelog Fragment Check	Setup Rust	2026-05-09T15:42:30.7923041Z   CARGO_TERM_COLOR: always
Changelog Fragment Check	Setup Rust	2026-05-09T15:42:30.7923466Z   RUSTFLAGS: -Dwarnings
Changelog Fragment Check	Setup Rust	2026-05-09T15:42:30.7924293Z   CARGO_REGISTRY_TOKEN: ***
Changelog Fragment Check	Setup Rust	2026-05-09T15:42:30.7924786Z   DOCKERHUB_IMAGE: konard/link-assistant-router
Changelog Fragment Check	Setup Rust	2026-05-09T15:42:30.7925304Z ##[endgroup]
Changelog Fragment Check	Setup Rust	2026-05-09T15:42:30.8126771Z ##[group]Run : parse toolchain version
Changelog Fragment Check	Setup Rust	2026-05-09T15:42:30.8127427Z ^[[36;1m: parse toolchain version^[[0m
Changelog Fragment Check	Setup Rust	2026-05-09T15:42:30.8127947Z ^[[36;1mif [[ -z $toolchain ]]; then^[[0m
Changelog Fragment Check	Setup Rust	2026-05-09T15:42:30.8128830Z ^[[36;1m  # GitHub does not enforce `required: true` inputs itself. https://github.com/actions/runner/issues/1070^[[0m
Changelog Fragment Check	Setup Rust	2026-05-09T15:42:30.8129789Z ^[[36;1m  echo "'toolchain' is a required input" >&2^[[0m
Changelog Fragment Check	Setup Rust	2026-05-09T15:42:30.8130324Z ^[[36;1m  exit 1^[[0m
Changelog Fragment Check	Setup Rust	2026-05-09T15:42:30.8130914Z ^[[36;1melif [[ $toolchain =~ ^stable' '[0-9]+' '(year|month|week|day)s?' 'ago$ ]]; then^[[0m
Changelog Fragment Check	Setup Rust	2026-05-09T15:42:30.8131651Z ^[[36;1m  if [[ Linux == macOS ]]; then^[[0m
Changelog Fragment Check	Setup Rust	2026-05-09T15:42:30.8132596Z ^[[36;1m    echo "toolchain=1.$((($(date -v-$(sed 's/stable \([0-9]*\) \(.\).*/\1\2/' <<< $toolchain) +%s)/60/60/24-16569)/7/6))" >> $GITHUB_OUTPUT^[[0m
Changelog Fragment Check	Setup Rust	2026-05-09T15:42:30.8133457Z ^[[36;1m  else^[[0m
Changelog Fragment Check	Setup Rust	2026-05-09T15:42:30.8134323Z ^[[36;1m    echo "toolchain=1.$((($(date --date "${toolchain#stable }" +%s)/60/60/24-16569)/7/6))" >> $GITHUB_OUTPUT^[[0m
Changelog Fragment Check	Setup Rust	2026-05-09T15:42:30.8135119Z ^[[36;1m  fi^[[0m
Changelog Fragment Check	Setup Rust	2026-05-09T15:42:30.8135646Z ^[[36;1melif [[ $toolchain =~ ^stable' 'minus' '[0-9]+' 'releases?$ ]]; then^[[0m
Changelog Fragment Check	Setup Rust	2026-05-09T15:42:30.8136532Z ^[[36;1m  echo "toolchain=1.$((($(date +%s)/60/60/24-16569)/7/6-${toolchain//[^0-9]/}))" >> $GITHUB_OUTPUT^[[0m
Changelog Fragment Check	Setup Rust	2026-05-09T15:42:30.8137350Z ^[[36;1melif [[ $toolchain =~ ^1\.[0-9]+$ ]]; then^[[0m
Changelog Fragment Check	Setup Rust	2026-05-09T15:42:30.8138252Z ^[[36;1m  echo "toolchain=1.$((i=${toolchain#1.}, c=($(date +%s)/60/60/24-16569)/7/6, i+9*i*(10*i<=c)+90*i*(100*i<=c)))" >> $GITHUB_OUTPUT^[[0m
Changelog Fragment Check	Setup Rust	2026-05-09T15:42:30.8139087Z ^[[36;1melse^[[0m
Changelog Fragment Check	Setup Rust	2026-05-09T15:42:30.8139523Z ^[[36;1m  echo "toolchain=$toolchain" >> $GITHUB_OUTPUT^[[0m
Changelog Fragment Check	Setup Rust	2026-05-09T15:42:30.8140049Z ^[[36;1mfi^[[0m
Changelog Fragment Check	Setup Rust	2026-05-09T15:42:30.8166438Z shell: /usr/bin/bash --noprofile --norc -e -o pipefail {0}
Changelog Fragment Check	Setup Rust	2026-05-09T15:42:30.8167053Z env:
Changelog Fragment Check	Setup Rust	2026-05-09T15:42:30.8167415Z   CARGO_TERM_COLOR: always
Changelog Fragment Check	Setup Rust	2026-05-09T15:42:30.8167850Z   RUSTFLAGS: -Dwarnings
Changelog Fragment Check	Setup Rust	2026-05-09T15:42:30.8168464Z   CARGO_REGISTRY_TOKEN: ***
Changelog Fragment Check	Setup Rust	2026-05-09T15:42:30.8168956Z   DOCKERHUB_IMAGE: konard/link-assistant-router
Changelog Fragment Check	Setup Rust	2026-05-09T15:42:30.8169472Z   toolchain: stable
Changelog Fragment Check	Setup Rust	2026-05-09T15:42:30.8169844Z ##[endgroup]
Changelog Fragment Check	Setup Rust	2026-05-09T15:42:30.8307284Z ##[group]Run : construct rustup command line
Changelog Fragment Check	Setup Rust	2026-05-09T15:42:30.8307866Z ^[[36;1m: construct rustup command line^[[0m
Changelog Fragment Check	Setup Rust	2026-05-09T15:42:30.8308664Z ^[[36;1mecho "targets=$(for t in ${targets//,/ }; do echo -n ' --target' $t; done)" >> $GITHUB_OUTPUT^[[0m
Changelog Fragment Check	Setup Rust	2026-05-09T15:42:30.8309778Z ^[[36;1mecho "components=$(for c in ${components//,/ }; do echo -n ' --component' $c; done)" >> $GITHUB_OUTPUT^[[0m
Changelog Fragment Check	Setup Rust	2026-05-09T15:42:30.8310620Z ^[[36;1mecho "downgrade=" >> $GITHUB_OUTPUT^[[0m
Changelog Fragment Check	Setup Rust	2026-05-09T15:42:30.8331515Z shell: /usr/bin/bash --noprofile --norc -e -o pipefail {0}
Changelog Fragment Check	Setup Rust	2026-05-09T15:42:30.8332098Z env:
Changelog Fragment Check	Setup Rust	2026-05-09T15:42:30.8332454Z   CARGO_TERM_COLOR: always
Changelog Fragment Check	Setup Rust	2026-05-09T15:42:30.8332880Z   RUSTFLAGS: -Dwarnings
Changelog Fragment Check	Setup Rust	2026-05-09T15:42:30.8333491Z   CARGO_REGISTRY_TOKEN: ***
Changelog Fragment Check	Setup Rust	2026-05-09T15:42:30.8334170Z   DOCKERHUB_IMAGE: konard/link-assistant-router
Changelog Fragment Check	Setup Rust	2026-05-09T15:42:30.8334713Z   targets:
Changelog Fragment Check	Setup Rust	2026-05-09T15:42:30.8335067Z   components:
Changelog Fragment Check	Setup Rust	2026-05-09T15:42:30.8335418Z ##[endgroup]
Changelog Fragment Check	Setup Rust	2026-05-09T15:42:30.8420243Z ##[group]Run : set $CARGO_HOME
Changelog Fragment Check	Setup Rust	2026-05-09T15:42:30.8420731Z ^[[36;1m: set $CARGO_HOME^[[0m
Changelog Fragment Check	Setup Rust	2026-05-09T15:42:30.8421308Z ^[[36;1mecho CARGO_HOME=${CARGO_HOME:-"$HOME/.cargo"} >> $GITHUB_ENV^[[0m
Changelog Fragment Check	Setup Rust	2026-05-09T15:42:30.8442212Z shell: /usr/bin/bash --noprofile --norc -e -o pipefail {0}
Changelog Fragment Check	Setup Rust	2026-05-09T15:42:30.8442799Z env:
Changelog Fragment Check	Setup Rust	2026-05-09T15:42:30.8443162Z   CARGO_TERM_COLOR: always
Changelog Fragment Check	Setup Rust	2026-05-09T15:42:30.8443591Z   RUSTFLAGS: -Dwarnings
Changelog Fragment Check	Setup Rust	2026-05-09T15:42:30.8444561Z   CARGO_REGISTRY_TOKEN: ***
Changelog Fragment Check	Setup Rust	2026-05-09T15:42:30.8445043Z   DOCKERHUB_IMAGE: konard/link-assistant-router
Changelog Fragment Check	Setup Rust	2026-05-09T15:42:30.8445555Z ##[endgroup]
Changelog Fragment Check	Setup Rust	2026-05-09T15:42:30.8527088Z ##[group]Run : install rustup if needed
Changelog Fragment Check	Setup Rust	2026-05-09T15:42:30.8527629Z ^[[36;1m: install rustup if needed^[[0m
Changelog Fragment Check	Setup Rust	2026-05-09T15:42:30.8528161Z ^[[36;1mif ! command -v rustup &>/dev/null; then^[[0m
Changelog Fragment Check	Setup Rust	2026-05-09T15:42:30.8529399Z ^[[36;1m  curl --proto '=https' --tlsv1.2 --retry 10 --retry-connrefused --location --silent --show-error --fail https://sh.rustup.rs | sh -s -- --default-toolchain none -y^[[0m
Changelog Fragment Check	Setup Rust	2026-05-09T15:42:30.8530649Z ^[[36;1m  echo "$CARGO_HOME/bin" >> $GITHUB_PATH^[[0m
Changelog Fragment Check	Setup Rust	2026-05-09T15:42:30.8531162Z ^[[36;1mfi^[[0m
Changelog Fragment Check	Setup Rust	2026-05-09T15:42:30.8551701Z shell: /usr/bin/bash --noprofile --norc -e -o pipefail {0}
Changelog Fragment Check	Setup Rust	2026-05-09T15:42:30.8552274Z env:
Changelog Fragment Check	Setup Rust	2026-05-09T15:42:30.8552636Z   CARGO_TERM_COLOR: always
Changelog Fragment Check	Setup Rust	2026-05-09T15:42:30.8553061Z   RUSTFLAGS: -Dwarnings
Changelog Fragment Check	Setup Rust	2026-05-09T15:42:30.8553642Z   CARGO_REGISTRY_TOKEN: ***
Changelog Fragment Check	Setup Rust	2026-05-09T15:42:30.8554448Z   DOCKERHUB_IMAGE: konard/link-assistant-router
Changelog Fragment Check	Setup Rust	2026-05-09T15:42:30.8554986Z   CARGO_HOME: /home/runner/.cargo
Changelog Fragment Check	Setup Rust	2026-05-09T15:42:30.8555431Z ##[endgroup]
Changelog Fragment Check	Setup Rust	2026-05-09T15:42:30.8639653Z ##[group]Run rustup toolchain install stable --profile minimal --no-self-update
Changelog Fragment Check	Setup Rust	2026-05-09T15:42:30.8640589Z ^[[36;1mrustup toolchain install stable --profile minimal --no-self-update^[[0m
Changelog Fragment Check	Setup Rust	2026-05-09T15:42:30.8661433Z shell: /usr/bin/bash --noprofile --norc -e -o pipefail {0}
Changelog Fragment Check	Setup Rust	2026-05-09T15:42:30.8662031Z env:
Changelog Fragment Check	Setup Rust	2026-05-09T15:42:30.8662387Z   CARGO_TERM_COLOR: always
Changelog Fragment Check	Setup Rust	2026-05-09T15:42:30.8662828Z   RUSTFLAGS: -Dwarnings
Changelog Fragment Check	Setup Rust	2026-05-09T15:42:30.8663423Z   CARGO_REGISTRY_TOKEN: ***
Changelog Fragment Check	Setup Rust	2026-05-09T15:42:30.8664024Z   DOCKERHUB_IMAGE: konard/link-assistant-router
Changelog Fragment Check	Setup Rust	2026-05-09T15:42:30.8664592Z   CARGO_HOME: /home/runner/.cargo
Changelog Fragment Check	Setup Rust	2026-05-09T15:42:30.8665057Z   RUSTUP_PERMIT_COPY_RENAME: 1
Changelog Fragment Check	Setup Rust	2026-05-09T15:42:30.8665494Z ##[endgroup]
Changelog Fragment Check	Setup Rust	2026-05-09T15:42:31.0479932Z info: syncing channel updates for stable-x86_64-unknown-linux-gnu
Changelog Fragment Check	Setup Rust	2026-05-09T15:42:31.2706784Z info: latest update on 2026-04-16 for version 1.95.0 (59807616e 2026-04-14)
Changelog Fragment Check	Setup Rust	2026-05-09T15:42:31.2853500Z info: removing previous version of component clippy
Changelog Fragment Check	Setup Rust	2026-05-09T15:42:31.2974398Z info: removing previous version of component rustfmt
Changelog Fragment Check	Setup Rust	2026-05-09T15:42:31.2983582Z info: removing previous version of component cargo
Changelog Fragment Check	Setup Rust	2026-05-09T15:42:31.3021398Z info: removing previous version of component rust-std
Changelog Fragment Check	Setup Rust	2026-05-09T15:42:31.3064587Z info: removing previous version of component rustc
Changelog Fragment Check	Setup Rust	2026-05-09T15:42:31.3106899Z info: downloading 5 components
Changelog Fragment Check	Setup Rust	2026-05-09T15:42:39.9102187Z
Changelog Fragment Check	Setup Rust	2026-05-09T15:42:39.9176496Z   stable-x86_64-unknown-linux-gnu updated - rustc 1.95.0 (59807616e 2026-04-14) (from rustc 1.94.1 (e408947bf 2026-03-25))
Changelog Fragment Check	Setup Rust	2026-05-09T15:42:39.9177264Z
Changelog Fragment Check	Setup Rust	2026-05-09T15:42:39.9258375Z ##[group]Run rustup default stable
Changelog Fragment Check	Setup Rust	2026-05-09T15:42:39.9258738Z ^[[36;1mrustup default stable^[[0m
Changelog Fragment Check	Setup Rust	2026-05-09T15:42:39.9282103Z shell: /usr/bin/bash --noprofile --norc -e -o pipefail {0}
Changelog Fragment Check	Setup Rust	2026-05-09T15:42:39.9282535Z env:
Changelog Fragment Check	Setup Rust	2026-05-09T15:42:39.9282755Z   CARGO_TERM_COLOR: always
Changelog Fragment Check	Setup Rust	2026-05-09T15:42:39.9283043Z   RUSTFLAGS: -Dwarnings
Changelog Fragment Check	Setup Rust	2026-05-09T15:42:39.9283612Z   CARGO_REGISTRY_TOKEN: ***
Changelog Fragment Check	Setup Rust	2026-05-09T15:42:39.9284212Z   DOCKERHUB_IMAGE: konard/link-assistant-router
Changelog Fragment Check	Setup Rust	2026-05-09T15:42:39.9284565Z   CARGO_HOME: /home/runner/.cargo
Changelog Fragment Check	Setup Rust	2026-05-09T15:42:39.9284831Z ##[endgroup]
Changelog Fragment Check	Setup Rust	2026-05-09T15:42:39.9384320Z info: using existing install for stable-x86_64-unknown-linux-gnu
Changelog Fragment Check	Setup Rust	2026-05-09T15:42:39.9389888Z info: default toolchain set to stable-x86_64-unknown-linux-gnu
Changelog Fragment Check	Setup Rust	2026-05-09T15:42:39.9390243Z
Changelog Fragment Check	Setup Rust	2026-05-09T15:42:39.9458494Z   stable-x86_64-unknown-linux-gnu unchanged - rustc 1.95.0 (59807616e 2026-04-14)
Changelog Fragment Check	Setup Rust	2026-05-09T15:42:39.9459101Z
Changelog Fragment Check	Setup Rust	2026-05-09T15:42:39.9499956Z ##[group]Run : create cachekey
Changelog Fragment Check	Setup Rust	2026-05-09T15:42:39.9500472Z ^[[36;1m: create cachekey^[[0m
Changelog Fragment Check	Setup Rust	2026-05-09T15:42:39.9501006Z ^[[36;1mDATE=$(rustc +stable --version --verbose | sed -ne 's/^commit-date: \(20[0-9][0-9]\)-\([01][0-9]\)-\([0-3][0-9]\)$/\1\2\3/p')^[[0m
Changelog Fragment Check	Setup Rust	2026-05-09T15:42:39.9501836Z ^[[36;1mHASH=$(rustc +stable --version --verbose | sed -ne 's/^commit-hash: //p')^[[0m
Changelog Fragment Check	Setup Rust	2026-05-09T15:42:39.9502361Z ^[[36;1mecho "cachekey=$(echo $DATE$HASH | head -c12)" >> $GITHUB_OUTPUT^[[0m
Changelog Fragment Check	Setup Rust	2026-05-09T15:42:39.9524340Z shell: /usr/bin/bash --noprofile --norc -e -o pipefail {0}
Changelog Fragment Check	Setup Rust	2026-05-09T15:42:39.9524736Z env:
Changelog Fragment Check	Setup Rust	2026-05-09T15:42:39.9524959Z   CARGO_TERM_COLOR: always
Changelog Fragment Check	Setup Rust	2026-05-09T15:42:39.9525229Z   RUSTFLAGS: -Dwarnings
Changelog Fragment Check	Setup Rust	2026-05-09T15:42:39.9525718Z   CARGO_REGISTRY_TOKEN: ***
Changelog Fragment Check	Setup Rust	2026-05-09T15:42:39.9526014Z   DOCKERHUB_IMAGE: konard/link-assistant-router
Changelog Fragment Check	Setup Rust	2026-05-09T15:42:39.9526346Z   CARGO_HOME: /home/runner/.cargo
Changelog Fragment Check	Setup Rust	2026-05-09T15:42:39.9526608Z ##[endgroup]
Changelog Fragment Check	Setup Rust	2026-05-09T15:42:39.9884139Z ##[group]Run : disable incremental compilation
Changelog Fragment Check	Setup Rust	2026-05-09T15:42:39.9884612Z ^[[36;1m: disable incremental compilation^[[0m
Changelog Fragment Check	Setup Rust	2026-05-09T15:42:39.9884973Z ^[[36;1mif [ -z "${CARGO_INCREMENTAL+set}" ]; then^[[0m
Changelog Fragment Check	Setup Rust	2026-05-09T15:42:39.9885325Z ^[[36;1m  echo CARGO_INCREMENTAL=0 >> $GITHUB_ENV^[[0m
Changelog Fragment Check	Setup Rust	2026-05-09T15:42:39.9885628Z ^[[36;1mfi^[[0m
Changelog Fragment Check	Setup Rust	2026-05-09T15:42:39.9908038Z shell: /usr/bin/bash --noprofile --norc -e -o pipefail {0}
Changelog Fragment Check	Setup Rust	2026-05-09T15:42:39.9908425Z env:
Changelog Fragment Check	Setup Rust	2026-05-09T15:42:39.9908652Z   CARGO_TERM_COLOR: always
Changelog Fragment Check	Setup Rust	2026-05-09T15:42:39.9908922Z   RUSTFLAGS: -Dwarnings
Changelog Fragment Check	Setup Rust	2026-05-09T15:42:39.9909356Z   CARGO_REGISTRY_TOKEN: ***
Changelog Fragment Check	Setup Rust	2026-05-09T15:42:39.9909648Z   DOCKERHUB_IMAGE: konard/link-assistant-router
Changelog Fragment Check	Setup Rust	2026-05-09T15:42:39.9909975Z   CARGO_HOME: /home/runner/.cargo
Changelog Fragment Check	Setup Rust	2026-05-09T15:42:39.9910240Z ##[endgroup]
Changelog Fragment Check	Setup Rust	2026-05-09T15:42:39.9982343Z ##[group]Run : enable colors in Cargo output
Changelog Fragment Check	Setup Rust	2026-05-09T15:42:39.9982727Z ^[[36;1m: enable colors in Cargo output^[[0m
Changelog Fragment Check	Setup Rust	2026-05-09T15:42:39.9983067Z ^[[36;1mif [ -z "${CARGO_TERM_COLOR+set}" ]; then^[[0m
Changelog Fragment Check	Setup Rust	2026-05-09T15:42:39.9983421Z ^[[36;1m  echo CARGO_TERM_COLOR=always >> $GITHUB_ENV^[[0m
Changelog Fragment Check	Setup Rust	2026-05-09T15:42:39.9983751Z ^[[36;1mfi^[[0m
Changelog Fragment Check	Setup Rust	2026-05-09T15:42:40.0005254Z shell: /usr/bin/bash --noprofile --norc -e -o pipefail {0}
Changelog Fragment Check	Setup Rust	2026-05-09T15:42:40.0005638Z env:
Changelog Fragment Check	Setup Rust	2026-05-09T15:42:40.0005861Z   CARGO_TERM_COLOR: always
Changelog Fragment Check	Setup Rust	2026-05-09T15:42:40.0006141Z   RUSTFLAGS: -Dwarnings
Changelog Fragment Check	Setup Rust	2026-05-09T15:42:40.0006555Z   CARGO_REGISTRY_TOKEN: ***
Changelog Fragment Check	Setup Rust	2026-05-09T15:42:40.0006848Z   DOCKERHUB_IMAGE: konard/link-assistant-router
Changelog Fragment Check	Setup Rust	2026-05-09T15:42:40.0007177Z   CARGO_HOME: /home/runner/.cargo
Changelog Fragment Check	Setup Rust	2026-05-09T15:42:40.0007441Z   CARGO_INCREMENTAL: 0
Changelog Fragment Check	Setup Rust	2026-05-09T15:42:40.0007684Z ##[endgroup]
Changelog Fragment Check	Setup Rust	2026-05-09T15:42:40.0101898Z ##[group]Run : enable Cargo sparse registry
Changelog Fragment Check	Setup Rust	2026-05-09T15:42:40.0102272Z ^[[36;1m: enable Cargo sparse registry^[[0m
Changelog Fragment Check	Setup Rust	2026-05-09T15:42:40.0102659Z ^[[36;1m# implemented in 1.66, stabilized in 1.68, made default in 1.70^[[0m
Changelog Fragment Check	Setup Rust	2026-05-09T15:42:40.0103384Z ^[[36;1mif [ -z "${CARGO_REGISTRIES_CRATES_IO_PROTOCOL+set}" -o -f "/home/runner/work/_temp"/.implicit_cargo_registries_crates_io_protocol ]; then^[[0m
Changelog Fragment Check	Setup Rust	2026-05-09T15:42:40.0104378Z ^[[36;1m  if rustc +stable --version --verbose | grep -q '^release: 1\.6[89]\.'; then^[[0m
Changelog Fragment Check	Setup Rust	2026-05-09T15:42:40.0104971Z ^[[36;1m    touch "/home/runner/work/_temp"/.implicit_cargo_registries_crates_io_protocol || true^[[0m
Changelog Fragment Check	Setup Rust	2026-05-09T15:42:40.0105529Z ^[[36;1m    echo CARGO_REGISTRIES_CRATES_IO_PROTOCOL=sparse >> $GITHUB_ENV^[[0m
Changelog Fragment Check	Setup Rust	2026-05-09T15:42:40.0106024Z ^[[36;1m  elif rustc +stable --version --verbose | grep -q '^release: 1\.6[67]\.'; then^[[0m
Changelog Fragment Check	Setup Rust	2026-05-09T15:42:40.0106582Z ^[[36;1m    touch "/home/runner/work/_temp"/.implicit_cargo_registries_crates_io_protocol || true^[[0m
Changelog Fragment Check	Setup Rust	2026-05-09T15:42:40.0107094Z ^[[36;1m    echo CARGO_REGISTRIES_CRATES_IO_PROTOCOL=git >> $GITHUB_ENV^[[0m
Changelog Fragment Check	Setup Rust	2026-05-09T15:42:40.0107447Z ^[[36;1m  fi^[[0m
Changelog Fragment Check	Setup Rust	2026-05-09T15:42:40.0107665Z ^[[36;1mfi^[[0m
Changelog Fragment Check	Setup Rust	2026-05-09T15:42:40.0128648Z shell: /usr/bin/bash --noprofile --norc -e -o pipefail {0}
Changelog Fragment Check	Setup Rust	2026-05-09T15:42:40.0129012Z env:
Changelog Fragment Check	Setup Rust	2026-05-09T15:42:40.0129234Z   CARGO_TERM_COLOR: always
Changelog Fragment Check	Setup Rust	2026-05-09T15:42:40.0129504Z   RUSTFLAGS: -Dwarnings
Changelog Fragment Check	Setup Rust	2026-05-09T15:42:40.0130068Z   CARGO_REGISTRY_TOKEN: ***
Changelog Fragment Check	Setup Rust	2026-05-09T15:42:40.0130363Z   DOCKERHUB_IMAGE: konard/link-assistant-router
Changelog Fragment Check	Setup Rust	2026-05-09T15:42:40.0130690Z   CARGO_HOME: /home/runner/.cargo
Changelog Fragment Check	Setup Rust	2026-05-09T15:42:40.0130960Z   CARGO_INCREMENTAL: 0
Changelog Fragment Check	Setup Rust	2026-05-09T15:42:40.0131339Z ##[endgroup]
Changelog Fragment Check	Setup Rust	2026-05-09T15:42:40.0463651Z ##[group]Run : work around spurious network errors in curl 8.0
Changelog Fragment Check	Setup Rust	2026-05-09T15:42:40.0464478Z ^[[36;1m: work around spurious network errors in curl 8.0^[[0m
Changelog Fragment Check	Setup Rust	2026-05-09T15:42:40.0465057Z ^[[36;1m# https://rust-lang.zulipchat.com/#narrow/stream/246057-t-cargo/topic/timeout.20investigation^[[0m
Changelog Fragment Check	Setup Rust	2026-05-09T15:42:40.0465688Z ^[[36;1mif rustc +stable --version --verbose | grep -q '^release: 1\.7[01]\.'; then^[[0m
Changelog Fragment Check	Setup Rust	2026-05-09T15:42:40.0466159Z ^[[36;1m  echo CARGO_HTTP_MULTIPLEXING=false >> $GITHUB_ENV^[[0m
Changelog Fragment Check	Setup Rust	2026-05-09T15:42:40.0466496Z ^[[36;1mfi^[[0m
Changelog Fragment Check	Setup Rust	2026-05-09T15:42:40.0488079Z shell: /usr/bin/bash --noprofile --norc -e -o pipefail {0}
Changelog Fragment Check	Setup Rust	2026-05-09T15:42:40.0488460Z env:
Changelog Fragment Check	Setup Rust	2026-05-09T15:42:40.0488700Z   CARGO_TERM_COLOR: always
Changelog Fragment Check	Setup Rust	2026-05-09T15:42:40.0488970Z   RUSTFLAGS: -Dwarnings
Changelog Fragment Check	Setup Rust	2026-05-09T15:42:40.0489391Z   CARGO_REGISTRY_TOKEN: ***
Changelog Fragment Check	Setup Rust	2026-05-09T15:42:40.0489691Z   DOCKERHUB_IMAGE: konard/link-assistant-router
Changelog Fragment Check	Setup Rust	2026-05-09T15:42:40.0490021Z   CARGO_HOME: /home/runner/.cargo
Changelog Fragment Check	Setup Rust	2026-05-09T15:42:40.0490313Z   CARGO_INCREMENTAL: 0
Changelog Fragment Check	Setup Rust	2026-05-09T15:42:40.0490558Z ##[endgroup]
Changelog Fragment Check	Setup Rust	2026-05-09T15:42:40.0692236Z ##[group]Run rustc +stable --version --verbose
Changelog Fragment Check	Setup Rust	2026-05-09T15:42:40.0692621Z ^[[36;1mrustc +stable --version --verbose^[[0m
Changelog Fragment Check	Setup Rust	2026-05-09T15:42:40.0714520Z shell: /usr/bin/bash --noprofile --norc -e -o pipefail {0}
Changelog Fragment Check	Setup Rust	2026-05-09T15:42:40.0714890Z env:
Changelog Fragment Check	Setup Rust	2026-05-09T15:42:40.0715115Z   CARGO_TERM_COLOR: always
Changelog Fragment Check	Setup Rust	2026-05-09T15:42:40.0715379Z   RUSTFLAGS: -Dwarnings
Changelog Fragment Check	Setup Rust	2026-05-09T15:42:40.0715808Z   CARGO_REGISTRY_TOKEN: ***
Changelog Fragment Check	Setup Rust	2026-05-09T15:42:40.0716105Z   DOCKERHUB_IMAGE: konard/link-assistant-router
Changelog Fragment Check	Setup Rust	2026-05-09T15:42:40.0716438Z   CARGO_HOME: /home/runner/.cargo
Changelog Fragment Check	Setup Rust	2026-05-09T15:42:40.0716716Z   CARGO_INCREMENTAL: 0
Changelog Fragment Check	Setup Rust	2026-05-09T15:42:40.0716952Z ##[endgroup]
Changelog Fragment Check	Setup Rust	2026-05-09T15:42:40.0875308Z rustc 1.95.0 (59807616e 2026-04-14)
Changelog Fragment Check	Setup Rust	2026-05-09T15:42:40.0875924Z binary: rustc
Changelog Fragment Check	Setup Rust	2026-05-09T15:42:40.0876305Z commit-hash: 59807616e1fa2540724bfbac14d7976d7e4a3860
Changelog Fragment Check	Setup Rust	2026-05-09T15:42:40.0876707Z commit-date: 2026-04-14
Changelog Fragment Check	Setup Rust	2026-05-09T15:42:40.0877021Z host: x86_64-unknown-linux-gnu
Changelog Fragment Check	Setup Rust	2026-05-09T15:42:40.0877303Z release: 1.95.0
Changelog Fragment Check	Setup Rust	2026-05-09T15:42:40.0877710Z LLVM version: 22.1.2
Changelog Fragment Check	Install rust-script	﻿2026-05-09T15:42:40.0956091Z ##[group]Run cargo install rust-script
Changelog Fragment Check	Install rust-script	2026-05-09T15:42:40.0956456Z ^[[36;1mcargo install rust-script^[[0m
Changelog Fragment Check	Install rust-script	2026-05-09T15:42:40.0979205Z shell: /usr/bin/bash -e {0}
Changelog Fragment Check	Install rust-script	2026-05-09T15:42:40.0979506Z env:
Changelog Fragment Check	Install rust-script	2026-05-09T15:42:40.0979736Z   CARGO_TERM_COLOR: always
Changelog Fragment Check	Install rust-script	2026-05-09T15:42:40.0980003Z   RUSTFLAGS: -Dwarnings
Changelog Fragment Check	Install rust-script	2026-05-09T15:42:40.0980436Z   CARGO_REGISTRY_TOKEN: ***
Changelog Fragment Check	Install rust-script	2026-05-09T15:42:40.0980734Z   DOCKERHUB_IMAGE: konard/link-assistant-router
Changelog Fragment Check	Install rust-script	2026-05-09T15:42:40.0981056Z   CARGO_HOME: /home/runner/.cargo
Changelog Fragment Check	Install rust-script	2026-05-09T15:42:40.0981337Z   CARGO_INCREMENTAL: 0
Changelog Fragment Check	Install rust-script	2026-05-09T15:42:40.0981577Z ##[endgroup]
Changelog Fragment Check	Install rust-script	2026-05-09T15:42:40.1271243Z ^[[1m^[[92m    Updating^[[0m crates.io index
Changelog Fragment Check	Install rust-script	2026-05-09T15:42:40.4994865Z ^[[1m^[[92m Downloading^[[0m crates ...
Changelog Fragment Check	Install rust-script	2026-05-09T15:42:40.6257292Z ^[[1m^[[92m  Downloaded^[[0m rust-script v0.36.0
Changelog Fragment Check	Install rust-script	2026-05-09T15:42:40.6444469Z ^[[1m^[[92m  Installing^[[0m rust-script v0.36.0
Changelog Fragment Check	Install rust-script	2026-05-09T15:42:40.6595663Z ^[[1m^[[92m    Updating^[[0m crates.io index
Changelog Fragment Check	Install rust-script	2026-05-09T15:42:40.9312270Z ^[[1m^[[92m     Locking^[[0m 113 packages to latest compatible versions
Changelog Fragment Check	Install rust-script	2026-05-09T15:42:40.9347353Z ^[[1m^[[92m      Adding^[[0m generic-array v0.14.7 ^[[1m^[[33m(available: v0.14.9)^[[0m
Changelog Fragment Check	Install rust-script	2026-05-09T15:42:40.9442624Z ^[[1m^[[92m      Adding^[[0m sha1 v0.10.6 ^[[1m^[[33m(available: v0.11.0)^[[0m
Changelog Fragment Check	Install rust-script	2026-05-09T15:42:40.9464991Z ^[[1m^[[92m      Adding^[[0m toml v0.9.12+spec-1.1.0 ^[[1m^[[33m(available: v1.1.2+spec-1.1.0)^[[0m
Changelog Fragment Check	Install rust-script	2026-05-09T15:42:40.9494302Z ^[[1m^[[92m      Adding^[[0m winreg v0.55.0 ^[[1m^[[33m(available: v0.56.0)^[[0m
Changelog Fragment Check	Install rust-script	2026-05-09T15:42:40.9515807Z ^[[1m^[[92m Downloading^[[0m crates ...
Changelog Fragment Check	Install rust-script	2026-05-09T15:42:40.9900596Z ^[[1m^[[92m  Downloaded^[[0m env_logger v0.11.10
Changelog Fragment Check	Install rust-script	2026-05-09T15:42:40.9937112Z ^[[1m^[[92m  Downloaded^[[0m clap v4.6.1
Changelog Fragment Check	Install rust-script	2026-05-09T15:42:41.0037623Z ^[[1m^[[92m  Downloaded^[[0m utf8parse v0.2.2
Changelog Fragment Check	Install rust-script	2026-05-09T15:42:41.0049023Z ^[[1m^[[92m  Downloaded^[[0m tempfile v3.27.0
Changelog Fragment Check	Install rust-script	2026-05-09T15:42:41.0078708Z ^[[1m^[[92m  Downloaded^[[0m toml_datetime v0.7.5+spec-1.1.0
Changelog Fragment Check	Install rust-script	2026-05-09T15:42:41.0096479Z ^[[1m^[[92m  Downloaded^[[0m anstyle-parse v1.0.0
Changelog Fragment Check	Install rust-script	2026-05-09T15:42:41.0123059Z ^[[1m^[[92m  Downloaded^[[0m generic-array v0.14.7
Changelog Fragment Check	Install rust-script	2026-05-09T15:42:41.0143987Z ^[[1m^[[92m  Downloaded^[[0m colorchoice v1.0.5
Changelog Fragment Check	Install rust-script	2026-05-09T15:42:41.0157525Z ^[[1m^[[92m  Downloaded^[[0m is_terminal_polyfill v1.70.2
Changelog Fragment Check	Install rust-script	2026-05-09T15:42:41.0167856Z ^[[1m^[[92m  Downloaded^[[0m env_filter v1.0.1
Changelog Fragment Check	Install rust-script	2026-05-09T15:42:41.0183762Z ^[[1m^[[92m  Downloaded^[[0m strsim v0.11.1
Changelog Fragment Check	Install rust-script	2026-05-09T15:42:41.0199337Z ^[[1m^[[92m  Downloaded^[[0m block-buffer v0.10.4
Changelog Fragment Check	Install rust-script	2026-05-09T15:42:41.0212160Z ^[[1m^[[92m  Downloaded^[[0m fastrand v2.4.1
Changelog Fragment Check	Install rust-script	2026-05-09T15:42:41.0229125Z ^[[1m^[[92m  Downloaded^[[0m anstyle v1.0.14
Changelog Fragment Check	Install rust-script	2026-05-09T15:42:41.0247069Z ^[[1m^[[92m  Downloaded^[[0m version_check v0.9.5
Changelog Fragment Check	Install rust-script	2026-05-09T15:42:41.0262165Z ^[[1m^[[92m  Downloaded^[[0m shell-words v1.1.1
Changelog Fragment Check	Install rust-script	2026-05-09T15:42:41.0275944Z ^[[1m^[[92m  Downloaded^[[0m indexmap v2.14.0
Changelog Fragment Check	Install rust-script	2026-05-09T15:42:41.0323537Z ^[[1m^[[92m  Downloaded^[[0m equivalent v1.0.2
Changelog Fragment Check	Install rust-script	2026-05-09T15:42:41.0334234Z ^[[1m^[[92m  Downloaded^[[0m dirs-sys v0.5.0
Changelog Fragment Check	Install rust-script	2026-05-09T15:42:41.0349230Z ^[[1m^[[92m  Downloaded^[[0m once_cell v1.21.4
Changelog Fragment Check	Install rust-script	2026-05-09T15:42:41.0377368Z ^[[1m^[[92m  Downloaded^[[0m winnow v1.0.2
Changelog Fragment Check	Install rust-script	2026-05-09T15:42:41.0476340Z ^[[1m^[[92m  Downloaded^[[0m toml v0.9.12+spec-1.1.0
Changelog Fragment Check	Install rust-script	2026-05-09T15:42:41.0523648Z ^[[1m^[[92m  Downloaded^[[0m aho-corasick v1.1.4
Changelog Fragment Check	Install rust-script	2026-05-09T15:42:41.0589652Z ^[[1m^[[92m  Downloaded^[[0m getrandom v0.4.2
Changelog Fragment Check	Install rust-script	2026-05-09T15:42:41.0636392Z ^[[1m^[[92m  Downloaded^[[0m serde_spanned v1.1.1
Changelog Fragment Check	Install rust-script	2026-05-09T15:42:41.0648610Z ^[[1m^[[92m  Downloaded^[[0m option-ext v0.2.0
Changelog Fragment Check	Install rust-script	2026-05-09T15:42:41.0659591Z ^[[1m^[[92m  Downloaded^[[0m sha1 v0.10.6
Changelog Fragment Check	Install rust-script	2026-05-09T15:42:41.0679800Z ^[[1m^[[92m  Downloaded^[[0m toml_writer v1.1.1+spec-1.1.0
Changelog Fragment Check	Install rust-script	2026-05-09T15:42:41.0696341Z ^[[1m^[[92m  Downloaded^[[0m unicase v2.9.0
Changelog Fragment Check	Install rust-script	2026-05-09T15:42:41.0715485Z ^[[1m^[[92m  Downloaded^[[0m regex v1.12.3
Changelog Fragment Check	Install rust-script	2026-05-09T15:42:41.0771546Z ^[[1m^[[92m  Downloaded^[[0m unicode-width v0.2.2
Changelog Fragment Check	Install rust-script	2026-05-09T15:42:41.0831953Z ^[[1m^[[92m  Downloaded^[[0m log v0.4.29
Changelog Fragment Check	Install rust-script	2026-05-09T15:42:41.0861021Z ^[[1m^[[92m  Downloaded^[[0m winnow v0.7.15
Changelog Fragment Check	Install rust-script	2026-05-09T15:42:41.0958044Z ^[[1m^[[92m  Downloaded^[[0m typenum v1.20.0
Changelog Fragment Check	Install rust-script	2026-05-09T15:42:41.0999749Z ^[[1m^[[92m  Downloaded^[[0m memchr v2.8.0
Changelog Fragment Check	Install rust-script	2026-05-09T15:42:41.1057567Z ^[[1m^[[92m  Downloaded^[[0m clap_builder v4.6.0
Changelog Fragment Check	Install rust-script	2026-05-09T15:42:41.1122873Z ^[[1m^[[92m  Downloaded^[[0m pulldown-cmark v0.13.3
Changelog Fragment Check	Install rust-script	2026-05-09T15:42:41.1175856Z ^[[1m^[[92m  Downloaded^[[0m hashbrown v0.17.1
Changelog Fragment Check	Install rust-script	2026-05-09T15:42:41.1231746Z ^[[1m^[[92m  Downloaded^[[0m serde_core v1.0.228
Changelog Fragment Check	Install rust-script	2026-05-09T15:42:41.1262661Z ^[[1m^[[92m  Downloaded^[[0m bitflags v2.11.1
Changelog Fragment Check	Install rust-script	2026-05-09T15:42:41.1309000Z ^[[1m^[[92m  Downloaded^[[0m toml_parser v1.1.2+spec-1.1.0
Changelog Fragment Check	Install rust-script	2026-05-09T15:42:41.1333730Z ^[[1m^[[92m  Downloaded^[[0m dirs v6.0.0
Changelog Fragment Check	Install rust-script	2026-05-09T15:42:41.1348426Z ^[[1m^[[92m  Downloaded^[[0m cpufeatures v0.2.17
Changelog Fragment Check	Install rust-script	2026-05-09T15:42:41.1364441Z ^[[1m^[[92m  Downloaded^[[0m cfg-if v1.0.4
Changelog Fragment Check	Install rust-script	2026-05-09T15:42:41.1379446Z ^[[1m^[[92m  Downloaded^[[0m anstyle-query v1.1.5
Changelog Fragment Check	Install rust-script	2026-05-09T15:42:41.1392327Z ^[[1m^[[92m  Downloaded^[[0m getopts v0.2.24
Changelog Fragment Check	Install rust-script	2026-05-09T15:42:41.1411553Z ^[[1m^[[92m  Downloaded^[[0m regex-syntax v0.8.10
Changelog Fragment Check	Install rust-script	2026-05-09T15:42:41.1482154Z ^[[1m^[[92m  Downloaded^[[0m clap_lex v1.1.0
Changelog Fragment Check	Install rust-script	2026-05-09T15:42:41.1498071Z ^[[1m^[[92m  Downloaded^[[0m pulldown-cmark-escape v0.11.0
Changelog Fragment Check	Install rust-script	2026-05-09T15:42:41.1507009Z ^[[1m^[[92m  Downloaded^[[0m crypto-common v0.1.7
Changelog Fragment Check	Install rust-script	2026-05-09T15:42:41.1520945Z ^[[1m^[[92m  Downloaded^[[0m rustix v1.1.4
Changelog Fragment Check	Install rust-script	2026-05-09T15:42:41.1792649Z ^[[1m^[[92m  Downloaded^[[0m errno v0.3.14
Changelog Fragment Check	Install rust-script	2026-05-09T15:42:41.1809457Z ^[[1m^[[92m  Downloaded^[[0m anstream v1.0.0
Changelog Fragment Check	Install rust-script	2026-05-09T15:42:41.1830581Z ^[[1m^[[92m  Downloaded^[[0m regex-automata v0.4.14
Changelog Fragment Check	Install rust-script	2026-05-09T15:42:41.1971746Z ^[[1m^[[92m  Downloaded^[[0m digest v0.10.7
Changelog Fragment Check	Install rust-script	2026-05-09T15:42:41.2028280Z ^[[1m^[[92m  Downloaded^[[0m libc v0.2.186
Changelog Fragment Check	Install rust-script	2026-05-09T15:42:41.2426485Z ^[[1m^[[92m  Downloaded^[[0m jiff v0.2.24
Changelog Fragment Check	Install rust-script	2026-05-09T15:42:41.2746196Z ^[[1m^[[92m  Downloaded^[[0m linux-raw-sys v0.12.1
Changelog Fragment Check	Install rust-script	2026-05-09T15:42:41.4468473Z ^[[1m^[[92m   Compiling^[[0m version_check v0.9.5
Changelog Fragment Check	Install rust-script	2026-05-09T15:42:41.4469073Z ^[[1m^[[92m   Compiling^[[0m libc v0.2.186
Changelog Fragment Check	Install rust-script	2026-05-09T15:42:41.4480047Z ^[[1m^[[92m   Compiling^[[0m memchr v2.8.0
Changelog Fragment Check	Install rust-script	2026-05-09T15:42:41.4504903Z ^[[1m^[[92m   Compiling^[[0m serde_core v1.0.228
Changelog Fragment Check	Install rust-script	2026-05-09T15:42:41.6408008Z ^[[1m^[[92m   Compiling^[[0m generic-array v0.14.7
Changelog Fragment Check	Install rust-script	2026-05-09T15:42:42.0727369Z ^[[1m^[[92m   Compiling^[[0m typenum v1.20.0
Changelog Fragment Check	Install rust-script	2026-05-09T15:42:42.1435462Z ^[[1m^[[92m   Compiling^[[0m utf8parse v0.2.2
Changelog Fragment Check	Install rust-script	2026-05-09T15:42:42.1703444Z ^[[1m^[[92m   Compiling^[[0m aho-corasick v1.1.4
Changelog Fragment Check	Install rust-script	2026-05-09T15:42:42.1885919Z ^[[1m^[[92m   Compiling^[[0m anstyle-parse v1.0.0
Changelog Fragment Check	Install rust-script	2026-05-09T15:42:42.3185354Z ^[[1m^[[92m   Compiling^[[0m regex-syntax v0.8.10
Changelog Fragment Check	Install rust-script	2026-05-09T15:42:42.9725302Z ^[[1m^[[92m   Compiling^[[0m colorchoice v1.0.5
Changelog Fragment Check	Install rust-script	2026-05-09T15:42:43.0185146Z ^[[1m^[[92m   Compiling^[[0m anstyle v1.0.14
Changelog Fragment Check	Install rust-script	2026-05-09T15:42:43.1825854Z ^[[1m^[[92m   Compiling^[[0m anstyle-query v1.1.5
Changelog Fragment Check	Install rust-script	2026-05-09T15:42:43.2205329Z ^[[1m^[[92m   Compiling^[[0m is_terminal_polyfill v1.70.2
Changelog Fragment Check	Install rust-script	2026-05-09T15:42:43.2523764Z ^[[1m^[[92m   Compiling^[[0m anstream v1.0.0
Changelog Fragment Check	Install rust-script	2026-05-09T15:42:43.5363702Z ^[[1m^[[92m   Compiling^[[0m getrandom v0.4.2
Changelog Fragment Check	Install rust-script	2026-05-09T15:42:43.6335413Z ^[[1m^[[92m   Compiling^[[0m bitflags v2.11.1
Changelog Fragment Check	Install rust-script	2026-05-09T15:42:43.8535255Z ^[[1m^[[92m   Compiling^[[0m rustix v1.1.4
Changelog Fragment Check	Install rust-script	2026-05-09T15:42:44.0336373Z ^[[1m^[[92m   Compiling^[[0m cfg-if v1.0.4
Changelog Fragment Check	Install rust-script	2026-05-09T15:42:44.1196272Z ^[[1m^[[92m   Compiling^[[0m regex-automata v0.4.14
Changelog Fragment Check	Install rust-script	2026-05-09T15:42:45.1925366Z ^[[1m^[[92m   Compiling^[[0m crypto-common v0.1.7
Changelog Fragment Check	Install rust-script	2026-05-09T15:42:45.2455682Z ^[[1m^[[92m   Compiling^[[0m block-buffer v0.10.4
Changelog Fragment Check	Install rust-script	2026-05-09T15:42:45.3205530Z ^[[1m^[[92m   Compiling^[[0m unicode-width v0.2.2
Changelog Fragment Check	Install rust-script	2026-05-09T15:42:45.4973503Z ^[[1m^[[92m   Compiling^[[0m pulldown-cmark v0.13.3
Changelog Fragment Check	Install rust-script	2026-05-09T15:42:45.5761860Z ^[[1m^[[92m   Compiling^[[0m option-ext v0.2.0
Changelog Fragment Check	Install rust-script	2026-05-09T15:42:45.5814805Z ^[[1m^[[92m   Compiling^[[0m log v0.4.29
Changelog Fragment Check	Install rust-script	2026-05-09T15:42:45.6105384Z ^[[1m^[[92m   Compiling^[[0m strsim v0.11.1
Changelog Fragment Check	Install rust-script	2026-05-09T15:42:45.7155432Z ^[[1m^[[92m   Compiling^[[0m winnow v1.0.2
Changelog Fragment Check	Install rust-script	2026-05-09T15:42:46.0575818Z ^[[1m^[[92m   Compiling^[[0m linux-raw-sys v0.12.1
Changelog Fragment Check	Install rust-script	2026-05-09T15:42:46.0715456Z ^[[1m^[[92m   Compiling^[[0m clap_lex v1.1.0
Changelog Fragment Check	Install rust-script	2026-05-09T15:42:46.2862127Z ^[[1m^[[92m   Compiling^[[0m clap_builder v4.6.0
Changelog Fragment Check	Install rust-script	2026-05-09T15:42:46.3500237Z ^[[1m^[[92m   Compiling^[[0m toml_parser v1.1.2+spec-1.1.0
Changelog Fragment Check	Install rust-script	2026-05-09T15:42:47.2185016Z ^[[1m^[[92m   Compiling^[[0m regex v1.12.3
Changelog Fragment Check	Install rust-script	2026-05-09T15:42:47.9924647Z ^[[1m^[[92m   Compiling^[[0m env_filter v1.0.1
Changelog Fragment Check	Install rust-script	2026-05-09T15:42:48.2895487Z ^[[1m^[[92m   Compiling^[[0m dirs-sys v0.5.0
Changelog Fragment Check	Install rust-script	2026-05-09T15:42:48.4765054Z ^[[1m^[[92m   Compiling^[[0m serde_spanned v1.1.1
Changelog Fragment Check	Install rust-script	2026-05-09T15:42:48.5411922Z ^[[1m^[[92m   Compiling^[[0m toml_datetime v0.7.5+spec-1.1.0
Changelog Fragment Check	Install rust-script	2026-05-09T15:42:48.5470620Z ^[[1m^[[92m   Compiling^[[0m getopts v0.2.24
Changelog Fragment Check	Install rust-script	2026-05-09T15:42:48.7985189Z ^[[1m^[[92m   Compiling^[[0m digest v0.10.7
Changelog Fragment Check	Install rust-script	2026-05-09T15:42:49.0445211Z ^[[1m^[[92m   Compiling^[[0m unicase v2.9.0
Changelog Fragment Check	Install rust-script	2026-05-09T15:42:49.1330891Z ^[[1m^[[92m   Compiling^[[0m jiff v0.2.24
Changelog Fragment Check	Install rust-script	2026-05-09T15:42:49.1915322Z ^[[1m^[[92m   Compiling^[[0m toml_writer v1.1.1+spec-1.1.0
Changelog Fragment Check	Install rust-script	2026-05-09T15:42:49.3475402Z ^[[1m^[[92m   Compiling^[[0m cpufeatures v0.2.17
Changelog Fragment Check	Install rust-script	2026-05-09T15:42:49.3738789Z ^[[1m^[[92m   Compiling^[[0m winnow v0.7.15
Changelog Fragment Check	Install rust-script	2026-05-09T15:42:50.2682443Z ^[[1m^[[92m   Compiling^[[0m once_cell v1.21.4
Changelog Fragment Check	Install rust-script	2026-05-09T15:42:50.4135305Z ^[[1m^[[92m   Compiling^[[0m fastrand v2.4.1
Changelog Fragment Check	Install rust-script	2026-05-09T15:42:50.5875223Z ^[[1m^[[92m   Compiling^[[0m pulldown-cmark-escape v0.11.0
Changelog Fragment Check	Install rust-script	2026-05-09T15:42:51.1993441Z ^[[1m^[[92m   Compiling^[[0m toml v0.9.12+spec-1.1.0
Changelog Fragment Check	Install rust-script	2026-05-09T15:42:51.9974728Z ^[[1m^[[92m   Compiling^[[0m tempfile v3.27.0
Changelog Fragment Check	Install rust-script	2026-05-09T15:42:52.4965190Z ^[[1m^[[92m   Compiling^[[0m env_logger v0.11.10
Changelog Fragment Check	Install rust-script	2026-05-09T15:42:53.0407506Z ^[[1m^[[92m   Compiling^[[0m sha1 v0.10.6
Changelog Fragment Check	Install rust-script	2026-05-09T15:42:53.2149346Z ^[[1m^[[92m   Compiling^[[0m clap v4.6.1
Changelog Fragment Check	Install rust-script	2026-05-09T15:42:53.2457443Z ^[[1m^[[92m   Compiling^[[0m dirs v6.0.0
Changelog Fragment Check	Install rust-script	2026-05-09T15:42:53.2745406Z ^[[1m^[[92m   Compiling^[[0m shell-words v1.1.1
Changelog Fragment Check	Install rust-script	2026-05-09T15:42:53.8301427Z ^[[1m^[[92m   Compiling^[[0m rust-script v0.36.0
Changelog Fragment Check	Install rust-script	2026-05-09T15:43:14.1583171Z ^[[1m^[[92m    Finished^[[0m `release` profile [optimized] target(s) in 34.04s
Changelog Fragment Check	Install rust-script	2026-05-09T15:43:14.1880351Z ^[[1m^[[92m  Installing^[[0m /home/runner/.cargo/bin/rust-script
Changelog Fragment Check	Install rust-script	2026-05-09T15:43:14.1881392Z ^[[1m^[[92m   Installed^[[0m package `rust-script v0.36.0` (executable `rust-script`)
Changelog Fragment Check	Check for changelog fragments	﻿2026-05-09T15:43:14.2221044Z ##[group]Run rust-script scripts/check-changelog-fragment.rs
Changelog Fragment Check	Check for changelog fragments	2026-05-09T15:43:14.2221488Z ^[[36;1mrust-script scripts/check-changelog-fragment.rs^[[0m
Changelog Fragment Check	Check for changelog fragments	2026-05-09T15:43:14.2244312Z shell: /usr/bin/bash -e {0}
Changelog Fragment Check	Check for changelog fragments	2026-05-09T15:43:14.2244556Z env:
Changelog Fragment Check	Check for changelog fragments	2026-05-09T15:43:14.2244750Z   CARGO_TERM_COLOR: always
Changelog Fragment Check	Check for changelog fragments	2026-05-09T15:43:14.2244970Z   RUSTFLAGS: -Dwarnings
Changelog Fragment Check	Check for changelog fragments	2026-05-09T15:43:14.2245396Z   CARGO_REGISTRY_TOKEN: ***
Changelog Fragment Check	Check for changelog fragments	2026-05-09T15:43:14.2245660Z   DOCKERHUB_IMAGE: konard/link-assistant-router
Changelog Fragment Check	Check for changelog fragments	2026-05-09T15:43:14.2245941Z   CARGO_HOME: /home/runner/.cargo
Changelog Fragment Check	Check for changelog fragments	2026-05-09T15:43:14.2246178Z   CARGO_INCREMENTAL: 0
Changelog Fragment Check	Check for changelog fragments	2026-05-09T15:43:14.2246384Z   GITHUB_BASE_REF: main
Changelog Fragment Check	Check for changelog fragments	2026-05-09T15:43:14.2246606Z ##[endgroup]
Changelog Fragment Check	Check for changelog fragments	2026-05-09T15:43:22.2912189Z Comparing against origin/main...HEAD
Changelog Fragment Check	Check for changelog fragments	2026-05-09T15:43:22.2912767Z Checking for changelog fragment in PR diff...
Changelog Fragment Check	Check for changelog fragments	2026-05-09T15:43:22.2913009Z
Changelog Fragment Check	Check for changelog fragments	2026-05-09T15:43:22.2930657Z Changed files:
Changelog Fragment Check	Check for changelog fragments	2026-05-09T15:43:22.2930988Z   Dockerfile
Changelog Fragment Check	Check for changelog fragments	2026-05-09T15:43:22.2931383Z   changelog.d/20260509_152500_fix_docker_builder_toolchain.md
Changelog Fragment Check	Check for changelog fragments	2026-05-09T15:43:22.2931991Z   docs/case-studies/issue-25/README.md
Changelog Fragment Check	Check for changelog fragments	2026-05-09T15:43:22.2932566Z   docs/case-studies/issue-25/ci-logs/ci-run-25604352544.log
Changelog Fragment Check	Check for changelog fragments	2026-05-09T15:43:22.2933074Z   docs/case-studies/issue-25/online-research.md
Changelog Fragment Check	Check for changelog fragments	2026-05-09T15:43:22.2933706Z   docs/case-studies/issue-25/raw/artifacts/link-assistant-router-XJESUT.dockerbuild
Changelog Fragment Check	Check for changelog fragments	2026-05-09T15:43:22.2934796Z   docs/case-studies/issue-25/raw/artifacts/link-assistant-router-XJESUT.dockerbuild.json
Changelog Fragment Check	Check for changelog fragments	2026-05-09T15:43:22.2935526Z   docs/case-studies/issue-25/raw/ci-run-25604352544.json
Changelog Fragment Check	Check for changelog fragments	2026-05-09T15:43:22.2936077Z   docs/case-studies/issue-25/raw/csharp-template-release.yml
Changelog Fragment Check	Check for changelog fragments	2026-05-09T15:43:22.2936657Z   docs/case-studies/issue-25/raw/csharp-template-tree.json
Changelog Fragment Check	Check for changelog fragments	2026-05-09T15:43:22.2937290Z   docs/case-studies/issue-25/raw/docker-official-rust-image-tags.txt
Changelog Fragment Check	Check for changelog fragments	2026-05-09T15:43:22.2937860Z   docs/case-studies/issue-25/raw/issue-25.json
Changelog Fragment Check	Check for changelog fragments	2026-05-09T15:43:22.2938263Z   docs/case-studies/issue-25/raw/js-template-release.yml
Changelog Fragment Check	Check for changelog fragments	2026-05-09T15:43:22.2938606Z   docs/case-studies/issue-25/raw/js-template-tree.json
Changelog Fragment Check	Check for changelog fragments	2026-05-09T15:43:22.2938969Z   docs/case-studies/issue-25/raw/python-template-release.yml
Changelog Fragment Check	Check for changelog fragments	2026-05-09T15:43:22.2939349Z   docs/case-studies/issue-25/raw/python-template-tree.json
Changelog Fragment Check	Check for changelog fragments	2026-05-09T15:43:22.2939680Z   docs/case-studies/issue-25/raw/recent-runs.json
Changelog Fragment Check	Check for changelog fragments	2026-05-09T15:43:22.2939972Z   docs/case-studies/issue-25/raw/router-tree.json
Changelog Fragment Check	Check for changelog fragments	2026-05-09T15:43:22.2940281Z   docs/case-studies/issue-25/raw/rust-template-release.yml
Changelog Fragment Check	Check for changelog fragments	2026-05-09T15:43:22.2940614Z   docs/case-studies/issue-25/raw/rust-template-tree.json
Changelog Fragment Check	Check for changelog fragments	2026-05-09T15:43:22.2940951Z   docs/case-studies/issue-25/raw/template-ci-file-trees.txt
Changelog Fragment Check	Check for changelog fragments	2026-05-09T15:43:22.2941276Z   docs/case-studies/issue-25/requirements.md
Changelog Fragment Check	Check for changelog fragments	2026-05-09T15:43:22.2941568Z   docs/case-studies/issue-25/template-comparison.md
Changelog Fragment Check	Check for changelog fragments	2026-05-09T15:43:22.2941844Z   tests/release_workflow_test.rs
Changelog Fragment Check	Check for changelog fragments	2026-05-09T15:43:22.2942004Z
Changelog Fragment Check	Check for changelog fragments	2026-05-09T15:43:22.2944845Z Source files changed: 1
Changelog Fragment Check	Check for changelog fragments	2026-05-09T15:43:22.2945186Z   tests/release_workflow_test.rs
Changelog Fragment Check	Check for changelog fragments	2026-05-09T15:43:22.2945385Z
Changelog Fragment Check	Check for changelog fragments	2026-05-09T15:43:22.2945476Z Changelog fragments added: 1
Changelog Fragment Check	Check for changelog fragments	2026-05-09T15:43:22.2945762Z   changelog.d/20260509_152500_fix_docker_builder_toolchain.md
Changelog Fragment Check	Check for changelog fragments	2026-05-09T15:43:22.2945981Z
Changelog Fragment Check	Check for changelog fragments	2026-05-09T15:43:22.2946186Z Changelog check passed (source files changed: 1, fragments added: 1)
Changelog Fragment Check	Post Run actions/checkout@v4	﻿2026-05-09T15:43:22.3030837Z Post job cleanup.
Changelog Fragment Check	Post Run actions/checkout@v4	2026-05-09T15:43:22.4053775Z [command]/usr/bin/git version
Changelog Fragment Check	Post Run actions/checkout@v4	2026-05-09T15:43:22.4092002Z git version 2.53.0
Changelog Fragment Check	Post Run actions/checkout@v4	2026-05-09T15:43:22.4140049Z Temporarily overriding HOME='/home/runner/work/_temp/4bad652b-d2d3-42a7-9157-e2bd69a1ab6b' before making global git config changes
Changelog Fragment Check	Post Run actions/checkout@v4	2026-05-09T15:43:22.4141576Z Adding repository directory to the temporary git global config as a safe directory
Changelog Fragment Check	Post Run actions/checkout@v4	2026-05-09T15:43:22.4146329Z [command]/usr/bin/git config --global --add safe.directory /home/runner/work/router/router
Changelog Fragment Check	Post Run actions/checkout@v4	2026-05-09T15:43:22.4180092Z [command]/usr/bin/git config --local --name-only --get-regexp core\.sshCommand
Changelog Fragment Check	Post Run actions/checkout@v4	2026-05-09T15:43:22.4212293Z [command]/usr/bin/git submodule foreach --recursive sh -c "git config --local --name-only --get-regexp 'core\.sshCommand' && git config --local --unset-all 'core.sshCommand' || :"
Changelog Fragment Check	Post Run actions/checkout@v4	2026-05-09T15:43:22.4445499Z [command]/usr/bin/git config --local --name-only --get-regexp http\.https\:\/\/github\.com\/\.extraheader
Changelog Fragment Check	Post Run actions/checkout@v4	2026-05-09T15:43:22.4467859Z http.https://github.com/.extraheader
Changelog Fragment Check	Post Run actions/checkout@v4	2026-05-09T15:43:22.4479657Z [command]/usr/bin/git config --local --unset-all http.https://github.com/.extraheader
Changelog Fragment Check	Post Run actions/checkout@v4	2026-05-09T15:43:22.4511005Z [command]/usr/bin/git submodule foreach --recursive sh -c "git config --local --name-only --get-regexp 'http\.https\:\/\/github\.com\/\.extraheader' && git config --local --unset-all 'http.https://github.com/.extraheader' || :"
Changelog Fragment Check	Post Run actions/checkout@v4	2026-05-09T15:43:22.4741008Z [command]/usr/bin/git config --local --name-only --get-regexp ^includeIf\.gitdir:
Changelog Fragment Check	Post Run actions/checkout@v4	2026-05-09T15:43:22.4773036Z [command]/usr/bin/git submodule foreach --recursive git config --local --show-origin --name-only --get-regexp remote.origin.url
Changelog Fragment Check	Complete job	﻿2026-05-09T15:43:22.5146794Z Cleaning up orphan processes
Changelog Fragment Check	Complete job	2026-05-09T15:43:22.5430812Z ##[warning]Node.js 20 actions are deprecated. The following actions are running on Node.js 20 and may not work as expected: actions/checkout@v4. Actions will be forced to run with Node.js 24 by default starting June 2nd, 2026. Node.js 20 will be removed from the runner on September 16th, 2026. Please check if updated versions of these actions are available that support Node.js 24. To opt into Node.js 24 now, set the FORCE_JAVASCRIPT_ACTIONS_TO_NODE24=true environment variable on the runner or in your workflow file. Once Node.js 24 becomes the default, you can temporarily opt out by setting ACTIONS_ALLOW_USE_UNSECURE_NODE_VERSION=true. For more information see: https://github.blog/changelog/2025-09-19-deprecation-of-node-20-on-github-actions-runners/
Lint and Format Check	Set up job	﻿2026-05-09T15:42:30.2689359Z Current runner version: '2.334.0'
Lint and Format Check	Set up job	2026-05-09T15:42:30.2714013Z ##[group]Runner Image Provisioner
Lint and Format Check	Set up job	2026-05-09T15:42:30.2714885Z Hosted Compute Agent
Lint and Format Check	Set up job	2026-05-09T15:42:30.2715476Z Version: 20260213.493
Lint and Format Check	Set up job	2026-05-09T15:42:30.2716170Z Commit: 5c115507f6dd24b8de37d8bbe0bb4509d0cc0fa3
Lint and Format Check	Set up job	2026-05-09T15:42:30.2716884Z Build Date: 2026-02-13T00:28:41Z
Lint and Format Check	Set up job	2026-05-09T15:42:30.2717544Z Worker ID: {3d43910d-f6b5-4220-88e6-965872cc8a84}
Lint and Format Check	Set up job	2026-05-09T15:42:30.2718270Z Azure Region: westus3
Lint and Format Check	Set up job	2026-05-09T15:42:30.2718839Z ##[endgroup]
Lint and Format Check	Set up job	2026-05-09T15:42:30.2720240Z ##[group]Operating System
Lint and Format Check	Set up job	2026-05-09T15:42:30.2720981Z Ubuntu
Lint and Format Check	Set up job	2026-05-09T15:42:30.2721472Z 24.04.4
Lint and Format Check	Set up job	2026-05-09T15:42:30.2721914Z LTS
Lint and Format Check	Set up job	2026-05-09T15:42:30.2722431Z ##[endgroup]
Lint and Format Check	Set up job	2026-05-09T15:42:30.2722901Z ##[group]Runner Image
Lint and Format Check	Set up job	2026-05-09T15:42:30.2723498Z Image: ubuntu-24.04
Lint and Format Check	Set up job	2026-05-09T15:42:30.2724280Z Version: 20260413.86.1
Lint and Format Check	Set up job	2026-05-09T15:42:30.2725274Z Included Software: https://github.com/actions/runner-images/blob/ubuntu24/20260413.86/images/ubuntu/Ubuntu2404-Readme.md
Lint and Format Check	Set up job	2026-05-09T15:42:30.2726986Z Image Release: https://github.com/actions/runner-images/releases/tag/ubuntu24%2F20260413.86
Lint and Format Check	Set up job	2026-05-09T15:42:30.2727885Z ##[endgroup]
Lint and Format Check	Set up job	2026-05-09T15:42:30.2730743Z ##[group]GITHUB_TOKEN Permissions
Lint and Format Check	Set up job	2026-05-09T15:42:30.2732712Z Actions: write
Lint and Format Check	Set up job	2026-05-09T15:42:30.2733305Z ArtifactMetadata: write
Lint and Format Check	Set up job	2026-05-09T15:42:30.2734263Z Attestations: write
Lint and Format Check	Set up job	2026-05-09T15:42:30.2734800Z Checks: write
Lint and Format Check	Set up job	2026-05-09T15:42:30.2735344Z Contents: write
Lint and Format Check	Set up job	2026-05-09T15:42:30.2735909Z Deployments: write
Lint and Format Check	Set up job	2026-05-09T15:42:30.2736414Z Discussions: write
Lint and Format Check	Set up job	2026-05-09T15:42:30.2736938Z Issues: write
Lint and Format Check	Set up job	2026-05-09T15:42:30.2737452Z Metadata: read
Lint and Format Check	Set up job	2026-05-09T15:42:30.2737983Z Models: read
Lint and Format Check	Set up job	2026-05-09T15:42:30.2738517Z Packages: write
Lint and Format Check	Set up job	2026-05-09T15:42:30.2739021Z Pages: write
Lint and Format Check	Set up job	2026-05-09T15:42:30.2739696Z PullRequests: write
Lint and Format Check	Set up job	2026-05-09T15:42:30.2740262Z RepositoryProjects: write
Lint and Format Check	Set up job	2026-05-09T15:42:30.2740847Z SecurityEvents: write
Lint and Format Check	Set up job	2026-05-09T15:42:30.2741438Z Statuses: write
Lint and Format Check	Set up job	2026-05-09T15:42:30.2741971Z VulnerabilityAlerts: read
Lint and Format Check	Set up job	2026-05-09T15:42:30.2742597Z ##[endgroup]
Lint and Format Check	Set up job	2026-05-09T15:42:30.2744966Z Secret source: Actions
Lint and Format Check	Set up job	2026-05-09T15:42:30.2745675Z Prepare workflow directory
Lint and Format Check	Set up job	2026-05-09T15:42:30.3335602Z Prepare all required actions
Lint and Format Check	Set up job	2026-05-09T15:42:30.3371673Z Getting action download info
Lint and Format Check	Set up job	2026-05-09T15:42:30.7868601Z Download action repository 'actions/checkout@v4' (SHA:34e114876b0b11c390a56381ad16ebd13914f8d5)
Lint and Format Check	Set up job	2026-05-09T15:42:30.9263434Z Download action repository 'dtolnay/rust-toolchain@stable' (SHA:29eef336d9b2848a0b548edc03f92a220660cdb8)
Lint and Format Check	Set up job	2026-05-09T15:42:31.1842080Z Download action repository 'actions/cache@v4' (SHA:0057852bfaa89a56745cba8c7296529d2fc39830)
Lint and Format Check	Set up job	2026-05-09T15:42:31.3941572Z Complete job name: Lint and Format Check
Lint and Format Check	Run actions/checkout@v4	﻿2026-05-09T15:42:31.4638525Z ##[group]Run actions/checkout@v4
Lint and Format Check	Run actions/checkout@v4	2026-05-09T15:42:31.4639445Z with:
Lint and Format Check	Run actions/checkout@v4	2026-05-09T15:42:31.4639907Z   repository: link-assistant/router
Lint and Format Check	Run actions/checkout@v4	2026-05-09T15:42:31.4640617Z   token: ***
Lint and Format Check	Run actions/checkout@v4	2026-05-09T15:42:31.4641032Z   ssh-strict: true
Lint and Format Check	Run actions/checkout@v4	2026-05-09T15:42:31.4641461Z   ssh-user: git
Lint and Format Check	Run actions/checkout@v4	2026-05-09T15:42:31.4641919Z   persist-credentials: true
Lint and Format Check	Run actions/checkout@v4	2026-05-09T15:42:31.4642418Z   clean: true
Lint and Format Check	Run actions/checkout@v4	2026-05-09T15:42:31.4642851Z   sparse-checkout-cone-mode: true
Lint and Format Check	Run actions/checkout@v4	2026-05-09T15:42:31.4643353Z   fetch-depth: 1
Lint and Format Check	Run actions/checkout@v4	2026-05-09T15:42:31.4643990Z   fetch-tags: false
Lint and Format Check	Run actions/checkout@v4	2026-05-09T15:42:31.4644459Z   show-progress: true
Lint and Format Check	Run actions/checkout@v4	2026-05-09T15:42:31.4644902Z   lfs: false
Lint and Format Check	Run actions/checkout@v4	2026-05-09T15:42:31.4645308Z   submodules: false
Lint and Format Check	Run actions/checkout@v4	2026-05-09T15:42:31.4645751Z   set-safe-directory: true
Lint and Format Check	Run actions/checkout@v4	2026-05-09T15:42:31.4646488Z env:
Lint and Format Check	Run actions/checkout@v4	2026-05-09T15:42:31.4646904Z   CARGO_TERM_COLOR: always
Lint and Format Check	Run actions/checkout@v4	2026-05-09T15:42:31.4647404Z   RUSTFLAGS: -Dwarnings
Lint and Format Check	Run actions/checkout@v4	2026-05-09T15:42:31.4648051Z   CARGO_REGISTRY_TOKEN: ***
Lint and Format Check	Run actions/checkout@v4	2026-05-09T15:42:31.4648614Z   DOCKERHUB_IMAGE: konard/link-assistant-router
Lint and Format Check	Run actions/checkout@v4	2026-05-09T15:42:31.4649237Z ##[endgroup]
Lint and Format Check	Run actions/checkout@v4	2026-05-09T15:42:31.5803223Z Syncing repository: link-assistant/router
Lint and Format Check	Run actions/checkout@v4	2026-05-09T15:42:31.5805878Z ##[group]Getting Git version info
Lint and Format Check	Run actions/checkout@v4	2026-05-09T15:42:31.5806645Z Working directory is '/home/runner/work/router/router'
Lint and Format Check	Run actions/checkout@v4	2026-05-09T15:42:31.5807646Z [command]/usr/bin/git version
Lint and Format Check	Run actions/checkout@v4	2026-05-09T15:42:31.5844726Z git version 2.53.0
Lint and Format Check	Run actions/checkout@v4	2026-05-09T15:42:31.5871516Z ##[endgroup]
Lint and Format Check	Run actions/checkout@v4	2026-05-09T15:42:31.5885590Z Temporarily overriding HOME='/home/runner/work/_temp/d60456ed-7fd6-456a-bf0a-2ac33cb597f2' before making global git config changes
Lint and Format Check	Run actions/checkout@v4	2026-05-09T15:42:31.5887540Z Adding repository directory to the temporary git global config as a safe directory
Lint and Format Check	Run actions/checkout@v4	2026-05-09T15:42:31.5890793Z [command]/usr/bin/git config --global --add safe.directory /home/runner/work/router/router
Lint and Format Check	Run actions/checkout@v4	2026-05-09T15:42:31.5921476Z Deleting the contents of '/home/runner/work/router/router'
Lint and Format Check	Run actions/checkout@v4	2026-05-09T15:42:31.5925133Z ##[group]Initializing the repository
Lint and Format Check	Run actions/checkout@v4	2026-05-09T15:42:31.5929120Z [command]/usr/bin/git init /home/runner/work/router/router
Lint and Format Check	Run actions/checkout@v4	2026-05-09T15:42:31.6020657Z hint: Using 'master' as the name for the initial branch. This default branch name
Lint and Format Check	Run actions/checkout@v4	2026-05-09T15:42:31.6022546Z hint: will change to "main" in Git 3.0. To configure the initial branch name
Lint and Format Check	Run actions/checkout@v4	2026-05-09T15:42:31.6023646Z hint: to use in all of your new repositories, which will suppress this warning,
Lint and Format Check	Run actions/checkout@v4	2026-05-09T15:42:31.6024768Z hint: call:
Lint and Format Check	Run actions/checkout@v4	2026-05-09T15:42:31.6025174Z hint:
Lint and Format Check	Run actions/checkout@v4	2026-05-09T15:42:31.6025694Z hint: 	git config --global init.defaultBranch <name>
Lint and Format Check	Run actions/checkout@v4	2026-05-09T15:42:31.6026335Z hint:
Lint and Format Check	Run actions/checkout@v4	2026-05-09T15:42:31.6027156Z hint: Names commonly chosen instead of 'master' are 'main', 'trunk' and
Lint and Format Check	Run actions/checkout@v4	2026-05-09T15:42:31.6028776Z hint: 'development'. The just-created branch can be renamed via this command:
Lint and Format Check	Run actions/checkout@v4	2026-05-09T15:42:31.6029533Z hint:
Lint and Format Check	Run actions/checkout@v4	2026-05-09T15:42:31.6029939Z hint: 	git branch -m <name>
Lint and Format Check	Run actions/checkout@v4	2026-05-09T15:42:31.6030411Z hint:
Lint and Format Check	Run actions/checkout@v4	2026-05-09T15:42:31.6031028Z hint: Disable this message with "git config set advice.defaultBranchName false"
Lint and Format Check	Run actions/checkout@v4	2026-05-09T15:42:31.6032013Z Initialized empty Git repository in /home/runner/work/router/router/.git/
Lint and Format Check	Run actions/checkout@v4	2026-05-09T15:42:31.6034456Z [command]/usr/bin/git remote add origin https://github.com/link-assistant/router
Lint and Format Check	Run actions/checkout@v4	2026-05-09T15:42:31.6062681Z ##[endgroup]
Lint and Format Check	Run actions/checkout@v4	2026-05-09T15:42:31.6063499Z ##[group]Disabling automatic garbage collection
Lint and Format Check	Run actions/checkout@v4	2026-05-09T15:42:31.6066898Z [command]/usr/bin/git config --local gc.auto 0
Lint and Format Check	Run actions/checkout@v4	2026-05-09T15:42:31.6094036Z ##[endgroup]
Lint and Format Check	Run actions/checkout@v4	2026-05-09T15:42:31.6094822Z ##[group]Setting up auth
Lint and Format Check	Run actions/checkout@v4	2026-05-09T15:42:31.6101211Z [command]/usr/bin/git config --local --name-only --get-regexp core\.sshCommand
Lint and Format Check	Run actions/checkout@v4	2026-05-09T15:42:31.6130143Z [command]/usr/bin/git submodule foreach --recursive sh -c "git config --local --name-only --get-regexp 'core\.sshCommand' && git config --local --unset-all 'core.sshCommand' || :"
Lint and Format Check	Run actions/checkout@v4	2026-05-09T15:42:31.6417465Z [command]/usr/bin/git config --local --name-only --get-regexp http\.https\:\/\/github\.com\/\.extraheader
Lint and Format Check	Run actions/checkout@v4	2026-05-09T15:42:31.6449913Z [command]/usr/bin/git submodule foreach --recursive sh -c "git config --local --name-only --get-regexp 'http\.https\:\/\/github\.com\/\.extraheader' && git config --local --unset-all 'http.https://github.com/.extraheader' || :"
Lint and Format Check	Run actions/checkout@v4	2026-05-09T15:42:31.6664775Z [command]/usr/bin/git config --local --name-only --get-regexp ^includeIf\.gitdir:
Lint and Format Check	Run actions/checkout@v4	2026-05-09T15:42:31.6695001Z [command]/usr/bin/git submodule foreach --recursive git config --local --show-origin --name-only --get-regexp remote.origin.url
Lint and Format Check	Run actions/checkout@v4	2026-05-09T15:42:31.6911801Z [command]/usr/bin/git config --local http.https://github.com/.extraheader AUTHORIZATION: basic ***
Lint and Format Check	Run actions/checkout@v4	2026-05-09T15:42:31.6945389Z ##[endgroup]
Lint and Format Check	Run actions/checkout@v4	2026-05-09T15:42:31.6946707Z ##[group]Fetching the repository
Lint and Format Check	Run actions/checkout@v4	2026-05-09T15:42:31.6953475Z [command]/usr/bin/git -c protocol.version=2 fetch --no-tags --prune --no-recurse-submodules --depth=1 origin +ba32e82dc793d7f93a9953448b25cb6ac18c737d:refs/remotes/pull/26/merge
Lint and Format Check	Run actions/checkout@v4	2026-05-09T15:42:32.5054784Z From https://github.com/link-assistant/router
Lint and Format Check	Run actions/checkout@v4	2026-05-09T15:42:32.5056415Z  * [new ref]         ba32e82dc793d7f93a9953448b25cb6ac18c737d -> pull/26/merge
Lint and Format Check	Run actions/checkout@v4	2026-05-09T15:42:32.5083346Z ##[endgroup]
Lint and Format Check	Run actions/checkout@v4	2026-05-09T15:42:32.5085360Z ##[group]Determining the checkout info
Lint and Format Check	Run actions/checkout@v4	2026-05-09T15:42:32.5086787Z ##[endgroup]
Lint and Format Check	Run actions/checkout@v4	2026-05-09T15:42:32.5090351Z [command]/usr/bin/git sparse-checkout disable
Lint and Format Check	Run actions/checkout@v4	2026-05-09T15:42:32.5126578Z [command]/usr/bin/git config --local --unset-all extensions.worktreeConfig
Lint and Format Check	Run actions/checkout@v4	2026-05-09T15:42:32.5151293Z ##[group]Checking out the ref
Lint and Format Check	Run actions/checkout@v4	2026-05-09T15:42:32.5154722Z [command]/usr/bin/git checkout --progress --force refs/remotes/pull/26/merge
Lint and Format Check	Run actions/checkout@v4	2026-05-09T15:42:32.5355096Z Note: switching to 'refs/remotes/pull/26/merge'.
Lint and Format Check	Run actions/checkout@v4	2026-05-09T15:42:32.5356485Z
Lint and Format Check	Run actions/checkout@v4	2026-05-09T15:42:32.5357532Z You are in 'detached HEAD' state. You can look around, make experimental
Lint and Format Check	Run actions/checkout@v4	2026-05-09T15:42:32.5359935Z changes and commit them, and you can discard any commits you make in this
Lint and Format Check	Run actions/checkout@v4	2026-05-09T15:42:32.5361808Z state without impacting any branches by switching back to a branch.
Lint and Format Check	Run actions/checkout@v4	2026-05-09T15:42:32.5363074Z
Lint and Format Check	Run actions/checkout@v4	2026-05-09T15:42:32.5364318Z If you want to create a new branch to retain commits you create, you may
Lint and Format Check	Run actions/checkout@v4	2026-05-09T15:42:32.5366280Z do so (now or later) by using -c with the switch command. Example:
Lint and Format Check	Run actions/checkout@v4	2026-05-09T15:42:32.5367422Z
Lint and Format Check	Run actions/checkout@v4	2026-05-09T15:42:32.5367885Z   git switch -c <new-branch-name>
Lint and Format Check	Run actions/checkout@v4	2026-05-09T15:42:32.5368778Z
Lint and Format Check	Run actions/checkout@v4	2026-05-09T15:42:32.5369139Z Or undo this operation with:
Lint and Format Check	Run actions/checkout@v4	2026-05-09T15:42:32.5369862Z
Lint and Format Check	Run actions/checkout@v4	2026-05-09T15:42:32.5370210Z   git switch -
Lint and Format Check	Run actions/checkout@v4	2026-05-09T15:42:32.5370772Z
Lint and Format Check	Run actions/checkout@v4	2026-05-09T15:42:32.5371743Z Turn off this advice by setting config variable advice.detachedHead to false
Lint and Format Check	Run actions/checkout@v4	2026-05-09T15:42:32.5373333Z
Lint and Format Check	Run actions/checkout@v4	2026-05-09T15:42:32.5375470Z HEAD is now at ba32e82 Merge d9869a554093bc9d7c450f42308aef4b391f307b into 32be51c7464978cfb12e66692bfe04b8849db236
Lint and Format Check	Run actions/checkout@v4	2026-05-09T15:42:32.5380092Z ##[endgroup]
Lint and Format Check	Run actions/checkout@v4	2026-05-09T15:42:32.5402740Z [command]/usr/bin/git log -1 --format=%H
Lint and Format Check	Run actions/checkout@v4	2026-05-09T15:42:32.5425199Z ba32e82dc793d7f93a9953448b25cb6ac18c737d
Lint and Format Check	Setup Rust	﻿2026-05-09T15:42:32.6086561Z ##[group]Run dtolnay/rust-toolchain@stable
Lint and Format Check	Setup Rust	2026-05-09T15:42:32.6087778Z with:
Lint and Format Check	Setup Rust	2026-05-09T15:42:32.6088588Z   components: rustfmt, clippy
Lint and Format Check	Setup Rust	2026-05-09T15:42:32.6089585Z   toolchain: stable
Lint and Format Check	Setup Rust	2026-05-09T15:42:32.6090421Z env:
Lint and Format Check	Setup Rust	2026-05-09T15:42:32.6091195Z   CARGO_TERM_COLOR: always
Lint and Format Check	Setup Rust	2026-05-09T15:42:32.6092168Z   RUSTFLAGS: -Dwarnings
Lint and Format Check	Setup Rust	2026-05-09T15:42:32.6093570Z   CARGO_REGISTRY_TOKEN: ***
Lint and Format Check	Setup Rust	2026-05-09T15:42:32.6094912Z   DOCKERHUB_IMAGE: konard/link-assistant-router
Lint and Format Check	Setup Rust	2026-05-09T15:42:32.6096125Z ##[endgroup]
Lint and Format Check	Setup Rust	2026-05-09T15:42:32.6251912Z ##[group]Run : parse toolchain version
Lint and Format Check	Setup Rust	2026-05-09T15:42:32.6253127Z ^[[36;1m: parse toolchain version^[[0m
Lint and Format Check	Setup Rust	2026-05-09T15:42:32.6254393Z ^[[36;1mif [[ -z $toolchain ]]; then^[[0m
Lint and Format Check	Setup Rust	2026-05-09T15:42:32.6256286Z ^[[36;1m  # GitHub does not enforce `required: true` inputs itself. https://github.com/actions/runner/issues/1070^[[0m
Lint and Format Check	Setup Rust	2026-05-09T15:42:32.6258347Z ^[[36;1m  echo "'toolchain' is a required input" >&2^[[0m
Lint and Format Check	Setup Rust	2026-05-09T15:42:32.6259485Z ^[[36;1m  exit 1^[[0m
Lint and Format Check	Setup Rust	2026-05-09T15:42:32.6260705Z ^[[36;1melif [[ $toolchain =~ ^stable' '[0-9]+' '(year|month|week|day)s?' 'ago$ ]]; then^[[0m
Lint and Format Check	Setup Rust	2026-05-09T15:42:32.6262305Z ^[[36;1m  if [[ Linux == macOS ]]; then^[[0m
Lint and Format Check	Setup Rust	2026-05-09T15:42:32.6264651Z ^[[36;1m    echo "toolchain=1.$((($(date -v-$(sed 's/stable \([0-9]*\) \(.\).*/\1\2/' <<< $toolchain) +%s)/60/60/24-16569)/7/6))" >> $GITHUB_OUTPUT^[[0m
Lint and Format Check	Setup Rust	2026-05-09T15:42:32.6266613Z ^[[36;1m  else^[[0m
Lint and Format Check	Setup Rust	2026-05-09T15:42:32.6268112Z ^[[36;1m    echo "toolchain=1.$((($(date --date "${toolchain#stable }" +%s)/60/60/24-16569)/7/6))" >> $GITHUB_OUTPUT^[[0m
Lint and Format Check	Setup Rust	2026-05-09T15:42:32.6269868Z ^[[36;1m  fi^[[0m
Lint and Format Check	Setup Rust	2026-05-09T15:42:32.6270978Z ^[[36;1melif [[ $toolchain =~ ^stable' 'minus' '[0-9]+' 'releases?$ ]]; then^[[0m
Lint and Format Check	Setup Rust	2026-05-09T15:42:32.6272950Z ^[[36;1m  echo "toolchain=1.$((($(date +%s)/60/60/24-16569)/7/6-${toolchain//[^0-9]/}))" >> $GITHUB_OUTPUT^[[0m
Lint and Format Check	Setup Rust	2026-05-09T15:42:32.6274852Z ^[[36;1melif [[ $toolchain =~ ^1\.[0-9]+$ ]]; then^[[0m
Lint and Format Check	Setup Rust	2026-05-09T15:42:32.6276839Z ^[[36;1m  echo "toolchain=1.$((i=${toolchain#1.}, c=($(date +%s)/60/60/24-16569)/7/6, i+9*i*(10*i<=c)+90*i*(100*i<=c)))" >> $GITHUB_OUTPUT^[[0m
Lint and Format Check	Setup Rust	2026-05-09T15:42:32.6278744Z ^[[36;1melse^[[0m
Lint and Format Check	Setup Rust	2026-05-09T15:42:32.6279681Z ^[[36;1m  echo "toolchain=$toolchain" >> $GITHUB_OUTPUT^[[0m
Lint and Format Check	Setup Rust	2026-05-09T15:42:32.6280838Z ^[[36;1mfi^[[0m
Lint and Format Check	Setup Rust	2026-05-09T15:42:32.6308884Z shell: /usr/bin/bash --noprofile --norc -e -o pipefail {0}
Lint and Format Check	Setup Rust	2026-05-09T15:42:32.6310152Z env:
Lint and Format Check	Setup Rust	2026-05-09T15:42:32.6310864Z   CARGO_TERM_COLOR: always
Lint and Format Check	Setup Rust	2026-05-09T15:42:32.6312031Z   RUSTFLAGS: -Dwarnings
Lint and Format Check	Setup Rust	2026-05-09T15:42:32.6313233Z   CARGO_REGISTRY_TOKEN: ***
Lint and Format Check	Setup Rust	2026-05-09T15:42:32.6314486Z   DOCKERHUB_IMAGE: konard/link-assistant-router
Lint and Format Check	Setup Rust	2026-05-09T15:42:32.6315628Z   toolchain: stable
Lint and Format Check	Setup Rust	2026-05-09T15:42:32.6316419Z ##[endgroup]
Lint and Format Check	Setup Rust	2026-05-09T15:42:32.6487736Z ##[group]Run : construct rustup command line
Lint and Format Check	Setup Rust	2026-05-09T15:42:32.6488888Z ^[[36;1m: construct rustup command line^[[0m
Lint and Format Check	Setup Rust	2026-05-09T15:42:32.6490506Z ^[[36;1mecho "targets=$(for t in ${targets//,/ }; do echo -n ' --target' $t; done)" >> $GITHUB_OUTPUT^[[0m
Lint and Format Check	Setup Rust	2026-05-09T15:42:32.6492811Z ^[[36;1mecho "components=$(for c in ${components//,/ }; do echo -n ' --component' $c; done)" >> $GITHUB_OUTPUT^[[0m
Lint and Format Check	Setup Rust	2026-05-09T15:42:32.6495143Z ^[[36;1mecho "downgrade=" >> $GITHUB_OUTPUT^[[0m
Lint and Format Check	Setup Rust	2026-05-09T15:42:32.6517755Z shell: /usr/bin/bash --noprofile --norc -e -o pipefail {0}
Lint and Format Check	Setup Rust	2026-05-09T15:42:32.6518954Z env:
Lint and Format Check	Setup Rust	2026-05-09T15:42:32.6519631Z   CARGO_TERM_COLOR: always
Lint and Format Check	Setup Rust	2026-05-09T15:42:32.6520494Z   RUSTFLAGS: -Dwarnings
Lint and Format Check	Setup Rust	2026-05-09T15:42:32.6521639Z   CARGO_REGISTRY_TOKEN: ***
Lint and Format Check	Setup Rust	2026-05-09T15:42:32.6522649Z   DOCKERHUB_IMAGE: konard/link-assistant-router
Lint and Format Check	Setup Rust	2026-05-09T15:42:32.6523963Z   targets:
Lint and Format Check	Setup Rust	2026-05-09T15:42:32.6524709Z   components: rustfmt, clippy
Lint and Format Check	Setup Rust	2026-05-09T15:42:32.6525602Z ##[endgroup]
Lint and Format Check	Setup Rust	2026-05-09T15:42:32.6641446Z ##[group]Run : set $CARGO_HOME
Lint and Format Check	Setup Rust	2026-05-09T15:42:32.6642414Z ^[[36;1m: set $CARGO_HOME^[[0m
Lint and Format Check	Setup Rust	2026-05-09T15:42:32.6643613Z ^[[36;1mecho CARGO_HOME=${CARGO_HOME:-"$HOME/.cargo"} >> $GITHUB_ENV^[[0m
Lint and Format Check	Setup Rust	2026-05-09T15:42:32.6666612Z shell: /usr/bin/bash --noprofile --norc -e -o pipefail {0}
Lint and Format Check	Setup Rust	2026-05-09T15:42:32.6667827Z env:
Lint and Format Check	Setup Rust	2026-05-09T15:42:32.6668747Z   CARGO_TERM_COLOR: always
Lint and Format Check	Setup Rust	2026-05-09T15:42:32.6669626Z   RUSTFLAGS: -Dwarnings
Lint and Format Check	Setup Rust	2026-05-09T15:42:32.6670821Z   CARGO_REGISTRY_TOKEN: ***
Lint and Format Check	Setup Rust	2026-05-09T15:42:32.6671827Z   DOCKERHUB_IMAGE: konard/link-assistant-router
Lint and Format Check	Setup Rust	2026-05-09T15:42:32.6672911Z ##[endgroup]
Lint and Format Check	Setup Rust	2026-05-09T15:42:32.6789396Z ##[group]Run : install rustup if needed
Lint and Format Check	Setup Rust	2026-05-09T15:42:32.6790491Z ^[[36;1m: install rustup if needed^[[0m
Lint and Format Check	Setup Rust	2026-05-09T15:42:32.6791603Z ^[[36;1mif ! command -v rustup &>/dev/null; then^[[0m
Lint and Format Check	Setup Rust	2026-05-09T15:42:32.6794591Z ^[[36;1m  curl --proto '=https' --tlsv1.2 --retry 10 --retry-connrefused --location --silent --show-error --fail https://sh.rustup.rs | sh -s -- --default-toolchain none -y^[[0m
Lint and Format Check	Setup Rust	2026-05-09T15:42:32.6797316Z ^[[36;1m  echo "$CARGO_HOME/bin" >> $GITHUB_PATH^[[0m
Lint and Format Check	Setup Rust	2026-05-09T15:42:32.6798379Z ^[[36;1mfi^[[0m
Lint and Format Check	Setup Rust	2026-05-09T15:42:32.6820956Z shell: /usr/bin/bash --noprofile --norc -e -o pipefail {0}
Lint and Format Check	Setup Rust	2026-05-09T15:42:32.6822175Z env:
Lint and Format Check	Setup Rust	2026-05-09T15:42:32.6822893Z   CARGO_TERM_COLOR: always
Lint and Format Check	Setup Rust	2026-05-09T15:42:32.6824083Z   RUSTFLAGS: -Dwarnings
Lint and Format Check	Setup Rust	2026-05-09T15:42:32.6825267Z   CARGO_REGISTRY_TOKEN: ***
Lint and Format Check	Setup Rust	2026-05-09T15:42:32.6826270Z   DOCKERHUB_IMAGE: konard/link-assistant-router
Lint and Format Check	Setup Rust	2026-05-09T15:42:32.6827431Z   CARGO_HOME: /home/runner/.cargo
Lint and Format Check	Setup Rust	2026-05-09T15:42:32.6828348Z ##[endgroup]
Lint and Format Check	Setup Rust	2026-05-09T15:42:32.6948145Z ##[group]Run rustup toolchain install stable --component rustfmt --component clippy --profile minimal --no-self-update
Lint and Format Check	Setup Rust	2026-05-09T15:42:32.6951018Z ^[[36;1mrustup toolchain install stable --component rustfmt --component clippy --profile minimal --no-self-update^[[0m
Lint and Format Check	Setup Rust	2026-05-09T15:42:32.6974637Z shell: /usr/bin/bash --noprofile --norc -e -o pipefail {0}
Lint and Format Check	Setup Rust	2026-05-09T15:42:32.6975845Z env:
Lint and Format Check	Setup Rust	2026-05-09T15:42:32.6976538Z   CARGO_TERM_COLOR: always
Lint and Format Check	Setup Rust	2026-05-09T15:42:32.6977415Z   RUSTFLAGS: -Dwarnings
Lint and Format Check	Setup Rust	2026-05-09T15:42:32.6978550Z   CARGO_REGISTRY_TOKEN: ***
Lint and Format Check	Setup Rust	2026-05-09T15:42:32.6979533Z   DOCKERHUB_IMAGE: konard/link-assistant-router
Lint and Format Check	Setup Rust	2026-05-09T15:42:32.6980644Z   CARGO_HOME: /home/runner/.cargo
Lint and Format Check	Setup Rust	2026-05-09T15:42:32.6981588Z   RUSTUP_PERMIT_COPY_RENAME: 1
Lint and Format Check	Setup Rust	2026-05-09T15:42:32.6982481Z ##[endgroup]
Lint and Format Check	Setup Rust	2026-05-09T15:42:32.8431784Z info: syncing channel updates for stable-x86_64-unknown-linux-gnu
Lint and Format Check	Setup Rust	2026-05-09T15:42:33.0210633Z info: latest update on 2026-04-16 for version 1.95.0 (59807616e 2026-04-14)
Lint and Format Check	Setup Rust	2026-05-09T15:42:33.0333060Z info: removing previous version of component clippy
Lint and Format Check	Setup Rust	2026-05-09T15:42:33.0347866Z info: removing previous version of component rustfmt
Lint and Format Check	Setup Rust	2026-05-09T15:42:33.0358737Z info: removing previous version of component cargo
Lint and Format Check	Setup Rust	2026-05-09T15:42:33.0402645Z info: removing previous version of component rust-std
Lint and Format Check	Setup Rust	2026-05-09T15:42:33.0449675Z info: removing previous version of component rustc
Lint and Format Check	Setup Rust	2026-05-09T15:42:33.0498804Z info: downloading 5 components
Lint and Format Check	Setup Rust	2026-05-09T15:42:41.1726666Z
Lint and Format Check	Setup Rust	2026-05-09T15:42:41.1812918Z   stable-x86_64-unknown-linux-gnu updated - rustc 1.95.0 (59807616e 2026-04-14) (from rustc 1.94.1 (e408947bf 2026-03-25))
Lint and Format Check	Setup Rust	2026-05-09T15:42:41.1816379Z
Lint and Format Check	Setup Rust	2026-05-09T15:42:41.1903531Z ##[group]Run rustup default stable
Lint and Format Check	Setup Rust	2026-05-09T15:42:41.1904190Z ^[[36;1mrustup default stable^[[0m
Lint and Format Check	Setup Rust	2026-05-09T15:42:41.1924976Z shell: /usr/bin/bash --noprofile --norc -e -o pipefail {0}
Lint and Format Check	Setup Rust	2026-05-09T15:42:41.1925334Z env:
Lint and Format Check	Setup Rust	2026-05-09T15:42:41.1925661Z   CARGO_TERM_COLOR: always
Lint and Format Check	Setup Rust	2026-05-09T15:42:41.1926072Z   RUSTFLAGS: -Dwarnings
Lint and Format Check	Setup Rust	2026-05-09T15:42:41.1926831Z   CARGO_REGISTRY_TOKEN: ***
Lint and Format Check	Setup Rust	2026-05-09T15:42:41.1927190Z   DOCKERHUB_IMAGE: konard/link-assistant-router
Lint and Format Check	Setup Rust	2026-05-09T15:42:41.1927496Z   CARGO_HOME: /home/runner/.cargo
Lint and Format Check	Setup Rust	2026-05-09T15:42:41.1927737Z ##[endgroup]
Lint and Format Check	Setup Rust	2026-05-09T15:42:41.2019356Z info: using existing install for stable-x86_64-unknown-linux-gnu
Lint and Format Check	Setup Rust	2026-05-09T15:42:41.2027122Z info: default toolchain set to stable-x86_64-unknown-linux-gnu
Lint and Format Check	Setup Rust	2026-05-09T15:42:41.2027689Z
Lint and Format Check	Setup Rust	2026-05-09T15:42:41.2093413Z   stable-x86_64-unknown-linux-gnu unchanged - rustc 1.95.0 (59807616e 2026-04-14)
Lint and Format Check	Setup Rust	2026-05-09T15:42:41.2094072Z
Lint and Format Check	Setup Rust	2026-05-09T15:42:41.2132374Z ##[group]Run : create cachekey
Lint and Format Check	Setup Rust	2026-05-09T15:42:41.2132659Z ^[[36;1m: create cachekey^[[0m
Lint and Format Check	Setup Rust	2026-05-09T15:42:41.2133147Z ^[[36;1mDATE=$(rustc +stable --version --verbose | sed -ne 's/^commit-date: \(20[0-9][0-9]\)-\([01][0-9]\)-\([0-3][0-9]\)$/\1\2\3/p')^[[0m
Lint and Format Check	Setup Rust	2026-05-09T15:42:41.2134350Z ^[[36;1mHASH=$(rustc +stable --version --verbose | sed -ne 's/^commit-hash: //p')^[[0m
Lint and Format Check	Setup Rust	2026-05-09T15:42:41.2134842Z ^[[36;1mecho "cachekey=$(echo $DATE$HASH | head -c12)" >> $GITHUB_OUTPUT^[[0m
Lint and Format Check	Setup Rust	2026-05-09T15:42:41.2154895Z shell: /usr/bin/bash --noprofile --norc -e -o pipefail {0}
Lint and Format Check	Setup Rust	2026-05-09T15:42:41.2155246Z env:
Lint and Format Check	Setup Rust	2026-05-09T15:42:41.2155435Z   CARGO_TERM_COLOR: always
Lint and Format Check	Setup Rust	2026-05-09T15:42:41.2155674Z   RUSTFLAGS: -Dwarnings
Lint and Format Check	Setup Rust	2026-05-09T15:42:41.2156043Z   CARGO_REGISTRY_TOKEN: ***
Lint and Format Check	Setup Rust	2026-05-09T15:42:41.2156304Z   DOCKERHUB_IMAGE: konard/link-assistant-router
Lint and Format Check	Setup Rust	2026-05-09T15:42:41.2156630Z   CARGO_HOME: /home/runner/.cargo
Lint and Format Check	Setup Rust	2026-05-09T15:42:41.2156886Z ##[endgroup]
Lint and Format Check	Setup Rust	2026-05-09T15:42:41.2492599Z ##[group]Run : disable incremental compilation
Lint and Format Check	Setup Rust	2026-05-09T15:42:41.2492975Z ^[[36;1m: disable incremental compilation^[[0m
Lint and Format Check	Setup Rust	2026-05-09T15:42:41.2493296Z ^[[36;1mif [ -z "${CARGO_INCREMENTAL+set}" ]; then^[[0m
Lint and Format Check	Setup Rust	2026-05-09T15:42:41.2493997Z ^[[36;1m  echo CARGO_INCREMENTAL=0 >> $GITHUB_ENV^[[0m
Lint and Format Check	Setup Rust	2026-05-09T15:42:41.2494345Z ^[[36;1mfi^[[0m
Lint and Format Check	Setup Rust	2026-05-09T15:42:41.2515014Z shell: /usr/bin/bash --noprofile --norc -e -o pipefail {0}
Lint and Format Check	Setup Rust	2026-05-09T15:42:41.2515351Z env:
Lint and Format Check	Setup Rust	2026-05-09T15:42:41.2515537Z   CARGO_TERM_COLOR: always
Lint and Format Check	Setup Rust	2026-05-09T15:42:41.2515765Z   RUSTFLAGS: -Dwarnings
Lint and Format Check	Setup Rust	2026-05-09T15:42:41.2516115Z   CARGO_REGISTRY_TOKEN: ***
Lint and Format Check	Setup Rust	2026-05-09T15:42:41.2516392Z   DOCKERHUB_IMAGE: konard/link-assistant-router
Lint and Format Check	Setup Rust	2026-05-09T15:42:41.2516697Z   CARGO_HOME: /home/runner/.cargo
Lint and Format Check	Setup Rust	2026-05-09T15:42:41.2516933Z ##[endgroup]
Lint and Format Check	Setup Rust	2026-05-09T15:42:41.2603153Z ##[group]Run : enable colors in Cargo output
Lint and Format Check	Setup Rust	2026-05-09T15:42:41.2603477Z ^[[36;1m: enable colors in Cargo output^[[0m
Lint and Format Check	Setup Rust	2026-05-09T15:42:41.2604112Z ^[[36;1mif [ -z "${CARGO_TERM_COLOR+set}" ]; then^[[0m
Lint and Format Check	Setup Rust	2026-05-09T15:42:41.2604456Z ^[[36;1m  echo CARGO_TERM_COLOR=always >> $GITHUB_ENV^[[0m
Lint and Format Check	Setup Rust	2026-05-09T15:42:41.2604731Z ^[[36;1mfi^[[0m
Lint and Format Check	Setup Rust	2026-05-09T15:42:41.2623586Z shell: /usr/bin/bash --noprofile --norc -e -o pipefail {0}
Lint and Format Check	Setup Rust	2026-05-09T15:42:41.2624239Z env:
Lint and Format Check	Setup Rust	2026-05-09T15:42:41.2624431Z   CARGO_TERM_COLOR: always
Lint and Format Check	Setup Rust	2026-05-09T15:42:41.2624657Z   RUSTFLAGS: -Dwarnings
Lint and Format Check	Setup Rust	2026-05-09T15:42:41.2625033Z   CARGO_REGISTRY_TOKEN: ***
Lint and Format Check	Setup Rust	2026-05-09T15:42:41.2625297Z   DOCKERHUB_IMAGE: konard/link-assistant-router
Lint and Format Check	Setup Rust	2026-05-09T15:42:41.2625596Z   CARGO_HOME: /home/runner/.cargo
Lint and Format Check	Setup Rust	2026-05-09T15:42:41.2625830Z   CARGO_INCREMENTAL: 0
Lint and Format Check	Setup Rust	2026-05-09T15:42:41.2626208Z ##[endgroup]
Lint and Format Check	Setup Rust	2026-05-09T15:42:41.2691729Z ##[group]Run : enable Cargo sparse registry
Lint and Format Check	Setup Rust	2026-05-09T15:42:41.2692061Z ^[[36;1m: enable Cargo sparse registry^[[0m
Lint and Format Check	Setup Rust	2026-05-09T15:42:41.2692418Z ^[[36;1m# implemented in 1.66, stabilized in 1.68, made default in 1.70^[[0m
Lint and Format Check	Setup Rust	2026-05-09T15:42:41.2693109Z ^[[36;1mif [ -z "${CARGO_REGISTRIES_CRATES_IO_PROTOCOL+set}" -o -f "/home/runner/work/_temp"/.implicit_cargo_registries_crates_io_protocol ]; then^[[0m
Lint and Format Check	Setup Rust	2026-05-09T15:42:41.2694181Z ^[[36;1m  if rustc +stable --version --verbose | grep -q '^release: 1\.6[89]\.'; then^[[0m
Lint and Format Check	Setup Rust	2026-05-09T15:42:41.2694773Z ^[[36;1m    touch "/home/runner/work/_temp"/.implicit_cargo_registries_crates_io_protocol || true^[[0m
Lint and Format Check	Setup Rust	2026-05-09T15:42:41.2695305Z ^[[36;1m    echo CARGO_REGISTRIES_CRATES_IO_PROTOCOL=sparse >> $GITHUB_ENV^[[0m
Lint and Format Check	Setup Rust	2026-05-09T15:42:41.2695815Z ^[[36;1m  elif rustc +stable --version --verbose | grep -q '^release: 1\.6[67]\.'; then^[[0m
Lint and Format Check	Setup Rust	2026-05-09T15:42:41.2696386Z ^[[36;1m    touch "/home/runner/work/_temp"/.implicit_cargo_registries_crates_io_protocol || true^[[0m
Lint and Format Check	Setup Rust	2026-05-09T15:42:41.2696904Z ^[[36;1m    echo CARGO_REGISTRIES_CRATES_IO_PROTOCOL=git >> $GITHUB_ENV^[[0m
Lint and Format Check	Setup Rust	2026-05-09T15:42:41.2697238Z ^[[36;1m  fi^[[0m
Lint and Format Check	Setup Rust	2026-05-09T15:42:41.2697418Z ^[[36;1mfi^[[0m
Lint and Format Check	Setup Rust	2026-05-09T15:42:41.2716402Z shell: /usr/bin/bash --noprofile --norc -e -o pipefail {0}
Lint and Format Check	Setup Rust	2026-05-09T15:42:41.2716777Z env:
Lint and Format Check	Setup Rust	2026-05-09T15:42:41.2716968Z   CARGO_TERM_COLOR: always
Lint and Format Check	Setup Rust	2026-05-09T15:42:41.2717189Z   RUSTFLAGS: -Dwarnings
Lint and Format Check	Setup Rust	2026-05-09T15:42:41.2717532Z   CARGO_REGISTRY_TOKEN: ***
Lint and Format Check	Setup Rust	2026-05-09T15:42:41.2717799Z   DOCKERHUB_IMAGE: konard/link-assistant-router
Lint and Format Check	Setup Rust	2026-05-09T15:42:41.2718258Z   CARGO_HOME: /home/runner/.cargo
Lint and Format Check	Setup Rust	2026-05-09T15:42:41.2718502Z   CARGO_INCREMENTAL: 0
Lint and Format Check	Setup Rust	2026-05-09T15:42:41.2718710Z ##[endgroup]
Lint and Format Check	Setup Rust	2026-05-09T15:42:41.3035003Z ##[group]Run : work around spurious network errors in curl 8.0
Lint and Format Check	Setup Rust	2026-05-09T15:42:41.3035471Z ^[[36;1m: work around spurious network errors in curl 8.0^[[0m
Lint and Format Check	Setup Rust	2026-05-09T15:42:41.3036046Z ^[[36;1m# https://rust-lang.zulipchat.com/#narrow/stream/246057-t-cargo/topic/timeout.20investigation^[[0m
Lint and Format Check	Setup Rust	2026-05-09T15:42:41.3036685Z ^[[36;1mif rustc +stable --version --verbose | grep -q '^release: 1\.7[01]\.'; then^[[0m
Lint and Format Check	Setup Rust	2026-05-09T15:42:41.3037134Z ^[[36;1m  echo CARGO_HTTP_MULTIPLEXING=false >> $GITHUB_ENV^[[0m
Lint and Format Check	Setup Rust	2026-05-09T15:42:41.3037440Z ^[[36;1mfi^[[0m
Lint and Format Check	Setup Rust	2026-05-09T15:42:41.3057984Z shell: /usr/bin/bash --noprofile --norc -e -o pipefail {0}
Lint and Format Check	Setup Rust	2026-05-09T15:42:41.3058320Z env:
Lint and Format Check	Setup Rust	2026-05-09T15:42:41.3058518Z   CARGO_TERM_COLOR: always
Lint and Format Check	Setup Rust	2026-05-09T15:42:41.3058752Z   RUSTFLAGS: -Dwarnings
Lint and Format Check	Setup Rust	2026-05-09T15:42:41.3059111Z   CARGO_REGISTRY_TOKEN: ***
Lint and Format Check	Setup Rust	2026-05-09T15:42:41.3059395Z   DOCKERHUB_IMAGE: konard/link-assistant-router
Lint and Format Check	Setup Rust	2026-05-09T15:42:41.3059686Z   CARGO_HOME: /home/runner/.cargo
Lint and Format Check	Setup Rust	2026-05-09T15:42:41.3059929Z   CARGO_INCREMENTAL: 0
Lint and Format Check	Setup Rust	2026-05-09T15:42:41.3060139Z ##[endgroup]
Lint and Format Check	Setup Rust	2026-05-09T15:42:41.3255020Z ##[group]Run rustc +stable --version --verbose
Lint and Format Check	Setup Rust	2026-05-09T15:42:41.3255441Z ^[[36;1mrustc +stable --version --verbose^[[0m
Lint and Format Check	Setup Rust	2026-05-09T15:42:41.3276307Z shell: /usr/bin/bash --noprofile --norc -e -o pipefail {0}
Lint and Format Check	Setup Rust	2026-05-09T15:42:41.3276680Z env:
Lint and Format Check	Setup Rust	2026-05-09T15:42:41.3276864Z   CARGO_TERM_COLOR: always
Lint and Format Check	Setup Rust	2026-05-09T15:42:41.3277091Z   RUSTFLAGS: -Dwarnings
Lint and Format Check	Setup Rust	2026-05-09T15:42:41.3277453Z   CARGO_REGISTRY_TOKEN: ***
Lint and Format Check	Setup Rust	2026-05-09T15:42:41.3277716Z   DOCKERHUB_IMAGE: konard/link-assistant-router
Lint and Format Check	Setup Rust	2026-05-09T15:42:41.3278012Z   CARGO_HOME: /home/runner/.cargo
Lint and Format Check	Setup Rust	2026-05-09T15:42:41.3278253Z   CARGO_INCREMENTAL: 0
Lint and Format Check	Setup Rust	2026-05-09T15:42:41.3278453Z ##[endgroup]
Lint and Format Check	Setup Rust	2026-05-09T15:42:41.3431085Z rustc 1.95.0 (59807616e 2026-04-14)
Lint and Format Check	Setup Rust	2026-05-09T15:42:41.3431774Z binary: rustc
Lint and Format Check	Setup Rust	2026-05-09T15:42:41.3432153Z commit-hash: 59807616e1fa2540724bfbac14d7976d7e4a3860
Lint and Format Check	Setup Rust	2026-05-09T15:42:41.3432528Z commit-date: 2026-04-14
Lint and Format Check	Setup Rust	2026-05-09T15:42:41.3432803Z host: x86_64-unknown-linux-gnu
Lint and Format Check	Setup Rust	2026-05-09T15:42:41.3433201Z release: 1.95.0
Lint and Format Check	Setup Rust	2026-05-09T15:42:41.3433838Z LLVM version: 22.1.2
Lint and Format Check	Install rust-script	﻿2026-05-09T15:42:41.3510386Z ##[group]Run cargo install rust-script
Lint and Format Check	Install rust-script	2026-05-09T15:42:41.3510750Z ^[[36;1mcargo install rust-script^[[0m
Lint and Format Check	Install rust-script	2026-05-09T15:42:41.3532305Z shell: /usr/bin/bash -e {0}
Lint and Format Check	Install rust-script	2026-05-09T15:42:41.3532565Z env:
Lint and Format Check	Install rust-script	2026-05-09T15:42:41.3532758Z   CARGO_TERM_COLOR: always
Lint and Format Check	Install rust-script	2026-05-09T15:42:41.3532990Z   RUSTFLAGS: -Dwarnings
Lint and Format Check	Install rust-script	2026-05-09T15:42:41.3533358Z   CARGO_REGISTRY_TOKEN: ***
Lint and Format Check	Install rust-script	2026-05-09T15:42:41.3533839Z   DOCKERHUB_IMAGE: konard/link-assistant-router
Lint and Format Check	Install rust-script	2026-05-09T15:42:41.3534150Z   CARGO_HOME: /home/runner/.cargo
Lint and Format Check	Install rust-script	2026-05-09T15:42:41.3534389Z   CARGO_INCREMENTAL: 0
Lint and Format Check	Install rust-script	2026-05-09T15:42:41.3534600Z ##[endgroup]
Lint and Format Check	Install rust-script	2026-05-09T15:42:41.3817279Z ^[[1m^[[92m    Updating^[[0m crates.io index
Lint and Format Check	Install rust-script	2026-05-09T15:42:41.4614328Z ^[[1m^[[92m Downloading^[[0m crates ...
Lint and Format Check	Install rust-script	2026-05-09T15:42:41.5212153Z ^[[1m^[[92m  Downloaded^[[0m rust-script v0.36.0
Lint and Format Check	Install rust-script	2026-05-09T15:42:41.5408402Z ^[[1m^[[92m  Installing^[[0m rust-script v0.36.0
Lint and Format Check	Install rust-script	2026-05-09T15:42:41.5561470Z ^[[1m^[[92m    Updating^[[0m crates.io index
Lint and Format Check	Install rust-script	2026-05-09T15:42:42.0011512Z ^[[1m^[[92m     Locking^[[0m 113 packages to latest compatible versions
Lint and Format Check	Install rust-script	2026-05-09T15:42:42.0065775Z ^[[1m^[[92m      Adding^[[0m generic-array v0.14.7 ^[[1m^[[33m(available: v0.14.9)^[[0m
Lint and Format Check	Install rust-script	2026-05-09T15:42:42.0209304Z ^[[1m^[[92m      Adding^[[0m sha1 v0.10.6 ^[[1m^[[33m(available: v0.11.0)^[[0m
Lint and Format Check	Install rust-script	2026-05-09T15:42:42.0240162Z ^[[1m^[[92m      Adding^[[0m toml v0.9.12+spec-1.1.0 ^[[1m^[[33m(available: v1.1.2+spec-1.1.0)^[[0m
Lint and Format Check	Install rust-script	2026-05-09T15:42:42.0283946Z ^[[1m^[[92m      Adding^[[0m winreg v0.55.0 ^[[1m^[[33m(available: v0.56.0)^[[0m
Lint and Format Check	Install rust-script	2026-05-09T15:42:42.0313881Z ^[[1m^[[92m Downloading^[[0m crates ...
Lint and Format Check	Install rust-script	2026-05-09T15:42:42.0944635Z ^[[1m^[[92m  Downloaded^[[0m anstyle-query v1.1.5
Lint and Format Check	Install rust-script	2026-05-09T15:42:42.1067158Z ^[[1m^[[92m  Downloaded^[[0m cfg-if v1.0.4
Lint and Format Check	Install rust-script	2026-05-09T15:42:42.1169806Z ^[[1m^[[92m  Downloaded^[[0m anstream v1.0.0
Lint and Format Check	Install rust-script	2026-05-09T15:42:42.1196684Z ^[[1m^[[92m  Downloaded^[[0m block-buffer v0.10.4
Lint and Format Check	Install rust-script	2026-05-09T15:42:42.1243432Z ^[[1m^[[92m  Downloaded^[[0m dirs-sys v0.5.0
Lint and Format Check	Install rust-script	2026-05-09T15:42:42.1255845Z ^[[1m^[[92m  Downloaded^[[0m anstyle v1.0.14
Lint and Format Check	Install rust-script	2026-05-09T15:42:42.1272319Z ^[[1m^[[92m  Downloaded^[[0m bitflags v2.11.1
Lint and Format Check	Install rust-script	2026-05-09T15:42:42.1324067Z ^[[1m^[[92m  Downloaded^[[0m serde_spanned v1.1.1
Lint and Format Check	Install rust-script	2026-05-09T15:42:42.1336797Z ^[[1m^[[92m  Downloaded^[[0m utf8parse v0.2.2
Lint and Format Check	Install rust-script	2026-05-09T15:42:42.1347641Z ^[[1m^[[92m  Downloaded^[[0m pulldown-cmark-escape v0.11.0
Lint and Format Check	Install rust-script	2026-05-09T15:42:42.1356900Z ^[[1m^[[92m  Downloaded^[[0m sha1 v0.10.6
Lint and Format Check	Install rust-script	2026-05-09T15:42:42.1373511Z ^[[1m^[[92m  Downloaded^[[0m option-ext v0.2.0
Lint and Format Check	Install rust-script	2026-05-09T15:42:42.1383822Z ^[[1m^[[92m  Downloaded^[[0m dirs v6.0.0
Lint and Format Check	Install rust-script	2026-05-09T15:42:42.1397640Z ^[[1m^[[92m  Downloaded^[[0m colorchoice v1.0.5
Lint and Format Check	Install rust-script	2026-05-09T15:42:42.1408161Z ^[[1m^[[92m  Downloaded^[[0m generic-array v0.14.7
Lint and Format Check	Install rust-script	2026-05-09T15:42:42.1422836Z ^[[1m^[[92m  Downloaded^[[0m env_filter v1.0.1
Lint and Format Check	Install rust-script	2026-05-09T15:42:42.1439009Z ^[[1m^[[92m  Downloaded^[[0m is_terminal_polyfill v1.70.2
Lint and Format Check	Install rust-script	2026-05-09T15:42:42.1451819Z ^[[1m^[[92m  Downloaded^[[0m errno v0.3.14
Lint and Format Check	Install rust-script	2026-05-09T15:42:42.1467675Z ^[[1m^[[92m  Downloaded^[[0m equivalent v1.0.2
Lint and Format Check	Install rust-script	2026-05-09T15:42:42.1479649Z ^[[1m^[[92m  Downloaded^[[0m version_check v0.9.5
Lint and Format Check	Install rust-script	2026-05-09T15:42:42.1492816Z ^[[1m^[[92m  Downloaded^[[0m cpufeatures v0.2.17
Lint and Format Check	Install rust-script	2026-05-09T15:42:42.1508225Z ^[[1m^[[92m  Downloaded^[[0m anstyle-parse v1.0.0
Lint and Format Check	Install rust-script	2026-05-09T15:42:42.1528485Z ^[[1m^[[92m  Downloaded^[[0m shell-words v1.1.1
Lint and Format Check	Install rust-script	2026-05-09T15:42:42.1539221Z ^[[1m^[[92m  Downloaded^[[0m crypto-common v0.1.7
Lint and Format Check	Install rust-script	2026-05-09T15:42:42.1599418Z ^[[1m^[[92m  Downloaded^[[0m getopts v0.2.24
Lint and Format Check	Install rust-script	2026-05-09T15:42:42.1621047Z ^[[1m^[[92m  Downloaded^[[0m unicase v2.9.0
Lint and Format Check	Install rust-script	2026-05-09T15:42:42.1636068Z ^[[1m^[[92m  Downloaded^[[0m strsim v0.11.1
Lint and Format Check	Install rust-script	2026-05-09T15:42:42.1651008Z ^[[1m^[[92m  Downloaded^[[0m env_logger v0.11.10
Lint and Format Check	Install rust-script	2026-05-09T15:42:42.1675317Z ^[[1m^[[92m  Downloaded^[[0m toml_writer v1.1.1+spec-1.1.0
Lint and Format Check	Install rust-script	2026-05-09T15:42:42.1690489Z ^[[1m^[[92m  Downloaded^[[0m clap_lex v1.1.0
Lint and Format Check	Install rust-script	2026-05-09T15:42:42.1701615Z ^[[1m^[[92m  Downloaded^[[0m digest v0.10.7
Lint and Format Check	Install rust-script	2026-05-09T15:42:42.1726196Z ^[[1m^[[92m  Downloaded^[[0m toml_datetime v0.7.5+spec-1.1.0
Lint and Format Check	Install rust-script	2026-05-09T15:42:42.1740003Z ^[[1m^[[92m  Downloaded^[[0m toml_parser v1.1.2+spec-1.1.0
Lint and Format Check	Install rust-script	2026-05-09T15:42:42.1763512Z ^[[1m^[[92m  Downloaded^[[0m once_cell v1.21.4
Lint and Format Check	Install rust-script	2026-05-09T15:42:42.1791274Z ^[[1m^[[92m  Downloaded^[[0m toml v0.9.12+spec-1.1.0
Lint and Format Check	Install rust-script	2026-05-09T15:42:42.1840868Z ^[[1m^[[92m  Downloaded^[[0m serde_core v1.0.228
Lint and Format Check	Install rust-script	2026-05-09T15:42:42.1869842Z ^[[1m^[[92m  Downloaded^[[0m getrandom v0.4.2
Lint and Format Check	Install rust-script	2026-05-09T15:42:42.1913424Z ^[[1m^[[92m  Downloaded^[[0m log v0.4.29
Lint and Format Check	Install rust-script	2026-05-09T15:42:42.1944547Z ^[[1m^[[92m  Downloaded^[[0m fastrand v2.4.1
Lint and Format Check	Install rust-script	2026-05-09T15:42:42.1960626Z ^[[1m^[[92m  Downloaded^[[0m memchr v2.8.0
Lint and Format Check	Install rust-script	2026-05-09T15:42:42.2017101Z ^[[1m^[[92m  Downloaded^[[0m typenum v1.20.0
Lint and Format Check	Install rust-script	2026-05-09T15:42:42.2060653Z ^[[1m^[[92m  Downloaded^[[0m indexmap v2.14.0
Lint and Format Check	Install rust-script	2026-05-09T15:42:42.2105262Z ^[[1m^[[92m  Downloaded^[[0m aho-corasick v1.1.4
Lint and Format Check	Install rust-script	2026-05-09T15:42:42.2164783Z ^[[1m^[[92m  Downloaded^[[0m clap v4.6.1
Lint and Format Check	Install rust-script	2026-05-09T15:42:42.2264080Z ^[[1m^[[92m  Downloaded^[[0m regex v1.12.3
Lint and Format Check	Install rust-script	2026-05-09T15:42:42.2320075Z ^[[1m^[[92m  Downloaded^[[0m winnow v1.0.2
Lint and Format Check	Install rust-script	2026-05-09T15:42:42.2419933Z ^[[1m^[[92m  Downloaded^[[0m winnow v0.7.15
Lint and Format Check	Install rust-script	2026-05-09T15:42:42.2519782Z ^[[1m^[[92m  Downloaded^[[0m clap_builder v4.6.0
Lint and Format Check	Install rust-script	2026-05-09T15:42:42.2584602Z ^[[1m^[[92m  Downloaded^[[0m pulldown-cmark v0.13.3
Lint and Format Check	Install rust-script	2026-05-09T15:42:42.2638680Z ^[[1m^[[92m  Downloaded^[[0m hashbrown v0.17.1
Lint and Format Check	Install rust-script	2026-05-09T15:42:42.2691858Z ^[[1m^[[92m  Downloaded^[[0m unicode-width v0.2.2
Lint and Format Check	Install rust-script	2026-05-09T15:42:42.2748738Z ^[[1m^[[92m  Downloaded^[[0m tempfile v3.27.0
Lint and Format Check	Install rust-script	2026-05-09T15:42:42.2779250Z ^[[1m^[[92m  Downloaded^[[0m regex-syntax v0.8.10
Lint and Format Check	Install rust-script	2026-05-09T15:42:42.2849720Z ^[[1m^[[92m  Downloaded^[[0m rustix v1.1.4
Lint and Format Check	Install rust-script	2026-05-09T15:42:42.3131123Z ^[[1m^[[92m  Downloaded^[[0m regex-automata v0.4.14
Lint and Format Check	Install rust-script	2026-05-09T15:42:42.3276101Z ^[[1m^[[92m  Downloaded^[[0m jiff v0.2.24
Lint and Format Check	Install rust-script	2026-05-09T15:42:42.3446233Z ^[[1m^[[92m  Downloaded^[[0m libc v0.2.186
Lint and Format Check	Install rust-script	2026-05-09T15:42:42.4035762Z ^[[1m^[[92m  Downloaded^[[0m linux-raw-sys v0.12.1
Lint and Format Check	Install rust-script	2026-05-09T15:42:42.4784432Z ^[[1m^[[92m   Compiling^[[0m version_check v0.9.5
Lint and Format Check	Install rust-script	2026-05-09T15:42:42.4785222Z ^[[1m^[[92m   Compiling^[[0m memchr v2.8.0
Lint and Format Check	Install rust-script	2026-05-09T15:42:42.4795811Z ^[[1m^[[92m   Compiling^[[0m libc v0.2.186
Lint and Format Check	Install rust-script	2026-05-09T15:42:42.4809572Z ^[[1m^[[92m   Compiling^[[0m typenum v1.20.0
Lint and Format Check	Install rust-script	2026-05-09T15:42:42.6849368Z ^[[1m^[[92m   Compiling^[[0m generic-array v0.14.7
Lint and Format Check	Install rust-script	2026-05-09T15:42:42.7159552Z ^[[1m^[[92m   Compiling^[[0m serde_core v1.0.228
Lint and Format Check	Install rust-script	2026-05-09T15:42:42.7726173Z ^[[1m^[[92m   Compiling^[[0m utf8parse v0.2.2
Lint and Format Check	Install rust-script	2026-05-09T15:42:42.8120367Z ^[[1m^[[92m   Compiling^[[0m anstyle-parse v1.0.0
Lint and Format Check	Install rust-script	2026-05-09T15:42:42.9315300Z ^[[1m^[[92m   Compiling^[[0m anstyle v1.0.14
Lint and Format Check	Install rust-script	2026-05-09T15:42:43.0985645Z ^[[1m^[[92m   Compiling^[[0m aho-corasick v1.1.4
Lint and Format Check	Install rust-script	2026-05-09T15:42:43.3255068Z ^[[1m^[[92m   Compiling^[[0m anstyle-query v1.1.5
Lint and Format Check	Install rust-script	2026-05-09T15:42:43.3658970Z ^[[1m^[[92m   Compiling^[[0m colorchoice v1.0.5
Lint and Format Check	Install rust-script	2026-05-09T15:42:43.4015263Z ^[[1m^[[92m   Compiling^[[0m is_terminal_polyfill v1.70.2
Lint and Format Check	Install rust-script	2026-05-09T15:42:43.4311733Z ^[[1m^[[92m   Compiling^[[0m regex-syntax v0.8.10
Lint and Format Check	Install rust-script	2026-05-09T15:42:43.7904254Z ^[[1m^[[92m   Compiling^[[0m anstream v1.0.0
Lint and Format Check	Install rust-script	2026-05-09T15:42:44.0965684Z ^[[1m^[[92m   Compiling^[[0m cfg-if v1.0.4
Lint and Format Check	Install rust-script	2026-05-09T15:42:44.1192825Z ^[[1m^[[92m   Compiling^[[0m rustix v1.1.4
Lint and Format Check	Install rust-script	2026-05-09T15:42:44.3065130Z ^[[1m^[[92m   Compiling^[[0m bitflags v2.11.1
Lint and Format Check	Install rust-script	2026-05-09T15:42:44.5454949Z ^[[1m^[[92m   Compiling^[[0m getrandom v0.4.2
Lint and Format Check	Install rust-script	2026-05-09T15:42:44.7115671Z ^[[1m^[[92m   Compiling^[[0m block-buffer v0.10.4
Lint and Format Check	Install rust-script	2026-05-09T15:42:44.7845741Z ^[[1m^[[92m   Compiling^[[0m crypto-common v0.1.7
Lint and Format Check	Install rust-script	2026-05-09T15:42:44.8332413Z ^[[1m^[[92m   Compiling^[[0m log v0.4.29
Lint and Format Check	Install rust-script	2026-05-09T15:42:44.9775115Z ^[[1m^[[92m   Compiling^[[0m unicode-width v0.2.2
Lint and Format Check	Install rust-script	2026-05-09T15:42:45.1615375Z ^[[1m^[[92m   Compiling^[[0m strsim v0.11.1
Lint and Format Check	Install rust-script	2026-05-09T15:42:45.6355121Z ^[[1m^[[92m   Compiling^[[0m regex-automata v0.4.14
Lint and Format Check	Install rust-script	2026-05-09T15:42:46.2657667Z ^[[1m^[[92m   Compiling^[[0m option-ext v0.2.0
Lint and Format Check	Install rust-script	2026-05-09T15:42:46.2952163Z ^[[1m^[[92m   Compiling^[[0m linux-raw-sys v0.12.1
Lint and Format Check	Install rust-script	2026-05-09T15:42:46.2994527Z ^[[1m^[[92m   Compiling^[[0m winnow v1.0.2
Lint and Format Check	Install rust-script	2026-05-09T15:42:46.6205669Z ^[[1m^[[92m   Compiling^[[0m pulldown-cmark v0.13.3
Lint and Format Check	Install rust-script	2026-05-09T15:42:46.6714834Z ^[[1m^[[92m   Compiling^[[0m clap_lex v1.1.0
Lint and Format Check	Install rust-script	2026-05-09T15:42:46.6916688Z ^[[1m^[[92m   Compiling^[[0m toml_parser v1.1.2+spec-1.1.0
Lint and Format Check	Install rust-script	2026-05-09T15:42:46.8658126Z ^[[1m^[[92m   Compiling^[[0m clap_builder v4.6.0
Lint and Format Check	Install rust-script	2026-05-09T15:42:47.6436231Z ^[[1m^[[92m   Compiling^[[0m dirs-sys v0.5.0
Lint and Format Check	Install rust-script	2026-05-09T15:42:47.9035116Z ^[[1m^[[92m   Compiling^[[0m serde_spanned v1.1.1
Lint and Format Check	Install rust-script	2026-05-09T15:42:47.9757112Z ^[[1m^[[92m   Compiling^[[0m toml_datetime v0.7.5+spec-1.1.0
Lint and Format Check	Install rust-script	2026-05-09T15:42:48.2414950Z ^[[1m^[[92m   Compiling^[[0m regex v1.12.3
Lint and Format Check	Install rust-script	2026-05-09T15:42:49.0321003Z ^[[1m^[[92m   Compiling^[[0m env_filter v1.0.1
Lint and Format Check	Install rust-script	2026-05-09T15:42:49.5205092Z ^[[1m^[[92m   Compiling^[[0m getopts v0.2.24
Lint and Format Check	Install rust-script	2026-05-09T15:42:49.6714990Z ^[[1m^[[92m   Compiling^[[0m digest v0.10.7
Lint and Format Check	Install rust-script	2026-05-09T15:42:49.9265558Z ^[[1m^[[92m   Compiling^[[0m unicase v2.9.0
Lint and Format Check	Install rust-script	2026-05-09T15:42:50.0785020Z ^[[1m^[[92m   Compiling^[[0m fastrand v2.4.1
Lint and Format Check	Install rust-script	2026-05-09T15:42:50.1357947Z ^[[1m^[[92m   Compiling^[[0m winnow v0.7.15
Lint and Format Check	Install rust-script	2026-05-09T15:42:50.2606313Z ^[[1m^[[92m   Compiling^[[0m cpufeatures v0.2.17
Lint and Format Check	Install rust-script	2026-05-09T15:42:50.2865120Z ^[[1m^[[92m   Compiling^[[0m jiff v0.2.24
Lint and Format Check	Install rust-script	2026-05-09T15:42:52.0183329Z ^[[1m^[[92m   Compiling^[[0m pulldown-cmark-escape v0.11.0
Lint and Format Check	Install rust-script	2026-05-09T15:42:52.0759197Z ^[[1m^[[92m   Compiling^[[0m once_cell v1.21.4
Lint and Format Check	Install rust-script	2026-05-09T15:42:52.0791197Z ^[[1m^[[92m   Compiling^[[0m toml_writer v1.1.1+spec-1.1.0
Lint and Format Check	Install rust-script	2026-05-09T15:42:52.2315254Z ^[[1m^[[92m   Compiling^[[0m toml v0.9.12+spec-1.1.0
Lint and Format Check	Install rust-script	2026-05-09T15:42:52.2474963Z ^[[1m^[[92m   Compiling^[[0m tempfile v3.27.0
Lint and Format Check	Install rust-script	2026-05-09T15:42:52.8495480Z ^[[1m^[[92m   Compiling^[[0m sha1 v0.10.6
Lint and Format Check	Install rust-script	2026-05-09T15:42:53.0366094Z ^[[1m^[[92m   Compiling^[[0m clap v4.6.1
Lint and Format Check	Install rust-script	2026-05-09T15:42:53.0664886Z ^[[1m^[[92m   Compiling^[[0m dirs v6.0.0
Lint and Format Check	Install rust-script	2026-05-09T15:42:53.1315172Z ^[[1m^[[92m   Compiling^[[0m shell-words v1.1.1
Lint and Format Check	Install rust-script	2026-05-09T15:42:53.8615231Z ^[[1m^[[92m   Compiling^[[0m env_logger v0.11.10
Lint and Format Check	Install rust-script	2026-05-09T15:42:55.1598694Z ^[[1m^[[92m   Compiling^[[0m rust-script v0.36.0
Lint and Format Check	Install rust-script	2026-05-09T15:43:15.1065444Z ^[[1m^[[92m    Finished^[[0m `release` profile [optimized] target(s) in 33.74s
Lint and Format Check	Install rust-script	2026-05-09T15:43:15.1318736Z ^[[1m^[[92m  Installing^[[0m /home/runner/.cargo/bin/rust-script
Lint and Format Check	Install rust-script	2026-05-09T15:43:15.1320193Z ^[[1m^[[92m   Installed^[[0m package `rust-script v0.36.0` (executable `rust-script`)
Lint and Format Check	Cache cargo registry	﻿2026-05-09T15:43:15.2489153Z ##[group]Run actions/cache@v4
Lint and Format Check	Cache cargo registry	2026-05-09T15:43:15.2489431Z with:
Lint and Format Check	Cache cargo registry	2026-05-09T15:43:15.2489649Z   path: ~/.cargo/registry
Lint and Format Check	Cache cargo registry	~/.cargo/git
Lint and Format Check	Cache cargo registry	target
Lint and Format Check	Cache cargo registry
Lint and Format Check	Cache cargo registry	2026-05-09T15:43:15.2490140Z   key: Linux-cargo-ac0211d997d3e826656b655bf41293f81ab5b7c9a34b27fad7ce87479ad874c5
Lint and Format Check	Cache cargo registry	2026-05-09T15:43:15.2490599Z   restore-keys: Linux-cargo-
Lint and Format Check	Cache cargo registry
Lint and Format Check	Cache cargo registry	2026-05-09T15:43:15.2490849Z   enableCrossOsArchive: false
Lint and Format Check	Cache cargo registry	2026-05-09T15:43:15.2491093Z   fail-on-cache-miss: false
Lint and Format Check	Cache cargo registry	2026-05-09T15:43:15.2491321Z   lookup-only: false
Lint and Format Check	Cache cargo registry	2026-05-09T15:43:15.2491528Z   save-always: false
Lint and Format Check	Cache cargo registry	2026-05-09T15:43:15.2491722Z env:
Lint and Format Check	Cache cargo registry	2026-05-09T15:43:15.2491894Z   CARGO_TERM_COLOR: always
Lint and Format Check	Cache cargo registry	2026-05-09T15:43:15.2492121Z   RUSTFLAGS: -Dwarnings
Lint and Format Check	Cache cargo registry	2026-05-09T15:43:15.2492496Z   CARGO_REGISTRY_TOKEN: ***
Lint and Format Check	Cache cargo registry	2026-05-09T15:43:15.2492771Z   DOCKERHUB_IMAGE: konard/link-assistant-router
Lint and Format Check	Cache cargo registry	2026-05-09T15:43:15.2493075Z   CARGO_HOME: /home/runner/.cargo
Lint and Format Check	Cache cargo registry	2026-05-09T15:43:15.2493313Z   CARGO_INCREMENTAL: 0
Lint and Format Check	Cache cargo registry	2026-05-09T15:43:15.2493516Z ##[endgroup]
Lint and Format Check	Cache cargo registry	2026-05-09T15:43:15.6294982Z Cache hit for: Linux-cargo-ac0211d997d3e826656b655bf41293f81ab5b7c9a34b27fad7ce87479ad874c5
Lint and Format Check	Cache cargo registry	2026-05-09T15:43:16.8997142Z Received 12582912 of 457105434 (2.8%), 12.0 MBs/sec
Lint and Format Check	Cache cargo registry	2026-05-09T15:43:17.9001217Z Received 134217728 of 457105434 (29.4%), 64.0 MBs/sec
Lint and Format Check	Cache cargo registry	2026-05-09T15:43:18.9031562Z Received 297795584 of 457105434 (65.1%), 94.6 MBs/sec
Lint and Format Check	Cache cargo registry	2026-05-09T15:43:19.9065024Z Received 457105434 of 457105434 (100.0%), 108.8 MBs/sec
Lint and Format Check	Cache cargo registry	2026-05-09T15:43:19.9067979Z Cache Size: ~436 MB (457105434 B)
Lint and Format Check	Cache cargo registry	2026-05-09T15:43:19.9110445Z [command]/usr/bin/tar -xf /home/runner/work/_temp/6900894c-0593-4a48-8ab8-ce1c78a48f60/cache.tzst -P -C /home/runner/work/router/router --use-compress-program unzstd
Lint and Format Check	Cache cargo registry	2026-05-09T15:43:22.8893000Z Cache restored successfully
Lint and Format Check	Cache cargo registry	2026-05-09T15:43:22.9393258Z Cache restored from key: Linux-cargo-ac0211d997d3e826656b655bf41293f81ab5b7c9a34b27fad7ce87479ad874c5
Lint and Format Check	Check formatting	﻿2026-05-09T15:43:23.0315488Z ##[group]Run cargo fmt --all -- --check
Lint and Format Check	Check formatting	2026-05-09T15:43:23.0315862Z ^[[36;1mcargo fmt --all -- --check^[[0m
Lint and Format Check	Check formatting	2026-05-09T15:43:23.0336600Z shell: /usr/bin/bash -e {0}
Lint and Format Check	Check formatting	2026-05-09T15:43:23.0336849Z env:
Lint and Format Check	Check formatting	2026-05-09T15:43:23.0337040Z   CARGO_TERM_COLOR: always
Lint and Format Check	Check formatting	2026-05-09T15:43:23.0337278Z   RUSTFLAGS: -Dwarnings
Lint and Format Check	Check formatting	2026-05-09T15:43:23.0337812Z   CARGO_REGISTRY_TOKEN: ***
Lint and Format Check	Check formatting	2026-05-09T15:43:23.0338088Z   DOCKERHUB_IMAGE: konard/link-assistant-router
Lint and Format Check	Check formatting	2026-05-09T15:43:23.0338389Z   CARGO_HOME: /home/runner/.cargo
Lint and Format Check	Check formatting	2026-05-09T15:43:23.0338629Z   CARGO_INCREMENTAL: 0
Lint and Format Check	Check formatting	2026-05-09T15:43:23.0338831Z ##[endgroup]
Lint and Format Check	Run Clippy	﻿2026-05-09T15:43:23.1336615Z ##[group]Run cargo clippy --all-targets --all-features
Lint and Format Check	Run Clippy	2026-05-09T15:43:23.1337033Z ^[[36;1mcargo clippy --all-targets --all-features^[[0m
Lint and Format Check	Run Clippy	2026-05-09T15:43:23.1357640Z shell: /usr/bin/bash -e {0}
Lint and Format Check	Run Clippy	2026-05-09T15:43:23.1357883Z env:
Lint and Format Check	Run Clippy	2026-05-09T15:43:23.1358069Z   CARGO_TERM_COLOR: always
Lint and Format Check	Run Clippy	2026-05-09T15:43:23.1358310Z   RUSTFLAGS: -Dwarnings
Lint and Format Check	Run Clippy	2026-05-09T15:43:23.1358695Z   CARGO_REGISTRY_TOKEN: ***
Lint and Format Check	Run Clippy	2026-05-09T15:43:23.1358962Z   DOCKERHUB_IMAGE: konard/link-assistant-router
Lint and Format Check	Run Clippy	2026-05-09T15:43:23.1359266Z   CARGO_HOME: /home/runner/.cargo
Lint and Format Check	Run Clippy	2026-05-09T15:43:23.1359512Z   CARGO_INCREMENTAL: 0
Lint and Format Check	Run Clippy	2026-05-09T15:43:23.1359715Z ##[endgroup]
Lint and Format Check	Run Clippy	2026-05-09T15:43:24.2768651Z ^[[1m^[[92m    Checking^[[0m pin-project-lite v0.2.16
Lint and Format Check	Run Clippy	2026-05-09T15:43:24.2769664Z ^[[1m^[[92m    Checking^[[0m libc v0.2.183
Lint and Format Check	Run Clippy	2026-05-09T15:43:24.2780634Z ^[[1m^[[92m    Checking^[[0m itoa v1.0.17
Lint and Format Check	Run Clippy	2026-05-09T15:43:24.2814938Z ^[[1m^[[92m    Checking^[[0m once_cell v1.21.4
Lint and Format Check	Run Clippy	2026-05-09T15:43:24.3105065Z ^[[1m^[[92m    Checking^[[0m bytes v1.11.0
Lint and Format Check	Run Clippy	2026-05-09T15:43:24.3666874Z ^[[1m^[[92m    Checking^[[0m futures-core v0.3.32
Lint and Format Check	Run Clippy	2026-05-09T15:43:24.3906943Z ^[[1m^[[92m    Checking^[[0m cfg-if v1.0.4
Lint and Format Check	Run Clippy	2026-05-09T15:43:24.4092083Z ^[[1m^[[92m    Checking^[[0m zerofrom v0.1.6
Lint and Format Check	Run Clippy	2026-05-09T15:43:24.4225435Z ^[[1m^[[92m    Checking^[[0m stable_deref_trait v1.2.1
Lint and Format Check	Run Clippy	2026-05-09T15:43:24.4454811Z ^[[1m^[[92m    Checking^[[0m log v0.4.29
Lint and Format Check	Run Clippy	2026-05-09T15:43:24.4645029Z ^[[1m^[[92m    Checking^[[0m yoke v0.8.1
Lint and Format Check	Run Clippy	2026-05-09T15:43:24.5635185Z ^[[1m^[[92m    Checking^[[0m tracing-core v0.1.36
Lint and Format Check	Run Clippy	2026-05-09T15:43:24.5735251Z ^[[1m^[[92m    Checking^[[0m zerovec v0.11.5
Lint and Format Check	Run Clippy	2026-05-09T15:43:24.7222514Z ^[[1m^[[92m    Checking^[[0m serde_core v1.0.228
Lint and Format Check	Run Clippy	2026-05-09T15:43:24.8345133Z ^[[1m^[[92m    Checking^[[0m tracing v0.1.44
Lint and Format Check	Run Clippy	2026-05-09T15:43:24.9604928Z ^[[1m^[[92m    Checking^[[0m http v1.4.0
Lint and Format Check	Run Clippy	2026-05-09T15:43:25.0124021Z ^[[1m^[[92m    Checking^[[0m smallvec v1.15.1
Lint and Format Check	Run Clippy	2026-05-09T15:43:25.1173048Z ^[[1m^[[92m    Checking^[[0m errno v0.3.14
Lint and Format Check	Run Clippy	2026-05-09T15:43:25.1375839Z ^[[1m^[[92m    Checking^[[0m mio v1.1.1
Lint and Format Check	Run Clippy	2026-05-09T15:43:25.1705066Z ^[[1m^[[92m    Checking^[[0m signal-hook-registry v1.4.8
Lint and Format Check	Run Clippy	2026-05-09T15:43:25.2564921Z ^[[1m^[[92m    Checking^[[0m socket2 v0.6.3
Lint and Format Check	Run Clippy	2026-05-09T15:43:25.3605410Z ^[[1m^[[92m    Checking^[[0m slab v0.4.12
Lint and Format Check	Run Clippy	2026-05-09T15:43:25.4544895Z ^[[1m^[[92m    Checking^[[0m tinystr v0.8.2
Lint and Format Check	Run Clippy	2026-05-09T15:43:25.4755254Z ^[[1m^[[92m    Checking^[[0m tokio v1.48.0
Lint and Format Check	Run Clippy	2026-05-09T15:43:25.5584938Z ^[[1m^[[92m    Checking^[[0m bitflags v2.11.0
Lint and Format Check	Run Clippy	2026-05-09T15:43:25.5705273Z ^[[1m^[[92m    Checking^[[0m http-body v1.0.1
Lint and Format Check	Run Clippy	2026-05-09T15:43:25.6295109Z ^[[1m^[[92m    Checking^[[0m litemap v0.8.1
Lint and Format Check	Run Clippy	2026-05-09T15:43:25.6525570Z ^[[1m^[[92m    Checking^[[0m writeable v0.6.2
Lint and Format Check	Run Clippy	2026-05-09T15:43:25.7465749Z ^[[1m^[[92m    Checking^[[0m potential_utf v0.1.4
Lint and Format Check	Run Clippy	2026-05-09T15:43:25.7514653Z ^[[1m^[[92m    Checking^[[0m icu_locale_core v2.1.1
Lint and Format Check	Run Clippy	2026-05-09T15:43:25.7981527Z ^[[1m^[[92m    Checking^[[0m zerotrie v0.2.3
Lint and Format Check	Run Clippy	2026-05-09T15:43:25.9975010Z ^[[1m^[[92m    Checking^[[0m futures-task v0.3.32
Lint and Format Check	Run Clippy	2026-05-09T15:43:26.0795021Z ^[[1m^[[92m    Checking^[[0m tower-service v0.3.3
Lint and Format Check	Run Clippy	2026-05-09T15:43:26.1065434Z ^[[1m^[[92m    Checking^[[0m percent-encoding v2.3.2
Lint and Format Check	Run Clippy	2026-05-09T15:43:26.1795049Z ^[[1m^[[92m    Checking^[[0m futures-sink v0.3.32
Lint and Format Check	Run Clippy	2026-05-09T15:43:26.2175114Z ^[[1m^[[92m    Checking^[[0m equivalent v1.0.2
Lint and Format Check	Run Clippy	2026-05-09T15:43:26.2424947Z ^[[1m^[[92m    Checking^[[0m hashbrown v0.16.1
Lint and Format Check	Run Clippy	2026-05-09T15:43:26.2985150Z ^[[1m^[[92m    Checking^[[0m icu_provider v2.1.1
Lint and Format Check	Run Clippy	2026-05-09T15:43:26.4642688Z ^[[1m^[[92m    Checking^[[0m futures-util v0.3.32
Lint and Format Check	Run Clippy	2026-05-09T15:43:26.6614057Z ^[[1m^[[92m    Checking^[[0m serde v1.0.228
Lint and Format Check	Run Clippy	2026-05-09T15:43:26.7164926Z ^[[1m^[[92m    Checking^[[0m indexmap v2.13.0
Lint and Format Check	Run Clippy	2026-05-09T15:43:27.0995470Z ^[[1m^[[92m    Checking^[[0m icu_collections v2.1.1
Lint and Format Check	Run Clippy	2026-05-09T15:43:27.2744877Z ^[[1m^[[92m    Checking^[[0m try-lock v0.2.5
Lint and Format Check	Run Clippy	2026-05-09T15:43:27.3085183Z ^[[1m^[[92m    Checking^[[0m atomic-waker v1.1.2
Lint and Format Check	Run Clippy	2026-05-09T15:43:27.3386213Z ^[[1m^[[92m    Checking^[[0m base64 v0.22.1
Lint and Format Check	Run Clippy	2026-05-09T15:43:27.3404550Z ^[[1m^[[92m    Checking^[[0m foreign-types-shared v0.1.1
Lint and Format Check	Run Clippy	2026-05-09T15:43:27.3636106Z ^[[1m^[[92m    Checking^[[0m fnv v1.0.7
Lint and Format Check	Run Clippy	2026-05-09T15:43:27.3934965Z ^[[1m^[[92m    Checking^[[0m foreign-types v0.3.2
Lint and Format Check	Run Clippy	2026-05-09T15:43:27.4174941Z ^[[1m^[[92m    Checking^[[0m want v0.3.1
Lint and Format Check	Run Clippy	2026-05-09T15:43:27.4684955Z ^[[1m^[[92m    Checking^[[0m num-traits v0.2.19
Lint and Format Check	Run Clippy	2026-05-09T15:43:27.5295095Z ^[[1m^[[92m    Checking^[[0m zmij v1.0.21
Lint and Format Check	Run Clippy	2026-05-09T15:43:27.7317640Z ^[[1m^[[92m    Checking^[[0m icu_normalizer_data v2.1.1
Lint and Format Check	Run Clippy	2026-05-09T15:43:27.7615065Z ^[[1m^[[92m    Checking^[[0m httparse v1.10.1
Lint and Format Check	Run Clippy	2026-05-09T15:43:27.9062555Z ^[[1m^[[92m    Checking^[[0m icu_properties_data v2.1.2
Lint and Format Check	Run Clippy	2026-05-09T15:43:27.9799350Z ^[[1m^[[92m    Checking^[[0m openssl-sys v0.9.112
Lint and Format Check	Run Clippy	2026-05-09T15:43:28.0187096Z ^[[1m^[[92m    Checking^[[0m futures-channel v0.3.32
Lint and Format Check	Run Clippy	2026-05-09T15:43:28.0254934Z ^[[1m^[[92m    Checking^[[0m sync_wrapper v1.0.2
Lint and Format Check	Run Clippy	2026-05-09T15:43:28.0574961Z ^[[1m^[[92m    Checking^[[0m pin-utils v0.1.0
Lint and Format Check	Run Clippy	2026-05-09T15:43:28.0777606Z ^[[1m^[[92m    Checking^[[0m utf8parse v0.2.2
Lint and Format Check	Run Clippy	2026-05-09T15:43:28.1155118Z ^[[1m^[[92m    Checking^[[0m typenum v1.20.0
Lint and Format Check	Run Clippy	2026-05-09T15:43:28.1539769Z ^[[1m^[[92m    Checking^[[0m memchr v2.8.0
Lint and Format Check	Run Clippy	2026-05-09T15:43:28.5105208Z ^[[1m^[[92m    Checking^[[0m tower-layer v0.3.3
Lint and Format Check	Run Clippy	2026-05-09T15:43:28.6145194Z ^[[1m^[[92m    Checking^[[0m httpdate v1.0.3
Lint and Format Check	Run Clippy	2026-05-09T15:43:28.6222145Z ^[[1m^[[92m    Checking^[[0m openssl v0.10.76
Lint and Format Check	Run Clippy	2026-05-09T15:43:28.6912038Z ^[[1m^[[92m    Checking^[[0m serde_json v1.0.149
Lint and Format Check	Run Clippy	2026-05-09T15:43:28.7525335Z ^[[1m^[[92m    Checking^[[0m generic-array v0.14.7
Lint and Format Check	Run Clippy	2026-05-09T15:43:28.9194895Z ^[[1m^[[92m    Checking^[[0m tokio-util v0.7.18
Lint and Format Check	Run Clippy	2026-05-09T15:43:29.2715592Z ^[[1m^[[92m    Checking^[[0m anstyle-parse v0.2.7
Lint and Format Check	Run Clippy	2026-05-09T15:43:29.3315466Z ^[[1m^[[92m    Checking^[[0m h2 v0.4.13
Lint and Format Check	Run Clippy	2026-05-09T15:43:29.3575451Z ^[[1m^[[92m    Checking^[[0m icu_properties v2.1.2
Lint and Format Check	Run Clippy	2026-05-09T15:43:29.4276088Z ^[[1m^[[92m    Checking^[[0m icu_normalizer v2.1.1
Lint and Format Check	Run Clippy	2026-05-09T15:43:29.6775220Z ^[[1m^[[92m    Checking^[[0m form_urlencoded v1.2.2
Lint and Format Check	Run Clippy	2026-05-09T15:43:29.7397046Z ^[[1m^[[92m    Checking^[[0m http-body-util v0.1.3
Lint and Format Check	Run Clippy	2026-05-09T15:43:29.9005109Z ^[[1m^[[92m    Checking^[[0m is_terminal_polyfill v1.70.2
Lint and Format Check	Run Clippy	2026-05-09T15:43:29.9404827Z ^[[1m^[[92m    Checking^[[0m colorchoice v1.0.5
Lint and Format Check	Run Clippy	2026-05-09T15:43:29.9744704Z ^[[1m^[[92m   Compiling^[[0m num-conv v0.2.0
Lint and Format Check	Run Clippy	2026-05-09T15:43:30.0384947Z ^[[1m^[[92m    Checking^[[0m anstyle v1.0.14
Lint and Format Check	Run Clippy	2026-05-09T15:43:30.1489857Z ^[[1m^[[92m   Compiling^[[0m time-core v0.1.8
Lint and Format Check	Run Clippy	2026-05-09T15:43:30.2475022Z ^[[1m^[[92m    Checking^[[0m ipnet v2.12.0
Lint and Format Check	Run Clippy	2026-05-09T15:43:30.3035010Z ^[[1m^[[92m    Checking^[[0m powerfmt v0.2.0
Lint and Format Check	Run Clippy	2026-05-09T15:43:30.4219804Z ^[[1m^[[92m    Checking^[[0m anstyle-query v1.1.5
Lint and Format Check	Run Clippy	2026-05-09T15:43:30.4244132Z ^[[1m^[[92m    Checking^[[0m openssl-probe v0.2.1
Lint and Format Check	Run Clippy	2026-05-09T15:43:30.4544641Z ^[[1m^[[92m    Checking^[[0m anstream v0.6.21
Lint and Format Check	Run Clippy	2026-05-09T15:43:30.4675205Z ^[[1m^[[92m    Checking^[[0m deranged v0.5.8
Lint and Format Check	Run Clippy	2026-05-09T15:43:30.5905131Z ^[[1m^[[92m    Checking^[[0m idna_adapter v1.2.1
Lint and Format Check	Run Clippy	2026-05-09T15:43:30.6325232Z ^[[1m^[[92m   Compiling^[[0m time-macros v0.2.27
Lint and Format Check	Run Clippy	2026-05-09T15:43:31.2665489Z ^[[1m^[[92m    Checking^[[0m native-tls v0.2.18
Lint and Format Check	Run Clippy	2026-05-09T15:43:31.3765001Z ^[[1m^[[92m    Checking^[[0m tower v0.5.3
Lint and Format Check	Run Clippy	2026-05-09T15:43:31.4928961Z ^[[1m^[[92m    Checking^[[0m num-integer v0.1.46
Lint and Format Check	Run Clippy	2026-05-09T15:43:31.6621244Z ^[[1m^[[92m    Checking^[[0m utf8_iter v1.0.4
Lint and Format Check	Run Clippy	2026-05-09T15:43:31.6644658Z ^[[1m^[[92m    Checking^[[0m regex-syntax v0.8.10
Lint and Format Check	Run Clippy	2026-05-09T15:43:31.7565337Z ^[[1m^[[92m    Checking^[[0m mime v0.3.17
Lint and Format Check	Run Clippy	2026-05-09T15:43:31.7775444Z ^[[1m^[[92m    Checking^[[0m ryu v1.0.23
Lint and Format Check	Run Clippy	2026-05-09T15:43:31.8476280Z ^[[1m^[[92m    Checking^[[0m strsim v0.11.1
Lint and Format Check	Run Clippy	2026-05-09T15:43:31.9445141Z ^[[1m^[[92m    Checking^[[0m clap_lex v1.1.0
Lint and Format Check	Run Clippy	2026-05-09T15:43:31.9534627Z ^[[1m^[[92m    Checking^[[0m time v0.3.47
Lint and Format Check	Run Clippy	2026-05-09T15:43:32.0215214Z ^[[1m^[[92m    Checking^[[0m clap_builder v4.5.60
Lint and Format Check	Run Clippy	2026-05-09T15:43:32.4215827Z ^[[1m^[[92m    Checking^[[0m hyper v1.8.1
Lint and Format Check	Run Clippy	2026-05-09T15:43:32.4635742Z ^[[1m^[[92m    Checking^[[0m regex-automata v0.4.14
Lint and Format Check	Run Clippy	2026-05-09T15:43:33.1745870Z ^[[1m^[[92m    Checking^[[0m dtor v0.0.6
Lint and Format Check	Run Clippy	2026-05-09T15:43:33.2075333Z ^[[1m^[[92m    Checking^[[0m serde_urlencoded v0.7.1
Lint and Format Check	Run Clippy	2026-05-09T15:43:33.3705373Z ^[[1m^[[92m    Checking^[[0m idna v1.1.0
Lint and Format Check	Run Clippy	2026-05-09T15:43:33.4115536Z ^[[1m^[[92m    Checking^[[0m hyper-util v0.1.20
Lint and Format Check	Run Clippy	2026-05-09T15:43:33.4205634Z ^[[1m^[[92m    Checking^[[0m thiserror v2.0.18
Lint and Format Check	Run Clippy	2026-05-09T15:43:33.4535148Z ^[[1m^[[92m    Checking^[[0m num-bigint v0.4.6
Lint and Format Check	Run Clippy	2026-05-09T15:43:33.5725507Z ^[[1m^[[92m    Checking^[[0m tokio-native-tls v0.3.1
Lint and Format Check	Run Clippy	2026-05-09T15:43:33.6524910Z ^[[1m^[[92m    Checking^[[0m getrandom v0.4.2
Lint and Format Check	Run Clippy	2026-05-09T15:43:33.7275084Z ^[[1m^[[92m    Checking^[[0m block-buffer v0.10.4
Lint and Format Check	Run Clippy	2026-05-09T15:43:33.7855120Z ^[[1m^[[92m    Checking^[[0m crypto-common v0.1.7
Lint and Format Check	Run Clippy	2026-05-09T15:43:33.8305045Z ^[[1m^[[92m    Checking^[[0m getrandom v0.2.17
Lint and Format Check	Run Clippy	2026-05-09T15:43:33.8924948Z ^[[1m^[[92m    Checking^[[0m untrusted v0.9.0
Lint and Format Check	Run Clippy	2026-05-09T15:43:33.9014960Z ^[[1m^[[92m    Checking^[[0m zeroize v1.8.2
Lint and Format Check	Run Clippy	2026-05-09T15:43:33.9374974Z ^[[1m^[[92m    Checking^[[0m lazy_static v1.5.0
Lint and Format Check	Run Clippy	2026-05-09T15:43:33.9644979Z ^[[1m^[[92m    Checking^[[0m iri-string v0.7.10
Lint and Format Check	Run Clippy	2026-05-09T15:43:33.9774966Z ^[[1m^[[92m    Checking^[[0m rustls-pki-types v1.14.0
Lint and Format Check	Run Clippy	2026-05-09T15:43:34.2105339Z ^[[1m^[[92m    Checking^[[0m sharded-slab v0.1.7
Lint and Format Check	Run Clippy	2026-05-09T15:43:34.3995441Z ^[[1m^[[92m    Checking^[[0m simple_asn1 v0.6.4
Lint and Format Check	Run Clippy	2026-05-09T15:43:34.5341589Z ^[[1m^[[92m    Checking^[[0m ctor v0.4.3
Lint and Format Check	Run Clippy	2026-05-09T15:43:34.5635153Z ^[[1m^[[92m    Checking^[[0m ring v0.17.14
Lint and Format Check	Run Clippy	2026-05-09T15:43:34.5985497Z ^[[1m^[[92m    Checking^[[0m thiserror v1.0.69
Lint and Format Check	Run Clippy	2026-05-09T15:43:34.6314955Z ^[[1m^[[92m    Checking^[[0m matchers v0.2.0
Lint and Format Check	Run Clippy	2026-05-09T15:43:34.6755663Z ^[[1m^[[92m    Checking^[[0m digest v0.10.7
Lint and Format Check	Run Clippy	2026-05-09T15:43:34.7015702Z ^[[1m^[[92m    Checking^[[0m hyper-tls v0.6.0
Lint and Format Check	Run Clippy	2026-05-09T15:43:34.7851721Z ^[[1m^[[92m    Checking^[[0m url v2.5.8
Lint and Format Check	Run Clippy	2026-05-09T15:43:34.7879686Z ^[[1m^[[92m    Checking^[[0m clap v4.5.60
Lint and Format Check	Run Clippy	2026-05-09T15:43:34.8165091Z ^[[1m^[[92m    Checking^[[0m axum-core v0.5.6
Lint and Format Check	Run Clippy	2026-05-09T15:43:35.1304936Z ^[[1m^[[92m    Checking^[[0m pem v3.0.6
Lint and Format Check	Run Clippy	2026-05-09T15:43:35.1625934Z ^[[1m^[[92m    Checking^[[0m tower-http v0.6.8
Lint and Format Check	Run Clippy	2026-05-09T15:43:35.2225431Z ^[[1m^[[92m    Checking^[[0m tracing-serde v0.2.0
Lint and Format Check	Run Clippy	2026-05-09T15:43:35.2985016Z ^[[1m^[[92m    Checking^[[0m serde_path_to_error v0.1.20
Lint and Format Check	Run Clippy	2026-05-09T15:43:35.5555034Z ^[[1m^[[92m    Checking^[[0m tracing-log v0.2.0
Lint and Format Check	Run Clippy	2026-05-09T15:43:35.6187108Z ^[[1m^[[92m    Checking^[[0m encoding_rs v0.8.35
Lint and Format Check	Run Clippy	2026-05-09T15:43:35.6275011Z ^[[1m^[[92m    Checking^[[0m thread_local v1.1.9
Lint and Format Check	Run Clippy	2026-05-09T15:43:35.7080549Z ^[[1m^[[92m    Checking^[[0m matchit v0.8.4
Lint and Format Check	Run Clippy	2026-05-09T15:43:35.8145374Z ^[[1m^[[92m    Checking^[[0m nu-ansi-term v0.50.3
Lint and Format Check	Run Clippy	2026-05-09T15:43:35.8475225Z ^[[1m^[[92m    Checking^[[0m lino-env v0.1.0
Lint and Format Check	Run Clippy	2026-05-09T15:43:35.8973425Z ^[[1m^[[92m    Checking^[[0m cpufeatures v0.2.17
Lint and Format Check	Run Clippy	2026-05-09T15:43:35.9225127Z ^[[1m^[[92m    Checking^[[0m iana-time-zone v0.1.65
Lint and Format Check	Run Clippy	2026-05-09T15:43:35.9715750Z ^[[1m^[[92m    Checking^[[0m dotenvy v0.15.7
Lint and Format Check	Run Clippy	2026-05-09T15:43:35.9752626Z ^[[1m^[[92m    Checking^[[0m chrono v0.4.44
Lint and Format Check	Run Clippy	2026-05-09T15:43:36.0535017Z ^[[1m^[[92m    Checking^[[0m axum v0.8.8
Lint and Format Check	Run Clippy	2026-05-09T15:43:36.0587154Z ^[[1m^[[92m    Checking^[[0m lino-arguments v0.3.0
Lint and Format Check	Run Clippy	2026-05-09T15:43:36.1527161Z ^[[1m^[[92m    Checking^[[0m tracing-subscriber v0.3.23
Lint and Format Check	Run Clippy	2026-05-09T15:43:36.5265249Z ^[[1m^[[92m    Checking^[[0m reqwest v0.12.28
Lint and Format Check	Run Clippy	2026-05-09T15:43:36.8675179Z ^[[1m^[[92m    Checking^[[0m sha2 v0.10.9
Lint and Format Check	Run Clippy	2026-05-09T15:43:37.0695773Z ^[[1m^[[92m    Checking^[[0m jsonwebtoken v9.3.1
Lint and Format Check	Run Clippy	2026-05-09T15:43:37.1174604Z ^[[1m^[[92m    Checking^[[0m uuid v1.22.0
Lint and Format Check	Run Clippy	2026-05-09T15:43:37.1232126Z ^[[1m^[[92m    Checking^[[0m linux-raw-sys v0.12.1
Lint and Format Check	Run Clippy	2026-05-09T15:43:37.3185449Z ^[[1m^[[92m    Checking^[[0m hex v0.4.3
Lint and Format Check	Run Clippy	2026-05-09T15:43:37.4105099Z ^[[1m^[[92m    Checking^[[0m log-lazy v0.1.0
Lint and Format Check	Run Clippy	2026-05-09T15:43:37.4755155Z ^[[1m^[[92m    Checking^[[0m rustix v1.1.4
Lint and Format Check	Run Clippy	2026-05-09T15:43:37.4804595Z ^[[1m^[[92m    Checking^[[0m async-stream v0.3.6
Lint and Format Check	Run Clippy	2026-05-09T15:43:37.5304968Z ^[[1m^[[92m    Checking^[[0m tokio-stream v0.1.17
Lint and Format Check	Run Clippy	2026-05-09T15:43:37.6349916Z ^[[1m^[[92m    Checking^[[0m fastrand v2.3.0
Lint and Format Check	Run Clippy	2026-05-09T15:43:37.7998226Z ^[[1m^[[92m    Checking^[[0m tokio-test v0.4.4
Lint and Format Check	Run Clippy	2026-05-09T15:43:38.3986840Z ^[[1m^[[92m    Checking^[[0m tempfile v3.27.0
Lint and Format Check	Run Clippy	2026-05-09T15:43:38.7926420Z ^[[1m^[[92m    Checking^[[0m link-assistant-router v0.13.0 (/home/runner/work/router/router)
Lint and Format Check	Run Clippy	2026-05-09T15:43:40.3623124Z ^[[1m^[[92m    Finished^[[0m `dev` profile [unoptimized + debuginfo] target(s) in 17.19s
Lint and Format Check	Check file size limit	﻿2026-05-09T15:43:40.3824016Z ##[group]Run rust-script scripts/check-file-size.rs
Lint and Format Check	Check file size limit	2026-05-09T15:43:40.3824453Z ^[[36;1mrust-script scripts/check-file-size.rs^[[0m
Lint and Format Check	Check file size limit	2026-05-09T15:43:40.3845204Z shell: /usr/bin/bash -e {0}
Lint and Format Check	Check file size limit	2026-05-09T15:43:40.3845446Z env:
Lint and Format Check	Check file size limit	2026-05-09T15:43:40.3845636Z   CARGO_TERM_COLOR: always
Lint and Format Check	Check file size limit	2026-05-09T15:43:40.3845865Z   RUSTFLAGS: -Dwarnings
Lint and Format Check	Check file size limit	2026-05-09T15:43:40.3846224Z   CARGO_REGISTRY_TOKEN: ***
Lint and Format Check	Check file size limit	2026-05-09T15:43:40.3846490Z   DOCKERHUB_IMAGE: konard/link-assistant-router
Lint and Format Check	Check file size limit	2026-05-09T15:43:40.3846791Z   CARGO_HOME: /home/runner/.cargo
Lint and Format Check	Check file size limit	2026-05-09T15:43:40.3847033Z   CARGO_INCREMENTAL: 0
Lint and Format Check	Check file size limit	2026-05-09T15:43:40.3847237Z ##[endgroup]
Lint and Format Check	Check file size limit	2026-05-09T15:43:41.3136462Z
Lint and Format Check	Check file size limit	2026-05-09T15:43:41.3137054Z Checking Rust files for maximum 1000 lines...
Lint and Format Check	Check file size limit	2026-05-09T15:43:41.3137366Z
Lint and Format Check	Check file size limit	2026-05-09T15:43:41.3253435Z All files are within the line limit
Lint and Format Check	Check file size limit	2026-05-09T15:43:41.3253961Z
Lint and Format Check	Post Cache cargo registry	﻿2026-05-09T15:43:41.8417540Z Post job cleanup.
Lint and Format Check	Post Cache cargo registry	2026-05-09T15:43:41.9732776Z Cache hit occurred on the primary key Linux-cargo-ac0211d997d3e826656b655bf41293f81ab5b7c9a34b27fad7ce87479ad874c5, not saving cache.
Lint and Format Check	Post Run actions/checkout@v4	﻿2026-05-09T15:43:41.9844297Z Post job cleanup.
Lint and Format Check	Post Run actions/checkout@v4	2026-05-09T15:43:42.0811826Z [command]/usr/bin/git version
Lint and Format Check	Post Run actions/checkout@v4	2026-05-09T15:43:42.0855259Z git version 2.53.0
Lint and Format Check	Post Run actions/checkout@v4	2026-05-09T15:43:42.0899464Z Temporarily overriding HOME='/home/runner/work/_temp/3348ef6e-013d-46fe-a033-e5efc973e850' before making global git config changes
Lint and Format Check	Post Run actions/checkout@v4	2026-05-09T15:43:42.0900960Z Adding repository directory to the temporary git global config as a safe directory
Lint and Format Check	Post Run actions/checkout@v4	2026-05-09T15:43:42.0906220Z [command]/usr/bin/git config --global --add safe.directory /home/runner/work/router/router
Lint and Format Check	Post Run actions/checkout@v4	2026-05-09T15:43:42.0940231Z [command]/usr/bin/git config --local --name-only --get-regexp core\.sshCommand
Lint and Format Check	Post Run actions/checkout@v4	2026-05-09T15:43:42.0971488Z [command]/usr/bin/git submodule foreach --recursive sh -c "git config --local --name-only --get-regexp 'core\.sshCommand' && git config --local --unset-all 'core.sshCommand' || :"
Lint and Format Check	Post Run actions/checkout@v4	2026-05-09T15:43:42.1194897Z [command]/usr/bin/git config --local --name-only --get-regexp http\.https\:\/\/github\.com\/\.extraheader
Lint and Format Check	Post Run actions/checkout@v4	2026-05-09T15:43:42.1211905Z http.https://github.com/.extraheader
Lint and Format Check	Post Run actions/checkout@v4	2026-05-09T15:43:42.1225320Z [command]/usr/bin/git config --local --unset-all http.https://github.com/.extraheader
Lint and Format Check	Post Run actions/checkout@v4	2026-05-09T15:43:42.1256225Z [command]/usr/bin/git submodule foreach --recursive sh -c "git config --local --name-only --get-regexp 'http\.https\:\/\/github\.com\/\.extraheader' && git config --local --unset-all 'http.https://github.com/.extraheader' || :"
Lint and Format Check	Post Run actions/checkout@v4	2026-05-09T15:43:42.1470903Z [command]/usr/bin/git config --local --name-only --get-regexp ^includeIf\.gitdir:
Lint and Format Check	Post Run actions/checkout@v4	2026-05-09T15:43:42.1501218Z [command]/usr/bin/git submodule foreach --recursive git config --local --show-origin --name-only --get-regexp remote.origin.url
Lint and Format Check	Complete job	﻿2026-05-09T15:43:42.1826409Z Cleaning up orphan processes
Lint and Format Check	Complete job	2026-05-09T15:43:42.2087840Z ##[warning]Node.js 20 actions are deprecated. The following actions are running on Node.js 20 and may not work as expected: actions/cache@v4, actions/checkout@v4. Actions will be forced to run with Node.js 24 by default starting June 2nd, 2026. Node.js 20 will be removed from the runner on September 16th, 2026. Please check if updated versions of these actions are available that support Node.js 24. To opt into Node.js 24 now, set the FORCE_JAVASCRIPT_ACTIONS_TO_NODE24=true environment variable on the runner or in your workflow file. Once Node.js 24 becomes the default, you can temporarily opt out by setting ACTIONS_ALLOW_USE_UNSECURE_NODE_VERSION=true. For more information see: https://github.blog/changelog/2025-09-19-deprecation-of-node-20-on-github-actions-runners/
Test (ubuntu-latest)	Set up job	﻿2026-05-09T15:43:26.9124174Z Current runner version: '2.334.0'
Test (ubuntu-latest)	Set up job	2026-05-09T15:43:26.9150482Z ##[group]Runner Image Provisioner
Test (ubuntu-latest)	Set up job	2026-05-09T15:43:26.9151761Z Hosted Compute Agent
Test (ubuntu-latest)	Set up job	2026-05-09T15:43:26.9152435Z Version: 20260213.493
Test (ubuntu-latest)	Set up job	2026-05-09T15:43:26.9153064Z Commit: 5c115507f6dd24b8de37d8bbe0bb4509d0cc0fa3
Test (ubuntu-latest)	Set up job	2026-05-09T15:43:26.9153768Z Build Date: 2026-02-13T00:28:41Z
Test (ubuntu-latest)	Set up job	2026-05-09T15:43:26.9154458Z Worker ID: {e91e10c5-f848-40b9-966c-4789602646d4}
Test (ubuntu-latest)	Set up job	2026-05-09T15:43:26.9155149Z Azure Region: eastus
Test (ubuntu-latest)	Set up job	2026-05-09T15:43:26.9155683Z ##[endgroup]
Test (ubuntu-latest)	Set up job	2026-05-09T15:43:26.9157722Z ##[group]Operating System
Test (ubuntu-latest)	Set up job	2026-05-09T15:43:26.9158406Z Ubuntu
Test (ubuntu-latest)	Set up job	2026-05-09T15:43:26.9159112Z 24.04.4
Test (ubuntu-latest)	Set up job	2026-05-09T15:43:26.9159681Z LTS
Test (ubuntu-latest)	Set up job	2026-05-09T15:43:26.9160166Z ##[endgroup]
Test (ubuntu-latest)	Set up job	2026-05-09T15:43:26.9160652Z ##[group]Runner Image
Test (ubuntu-latest)	Set up job	2026-05-09T15:43:26.9161262Z Image: ubuntu-24.04
Test (ubuntu-latest)	Set up job	2026-05-09T15:43:26.9161824Z Version: 20260413.86.1
Test (ubuntu-latest)	Set up job	2026-05-09T15:43:26.9162794Z Included Software: https://github.com/actions/runner-images/blob/ubuntu24/20260413.86/images/ubuntu/Ubuntu2404-Readme.md
Test (ubuntu-latest)	Set up job	2026-05-09T15:43:26.9164495Z Image Release: https://github.com/actions/runner-images/releases/tag/ubuntu24%2F20260413.86
Test (ubuntu-latest)	Set up job	2026-05-09T15:43:26.9165398Z ##[endgroup]
Test (ubuntu-latest)	Set up job	2026-05-09T15:43:26.9168298Z ##[group]GITHUB_TOKEN Permissions
Test (ubuntu-latest)	Set up job	2026-05-09T15:43:26.9171026Z Actions: write
Test (ubuntu-latest)	Set up job	2026-05-09T15:43:26.9171718Z ArtifactMetadata: write
Test (ubuntu-latest)	Set up job	2026-05-09T15:43:26.9172271Z Attestations: write
Test (ubuntu-latest)	Set up job	2026-05-09T15:43:26.9172807Z Checks: write
Test (ubuntu-latest)	Set up job	2026-05-09T15:43:26.9173412Z Contents: write
Test (ubuntu-latest)	Set up job	2026-05-09T15:43:26.9173899Z Deployments: write
Test (ubuntu-latest)	Set up job	2026-05-09T15:43:26.9174441Z Discussions: write
Test (ubuntu-latest)	Set up job	2026-05-09T15:43:26.9175006Z Issues: write
Test (ubuntu-latest)	Set up job	2026-05-09T15:43:26.9175541Z Metadata: read
Test (ubuntu-latest)	Set up job	2026-05-09T15:43:26.9176042Z Models: read
Test (ubuntu-latest)	Set up job	2026-05-09T15:43:26.9176990Z Packages: write
Test (ubuntu-latest)	Set up job	2026-05-09T15:43:26.9177619Z Pages: write
Test (ubuntu-latest)	Set up job	2026-05-09T15:43:26.9178283Z PullRequests: write
Test (ubuntu-latest)	Set up job	2026-05-09T15:43:26.9179249Z RepositoryProjects: write
Test (ubuntu-latest)	Set up job	2026-05-09T15:43:26.9179875Z SecurityEvents: write
Test (ubuntu-latest)	Set up job	2026-05-09T15:43:26.9180417Z Statuses: write
Test (ubuntu-latest)	Set up job	2026-05-09T15:43:26.9181010Z VulnerabilityAlerts: read
Test (ubuntu-latest)	Set up job	2026-05-09T15:43:26.9181607Z ##[endgroup]
Test (ubuntu-latest)	Set up job	2026-05-09T15:43:26.9183743Z Secret source: Actions
Test (ubuntu-latest)	Set up job	2026-05-09T15:43:26.9184821Z Prepare workflow directory
Test (ubuntu-latest)	Set up job	2026-05-09T15:43:26.9724051Z Prepare all required actions
Test (ubuntu-latest)	Set up job	2026-05-09T15:43:26.9761437Z Getting action download info
Test (ubuntu-latest)	Set up job	2026-05-09T15:43:27.3059681Z Download action repository 'actions/checkout@v4' (SHA:34e114876b0b11c390a56381ad16ebd13914f8d5)
Test (ubuntu-latest)	Set up job	2026-05-09T15:43:27.4495822Z Download action repository 'dtolnay/rust-toolchain@stable' (SHA:29eef336d9b2848a0b548edc03f92a220660cdb8)
Test (ubuntu-latest)	Set up job	2026-05-09T15:43:27.5508166Z Download action repository 'actions/cache@v4' (SHA:0057852bfaa89a56745cba8c7296529d2fc39830)
Test (ubuntu-latest)	Set up job	2026-05-09T15:43:27.7656168Z Complete job name: Test (ubuntu-latest)
Test (ubuntu-latest)	Run actions/checkout@v4	﻿2026-05-09T15:43:27.8319807Z ##[group]Run actions/checkout@v4
Test (ubuntu-latest)	Run actions/checkout@v4	2026-05-09T15:43:27.8320695Z with:
Test (ubuntu-latest)	Run actions/checkout@v4	2026-05-09T15:43:27.8321119Z   repository: link-assistant/router
Test (ubuntu-latest)	Run actions/checkout@v4	2026-05-09T15:43:27.8321792Z   token: ***
Test (ubuntu-latest)	Run actions/checkout@v4	2026-05-09T15:43:27.8322194Z   ssh-strict: true
Test (ubuntu-latest)	Run actions/checkout@v4	2026-05-09T15:43:27.8322594Z   ssh-user: git
Test (ubuntu-latest)	Run actions/checkout@v4	2026-05-09T15:43:27.8323025Z   persist-credentials: true
Test (ubuntu-latest)	Run actions/checkout@v4	2026-05-09T15:43:27.8323481Z   clean: true
Test (ubuntu-latest)	Run actions/checkout@v4	2026-05-09T15:43:27.8323901Z   sparse-checkout-cone-mode: true
Test (ubuntu-latest)	Run actions/checkout@v4	2026-05-09T15:43:27.8324394Z   fetch-depth: 1
Test (ubuntu-latest)	Run actions/checkout@v4	2026-05-09T15:43:27.8324786Z   fetch-tags: false
Test (ubuntu-latest)	Run actions/checkout@v4	2026-05-09T15:43:27.8325245Z   show-progress: true
Test (ubuntu-latest)	Run actions/checkout@v4	2026-05-09T15:43:27.8325659Z   lfs: false
Test (ubuntu-latest)	Run actions/checkout@v4	2026-05-09T15:43:27.8326040Z   submodules: false
Test (ubuntu-latest)	Run actions/checkout@v4	2026-05-09T15:43:27.8326461Z   set-safe-directory: true
Test (ubuntu-latest)	Run actions/checkout@v4	2026-05-09T15:43:27.8327106Z env:
Test (ubuntu-latest)	Run actions/checkout@v4	2026-05-09T15:43:27.8327497Z   CARGO_TERM_COLOR: always
Test (ubuntu-latest)	Run actions/checkout@v4	2026-05-09T15:43:27.8327966Z   RUSTFLAGS: -Dwarnings
Test (ubuntu-latest)	Run actions/checkout@v4	2026-05-09T15:43:27.8328753Z   CARGO_REGISTRY_TOKEN: ***
Test (ubuntu-latest)	Run actions/checkout@v4	2026-05-09T15:43:27.8329281Z   DOCKERHUB_IMAGE: konard/link-assistant-router
Test (ubuntu-latest)	Run actions/checkout@v4	2026-05-09T15:43:27.8329867Z ##[endgroup]
Test (ubuntu-latest)	Run actions/checkout@v4	2026-05-09T15:43:27.9509552Z Syncing repository: link-assistant/router
Test (ubuntu-latest)	Run actions/checkout@v4	2026-05-09T15:43:27.9512197Z ##[group]Getting Git version info
Test (ubuntu-latest)	Run actions/checkout@v4	2026-05-09T15:43:27.9513292Z Working directory is '/home/runner/work/router/router'
Test (ubuntu-latest)	Run actions/checkout@v4	2026-05-09T15:43:27.9514950Z [command]/usr/bin/git version
Test (ubuntu-latest)	Run actions/checkout@v4	2026-05-09T15:43:27.9546291Z git version 2.53.0
Test (ubuntu-latest)	Run actions/checkout@v4	2026-05-09T15:43:27.9577149Z ##[endgroup]
Test (ubuntu-latest)	Run actions/checkout@v4	2026-05-09T15:43:27.9595295Z Temporarily overriding HOME='/home/runner/work/_temp/56874a3f-c50d-485c-8b22-da00d3e4efd3' before making global git config changes
Test (ubuntu-latest)	Run actions/checkout@v4	2026-05-09T15:43:27.9597083Z Adding repository directory to the temporary git global config as a safe directory
Test (ubuntu-latest)	Run actions/checkout@v4	2026-05-09T15:43:27.9601473Z [command]/usr/bin/git config --global --add safe.directory /home/runner/work/router/router
Test (ubuntu-latest)	Run actions/checkout@v4	2026-05-09T15:43:27.9640110Z Deleting the contents of '/home/runner/work/router/router'
Test (ubuntu-latest)	Run actions/checkout@v4	2026-05-09T15:43:27.9643597Z ##[group]Initializing the repository
Test (ubuntu-latest)	Run actions/checkout@v4	2026-05-09T15:43:27.9648133Z [command]/usr/bin/git init /home/runner/work/router/router
Test (ubuntu-latest)	Run actions/checkout@v4	2026-05-09T15:43:27.9765006Z hint: Using 'master' as the name for the initial branch. This default branch name
Test (ubuntu-latest)	Run actions/checkout@v4	2026-05-09T15:43:27.9767071Z hint: will change to "main" in Git 3.0. To configure the initial branch name
Test (ubuntu-latest)	Run actions/checkout@v4	2026-05-09T15:43:27.9769262Z hint: to use in all of your new repositories, which will suppress this warning,
Test (ubuntu-latest)	Run actions/checkout@v4	2026-05-09T15:43:27.9770918Z hint: call:
Test (ubuntu-latest)	Run actions/checkout@v4	2026-05-09T15:43:27.9771823Z hint:
Test (ubuntu-latest)	Run actions/checkout@v4	2026-05-09T15:43:27.9772916Z hint: 	git config --global init.defaultBranch <name>
Test (ubuntu-latest)	Run actions/checkout@v4	2026-05-09T15:43:27.9774307Z hint:
Test (ubuntu-latest)	Run actions/checkout@v4	2026-05-09T15:43:27.9775427Z hint: Names commonly chosen instead of 'master' are 'main', 'trunk' and
Test (ubuntu-latest)	Run actions/checkout@v4	2026-05-09T15:43:27.9777143Z hint: 'development'. The just-created branch can be renamed via this command:
Test (ubuntu-latest)	Run actions/checkout@v4	2026-05-09T15:43:27.9778905Z hint:
Test (ubuntu-latest)	Run actions/checkout@v4	2026-05-09T15:43:27.9779903Z hint: 	git branch -m <name>
Test (ubuntu-latest)	Run actions/checkout@v4	2026-05-09T15:43:27.9780931Z hint:
Test (ubuntu-latest)	Run actions/checkout@v4	2026-05-09T15:43:27.9782134Z hint: Disable this message with "git config set advice.defaultBranchName false"
Test (ubuntu-latest)	Run actions/checkout@v4	2026-05-09T15:43:27.9783956Z Initialized empty Git repository in /home/runner/work/router/router/.git/
Test (ubuntu-latest)	Run actions/checkout@v4	2026-05-09T15:43:27.9787131Z [command]/usr/bin/git remote add origin https://github.com/link-assistant/router
Test (ubuntu-latest)	Run actions/checkout@v4	2026-05-09T15:43:27.9814321Z ##[endgroup]
Test (ubuntu-latest)	Run actions/checkout@v4	2026-05-09T15:43:27.9815718Z ##[group]Disabling automatic garbage collection
Test (ubuntu-latest)	Run actions/checkout@v4	2026-05-09T15:43:27.9819264Z [command]/usr/bin/git config --local gc.auto 0
Test (ubuntu-latest)	Run actions/checkout@v4	2026-05-09T15:43:27.9850806Z ##[endgroup]
Test (ubuntu-latest)	Run actions/checkout@v4	2026-05-09T15:43:27.9852126Z ##[group]Setting up auth
Test (ubuntu-latest)	Run actions/checkout@v4	2026-05-09T15:43:27.9858013Z [command]/usr/bin/git config --local --name-only --get-regexp core\.sshCommand
Test (ubuntu-latest)	Run actions/checkout@v4	2026-05-09T15:43:27.9890654Z [command]/usr/bin/git submodule foreach --recursive sh -c "git config --local --name-only --get-regexp 'core\.sshCommand' && git config --local --unset-all 'core.sshCommand' || :"
Test (ubuntu-latest)	Run actions/checkout@v4	2026-05-09T15:43:28.0224026Z [command]/usr/bin/git config --local --name-only --get-regexp http\.https\:\/\/github\.com\/\.extraheader
Test (ubuntu-latest)	Run actions/checkout@v4	2026-05-09T15:43:28.0253321Z [command]/usr/bin/git submodule foreach --recursive sh -c "git config --local --name-only --get-regexp 'http\.https\:\/\/github\.com\/\.extraheader' && git config --local --unset-all 'http.https://github.com/.extraheader' || :"
Test (ubuntu-latest)	Run actions/checkout@v4	2026-05-09T15:43:28.0470489Z [command]/usr/bin/git config --local --name-only --get-regexp ^includeIf\.gitdir:
Test (ubuntu-latest)	Run actions/checkout@v4	2026-05-09T15:43:28.0499969Z [command]/usr/bin/git submodule foreach --recursive git config --local --show-origin --name-only --get-regexp remote.origin.url
Test (ubuntu-latest)	Run actions/checkout@v4	2026-05-09T15:43:28.0721837Z [command]/usr/bin/git config --local http.https://github.com/.extraheader AUTHORIZATION: basic ***
Test (ubuntu-latest)	Run actions/checkout@v4	2026-05-09T15:43:28.0755852Z ##[endgroup]
Test (ubuntu-latest)	Run actions/checkout@v4	2026-05-09T15:43:28.0756709Z ##[group]Fetching the repository
Test (ubuntu-latest)	Run actions/checkout@v4	2026-05-09T15:43:28.0764869Z [command]/usr/bin/git -c protocol.version=2 fetch --no-tags --prune --no-recurse-submodules --depth=1 origin +ba32e82dc793d7f93a9953448b25cb6ac18c737d:refs/remotes/pull/26/merge
Test (ubuntu-latest)	Run actions/checkout@v4	2026-05-09T15:43:28.3053351Z From https://github.com/link-assistant/router
Test (ubuntu-latest)	Run actions/checkout@v4	2026-05-09T15:43:28.3055344Z  * [new ref]         ba32e82dc793d7f93a9953448b25cb6ac18c737d -> pull/26/merge
Test (ubuntu-latest)	Run actions/checkout@v4	2026-05-09T15:43:28.3084584Z ##[endgroup]
Test (ubuntu-latest)	Run actions/checkout@v4	2026-05-09T15:43:28.3085899Z ##[group]Determining the checkout info
Test (ubuntu-latest)	Run actions/checkout@v4	2026-05-09T15:43:28.3087378Z ##[endgroup]
Test (ubuntu-latest)	Run actions/checkout@v4	2026-05-09T15:43:28.3092435Z [command]/usr/bin/git sparse-checkout disable
Test (ubuntu-latest)	Run actions/checkout@v4	2026-05-09T15:43:28.3131388Z [command]/usr/bin/git config --local --unset-all extensions.worktreeConfig
Test (ubuntu-latest)	Run actions/checkout@v4	2026-05-09T15:43:28.3159129Z ##[group]Checking out the ref
Test (ubuntu-latest)	Run actions/checkout@v4	2026-05-09T15:43:28.3162817Z [command]/usr/bin/git checkout --progress --force refs/remotes/pull/26/merge
Test (ubuntu-latest)	Run actions/checkout@v4	2026-05-09T15:43:28.3365978Z Note: switching to 'refs/remotes/pull/26/merge'.
Test (ubuntu-latest)	Run actions/checkout@v4	2026-05-09T15:43:28.3367381Z
Test (ubuntu-latest)	Run actions/checkout@v4	2026-05-09T15:43:28.3368340Z You are in 'detached HEAD' state. You can look around, make experimental
Test (ubuntu-latest)	Run actions/checkout@v4	2026-05-09T15:43:28.3370613Z changes and commit them, and you can discard any commits you make in this
Test (ubuntu-latest)	Run actions/checkout@v4	2026-05-09T15:43:28.3371992Z state without impacting any branches by switching back to a branch.
Test (ubuntu-latest)	Run actions/checkout@v4	2026-05-09T15:43:28.3373000Z
Test (ubuntu-latest)	Run actions/checkout@v4	2026-05-09T15:43:28.3373869Z If you want to create a new branch to retain commits you create, you may
Test (ubuntu-latest)	Run actions/checkout@v4	2026-05-09T15:43:28.3375353Z do so (now or later) by using -c with the switch command. Example:
Test (ubuntu-latest)	Run actions/checkout@v4	2026-05-09T15:43:28.3376124Z
Test (ubuntu-latest)	Run actions/checkout@v4	2026-05-09T15:43:28.3376436Z   git switch -c <new-branch-name>
Test (ubuntu-latest)	Run actions/checkout@v4	2026-05-09T15:43:28.3377003Z
Test (ubuntu-latest)	Run actions/checkout@v4	2026-05-09T15:43:28.3377292Z Or undo this operation with:
Test (ubuntu-latest)	Run actions/checkout@v4	2026-05-09T15:43:28.3377812Z
Test (ubuntu-latest)	Run actions/checkout@v4	2026-05-09T15:43:28.3378069Z   git switch -
Test (ubuntu-latest)	Run actions/checkout@v4	2026-05-09T15:43:28.3378458Z
Test (ubuntu-latest)	Run actions/checkout@v4	2026-05-09T15:43:28.3379496Z Turn off this advice by setting config variable advice.detachedHead to false
Test (ubuntu-latest)	Run actions/checkout@v4	2026-05-09T15:43:28.3380532Z
Test (ubuntu-latest)	Run actions/checkout@v4	2026-05-09T15:43:28.3381717Z HEAD is now at ba32e82 Merge d9869a554093bc9d7c450f42308aef4b391f307b into 32be51c7464978cfb12e66692bfe04b8849db236
Test (ubuntu-latest)	Run actions/checkout@v4	2026-05-09T15:43:28.3385672Z ##[endgroup]
Test (ubuntu-latest)	Run actions/checkout@v4	2026-05-09T15:43:28.3414658Z [command]/usr/bin/git log -1 --format=%H
Test (ubuntu-latest)	Run actions/checkout@v4	2026-05-09T15:43:28.3437488Z ba32e82dc793d7f93a9953448b25cb6ac18c737d
Test (ubuntu-latest)	Setup Rust	﻿2026-05-09T15:43:28.4119850Z ##[group]Run dtolnay/rust-toolchain@stable
Test (ubuntu-latest)	Setup Rust	2026-05-09T15:43:28.4121016Z with:
Test (ubuntu-latest)	Setup Rust	2026-05-09T15:43:28.4121710Z   toolchain: stable
Test (ubuntu-latest)	Setup Rust	2026-05-09T15:43:28.4122478Z env:
Test (ubuntu-latest)	Setup Rust	2026-05-09T15:43:28.4123163Z   CARGO_TERM_COLOR: always
Test (ubuntu-latest)	Setup Rust	2026-05-09T15:43:28.4124067Z   RUSTFLAGS: -Dwarnings
Test (ubuntu-latest)	Setup Rust	2026-05-09T15:43:28.4125437Z   CARGO_REGISTRY_TOKEN: ***
Test (ubuntu-latest)	Setup Rust	2026-05-09T15:43:28.4126491Z   DOCKERHUB_IMAGE: konard/link-assistant-router
Test (ubuntu-latest)	Setup Rust	2026-05-09T15:43:28.4127623Z ##[endgroup]
Test (ubuntu-latest)	Setup Rust	2026-05-09T15:43:28.4285941Z ##[group]Run : parse toolchain version
Test (ubuntu-latest)	Setup Rust	2026-05-09T15:43:28.4287110Z ^[[36;1m: parse toolchain version^[[0m
Test (ubuntu-latest)	Setup Rust	2026-05-09T15:43:28.4288093Z ^[[36;1mif [[ -z $toolchain ]]; then^[[0m
Test (ubuntu-latest)	Setup Rust	2026-05-09T15:43:28.4290389Z ^[[36;1m  # GitHub does not enforce `required: true` inputs itself. https://github.com/actions/runner/issues/1070^[[0m
Test (ubuntu-latest)	Setup Rust	2026-05-09T15:43:28.4292378Z ^[[36;1m  echo "'toolchain' is a required input" >&2^[[0m
Test (ubuntu-latest)	Setup Rust	2026-05-09T15:43:28.4293454Z ^[[36;1m  exit 1^[[0m
Test (ubuntu-latest)	Setup Rust	2026-05-09T15:43:28.4294642Z ^[[36;1melif [[ $toolchain =~ ^stable' '[0-9]+' '(year|month|week|day)s?' 'ago$ ]]; then^[[0m
Test (ubuntu-latest)	Setup Rust	2026-05-09T15:43:28.4296173Z ^[[36;1m  if [[ Linux == macOS ]]; then^[[0m
Test (ubuntu-latest)	Setup Rust	2026-05-09T15:43:28.4298043Z ^[[36;1m    echo "toolchain=1.$((($(date -v-$(sed 's/stable \([0-9]*\) \(.\).*/\1\2/' <<< $toolchain) +%s)/60/60/24-16569)/7/6))" >> $GITHUB_OUTPUT^[[0m
Test (ubuntu-latest)	Setup Rust	2026-05-09T15:43:28.4300062Z ^[[36;1m  else^[[0m
Test (ubuntu-latest)	Setup Rust	2026-05-09T15:43:28.4301497Z ^[[36;1m    echo "toolchain=1.$((($(date --date "${toolchain#stable }" +%s)/60/60/24-16569)/7/6))" >> $GITHUB_OUTPUT^[[0m
Test (ubuntu-latest)	Setup Rust	2026-05-09T15:43:28.4303195Z ^[[36;1m  fi^[[0m
Test (ubuntu-latest)	Setup Rust	2026-05-09T15:43:28.4304259Z ^[[36;1melif [[ $toolchain =~ ^stable' 'minus' '[0-9]+' 'releases?$ ]]; then^[[0m
Test (ubuntu-latest)	Setup Rust	2026-05-09T15:43:28.4306198Z ^[[36;1m  echo "toolchain=1.$((($(date +%s)/60/60/24-16569)/7/6-${toolchain//[^0-9]/}))" >> $GITHUB_OUTPUT^[[0m
Test (ubuntu-latest)	Setup Rust	2026-05-09T15:43:28.4307882Z ^[[36;1melif [[ $toolchain =~ ^1\.[0-9]+$ ]]; then^[[0m
Test (ubuntu-latest)	Setup Rust	2026-05-09T15:43:28.4309923Z ^[[36;1m  echo "toolchain=1.$((i=${toolchain#1.}, c=($(date +%s)/60/60/24-16569)/7/6, i+9*i*(10*i<=c)+90*i*(100*i<=c)))" >> $GITHUB_OUTPUT^[[0m
Test (ubuntu-latest)	Setup Rust	2026-05-09T15:43:28.4311765Z ^[[36;1melse^[[0m
Test (ubuntu-latest)	Setup Rust	2026-05-09T15:43:28.4312642Z ^[[36;1m  echo "toolchain=$toolchain" >> $GITHUB_OUTPUT^[[0m
Test (ubuntu-latest)	Setup Rust	2026-05-09T15:43:28.4313736Z ^[[36;1mfi^[[0m
Test (ubuntu-latest)	Setup Rust	2026-05-09T15:43:28.4341151Z shell: /usr/bin/bash --noprofile --norc -e -o pipefail {0}
Test (ubuntu-latest)	Setup Rust	2026-05-09T15:43:28.4342371Z env:
Test (ubuntu-latest)	Setup Rust	2026-05-09T15:43:28.4343027Z   CARGO_TERM_COLOR: always
Test (ubuntu-latest)	Setup Rust	2026-05-09T15:43:28.4343863Z   RUSTFLAGS: -Dwarnings
Test (ubuntu-latest)	Setup Rust	2026-05-09T15:43:28.4345257Z   CARGO_REGISTRY_TOKEN: ***
Test (ubuntu-latest)	Setup Rust	2026-05-09T15:43:28.4346235Z   DOCKERHUB_IMAGE: konard/link-assistant-router
Test (ubuntu-latest)	Setup Rust	2026-05-09T15:43:28.4347287Z   toolchain: stable
Test (ubuntu-latest)	Setup Rust	2026-05-09T15:43:28.4347994Z ##[endgroup]
Test (ubuntu-latest)	Setup Rust	2026-05-09T15:43:28.4513548Z ##[group]Run : construct rustup command line
Test (ubuntu-latest)	Setup Rust	2026-05-09T15:43:28.4514705Z ^[[36;1m: construct rustup command line^[[0m
Test (ubuntu-latest)	Setup Rust	2026-05-09T15:43:28.4516298Z ^[[36;1mecho "targets=$(for t in ${targets//,/ }; do echo -n ' --target' $t; done)" >> $GITHUB_OUTPUT^[[0m
Test (ubuntu-latest)	Setup Rust	2026-05-09T15:43:28.4518862Z ^[[36;1mecho "components=$(for c in ${components//,/ }; do echo -n ' --component' $c; done)" >> $GITHUB_OUTPUT^[[0m
Test (ubuntu-latest)	Setup Rust	2026-05-09T15:43:28.4520722Z ^[[36;1mecho "downgrade=" >> $GITHUB_OUTPUT^[[0m
Test (ubuntu-latest)	Setup Rust	2026-05-09T15:43:28.4546340Z shell: /usr/bin/bash --noprofile --norc -e -o pipefail {0}
Test (ubuntu-latest)	Setup Rust	2026-05-09T15:43:28.4547517Z env:
Test (ubuntu-latest)	Setup Rust	2026-05-09T15:43:28.4548175Z   CARGO_TERM_COLOR: always
Test (ubuntu-latest)	Setup Rust	2026-05-09T15:43:28.4549507Z   RUSTFLAGS: -Dwarnings
Test (ubuntu-latest)	Setup Rust	2026-05-09T15:43:28.4550671Z   CARGO_REGISTRY_TOKEN: ***
Test (ubuntu-latest)	Setup Rust	2026-05-09T15:43:28.4551618Z   DOCKERHUB_IMAGE: konard/link-assistant-router
Test (ubuntu-latest)	Setup Rust	2026-05-09T15:43:28.4552662Z   targets:
Test (ubuntu-latest)	Setup Rust	2026-05-09T15:43:28.4553374Z   components:
Test (ubuntu-latest)	Setup Rust	2026-05-09T15:43:28.4554150Z ##[endgroup]
Test (ubuntu-latest)	Setup Rust	2026-05-09T15:43:28.4665014Z ##[group]Run : set $CARGO_HOME
Test (ubuntu-latest)	Setup Rust	2026-05-09T15:43:28.4665956Z ^[[36;1m: set $CARGO_HOME^[[0m
Test (ubuntu-latest)	Setup Rust	2026-05-09T15:43:28.4667226Z ^[[36;1mecho CARGO_HOME=${CARGO_HOME:-"$HOME/.cargo"} >> $GITHUB_ENV^[[0m
Test (ubuntu-latest)	Setup Rust	2026-05-09T15:43:28.4689074Z shell: /usr/bin/bash --noprofile --norc -e -o pipefail {0}
Test (ubuntu-latest)	Setup Rust	2026-05-09T15:43:28.4690315Z env:
Test (ubuntu-latest)	Setup Rust	2026-05-09T15:43:28.4690991Z   CARGO_TERM_COLOR: always
Test (ubuntu-latest)	Setup Rust	2026-05-09T15:43:28.4691850Z   RUSTFLAGS: -Dwarnings
Test (ubuntu-latest)	Setup Rust	2026-05-09T15:43:28.4693351Z   CARGO_REGISTRY_TOKEN: ***
Test (ubuntu-latest)	Setup Rust	2026-05-09T15:43:28.4694383Z   DOCKERHUB_IMAGE: konard/link-assistant-router
Test (ubuntu-latest)	Setup Rust	2026-05-09T15:43:28.4695447Z ##[endgroup]
Test (ubuntu-latest)	Setup Rust	2026-05-09T15:43:28.4803613Z ##[group]Run : install rustup if needed
Test (ubuntu-latest)	Setup Rust	2026-05-09T15:43:28.4804660Z ^[[36;1m: install rustup if needed^[[0m
Test (ubuntu-latest)	Setup Rust	2026-05-09T15:43:28.4805711Z ^[[36;1mif ! command -v rustup &>/dev/null; then^[[0m
Test (ubuntu-latest)	Setup Rust	2026-05-09T15:43:28.4808337Z ^[[36;1m  curl --proto '=https' --tlsv1.2 --retry 10 --retry-connrefused --location --silent --show-error --fail https://sh.rustup.rs | sh -s -- --default-toolchain none -y^[[0m
Test (ubuntu-latest)	Setup Rust	2026-05-09T15:43:28.4811230Z ^[[36;1m  echo "$CARGO_HOME/bin" >> $GITHUB_PATH^[[0m
Test (ubuntu-latest)	Setup Rust	2026-05-09T15:43:28.4812257Z ^[[36;1mfi^[[0m
Test (ubuntu-latest)	Setup Rust	2026-05-09T15:43:28.4833009Z shell: /usr/bin/bash --noprofile --norc -e -o pipefail {0}
Test (ubuntu-latest)	Setup Rust	2026-05-09T15:43:28.4834167Z env:
Test (ubuntu-latest)	Setup Rust	2026-05-09T15:43:28.4834824Z   CARGO_TERM_COLOR: always
Test (ubuntu-latest)	Setup Rust	2026-05-09T15:43:28.4835664Z   RUSTFLAGS: -Dwarnings
Test (ubuntu-latest)	Setup Rust	2026-05-09T15:43:28.4836771Z   CARGO_REGISTRY_TOKEN: ***
Test (ubuntu-latest)	Setup Rust	2026-05-09T15:43:28.4837738Z   DOCKERHUB_IMAGE: konard/link-assistant-router
Test (ubuntu-latest)	Setup Rust	2026-05-09T15:43:28.4839064Z   CARGO_HOME: /home/runner/.cargo
Test (ubuntu-latest)	Setup Rust	2026-05-09T15:43:28.4839961Z ##[endgroup]
Test (ubuntu-latest)	Setup Rust	2026-05-09T15:43:28.4953579Z ##[group]Run rustup toolchain install stable --profile minimal --no-self-update
Test (ubuntu-latest)	Setup Rust	2026-05-09T15:43:28.4955482Z ^[[36;1mrustup toolchain install stable --profile minimal --no-self-update^[[0m
Test (ubuntu-latest)	Setup Rust	2026-05-09T15:43:28.4976939Z shell: /usr/bin/bash --noprofile --norc -e -o pipefail {0}
Test (ubuntu-latest)	Setup Rust	2026-05-09T15:43:28.4978103Z env:
Test (ubuntu-latest)	Setup Rust	2026-05-09T15:43:28.4979102Z   CARGO_TERM_COLOR: always
Test (ubuntu-latest)	Setup Rust	2026-05-09T15:43:28.4979954Z   RUSTFLAGS: -Dwarnings
Test (ubuntu-latest)	Setup Rust	2026-05-09T15:43:28.4981067Z   CARGO_REGISTRY_TOKEN: ***
Test (ubuntu-latest)	Setup Rust	2026-05-09T15:43:28.4982006Z   DOCKERHUB_IMAGE: konard/link-assistant-router
Test (ubuntu-latest)	Setup Rust	2026-05-09T15:43:28.4983086Z   CARGO_HOME: /home/runner/.cargo
Test (ubuntu-latest)	Setup Rust	2026-05-09T15:43:28.4983984Z   RUSTUP_PERMIT_COPY_RENAME: 1
Test (ubuntu-latest)	Setup Rust	2026-05-09T15:43:28.4984824Z ##[endgroup]
Test (ubuntu-latest)	Setup Rust	2026-05-09T15:43:28.6704061Z info: syncing channel updates for stable-x86_64-unknown-linux-gnu
Test (ubuntu-latest)	Setup Rust	2026-05-09T15:43:28.7924548Z info: latest update on 2026-04-16 for version 1.95.0 (59807616e 2026-04-14)
Test (ubuntu-latest)	Setup Rust	2026-05-09T15:43:28.8079641Z info: removing previous version of component clippy
Test (ubuntu-latest)	Setup Rust	2026-05-09T15:43:28.8199054Z info: removing previous version of component rustfmt
Test (ubuntu-latest)	Setup Rust	2026-05-09T15:43:28.8210437Z info: removing previous version of component cargo
Test (ubuntu-latest)	Setup Rust	2026-05-09T15:43:28.8311491Z info: removing previous version of component rust-std
Test (ubuntu-latest)	Setup Rust	2026-05-09T15:43:28.8396969Z info: removing previous version of component rustc
Test (ubuntu-latest)	Setup Rust	2026-05-09T15:43:28.8451750Z info: downloading 5 components
Test (ubuntu-latest)	Setup Rust	2026-05-09T15:43:36.9547358Z
Test (ubuntu-latest)	Setup Rust	2026-05-09T15:43:36.9645926Z   stable-x86_64-unknown-linux-gnu updated - rustc 1.95.0 (59807616e 2026-04-14) (from rustc 1.94.1 (e408947bf 2026-03-25))
Test (ubuntu-latest)	Setup Rust	2026-05-09T15:43:36.9647268Z
Test (ubuntu-latest)	Setup Rust	2026-05-09T15:43:36.9736958Z ##[group]Run rustup default stable
Test (ubuntu-latest)	Setup Rust	2026-05-09T15:43:36.9737298Z ^[[36;1mrustup default stable^[[0m
Test (ubuntu-latest)	Setup Rust	2026-05-09T15:43:36.9760490Z shell: /usr/bin/bash --noprofile --norc -e -o pipefail {0}
Test (ubuntu-latest)	Setup Rust	2026-05-09T15:43:36.9760881Z env:
Test (ubuntu-latest)	Setup Rust	2026-05-09T15:43:36.9761093Z   CARGO_TERM_COLOR: always
Test (ubuntu-latest)	Setup Rust	2026-05-09T15:43:36.9761364Z   RUSTFLAGS: -Dwarnings
Test (ubuntu-latest)	Setup Rust	2026-05-09T15:43:36.9761867Z   CARGO_REGISTRY_TOKEN: ***
Test (ubuntu-latest)	Setup Rust	2026-05-09T15:43:36.9762168Z   DOCKERHUB_IMAGE: konard/link-assistant-router
Test (ubuntu-latest)	Setup Rust	2026-05-09T15:43:36.9762507Z   CARGO_HOME: /home/runner/.cargo
Test (ubuntu-latest)	Setup Rust	2026-05-09T15:43:36.9762771Z ##[endgroup]
Test (ubuntu-latest)	Setup Rust	2026-05-09T15:43:36.9859406Z info: using existing install for stable-x86_64-unknown-linux-gnu
Test (ubuntu-latest)	Setup Rust	2026-05-09T15:43:36.9866097Z info: default toolchain set to stable-x86_64-unknown-linux-gnu
Test (ubuntu-latest)	Setup Rust	2026-05-09T15:43:36.9866673Z
Test (ubuntu-latest)	Setup Rust	2026-05-09T15:43:36.9934365Z   stable-x86_64-unknown-linux-gnu unchanged - rustc 1.95.0 (59807616e 2026-04-14)
Test (ubuntu-latest)	Setup Rust	2026-05-09T15:43:36.9935125Z
Test (ubuntu-latest)	Setup Rust	2026-05-09T15:43:36.9985162Z ##[group]Run : create cachekey
Test (ubuntu-latest)	Setup Rust	2026-05-09T15:43:36.9985482Z ^[[36;1m: create cachekey^[[0m
Test (ubuntu-latest)	Setup Rust	2026-05-09T15:43:36.9986004Z ^[[36;1mDATE=$(rustc +stable --version --verbose | sed -ne 's/^commit-date: \(20[0-9][0-9]\)-\([01][0-9]\)-\([0-3][0-9]\)$/\1\2\3/p')^[[0m
Test (ubuntu-latest)	Setup Rust	2026-05-09T15:43:36.9986984Z ^[[36;1mHASH=$(rustc +stable --version --verbose | sed -ne 's/^commit-hash: //p')^[[0m
Test (ubuntu-latest)	Setup Rust	2026-05-09T15:43:36.9987523Z ^[[36;1mecho "cachekey=$(echo $DATE$HASH | head -c12)" >> $GITHUB_OUTPUT^[[0m
Test (ubuntu-latest)	Setup Rust	2026-05-09T15:43:37.0010064Z shell: /usr/bin/bash --noprofile --norc -e -o pipefail {0}
Test (ubuntu-latest)	Setup Rust	2026-05-09T15:43:37.0010444Z env:
Test (ubuntu-latest)	Setup Rust	2026-05-09T15:43:37.0010663Z   CARGO_TERM_COLOR: always
Test (ubuntu-latest)	Setup Rust	2026-05-09T15:43:37.0010916Z   RUSTFLAGS: -Dwarnings
Test (ubuntu-latest)	Setup Rust	2026-05-09T15:43:37.0011396Z   CARGO_REGISTRY_TOKEN: ***
Test (ubuntu-latest)	Setup Rust	2026-05-09T15:43:37.0011687Z   DOCKERHUB_IMAGE: konard/link-assistant-router
Test (ubuntu-latest)	Setup Rust	2026-05-09T15:43:37.0012049Z   CARGO_HOME: /home/runner/.cargo
Test (ubuntu-latest)	Setup Rust	2026-05-09T15:43:37.0012334Z ##[endgroup]
Test (ubuntu-latest)	Setup Rust	2026-05-09T15:43:37.0370058Z ##[group]Run : disable incremental compilation
Test (ubuntu-latest)	Setup Rust	2026-05-09T15:43:37.0370487Z ^[[36;1m: disable incremental compilation^[[0m
Test (ubuntu-latest)	Setup Rust	2026-05-09T15:43:37.0370837Z ^[[36;1mif [ -z "${CARGO_INCREMENTAL+set}" ]; then^[[0m
Test (ubuntu-latest)	Setup Rust	2026-05-09T15:43:37.0371220Z ^[[36;1m  echo CARGO_INCREMENTAL=0 >> $GITHUB_ENV^[[0m
Test (ubuntu-latest)	Setup Rust	2026-05-09T15:43:37.0371528Z ^[[36;1mfi^[[0m
Test (ubuntu-latest)	Setup Rust	2026-05-09T15:43:37.0393383Z shell: /usr/bin/bash --noprofile --norc -e -o pipefail {0}
Test (ubuntu-latest)	Setup Rust	2026-05-09T15:43:37.0393746Z env:
Test (ubuntu-latest)	Setup Rust	2026-05-09T15:43:37.0393964Z   CARGO_TERM_COLOR: always
Test (ubuntu-latest)	Setup Rust	2026-05-09T15:43:37.0394218Z   RUSTFLAGS: -Dwarnings
Test (ubuntu-latest)	Setup Rust	2026-05-09T15:43:37.0394643Z   CARGO_REGISTRY_TOKEN: ***
Test (ubuntu-latest)	Setup Rust	2026-05-09T15:43:37.0394934Z   DOCKERHUB_IMAGE: konard/link-assistant-router
Test (ubuntu-latest)	Setup Rust	2026-05-09T15:43:37.0395260Z   CARGO_HOME: /home/runner/.cargo
Test (ubuntu-latest)	Setup Rust	2026-05-09T15:43:37.0395536Z ##[endgroup]
Test (ubuntu-latest)	Setup Rust	2026-05-09T15:43:37.0497034Z ##[group]Run : enable colors in Cargo output
Test (ubuntu-latest)	Setup Rust	2026-05-09T15:43:37.0497392Z ^[[36;1m: enable colors in Cargo output^[[0m
Test (ubuntu-latest)	Setup Rust	2026-05-09T15:43:37.0497728Z ^[[36;1mif [ -z "${CARGO_TERM_COLOR+set}" ]; then^[[0m
Test (ubuntu-latest)	Setup Rust	2026-05-09T15:43:37.0498087Z ^[[36;1m  echo CARGO_TERM_COLOR=always >> $GITHUB_ENV^[[0m
Test (ubuntu-latest)	Setup Rust	2026-05-09T15:43:37.0498392Z ^[[36;1mfi^[[0m
Test (ubuntu-latest)	Setup Rust	2026-05-09T15:43:37.0519220Z shell: /usr/bin/bash --noprofile --norc -e -o pipefail {0}
Test (ubuntu-latest)	Setup Rust	2026-05-09T15:43:37.0519586Z env:
Test (ubuntu-latest)	Setup Rust	2026-05-09T15:43:37.0519796Z   CARGO_TERM_COLOR: always
Test (ubuntu-latest)	Setup Rust	2026-05-09T15:43:37.0520064Z   RUSTFLAGS: -Dwarnings
Test (ubuntu-latest)	Setup Rust	2026-05-09T15:43:37.0520471Z   CARGO_REGISTRY_TOKEN: ***
Test (ubuntu-latest)	Setup Rust	2026-05-09T15:43:37.0520760Z   DOCKERHUB_IMAGE: konard/link-assistant-router
Test (ubuntu-latest)	Setup Rust	2026-05-09T15:43:37.0521083Z   CARGO_HOME: /home/runner/.cargo
Test (ubuntu-latest)	Setup Rust	2026-05-09T15:43:37.0521352Z   CARGO_INCREMENTAL: 0
Test (ubuntu-latest)	Setup Rust	2026-05-09T15:43:37.0521579Z ##[endgroup]
Test (ubuntu-latest)	Setup Rust	2026-05-09T15:43:37.0599934Z ##[group]Run : enable Cargo sparse registry
Test (ubuntu-latest)	Setup Rust	2026-05-09T15:43:37.0600301Z ^[[36;1m: enable Cargo sparse registry^[[0m
Test (ubuntu-latest)	Setup Rust	2026-05-09T15:43:37.0600869Z ^[[36;1m# implemented in 1.66, stabilized in 1.68, made default in 1.70^[[0m
Test (ubuntu-latest)	Setup Rust	2026-05-09T15:43:37.0601607Z ^[[36;1mif [ -z "${CARGO_REGISTRIES_CRATES_IO_PROTOCOL+set}" -o -f "/home/runner/work/_temp"/.implicit_cargo_registries_crates_io_protocol ]; then^[[0m
Test (ubuntu-latest)	Setup Rust	2026-05-09T15:43:37.0602348Z ^[[36;1m  if rustc +stable --version --verbose | grep -q '^release: 1\.6[89]\.'; then^[[0m
Test (ubuntu-latest)	Setup Rust	2026-05-09T15:43:37.0602940Z ^[[36;1m    touch "/home/runner/work/_temp"/.implicit_cargo_registries_crates_io_protocol || true^[[0m
Test (ubuntu-latest)	Setup Rust	2026-05-09T15:43:37.0603507Z ^[[36;1m    echo CARGO_REGISTRIES_CRATES_IO_PROTOCOL=sparse >> $GITHUB_ENV^[[0m
Test (ubuntu-latest)	Setup Rust	2026-05-09T15:43:37.0604011Z ^[[36;1m  elif rustc +stable --version --verbose | grep -q '^release: 1\.6[67]\.'; then^[[0m
Test (ubuntu-latest)	Setup Rust	2026-05-09T15:43:37.0604587Z ^[[36;1m    touch "/home/runner/work/_temp"/.implicit_cargo_registries_crates_io_protocol || true^[[0m
Test (ubuntu-latest)	Setup Rust	2026-05-09T15:43:37.0605123Z ^[[36;1m    echo CARGO_REGISTRIES_CRATES_IO_PROTOCOL=git >> $GITHUB_ENV^[[0m
Test (ubuntu-latest)	Setup Rust	2026-05-09T15:43:37.0605488Z ^[[36;1m  fi^[[0m
Test (ubuntu-latest)	Setup Rust	2026-05-09T15:43:37.0605702Z ^[[36;1mfi^[[0m
Test (ubuntu-latest)	Setup Rust	2026-05-09T15:43:37.0626562Z shell: /usr/bin/bash --noprofile --norc -e -o pipefail {0}
Test (ubuntu-latest)	Setup Rust	2026-05-09T15:43:37.0626926Z env:
Test (ubuntu-latest)	Setup Rust	2026-05-09T15:43:37.0627151Z   CARGO_TERM_COLOR: always
Test (ubuntu-latest)	Setup Rust	2026-05-09T15:43:37.0627415Z   RUSTFLAGS: -Dwarnings
Test (ubuntu-latest)	Setup Rust	2026-05-09T15:43:37.0627837Z   CARGO_REGISTRY_TOKEN: ***
Test (ubuntu-latest)	Setup Rust	2026-05-09T15:43:37.0628133Z   DOCKERHUB_IMAGE: konard/link-assistant-router
Test (ubuntu-latest)	Setup Rust	2026-05-09T15:43:37.0628704Z   CARGO_HOME: /home/runner/.cargo
Test (ubuntu-latest)	Setup Rust	2026-05-09T15:43:37.0629015Z   CARGO_INCREMENTAL: 0
Test (ubuntu-latest)	Setup Rust	2026-05-09T15:43:37.0629455Z ##[endgroup]
Test (ubuntu-latest)	Setup Rust	2026-05-09T15:43:37.0956667Z ##[group]Run : work around spurious network errors in curl 8.0
Test (ubuntu-latest)	Setup Rust	2026-05-09T15:43:37.0957144Z ^[[36;1m: work around spurious network errors in curl 8.0^[[0m
Test (ubuntu-latest)	Setup Rust	2026-05-09T15:43:37.0957721Z ^[[36;1m# https://rust-lang.zulipchat.com/#narrow/stream/246057-t-cargo/topic/timeout.20investigation^[[0m
Test (ubuntu-latest)	Setup Rust	2026-05-09T15:43:37.0958370Z ^[[36;1mif rustc +stable --version --verbose | grep -q '^release: 1\.7[01]\.'; then^[[0m
Test (ubuntu-latest)	Setup Rust	2026-05-09T15:43:37.0959345Z ^[[36;1m  echo CARGO_HTTP_MULTIPLEXING=false >> $GITHUB_ENV^[[0m
Test (ubuntu-latest)	Setup Rust	2026-05-09T15:43:37.0959696Z ^[[36;1mfi^[[0m
Test (ubuntu-latest)	Setup Rust	2026-05-09T15:43:37.0982651Z shell: /usr/bin/bash --noprofile --norc -e -o pipefail {0}
Test (ubuntu-latest)	Setup Rust	2026-05-09T15:43:37.0983014Z env:
Test (ubuntu-latest)	Setup Rust	2026-05-09T15:43:37.0983237Z   CARGO_TERM_COLOR: always
Test (ubuntu-latest)	Setup Rust	2026-05-09T15:43:37.0983494Z   RUSTFLAGS: -Dwarnings
Test (ubuntu-latest)	Setup Rust	2026-05-09T15:43:37.0983916Z   CARGO_REGISTRY_TOKEN: ***
Test (ubuntu-latest)	Setup Rust	2026-05-09T15:43:37.0984211Z   DOCKERHUB_IMAGE: konard/link-assistant-router
Test (ubuntu-latest)	Setup Rust	2026-05-09T15:43:37.0984533Z   CARGO_HOME: /home/runner/.cargo
Test (ubuntu-latest)	Setup Rust	2026-05-09T15:43:37.0984817Z   CARGO_INCREMENTAL: 0
Test (ubuntu-latest)	Setup Rust	2026-05-09T15:43:37.0985059Z ##[endgroup]
Test (ubuntu-latest)	Setup Rust	2026-05-09T15:43:37.1180668Z ##[group]Run rustc +stable --version --verbose
Test (ubuntu-latest)	Setup Rust	2026-05-09T15:43:37.1181045Z ^[[36;1mrustc +stable --version --verbose^[[0m
Test (ubuntu-latest)	Setup Rust	2026-05-09T15:43:37.1203104Z shell: /usr/bin/bash --noprofile --norc -e -o pipefail {0}
Test (ubuntu-latest)	Setup Rust	2026-05-09T15:43:37.1203474Z env:
Test (ubuntu-latest)	Setup Rust	2026-05-09T15:43:37.1203686Z   CARGO_TERM_COLOR: always
Test (ubuntu-latest)	Setup Rust	2026-05-09T15:43:37.1203966Z   RUSTFLAGS: -Dwarnings
Test (ubuntu-latest)	Setup Rust	2026-05-09T15:43:37.1204378Z   CARGO_REGISTRY_TOKEN: ***
Test (ubuntu-latest)	Setup Rust	2026-05-09T15:43:37.1204667Z   DOCKERHUB_IMAGE: konard/link-assistant-router
Test (ubuntu-latest)	Setup Rust	2026-05-09T15:43:37.1204995Z   CARGO_HOME: /home/runner/.cargo
Test (ubuntu-latest)	Setup Rust	2026-05-09T15:43:37.1205267Z   CARGO_INCREMENTAL: 0
Test (ubuntu-latest)	Setup Rust	2026-05-09T15:43:37.1205498Z ##[endgroup]
Test (ubuntu-latest)	Setup Rust	2026-05-09T15:43:37.1354478Z rustc 1.95.0 (59807616e 2026-04-14)
Test (ubuntu-latest)	Setup Rust	2026-05-09T15:43:37.1355155Z binary: rustc
Test (ubuntu-latest)	Setup Rust	2026-05-09T15:43:37.1355821Z commit-hash: 59807616e1fa2540724bfbac14d7976d7e4a3860
Test (ubuntu-latest)	Setup Rust	2026-05-09T15:43:37.1356416Z commit-date: 2026-04-14
Test (ubuntu-latest)	Setup Rust	2026-05-09T15:43:37.1356753Z host: x86_64-unknown-linux-gnu
Test (ubuntu-latest)	Setup Rust	2026-05-09T15:43:37.1357072Z release: 1.95.0
Test (ubuntu-latest)	Setup Rust	2026-05-09T15:43:37.1357639Z LLVM version: 22.1.2
Test (ubuntu-latest)	Cache cargo registry	﻿2026-05-09T15:43:37.2305507Z ##[group]Run actions/cache@v4
Test (ubuntu-latest)	Cache cargo registry	2026-05-09T15:43:37.2305852Z with:
Test (ubuntu-latest)	Cache cargo registry	2026-05-09T15:43:37.2306107Z   path: ~/.cargo/registry
Test (ubuntu-latest)	Cache cargo registry	~/.cargo/git
Test (ubuntu-latest)	Cache cargo registry	target
Test (ubuntu-latest)	Cache cargo registry
Test (ubuntu-latest)	Cache cargo registry	2026-05-09T15:43:37.2306591Z   key: Linux-cargo-ac0211d997d3e826656b655bf41293f81ab5b7c9a34b27fad7ce87479ad874c5
Test (ubuntu-latest)	Cache cargo registry	2026-05-09T15:43:37.2307265Z   restore-keys: Linux-cargo-
Test (ubuntu-latest)	Cache cargo registry
Test (ubuntu-latest)	Cache cargo registry	2026-05-09T15:43:37.2307550Z   enableCrossOsArchive: false
Test (ubuntu-latest)	Cache cargo registry	2026-05-09T15:43:37.2307820Z   fail-on-cache-miss: false
Test (ubuntu-latest)	Cache cargo registry	2026-05-09T15:43:37.2308075Z   lookup-only: false
Test (ubuntu-latest)	Cache cargo registry	2026-05-09T15:43:37.2308307Z   save-always: false
Test (ubuntu-latest)	Cache cargo registry	2026-05-09T15:43:37.2308850Z env:
Test (ubuntu-latest)	Cache cargo registry	2026-05-09T15:43:37.2309080Z   CARGO_TERM_COLOR: always
Test (ubuntu-latest)	Cache cargo registry	2026-05-09T15:43:37.2309343Z   RUSTFLAGS: -Dwarnings
Test (ubuntu-latest)	Cache cargo registry	2026-05-09T15:43:37.2309797Z   CARGO_REGISTRY_TOKEN: ***
Test (ubuntu-latest)	Cache cargo registry	2026-05-09T15:43:37.2310086Z   DOCKERHUB_IMAGE: konard/link-assistant-router
Test (ubuntu-latest)	Cache cargo registry	2026-05-09T15:43:37.2310414Z   CARGO_HOME: /home/runner/.cargo
Test (ubuntu-latest)	Cache cargo registry	2026-05-09T15:43:37.2310686Z   CARGO_INCREMENTAL: 0
Test (ubuntu-latest)	Cache cargo registry	2026-05-09T15:43:37.2310922Z ##[endgroup]
Test (ubuntu-latest)	Cache cargo registry	2026-05-09T15:43:37.4419693Z Cache hit for: Linux-cargo-ac0211d997d3e826656b655bf41293f81ab5b7c9a34b27fad7ce87479ad874c5
Test (ubuntu-latest)	Cache cargo registry	2026-05-09T15:43:38.4781754Z Received 222298112 of 457105434 (48.6%), 211.6 MBs/sec
Test (ubuntu-latest)	Cache cargo registry	2026-05-09T15:43:39.3314482Z Received 457105434 of 457105434 (100.0%), 234.9 MBs/sec
Test (ubuntu-latest)	Cache cargo registry	2026-05-09T15:43:39.3317566Z Cache Size: ~436 MB (457105434 B)
Test (ubuntu-latest)	Cache cargo registry	2026-05-09T15:43:39.3360673Z [command]/usr/bin/tar -xf /home/runner/work/_temp/ded32a90-48e7-47b0-9d26-9f4e6069f952/cache.tzst -P -C /home/runner/work/router/router --use-compress-program unzstd
Test (ubuntu-latest)	Cache cargo registry	2026-05-09T15:43:42.2694729Z Cache restored successfully
Test (ubuntu-latest)	Cache cargo registry	2026-05-09T15:43:42.4143852Z Cache restored from key: Linux-cargo-ac0211d997d3e826656b655bf41293f81ab5b7c9a34b27fad7ce87479ad874c5
Test (ubuntu-latest)	Run tests	﻿2026-05-09T15:43:42.4281668Z ##[group]Run cargo test --all-features --verbose
Test (ubuntu-latest)	Run tests	2026-05-09T15:43:42.4282040Z ^[[36;1mcargo test --all-features --verbose^[[0m
Test (ubuntu-latest)	Run tests	2026-05-09T15:43:42.4304457Z shell: /usr/bin/bash -e {0}
Test (ubuntu-latest)	Run tests	2026-05-09T15:43:42.4304699Z env:
Test (ubuntu-latest)	Run tests	2026-05-09T15:43:42.4304879Z   CARGO_TERM_COLOR: always
Test (ubuntu-latest)	Run tests	2026-05-09T15:43:42.4305107Z   RUSTFLAGS: -Dwarnings
Test (ubuntu-latest)	Run tests	2026-05-09T15:43:42.4305862Z   CARGO_REGISTRY_TOKEN: ***
Test (ubuntu-latest)	Run tests	2026-05-09T15:43:42.4306137Z   DOCKERHUB_IMAGE: konard/link-assistant-router
Test (ubuntu-latest)	Run tests	2026-05-09T15:43:42.4306437Z   CARGO_HOME: /home/runner/.cargo
Test (ubuntu-latest)	Run tests	2026-05-09T15:43:42.4306674Z   CARGO_INCREMENTAL: 0
Test (ubuntu-latest)	Run tests	2026-05-09T15:43:42.4306888Z ##[endgroup]
Test (ubuntu-latest)	Run tests	2026-05-09T15:43:42.7879203Z ^[[1m^[[92m       Fresh^[[0m unicode-ident v1.0.22
Test (ubuntu-latest)	Run tests	2026-05-09T15:43:42.7879941Z ^[[1m^[[92m       Fresh^[[0m proc-macro2 v1.0.103
Test (ubuntu-latest)	Run tests	2026-05-09T15:43:42.7880542Z ^[[1m^[[92m       Fresh^[[0m pin-project-lite v0.2.16
Test (ubuntu-latest)	Run tests	2026-05-09T15:43:42.7881096Z ^[[1m^[[92m       Fresh^[[0m quote v1.0.42
Test (ubuntu-latest)	Run tests	2026-05-09T15:43:42.7881601Z ^[[1m^[[92m       Fresh^[[0m libc v0.2.183
Test (ubuntu-latest)	Run tests	2026-05-09T15:43:42.7882111Z ^[[1m^[[92m       Fresh^[[0m once_cell v1.21.4
Test (ubuntu-latest)	Run tests	2026-05-09T15:43:42.7882826Z ^[[1m^[[92m       Fresh^[[0m itoa v1.0.17
Test (ubuntu-latest)	Run tests	2026-05-09T15:43:42.7883316Z ^[[1m^[[92m       Fresh^[[0m syn v2.0.111
Test (ubuntu-latest)	Run tests	2026-05-09T15:43:42.7883832Z ^[[1m^[[92m       Fresh^[[0m futures-core v0.3.32
Test (ubuntu-latest)	Run tests	2026-05-09T15:43:42.7884373Z ^[[1m^[[92m       Fresh^[[0m bytes v1.11.0
Test (ubuntu-latest)	Run tests	2026-05-09T15:43:42.7884875Z ^[[1m^[[92m       Fresh^[[0m cfg-if v1.0.4
Test (ubuntu-latest)	Run tests	2026-05-09T15:43:42.7885422Z ^[[1m^[[92m       Fresh^[[0m synstructure v0.13.2
Test (ubuntu-latest)	Run tests	2026-05-09T15:43:42.7885943Z ^[[1m^[[92m       Fresh^[[0m shlex v1.3.0
Test (ubuntu-latest)	Run tests	2026-05-09T15:43:42.7886489Z ^[[1m^[[92m       Fresh^[[0m find-msvc-tools v0.1.9
Test (ubuntu-latest)	Run tests	2026-05-09T15:43:42.7887034Z ^[[1m^[[92m       Fresh^[[0m errno v0.3.14
Test (ubuntu-latest)	Run tests	2026-05-09T15:43:42.7887570Z ^[[1m^[[92m       Fresh^[[0m zerofrom-derive v0.1.6
Test (ubuntu-latest)	Run tests	2026-05-09T15:43:42.7888128Z ^[[1m^[[92m       Fresh^[[0m yoke-derive v0.8.1
Test (ubuntu-latest)	Run tests	2026-05-09T15:43:42.7888897Z ^[[1m^[[92m       Fresh^[[0m cc v1.2.57
Test (ubuntu-latest)	Run tests	2026-05-09T15:43:42.7889378Z ^[[1m^[[92m       Fresh^[[0m log v0.4.29
Test (ubuntu-latest)	Run tests	2026-05-09T15:43:42.7889874Z ^[[1m^[[92m       Fresh^[[0m zerofrom v0.1.6
Test (ubuntu-latest)	Run tests	2026-05-09T15:43:42.7890451Z ^[[1m^[[92m       Fresh^[[0m stable_deref_trait v1.2.1
Test (ubuntu-latest)	Run tests	2026-05-09T15:43:42.7891070Z ^[[1m^[[92m       Fresh^[[0m signal-hook-registry v1.4.8
Test (ubuntu-latest)	Run tests	2026-05-09T15:43:42.7891720Z ^[[1m^[[92m       Fresh^[[0m tokio-macros v2.6.0
Test (ubuntu-latest)	Run tests	2026-05-09T15:43:42.7892260Z ^[[1m^[[92m       Fresh^[[0m yoke v0.8.1
Test (ubuntu-latest)	Run tests	2026-05-09T15:43:42.7892748Z ^[[1m^[[92m       Fresh^[[0m socket2 v0.6.3
Test (ubuntu-latest)	Run tests	2026-05-09T15:43:42.7893284Z ^[[1m^[[92m       Fresh^[[0m tracing-core v0.1.36
Test (ubuntu-latest)	Run tests	2026-05-09T15:43:42.7893796Z ^[[1m^[[92m       Fresh^[[0m mio v1.1.1
Test (ubuntu-latest)	Run tests	2026-05-09T15:43:42.7894273Z ^[[1m^[[92m       Fresh^[[0m tokio v1.48.0
Test (ubuntu-latest)	Run tests	2026-05-09T15:43:42.7895203Z ^[[1m^[[92m       Fresh^[[0m zerovec-derive v0.11.2
Test (ubuntu-latest)	Run tests	2026-05-09T15:43:42.7895773Z ^[[1m^[[92m       Fresh^[[0m displaydoc v0.2.5
Test (ubuntu-latest)	Run tests	2026-05-09T15:43:42.7896297Z ^[[1m^[[92m       Fresh^[[0m zerovec v0.11.5
Test (ubuntu-latest)	Run tests	2026-05-09T15:43:42.7896856Z ^[[1m^[[92m       Fresh^[[0m tracing-attributes v0.1.31
Test (ubuntu-latest)	Run tests	2026-05-09T15:43:42.7897400Z ^[[1m^[[92m       Fresh^[[0m http v1.4.0
Test (ubuntu-latest)	Run tests	2026-05-09T15:43:42.7897922Z ^[[1m^[[92m       Fresh^[[0m serde_core v1.0.228
Test (ubuntu-latest)	Run tests	2026-05-09T15:43:42.7898478Z ^[[1m^[[92m       Fresh^[[0m tracing v0.1.44
Test (ubuntu-latest)	Run tests	2026-05-09T15:43:42.7899296Z ^[[1m^[[92m       Fresh^[[0m pkg-config v0.3.32
Test (ubuntu-latest)	Run tests	2026-05-09T15:43:42.7899829Z ^[[1m^[[92m       Fresh^[[0m vcpkg v0.2.15
Test (ubuntu-latest)	Run tests	2026-05-09T15:43:42.7900341Z ^[[1m^[[92m       Fresh^[[0m smallvec v1.15.1
Test (ubuntu-latest)	Run tests	2026-05-09T15:43:42.7900865Z ^[[1m^[[92m       Fresh^[[0m serde_derive v1.0.228
Test (ubuntu-latest)	Run tests	2026-05-09T15:43:42.7901384Z ^[[1m^[[92m       Fresh^[[0m slab v0.4.12
Test (ubuntu-latest)	Run tests	2026-05-09T15:43:42.7901886Z ^[[1m^[[92m       Fresh^[[0m http-body v1.0.1
Test (ubuntu-latest)	Run tests	2026-05-09T15:43:42.7902392Z ^[[1m^[[92m       Fresh^[[0m serde v1.0.228
Test (ubuntu-latest)	Run tests	2026-05-09T15:43:42.7902945Z ^[[1m^[[92m       Fresh^[[0m tinystr v0.8.2
Test (ubuntu-latest)	Run tests	2026-05-09T15:43:42.7903480Z ^[[1m^[[92m       Fresh^[[0m bitflags v2.11.0
Test (ubuntu-latest)	Run tests	2026-05-09T15:43:42.7903977Z ^[[1m^[[92m       Fresh^[[0m litemap v0.8.1
Test (ubuntu-latest)	Run tests	2026-05-09T15:43:42.7904464Z ^[[1m^[[92m       Fresh^[[0m autocfg v1.5.0
Test (ubuntu-latest)	Run tests	2026-05-09T15:43:42.7904969Z ^[[1m^[[92m       Fresh^[[0m writeable v0.6.2
Test (ubuntu-latest)	Run tests	2026-05-09T15:43:42.7905505Z ^[[1m^[[92m       Fresh^[[0m potential_utf v0.1.4
Test (ubuntu-latest)	Run tests	2026-05-09T15:43:42.7906383Z ^[[1m^[[92m       Fresh^[[0m zerotrie v0.2.3
Test (ubuntu-latest)	Run tests	2026-05-09T15:43:42.7906933Z ^[[1m^[[92m       Fresh^[[0m icu_locale_core v2.1.1
Test (ubuntu-latest)	Run tests	2026-05-09T15:43:42.7907508Z ^[[1m^[[92m       Fresh^[[0m futures-macro v0.3.32
Test (ubuntu-latest)	Run tests	2026-05-09T15:43:42.7908074Z ^[[1m^[[92m       Fresh^[[0m tower-service v0.3.3
Test (ubuntu-latest)	Run tests	2026-05-09T15:43:42.7908856Z ^[[1m^[[92m       Fresh^[[0m version_check v0.9.5
Test (ubuntu-latest)	Run tests	2026-05-09T15:43:42.7909404Z ^[[1m^[[92m       Fresh^[[0m hashbrown v0.16.1
Test (ubuntu-latest)	Run tests	2026-05-09T15:43:42.7909933Z ^[[1m^[[92m       Fresh^[[0m futures-sink v0.3.32
Test (ubuntu-latest)	Run tests	2026-05-09T15:43:42.7910471Z ^[[1m^[[92m       Fresh^[[0m equivalent v1.0.2
Test (ubuntu-latest)	Run tests	2026-05-09T15:43:42.7911019Z ^[[1m^[[92m       Fresh^[[0m futures-task v0.3.32
Test (ubuntu-latest)	Run tests	2026-05-09T15:43:42.7911594Z ^[[1m^[[92m       Fresh^[[0m percent-encoding v2.3.2
Test (ubuntu-latest)	Run tests	2026-05-09T15:43:42.7912147Z ^[[1m^[[92m       Fresh^[[0m indexmap v2.13.0
Test (ubuntu-latest)	Run tests	2026-05-09T15:43:42.7912691Z ^[[1m^[[92m       Fresh^[[0m futures-util v0.3.32
Test (ubuntu-latest)	Run tests	2026-05-09T15:43:42.7913225Z ^[[1m^[[92m       Fresh^[[0m tokio-util v0.7.18
Test (ubuntu-latest)	Run tests	2026-05-09T15:43:42.7913721Z ^[[1m^[[92m       Fresh^[[0m icu_provider v2.1.1
Test (ubuntu-latest)	Run tests	2026-05-09T15:43:42.7914272Z ^[[1m^[[92m       Fresh^[[0m icu_collections v2.1.1
Test (ubuntu-latest)	Run tests	2026-05-09T15:43:42.7914796Z ^[[1m^[[92m       Fresh^[[0m base64 v0.22.1
Test (ubuntu-latest)	Run tests	2026-05-09T15:43:42.7915302Z ^[[1m^[[92m       Fresh^[[0m try-lock v0.2.5
Test (ubuntu-latest)	Run tests	2026-05-09T15:43:42.7915780Z ^[[1m^[[92m       Fresh^[[0m fnv v1.0.7
Test (ubuntu-latest)	Run tests	2026-05-09T15:43:42.7916328Z ^[[1m^[[92m       Fresh^[[0m foreign-types-shared v0.1.1
Test (ubuntu-latest)	Run tests	2026-05-09T15:43:42.7916906Z ^[[1m^[[92m       Fresh^[[0m atomic-waker v1.1.2
Test (ubuntu-latest)	Run tests	2026-05-09T15:43:42.7917455Z ^[[1m^[[92m       Fresh^[[0m foreign-types v0.3.2
Test (ubuntu-latest)	Run tests	2026-05-09T15:43:42.7917952Z ^[[1m^[[92m       Fresh^[[0m h2 v0.4.13
Test (ubuntu-latest)	Run tests	2026-05-09T15:43:42.7918438Z ^[[1m^[[92m       Fresh^[[0m want v0.3.1
Test (ubuntu-latest)	Run tests	2026-05-09T15:43:42.7919174Z ^[[1m^[[92m       Fresh^[[0m num-traits v0.2.19
Test (ubuntu-latest)	Run tests	2026-05-09T15:43:42.7919755Z ^[[1m^[[92m       Fresh^[[0m icu_normalizer_data v2.1.1
Test (ubuntu-latest)	Run tests	2026-05-09T15:43:42.7920288Z ^[[1m^[[92m       Fresh^[[0m zmij v1.0.21
Test (ubuntu-latest)	Run tests	2026-05-09T15:43:42.7920793Z ^[[1m^[[92m       Fresh^[[0m httparse v1.10.1
Test (ubuntu-latest)	Run tests	2026-05-09T15:43:42.7921359Z ^[[1m^[[92m       Fresh^[[0m icu_properties_data v2.1.2
Test (ubuntu-latest)	Run tests	2026-05-09T15:43:42.7921948Z ^[[1m^[[92m       Fresh^[[0m openssl-sys v0.9.112
Test (ubuntu-latest)	Run tests	2026-05-09T15:43:42.7922488Z ^[[1m^[[92m       Fresh^[[0m sync_wrapper v1.0.2
Test (ubuntu-latest)	Run tests	2026-05-09T15:43:42.7923053Z ^[[1m^[[92m       Fresh^[[0m openssl-macros v0.1.1
Test (ubuntu-latest)	Run tests	2026-05-09T15:43:42.7923637Z ^[[1m^[[92m       Fresh^[[0m futures-channel v0.3.32
Test (ubuntu-latest)	Run tests	2026-05-09T15:43:42.7924179Z ^[[1m^[[92m       Fresh^[[0m memchr v2.8.0
Test (ubuntu-latest)	Run tests	2026-05-09T15:43:42.7924659Z ^[[1m^[[92m       Fresh^[[0m httpdate v1.0.3
Test (ubuntu-latest)	Run tests	2026-05-09T15:43:42.7925179Z ^[[1m^[[92m       Fresh^[[0m typenum v1.20.0
Test (ubuntu-latest)	Run tests	2026-05-09T15:43:42.7925689Z ^[[1m^[[92m       Fresh^[[0m tower-layer v0.3.3
Test (ubuntu-latest)	Run tests	2026-05-09T15:43:42.7926454Z ^[[1m^[[92m       Fresh^[[0m utf8parse v0.2.2
Test (ubuntu-latest)	Run tests	2026-05-09T15:43:42.7926959Z ^[[1m^[[92m       Fresh^[[0m pin-utils v0.1.0
Test (ubuntu-latest)	Run tests	2026-05-09T15:43:42.7927522Z ^[[1m^[[92m       Fresh^[[0m generic-array v0.14.7
Test (ubuntu-latest)	Run tests	2026-05-09T15:43:42.7928079Z ^[[1m^[[92m       Fresh^[[0m anstyle-parse v0.2.7
Test (ubuntu-latest)	Run tests	2026-05-09T15:43:42.7928829Z ^[[1m^[[92m       Fresh^[[0m hyper v1.8.1
Test (ubuntu-latest)	Run tests	2026-05-09T15:43:42.7929353Z ^[[1m^[[92m       Fresh^[[0m serde_json v1.0.149
Test (ubuntu-latest)	Run tests	2026-05-09T15:43:42.7929877Z ^[[1m^[[92m       Fresh^[[0m openssl v0.10.76
Test (ubuntu-latest)	Run tests	2026-05-09T15:43:42.7930417Z ^[[1m^[[92m       Fresh^[[0m icu_properties v2.1.2
Test (ubuntu-latest)	Run tests	2026-05-09T15:43:42.7930978Z ^[[1m^[[92m       Fresh^[[0m icu_normalizer v2.1.1
Test (ubuntu-latest)	Run tests	2026-05-09T15:43:42.7931551Z ^[[1m^[[92m       Fresh^[[0m form_urlencoded v1.2.2
Test (ubuntu-latest)	Run tests	2026-05-09T15:43:42.7932106Z ^[[1m^[[92m       Fresh^[[0m http-body-util v0.1.3
Test (ubuntu-latest)	Run tests	2026-05-09T15:43:42.7932624Z ^[[1m^[[92m       Fresh^[[0m anstyle v1.0.14
Test (ubuntu-latest)	Run tests	2026-05-09T15:43:42.7933142Z ^[[1m^[[92m       Fresh^[[0m colorchoice v1.0.5
Test (ubuntu-latest)	Run tests	2026-05-09T15:43:42.7933655Z ^[[1m^[[92m       Fresh^[[0m ipnet v2.12.0
Test (ubuntu-latest)	Run tests	2026-05-09T15:43:42.7934141Z ^[[1m^[[92m       Fresh^[[0m time-core v0.1.8
Test (ubuntu-latest)	Run tests	2026-05-09T15:43:42.7934642Z ^[[1m^[[92m       Fresh^[[0m powerfmt v0.2.0
Test (ubuntu-latest)	Run tests	2026-05-09T15:43:42.7935217Z ^[[1m^[[92m       Fresh^[[0m is_terminal_polyfill v1.70.2
Test (ubuntu-latest)	Run tests	2026-05-09T15:43:42.7935771Z ^[[1m^[[92m       Fresh^[[0m num-conv v0.2.0
Test (ubuntu-latest)	Run tests	2026-05-09T15:43:42.7936286Z ^[[1m^[[92m       Fresh^[[0m anstyle-query v1.1.5
Test (ubuntu-latest)	Run tests	2026-05-09T15:43:42.7937160Z ^[[1m^[[92m       Fresh^[[0m openssl-probe v0.2.1
Test (ubuntu-latest)	Run tests	2026-05-09T15:43:42.7937689Z ^[[1m^[[92m       Fresh^[[0m anstream v0.6.21
Test (ubuntu-latest)	Run tests	2026-05-09T15:43:42.7938199Z ^[[1m^[[92m       Fresh^[[0m time-macros v0.2.27
Test (ubuntu-latest)	Run tests	2026-05-09T15:43:42.7938991Z ^[[1m^[[92m       Fresh^[[0m native-tls v0.2.18
Test (ubuntu-latest)	Run tests	2026-05-09T15:43:42.7939516Z ^[[1m^[[92m       Fresh^[[0m deranged v0.5.8
Test (ubuntu-latest)	Run tests	2026-05-09T15:43:42.7940036Z ^[[1m^[[92m       Fresh^[[0m hyper-util v0.1.20
Test (ubuntu-latest)	Run tests	2026-05-09T15:43:42.7940576Z ^[[1m^[[92m       Fresh^[[0m idna_adapter v1.2.1
Test (ubuntu-latest)	Run tests	2026-05-09T15:43:42.7941092Z ^[[1m^[[92m       Fresh^[[0m tower v0.5.3
Test (ubuntu-latest)	Run tests	2026-05-09T15:43:42.7941611Z ^[[1m^[[92m       Fresh^[[0m num-integer v0.1.46
Test (ubuntu-latest)	Run tests	2026-05-09T15:43:42.7942177Z ^[[1m^[[92m       Fresh^[[0m thiserror-impl v2.0.18
Test (ubuntu-latest)	Run tests	2026-05-09T15:43:42.7942706Z ^[[1m^[[92m       Fresh^[[0m ryu v1.0.23
Test (ubuntu-latest)	Run tests	2026-05-09T15:43:42.7943223Z ^[[1m^[[92m       Fresh^[[0m clap_lex v1.1.0
Test (ubuntu-latest)	Run tests	2026-05-09T15:43:42.7943726Z ^[[1m^[[92m       Fresh^[[0m utf8_iter v1.0.4
Test (ubuntu-latest)	Run tests	2026-05-09T15:43:42.7944232Z ^[[1m^[[92m       Fresh^[[0m strsim v0.11.1
Test (ubuntu-latest)	Run tests	2026-05-09T15:43:42.7944786Z ^[[1m^[[92m       Fresh^[[0m dtor-proc-macro v0.0.5
Test (ubuntu-latest)	Run tests	2026-05-09T15:43:42.7945331Z ^[[1m^[[92m       Fresh^[[0m regex-syntax v0.8.10
Test (ubuntu-latest)	Run tests	2026-05-09T15:43:42.7945843Z ^[[1m^[[92m       Fresh^[[0m mime v0.3.17
Test (ubuntu-latest)	Run tests	2026-05-09T15:43:42.7946322Z ^[[1m^[[92m       Fresh^[[0m heck v0.5.0
Test (ubuntu-latest)	Run tests	2026-05-09T15:43:42.7946846Z ^[[1m^[[92m       Fresh^[[0m regex-automata v0.4.14
Test (ubuntu-latest)	Run tests	2026-05-09T15:43:42.7947405Z ^[[1m^[[92m       Fresh^[[0m clap_derive v4.5.55
Test (ubuntu-latest)	Run tests	2026-05-09T15:43:42.7947915Z ^[[1m^[[92m       Fresh^[[0m idna v1.1.0
Test (ubuntu-latest)	Run tests	2026-05-09T15:43:42.7948415Z ^[[1m^[[92m       Fresh^[[0m clap_builder v4.5.60
Test (ubuntu-latest)	Run tests	2026-05-09T15:43:42.7949146Z ^[[1m^[[92m       Fresh^[[0m dtor v0.0.6
Test (ubuntu-latest)	Run tests	2026-05-09T15:43:42.7949653Z ^[[1m^[[92m       Fresh^[[0m num-bigint v0.4.6
Test (ubuntu-latest)	Run tests	2026-05-09T15:43:42.7950216Z ^[[1m^[[92m       Fresh^[[0m serde_urlencoded v0.7.1
Test (ubuntu-latest)	Run tests	2026-05-09T15:43:42.7950749Z ^[[1m^[[92m       Fresh^[[0m thiserror v2.0.18
Test (ubuntu-latest)	Run tests	2026-05-09T15:43:42.7951408Z ^[[1m^[[92m       Fresh^[[0m time v0.3.47
Test (ubuntu-latest)	Run tests	2026-05-09T15:43:42.7951980Z ^[[1m^[[92m       Fresh^[[0m tokio-native-tls v0.3.1
Test (ubuntu-latest)	Run tests	2026-05-09T15:43:42.7952541Z ^[[1m^[[92m       Fresh^[[0m getrandom v0.4.2
Test (ubuntu-latest)	Run tests	2026-05-09T15:43:42.7953073Z ^[[1m^[[92m       Fresh^[[0m block-buffer v0.10.4
Test (ubuntu-latest)	Run tests	2026-05-09T15:43:42.7953611Z ^[[1m^[[92m       Fresh^[[0m crypto-common v0.1.7
Test (ubuntu-latest)	Run tests	2026-05-09T15:43:42.7954160Z ^[[1m^[[92m       Fresh^[[0m thiserror-impl v1.0.69
Test (ubuntu-latest)	Run tests	2026-05-09T15:43:42.7954698Z ^[[1m^[[92m       Fresh^[[0m getrandom v0.2.17
Test (ubuntu-latest)	Run tests	2026-05-09T15:43:42.7955237Z ^[[1m^[[92m       Fresh^[[0m ctor-proc-macro v0.0.6
Test (ubuntu-latest)	Run tests	2026-05-09T15:43:42.7955783Z ^[[1m^[[92m       Fresh^[[0m untrusted v0.9.0
Test (ubuntu-latest)	Run tests	2026-05-09T15:43:42.7956298Z ^[[1m^[[92m       Fresh^[[0m lazy_static v1.5.0
Test (ubuntu-latest)	Run tests	2026-05-09T15:43:42.7957066Z ^[[1m^[[92m       Fresh^[[0m zeroize v1.8.2
Test (ubuntu-latest)	Run tests	2026-05-09T15:43:42.7957594Z ^[[1m^[[92m       Fresh^[[0m iri-string v0.7.10
Test (ubuntu-latest)	Run tests	2026-05-09T15:43:42.7958140Z ^[[1m^[[92m       Fresh^[[0m sharded-slab v0.1.7
Test (ubuntu-latest)	Run tests	2026-05-09T15:43:42.7959059Z ^[[1m^[[92m       Fresh^[[0m ring v0.17.14
Test (ubuntu-latest)	Run tests	2026-05-09T15:43:42.7959621Z ^[[1m^[[92m       Fresh^[[0m tower-http v0.6.8
Test (ubuntu-latest)	Run tests	2026-05-09T15:43:42.7960356Z ^[[1m^[[92m       Fresh^[[0m rustls-pki-types v1.14.0
Test (ubuntu-latest)	Run tests	2026-05-09T15:43:42.7960958Z ^[[1m^[[92m       Fresh^[[0m ctor v0.4.3
Test (ubuntu-latest)	Run tests	2026-05-09T15:43:42.7961517Z ^[[1m^[[92m       Fresh^[[0m thiserror v1.0.69
Test (ubuntu-latest)	Run tests	2026-05-09T15:43:42.7962038Z ^[[1m^[[92m       Fresh^[[0m digest v0.10.7
Test (ubuntu-latest)	Run tests	2026-05-09T15:43:42.7962386Z ^[[1m^[[92m       Fresh^[[0m hyper-tls v0.6.0
Test (ubuntu-latest)	Run tests	2026-05-09T15:43:42.7962705Z ^[[1m^[[92m       Fresh^[[0m simple_asn1 v0.6.4
Test (ubuntu-latest)	Run tests	2026-05-09T15:43:42.7962996Z ^[[1m^[[92m       Fresh^[[0m clap v4.5.60
Test (ubuntu-latest)	Run tests	2026-05-09T15:43:42.7963274Z ^[[1m^[[92m       Fresh^[[0m matchers v0.2.0
Test (ubuntu-latest)	Run tests	2026-05-09T15:43:42.7963552Z ^[[1m^[[92m       Fresh^[[0m url v2.5.8
Test (ubuntu-latest)	Run tests	2026-05-09T15:43:42.7963839Z ^[[1m^[[92m       Fresh^[[0m axum-core v0.5.6
Test (ubuntu-latest)	Run tests	2026-05-09T15:43:42.7964134Z ^[[1m^[[92m       Fresh^[[0m pem v3.0.6
Test (ubuntu-latest)	Run tests	2026-05-09T15:43:42.7964424Z ^[[1m^[[92m       Fresh^[[0m tracing-serde v0.2.0
Test (ubuntu-latest)	Run tests	2026-05-09T15:43:42.7964763Z ^[[1m^[[92m       Fresh^[[0m serde_path_to_error v0.1.20
Test (ubuntu-latest)	Run tests	2026-05-09T15:43:42.7965090Z ^[[1m^[[92m       Fresh^[[0m tracing-log v0.2.0
Test (ubuntu-latest)	Run tests	2026-05-09T15:43:42.7965390Z ^[[1m^[[92m       Fresh^[[0m axum-macros v0.5.0
Test (ubuntu-latest)	Run tests	2026-05-09T15:43:42.7965857Z ^[[1m^[[92m       Fresh^[[0m thread_local v1.1.9
Test (ubuntu-latest)	Run tests	2026-05-09T15:43:42.7966157Z ^[[1m^[[92m       Fresh^[[0m encoding_rs v0.8.35
Test (ubuntu-latest)	Run tests	2026-05-09T15:43:42.7966452Z ^[[1m^[[92m       Fresh^[[0m matchit v0.8.4
Test (ubuntu-latest)	Run tests	2026-05-09T15:43:42.7967044Z ^[[1m^[[92m       Fresh^[[0m nu-ansi-term v0.50.3
Test (ubuntu-latest)	Run tests	2026-05-09T15:43:42.7967444Z ^[[1m^[[92m       Fresh^[[0m dotenvy v0.15.7
Test (ubuntu-latest)	Run tests	2026-05-09T15:43:42.7967826Z ^[[1m^[[92m       Fresh^[[0m cpufeatures v0.2.17
Test (ubuntu-latest)	Run tests	2026-05-09T15:43:42.7968423Z ^[[1m^[[92m       Fresh^[[0m iana-time-zone v0.1.65
Test (ubuntu-latest)	Run tests	2026-05-09T15:43:42.7969406Z ^[[1m^[[92m       Fresh^[[0m lino-env v0.1.0
Test (ubuntu-latest)	Run tests	2026-05-09T15:43:42.7969850Z ^[[1m^[[92m       Fresh^[[0m sha2 v0.10.9
Test (ubuntu-latest)	Run tests	2026-05-09T15:43:42.7970327Z ^[[1m^[[92m       Fresh^[[0m chrono v0.4.44
Test (ubuntu-latest)	Run tests	2026-05-09T15:43:42.7970820Z ^[[1m^[[92m       Fresh^[[0m lino-arguments v0.3.0
Test (ubuntu-latest)	Run tests	2026-05-09T15:43:42.7971727Z ^[[1m^[[92m       Fresh^[[0m axum v0.8.8
Test (ubuntu-latest)	Run tests	2026-05-09T15:43:42.7972905Z ^[[1m^[[92m       Fresh^[[0m tracing-subscriber v0.3.23
Test (ubuntu-latest)	Run tests	2026-05-09T15:43:42.7974028Z ^[[1m^[[92m       Fresh^[[0m reqwest v0.12.28
Test (ubuntu-latest)	Run tests	2026-05-09T15:43:42.7975126Z ^[[1m^[[92m       Fresh^[[0m jsonwebtoken v9.3.1
Test (ubuntu-latest)	Run tests	2026-05-09T15:43:42.7976054Z ^[[1m^[[92m       Fresh^[[0m uuid v1.22.0
Test (ubuntu-latest)	Run tests	2026-05-09T15:43:42.7976993Z ^[[1m^[[92m       Fresh^[[0m async-trait v0.1.89
Test (ubuntu-latest)	Run tests	2026-05-09T15:43:42.7978094Z ^[[1m^[[92m       Fresh^[[0m async-stream-impl v0.3.6
Test (ubuntu-latest)	Run tests	2026-05-09T15:43:42.7979395Z ^[[1m^[[92m       Fresh^[[0m log-lazy v0.1.0
Test (ubuntu-latest)	Run tests	2026-05-09T15:43:42.7980401Z ^[[1m^[[92m       Fresh^[[0m hex v0.4.3
Test (ubuntu-latest)	Run tests	2026-05-09T15:43:42.7981360Z ^[[1m^[[92m       Fresh^[[0m linux-raw-sys v0.12.1
Test (ubuntu-latest)	Run tests	2026-05-09T15:43:42.7982414Z ^[[1m^[[92m       Fresh^[[0m async-stream v0.3.6
Test (ubuntu-latest)	Run tests	2026-05-09T15:43:42.7983384Z ^[[1m^[[92m       Fresh^[[0m rustix v1.1.4
Test (ubuntu-latest)	Run tests	2026-05-09T15:43:42.7984437Z ^[[1m^[[92m       Fresh^[[0m tokio-stream v0.1.17
Test (ubuntu-latest)	Run tests	2026-05-09T15:43:42.7985303Z ^[[1m^[[92m       Fresh^[[0m fastrand v2.3.0
Test (ubuntu-latest)	Run tests	2026-05-09T15:43:42.7986213Z ^[[1m^[[92m   Compiling^[[0m link-assistant-router v0.13.0 (/home/runner/work/router/router)
Test (ubuntu-latest)	Run tests	2026-05-09T15:43:42.7987167Z ^[[1m^[[92m       Fresh^[[0m tokio-test v0.4.4
Test (ubuntu-latest)	Run tests	2026-05-09T15:43:42.7987779Z ^[[1m^[[92m       Fresh^[[0m tempfile v3.27.0
Test (ubuntu-latest)	Run tests	2026-05-09T15:43:42.8017260Z ^[[1m^[[92m     Running^[[0m `/home/runner/.rustup/toolchains/stable-x86_64-unknown-linux-gnu/bin/rustc --crate-name link_assistant_router --edition=2021 src/lib.rs --error-format=json --json=diagnostic-rendered-ansi,artifacts,future-incompat --crate-type lib --emit=dep-info,metadata,link -C embed-bitcode=no -C debuginfo=2 '--warn=clippy::pedantic' '--warn=clippy::nursery' '--warn=clippy::all' --forbid=unsafe_code '--allow=clippy::too_many_lines' '--allow=clippy::module_name_repetitions' '--allow=clippy::missing_panics_doc' '--allow=clippy::missing_errors_doc' --check-cfg 'cfg(docsrs,test)' --check-cfg 'cfg(feature, values())' -C metadata=2749ab61cecf2e6b -C extra-filename=-6b4117404aec62eb --out-dir /home/runner/work/router/router/target/debug/deps -L dependency=/home/runner/work/router/router/target/debug/deps --extern async_trait=/home/runner/work/router/router/target/debug/deps/libasync_trait-fdb89a2215dfae70.so --extern axum=/home/runner/work/router/router/target/debug/deps/libaxum-b288ffadbe69dbe6.rmeta --extern base64=/home/runner/work/router/router/target/debug/deps/libbase64-b0c1b91ad8713475.rmeta --extern bytes=/home/runner/work/router/router/target/debug/deps/libbytes-c50adbf09ebed7c5.rmeta --extern chrono=/home/runner/work/router/router/target/debug/deps/libchrono-33b50abaf643a4d9.rmeta --extern clap=/home/runner/work/router/router/target/debug/deps/libclap-7d7f9365a9432301.rmeta --extern futures_util=/home/runner/work/router/router/target/debug/deps/libfutures_util-c88af18fb62ccf3c.rmeta --extern hex=/home/runner/work/router/router/target/debug/deps/libhex-87f1440371f04de8.rmeta --extern http=/home/runner/work/router/router/target/debug/deps/libhttp-df218f370a5dfd31.rmeta --extern http_body_util=/home/runner/work/router/router/target/debug/deps/libhttp_body_util-c38ae8cbb28b45d6.rmeta --extern hyper=/home/runner/work/router/router/target/debug/deps/libhyper-8602e07f51d7f73e.rmeta --extern hyper_util=/home/runner/work/router/router/target/debug/deps/libhyper_util-377b19218a12252c.rmeta --extern jsonwebtoken=/home/runner/work/router/router/target/debug/deps/libjsonwebtoken-962bb7944d5bfe65.rmeta --extern lino_arguments=/home/runner/work/router/router/target/debug/deps/liblino_arguments-8ba631e19f2d5887.rmeta --extern log_lazy=/home/runner/work/router/router/target/debug/deps/liblog_lazy-9e3abe687b2c7fa0.rmeta --extern reqwest=/home/runner/work/router/router/target/debug/deps/libreqwest-ec07d56440b19866.rmeta --extern serde=/home/runner/work/router/router/target/debug/deps/libserde-85292091c9f44e38.rmeta --extern serde_json=/home/runner/work/router/router/target/debug/deps/libserde_json-2a929f6947643107.rmeta --extern sha2=/home/runner/work/router/router/target/debug/deps/libsha2-6fd3cec4e769ac0c.rmeta --extern tokio=/home/runner/work/router/router/target/debug/deps/libtokio-6ab14ea65eea979a.rmeta --extern tower=/home/runner/work/router/router/target/debug/deps/libtower-be514c44a084b3bb.rmeta --extern tower_http=/home/runner/work/router/router/target/debug/deps/libtower_http-68ae00c2f6f4f2c1.rmeta --extern tracing=/home/runner/work/router/router/target/debug/deps/libtracing-80e998682bbd1908.rmeta --extern tracing_subscriber=/home/runner/work/router/router/target/debug/deps/libtracing_subscriber-6410644e7fa1d2f7.rmeta --extern uuid=/home/runner/work/router/router/target/debug/deps/libuuid-38a24d21d58112df.rmeta -Dwarnings -L native=/home/runner/work/router/router/target/debug/build/ring-bd1e6b00a9b3f90b/out`
Test (ubuntu-latest)	Run tests	2026-05-09T15:43:42.8133070Z ^[[1m^[[92m     Running^[[0m `/home/runner/.rustup/toolchains/stable-x86_64-unknown-linux-gnu/bin/rustc --crate-name link_assistant_router --edition=2021 src/lib.rs --error-format=json --json=diagnostic-rendered-ansi,artifacts,future-incompat --emit=dep-info,link -C embed-bitcode=no -C debuginfo=2 '--warn=clippy::pedantic' '--warn=clippy::nursery' '--warn=clippy::all' --forbid=unsafe_code '--allow=clippy::too_many_lines' '--allow=clippy::module_name_repetitions' '--allow=clippy::missing_panics_doc' '--allow=clippy::missing_errors_doc' --test --check-cfg 'cfg(docsrs,test)' --check-cfg 'cfg(feature, values())' -C metadata=98e61aa346296230 -C extra-filename=-d9a9319f99b65455 --out-dir /home/runner/work/router/router/target/debug/deps -L dependency=/home/runner/work/router/router/target/debug/deps --extern async_trait=/home/runner/work/router/router/target/debug/deps/libasync_trait-fdb89a2215dfae70.so --extern axum=/home/runner/work/router/router/target/debug/deps/libaxum-b288ffadbe69dbe6.rlib --extern base64=/home/runner/work/router/router/target/debug/deps/libbase64-b0c1b91ad8713475.rlib --extern bytes=/home/runner/work/router/router/target/debug/deps/libbytes-c50adbf09ebed7c5.rlib --extern chrono=/home/runner/work/router/router/target/debug/deps/libchrono-33b50abaf643a4d9.rlib --extern clap=/home/runner/work/router/router/target/debug/deps/libclap-7d7f9365a9432301.rlib --extern futures_util=/home/runner/work/router/router/target/debug/deps/libfutures_util-c88af18fb62ccf3c.rlib --extern hex=/home/runner/work/router/router/target/debug/deps/libhex-87f1440371f04de8.rlib --extern http=/home/runner/work/router/router/target/debug/deps/libhttp-df218f370a5dfd31.rlib --extern http_body_util=/home/runner/work/router/router/target/debug/deps/libhttp_body_util-c38ae8cbb28b45d6.rlib --extern hyper=/home/runner/work/router/router/target/debug/deps/libhyper-8602e07f51d7f73e.rlib --extern hyper_util=/home/runner/work/router/router/target/debug/deps/libhyper_util-377b19218a12252c.rlib --extern jsonwebtoken=/home/runner/work/router/router/target/debug/deps/libjsonwebtoken-962bb7944d5bfe65.rlib --extern lino_arguments=/home/runner/work/router/router/target/debug/deps/liblino_arguments-8ba631e19f2d5887.rlib --extern log_lazy=/home/runner/work/router/router/target/debug/deps/liblog_lazy-9e3abe687b2c7fa0.rlib --extern reqwest=/home/runner/work/router/router/target/debug/deps/libreqwest-ec07d56440b19866.rlib --extern serde=/home/runner/work/router/router/target/debug/deps/libserde-85292091c9f44e38.rlib --extern serde_json=/home/runner/work/router/router/target/debug/deps/libserde_json-2a929f6947643107.rlib --extern sha2=/home/runner/work/router/router/target/debug/deps/libsha2-6fd3cec4e769ac0c.rlib --extern tempfile=/home/runner/work/router/router/target/debug/deps/libtempfile-918bb86f4375d8ae.rlib --extern tokio=/home/runner/work/router/router/target/debug/deps/libtokio-6ab14ea65eea979a.rlib --extern tokio_test=/home/runner/work/router/router/target/debug/deps/libtokio_test-ff7b2edcfaacba85.rlib --extern tower=/home/runner/work/router/router/target/debug/deps/libtower-be514c44a084b3bb.rlib --extern tower_http=/home/runner/work/router/router/target/debug/deps/libtower_http-68ae00c2f6f4f2c1.rlib --extern tracing=/home/runner/work/router/router/target/debug/deps/libtracing-80e998682bbd1908.rlib --extern tracing_subscriber=/home/runner/work/router/router/target/debug/deps/libtracing_subscriber-6410644e7fa1d2f7.rlib --extern uuid=/home/runner/work/router/router/target/debug/deps/libuuid-38a24d21d58112df.rlib -Dwarnings -L native=/home/runner/work/router/router/target/debug/build/ring-bd1e6b00a9b3f90b/out`
Test (ubuntu-latest)	Run tests	2026-05-09T15:43:44.5288981Z ^[[1m^[[92m     Running^[[0m `/home/runner/.rustup/toolchains/stable-x86_64-unknown-linux-gnu/bin/rustc --crate-name release_workflow_test --edition=2021 tests/release_workflow_test.rs --error-format=json --json=diagnostic-rendered-ansi,artifacts,future-incompat --emit=dep-info,link -C embed-bitcode=no -C debuginfo=2 '--warn=clippy::pedantic' '--warn=clippy::nursery' '--warn=clippy::all' --forbid=unsafe_code '--allow=clippy::too_many_lines' '--allow=clippy::module_name_repetitions' '--allow=clippy::missing_panics_doc' '--allow=clippy::missing_errors_doc' --test --check-cfg 'cfg(docsrs,test)' --check-cfg 'cfg(feature, values())' -C metadata=fb750f8c9ddc4589 -C extra-filename=-abb158869e4812a7 --out-dir /home/runner/work/router/router/target/debug/deps -L dependency=/home/runner/work/router/router/target/debug/deps --extern async_trait=/home/runner/work/router/router/target/debug/deps/libasync_trait-fdb89a2215dfae70.so --extern axum=/home/runner/work/router/router/target/debug/deps/libaxum-b288ffadbe69dbe6.rlib --extern base64=/home/runner/work/router/router/target/debug/deps/libbase64-b0c1b91ad8713475.rlib --extern bytes=/home/runner/work/router/router/target/debug/deps/libbytes-c50adbf09ebed7c5.rlib --extern chrono=/home/runner/work/router/router/target/debug/deps/libchrono-33b50abaf643a4d9.rlib --extern clap=/home/runner/work/router/router/target/debug/deps/libclap-7d7f9365a9432301.rlib --extern futures_util=/home/runner/work/router/router/target/debug/deps/libfutures_util-c88af18fb62ccf3c.rlib --extern hex=/home/runner/work/router/router/target/debug/deps/libhex-87f1440371f04de8.rlib --extern http=/home/runner/work/router/router/target/debug/deps/libhttp-df218f370a5dfd31.rlib --extern http_body_util=/home/runner/work/router/router/target/debug/deps/libhttp_body_util-c38ae8cbb28b45d6.rlib --extern hyper=/home/runner/work/router/router/target/debug/deps/libhyper-8602e07f51d7f73e.rlib --extern hyper_util=/home/runner/work/router/router/target/debug/deps/libhyper_util-377b19218a12252c.rlib --extern jsonwebtoken=/home/runner/work/router/router/target/debug/deps/libjsonwebtoken-962bb7944d5bfe65.rlib --extern link_assistant_router=/home/runner/work/router/router/target/debug/deps/liblink_assistant_router-6b4117404aec62eb.rlib --extern lino_arguments=/home/runner/work/router/router/target/debug/deps/liblino_arguments-8ba631e19f2d5887.rlib --extern log_lazy=/home/runner/work/router/router/target/debug/deps/liblog_lazy-9e3abe687b2c7fa0.rlib --extern reqwest=/home/runner/work/router/router/target/debug/deps/libreqwest-ec07d56440b19866.rlib --extern serde=/home/runner/work/router/router/target/debug/deps/libserde-85292091c9f44e38.rlib --extern serde_json=/home/runner/work/router/router/target/debug/deps/libserde_json-2a929f6947643107.rlib --extern sha2=/home/runner/work/router/router/target/debug/deps/libsha2-6fd3cec4e769ac0c.rlib --extern tempfile=/home/runner/work/router/router/target/debug/deps/libtempfile-918bb86f4375d8ae.rlib --extern tokio=/home/runner/work/router/router/target/debug/deps/libtokio-6ab14ea65eea979a.rlib --extern tokio_test=/home/runner/work/router/router/target/debug/deps/libtokio_test-ff7b2edcfaacba85.rlib --extern tower=/home/runner/work/router/router/target/debug/deps/libtower-be514c44a084b3bb.rlib --extern tower_http=/home/runner/work/router/router/target/debug/deps/libtower_http-68ae00c2f6f4f2c1.rlib --extern tracing=/home/runner/work/router/router/target/debug/deps/libtracing-80e998682bbd1908.rlib --extern tracing_subscriber=/home/runner/work/router/router/target/debug/deps/libtracing_subscriber-6410644e7fa1d2f7.rlib --extern uuid=/home/runner/work/router/router/target/debug/deps/libuuid-38a24d21d58112df.rlib -Dwarnings -L native=/home/runner/work/router/router/target/debug/build/ring-bd1e6b00a9b3f90b/out`
Test (ubuntu-latest)	Run tests	2026-05-09T15:43:44.5816084Z ^[[1m^[[92m     Running^[[0m `/home/runner/.rustup/toolchains/stable-x86_64-unknown-linux-gnu/bin/rustc --crate-name link_assistant_router --edition=2021 src/main.rs --error-format=json --json=diagnostic-rendered-ansi,artifacts,future-incompat --crate-type bin --emit=dep-info,link -C embed-bitcode=no -C debuginfo=2 '--warn=clippy::pedantic' '--warn=clippy::nursery' '--warn=clippy::all' --forbid=unsafe_code '--allow=clippy::too_many_lines' '--allow=clippy::module_name_repetitions' '--allow=clippy::missing_panics_doc' '--allow=clippy::missing_errors_doc' --check-cfg 'cfg(docsrs,test)' --check-cfg 'cfg(feature, values())' -C metadata=206faedd5ecc9692 -C extra-filename=-718fea9ef1ab03dd --out-dir /home/runner/work/router/router/target/debug/deps -L dependency=/home/runner/work/router/router/target/debug/deps --extern async_trait=/home/runner/work/router/router/target/debug/deps/libasync_trait-fdb89a2215dfae70.so --extern axum=/home/runner/work/router/router/target/debug/deps/libaxum-b288ffadbe69dbe6.rlib --extern base64=/home/runner/work/router/router/target/debug/deps/libbase64-b0c1b91ad8713475.rlib --extern bytes=/home/runner/work/router/router/target/debug/deps/libbytes-c50adbf09ebed7c5.rlib --extern chrono=/home/runner/work/router/router/target/debug/deps/libchrono-33b50abaf643a4d9.rlib --extern clap=/home/runner/work/router/router/target/debug/deps/libclap-7d7f9365a9432301.rlib --extern futures_util=/home/runner/work/router/router/target/debug/deps/libfutures_util-c88af18fb62ccf3c.rlib --extern hex=/home/runner/work/router/router/target/debug/deps/libhex-87f1440371f04de8.rlib --extern http=/home/runner/work/router/router/target/debug/deps/libhttp-df218f370a5dfd31.rlib --extern http_body_util=/home/runner/work/router/router/target/debug/deps/libhttp_body_util-c38ae8cbb28b45d6.rlib --extern hyper=/home/runner/work/router/router/target/debug/deps/libhyper-8602e07f51d7f73e.rlib --extern hyper_util=/home/runner/work/router/router/target/debug/deps/libhyper_util-377b19218a12252c.rlib --extern jsonwebtoken=/home/runner/work/router/router/target/debug/deps/libjsonwebtoken-962bb7944d5bfe65.rlib --extern link_assistant_router=/home/runner/work/router/router/target/debug/deps/liblink_assistant_router-6b4117404aec62eb.rlib --extern lino_arguments=/home/runner/work/router/router/target/debug/deps/liblino_arguments-8ba631e19f2d5887.rlib --extern log_lazy=/home/runner/work/router/router/target/debug/deps/liblog_lazy-9e3abe687b2c7fa0.rlib --extern reqwest=/home/runner/work/router/router/target/debug/deps/libreqwest-ec07d56440b19866.rlib --extern serde=/home/runner/work/router/router/target/debug/deps/libserde-85292091c9f44e38.rlib --extern serde_json=/home/runner/work/router/router/target/debug/deps/libserde_json-2a929f6947643107.rlib --extern sha2=/home/runner/work/router/router/target/debug/deps/libsha2-6fd3cec4e769ac0c.rlib --extern tokio=/home/runner/work/router/router/target/debug/deps/libtokio-6ab14ea65eea979a.rlib --extern tower=/home/runner/work/router/router/target/debug/deps/libtower-be514c44a084b3bb.rlib --extern tower_http=/home/runner/work/router/router/target/debug/deps/libtower_http-68ae00c2f6f4f2c1.rlib --extern tracing=/home/runner/work/router/router/target/debug/deps/libtracing-80e998682bbd1908.rlib --extern tracing_subscriber=/home/runner/work/router/router/target/debug/deps/libtracing_subscriber-6410644e7fa1d2f7.rlib --extern uuid=/home/runner/work/router/router/target/debug/deps/libuuid-38a24d21d58112df.rlib -Dwarnings -L native=/home/runner/work/router/router/target/debug/build/ring-bd1e6b00a9b3f90b/out`
Test (ubuntu-latest)	Run tests	2026-05-09T15:43:44.6467773Z ^[[1m^[[92m     Running^[[0m `/home/runner/.rustup/toolchains/stable-x86_64-unknown-linux-gnu/bin/rustc --crate-name integration_test --edition=2021 tests/integration_test.rs --error-format=json --json=diagnostic-rendered-ansi,artifacts,future-incompat --emit=dep-info,link -C embed-bitcode=no -C debuginfo=2 '--warn=clippy::pedantic' '--warn=clippy::nursery' '--warn=clippy::all' --forbid=unsafe_code '--allow=clippy::too_many_lines' '--allow=clippy::module_name_repetitions' '--allow=clippy::missing_panics_doc' '--allow=clippy::missing_errors_doc' --test --check-cfg 'cfg(docsrs,test)' --check-cfg 'cfg(feature, values())' -C metadata=0e73815af24f0b5d -C extra-filename=-3a02cfb0cd176a1e --out-dir /home/runner/work/router/router/target/debug/deps -L dependency=/home/runner/work/router/router/target/debug/deps --extern async_trait=/home/runner/work/router/router/target/debug/deps/libasync_trait-fdb89a2215dfae70.so --extern axum=/home/runner/work/router/router/target/debug/deps/libaxum-b288ffadbe69dbe6.rlib --extern base64=/home/runner/work/router/router/target/debug/deps/libbase64-b0c1b91ad8713475.rlib --extern bytes=/home/runner/work/router/router/target/debug/deps/libbytes-c50adbf09ebed7c5.rlib --extern chrono=/home/runner/work/router/router/target/debug/deps/libchrono-33b50abaf643a4d9.rlib --extern clap=/home/runner/work/router/router/target/debug/deps/libclap-7d7f9365a9432301.rlib --extern futures_util=/home/runner/work/router/router/target/debug/deps/libfutures_util-c88af18fb62ccf3c.rlib --extern hex=/home/runner/work/router/router/target/debug/deps/libhex-87f1440371f04de8.rlib --extern http=/home/runner/work/router/router/target/debug/deps/libhttp-df218f370a5dfd31.rlib --extern http_body_util=/home/runner/work/router/router/target/debug/deps/libhttp_body_util-c38ae8cbb28b45d6.rlib --extern hyper=/home/runner/work/router/router/target/debug/deps/libhyper-8602e07f51d7f73e.rlib --extern hyper_util=/home/runner/work/router/router/target/debug/deps/libhyper_util-377b19218a12252c.rlib --extern jsonwebtoken=/home/runner/work/router/router/target/debug/deps/libjsonwebtoken-962bb7944d5bfe65.rlib --extern link_assistant_router=/home/runner/work/router/router/target/debug/deps/liblink_assistant_router-6b4117404aec62eb.rlib --extern lino_arguments=/home/runner/work/router/router/target/debug/deps/liblino_arguments-8ba631e19f2d5887.rlib --extern log_lazy=/home/runner/work/router/router/target/debug/deps/liblog_lazy-9e3abe687b2c7fa0.rlib --extern reqwest=/home/runner/work/router/router/target/debug/deps/libreqwest-ec07d56440b19866.rlib --extern serde=/home/runner/work/router/router/target/debug/deps/libserde-85292091c9f44e38.rlib --extern serde_json=/home/runner/work/router/router/target/debug/deps/libserde_json-2a929f6947643107.rlib --extern sha2=/home/runner/work/router/router/target/debug/deps/libsha2-6fd3cec4e769ac0c.rlib --extern tempfile=/home/runner/work/router/router/target/debug/deps/libtempfile-918bb86f4375d8ae.rlib --extern tokio=/home/runner/work/router/router/target/debug/deps/libtokio-6ab14ea65eea979a.rlib --extern tokio_test=/home/runner/work/router/router/target/debug/deps/libtokio_test-ff7b2edcfaacba85.rlib --extern tower=/home/runner/work/router/router/target/debug/deps/libtower-be514c44a084b3bb.rlib --extern tower_http=/home/runner/work/router/router/target/debug/deps/libtower_http-68ae00c2f6f4f2c1.rlib --extern tracing=/home/runner/work/router/router/target/debug/deps/libtracing-80e998682bbd1908.rlib --extern tracing_subscriber=/home/runner/work/router/router/target/debug/deps/libtracing_subscriber-6410644e7fa1d2f7.rlib --extern uuid=/home/runner/work/router/router/target/debug/deps/libuuid-38a24d21d58112df.rlib -Dwarnings -L native=/home/runner/work/router/router/target/debug/build/ring-bd1e6b00a9b3f90b/out`
Test (ubuntu-latest)	Run tests	2026-05-09T15:43:44.8359537Z ^[[1m^[[92m     Running^[[0m `/home/runner/.rustup/toolchains/stable-x86_64-unknown-linux-gnu/bin/rustc --crate-name basic_usage --edition=2021 examples/basic_usage.rs --error-format=json --json=diagnostic-rendered-ansi,artifacts,future-incompat --crate-type bin --emit=dep-info,link -C embed-bitcode=no -C debuginfo=2 '--warn=clippy::pedantic' '--warn=clippy::nursery' '--warn=clippy::all' --forbid=unsafe_code '--allow=clippy::too_many_lines' '--allow=clippy::module_name_repetitions' '--allow=clippy::missing_panics_doc' '--allow=clippy::missing_errors_doc' --check-cfg 'cfg(docsrs,test)' --check-cfg 'cfg(feature, values())' -C metadata=6085a4a2e6037f54 -C extra-filename=-0809ebe1b8b46e4f --out-dir /home/runner/work/router/router/target/debug/examples -L dependency=/home/runner/work/router/router/target/debug/deps --extern async_trait=/home/runner/work/router/router/target/debug/deps/libasync_trait-fdb89a2215dfae70.so --extern axum=/home/runner/work/router/router/target/debug/deps/libaxum-b288ffadbe69dbe6.rlib --extern base64=/home/runner/work/router/router/target/debug/deps/libbase64-b0c1b91ad8713475.rlib --extern bytes=/home/runner/work/router/router/target/debug/deps/libbytes-c50adbf09ebed7c5.rlib --extern chrono=/home/runner/work/router/router/target/debug/deps/libchrono-33b50abaf643a4d9.rlib --extern clap=/home/runner/work/router/router/target/debug/deps/libclap-7d7f9365a9432301.rlib --extern futures_util=/home/runner/work/router/router/target/debug/deps/libfutures_util-c88af18fb62ccf3c.rlib --extern hex=/home/runner/work/router/router/target/debug/deps/libhex-87f1440371f04de8.rlib --extern http=/home/runner/work/router/router/target/debug/deps/libhttp-df218f370a5dfd31.rlib --extern http_body_util=/home/runner/work/router/router/target/debug/deps/libhttp_body_util-c38ae8cbb28b45d6.rlib --extern hyper=/home/runner/work/router/router/target/debug/deps/libhyper-8602e07f51d7f73e.rlib --extern hyper_util=/home/runner/work/router/router/target/debug/deps/libhyper_util-377b19218a12252c.rlib --extern jsonwebtoken=/home/runner/work/router/router/target/debug/deps/libjsonwebtoken-962bb7944d5bfe65.rlib --extern link_assistant_router=/home/runner/work/router/router/target/debug/deps/liblink_assistant_router-6b4117404aec62eb.rlib --extern lino_arguments=/home/runner/work/router/router/target/debug/deps/liblino_arguments-8ba631e19f2d5887.rlib --extern log_lazy=/home/runner/work/router/router/target/debug/deps/liblog_lazy-9e3abe687b2c7fa0.rlib --extern reqwest=/home/runner/work/router/router/target/debug/deps/libreqwest-ec07d56440b19866.rlib --extern serde=/home/runner/work/router/router/target/debug/deps/libserde-85292091c9f44e38.rlib --extern serde_json=/home/runner/work/router/router/target/debug/deps/libserde_json-2a929f6947643107.rlib --extern sha2=/home/runner/work/router/router/target/debug/deps/libsha2-6fd3cec4e769ac0c.rlib --extern tempfile=/home/runner/work/router/router/target/debug/deps/libtempfile-918bb86f4375d8ae.rlib --extern tokio=/home/runner/work/router/router/target/debug/deps/libtokio-6ab14ea65eea979a.rlib --extern tokio_test=/home/runner/work/router/router/target/debug/deps/libtokio_test-ff7b2edcfaacba85.rlib --extern tower=/home/runner/work/router/router/target/debug/deps/libtower-be514c44a084b3bb.rlib --extern tower_http=/home/runner/work/router/router/target/debug/deps/libtower_http-68ae00c2f6f4f2c1.rlib --extern tracing=/home/runner/work/router/router/target/debug/deps/libtracing-80e998682bbd1908.rlib --extern tracing_subscriber=/home/runner/work/router/router/target/debug/deps/libtracing_subscriber-6410644e7fa1d2f7.rlib --extern uuid=/home/runner/work/router/router/target/debug/deps/libuuid-38a24d21d58112df.rlib -Dwarnings -L native=/home/runner/work/router/router/target/debug/build/ring-bd1e6b00a9b3f90b/out`
Test (ubuntu-latest)	Run tests	2026-05-09T15:43:45.3886685Z ^[[1m^[[92m     Running^[[0m `/home/runner/.rustup/toolchains/stable-x86_64-unknown-linux-gnu/bin/rustc --crate-name link_assistant_router --edition=2021 src/main.rs --error-format=json --json=diagnostic-rendered-ansi,artifacts,future-incompat --emit=dep-info,link -C embed-bitcode=no -C debuginfo=2 '--warn=clippy::pedantic' '--warn=clippy::nursery' '--warn=clippy::all' --forbid=unsafe_code '--allow=clippy::too_many_lines' '--allow=clippy::module_name_repetitions' '--allow=clippy::missing_panics_doc' '--allow=clippy::missing_errors_doc' --test --check-cfg 'cfg(docsrs,test)' --check-cfg 'cfg(feature, values())' -C metadata=5cebba53ddf918f9 -C extra-filename=-5e9874fe894dd4d4 --out-dir /home/runner/work/router/router/target/debug/deps -L dependency=/home/runner/work/router/router/target/debug/deps --extern async_trait=/home/runner/work/router/router/target/debug/deps/libasync_trait-fdb89a2215dfae70.so --extern axum=/home/runner/work/router/router/target/debug/deps/libaxum-b288ffadbe69dbe6.rlib --extern base64=/home/runner/work/router/router/target/debug/deps/libbase64-b0c1b91ad8713475.rlib --extern bytes=/home/runner/work/router/router/target/debug/deps/libbytes-c50adbf09ebed7c5.rlib --extern chrono=/home/runner/work/router/router/target/debug/deps/libchrono-33b50abaf643a4d9.rlib --extern clap=/home/runner/work/router/router/target/debug/deps/libclap-7d7f9365a9432301.rlib --extern futures_util=/home/runner/work/router/router/target/debug/deps/libfutures_util-c88af18fb62ccf3c.rlib --extern hex=/home/runner/work/router/router/target/debug/deps/libhex-87f1440371f04de8.rlib --extern http=/home/runner/work/router/router/target/debug/deps/libhttp-df218f370a5dfd31.rlib --extern http_body_util=/home/runner/work/router/router/target/debug/deps/libhttp_body_util-c38ae8cbb28b45d6.rlib --extern hyper=/home/runner/work/router/router/target/debug/deps/libhyper-8602e07f51d7f73e.rlib --extern hyper_util=/home/runner/work/router/router/target/debug/deps/libhyper_util-377b19218a12252c.rlib --extern jsonwebtoken=/home/runner/work/router/router/target/debug/deps/libjsonwebtoken-962bb7944d5bfe65.rlib --extern link_assistant_router=/home/runner/work/router/router/target/debug/deps/liblink_assistant_router-6b4117404aec62eb.rlib --extern lino_arguments=/home/runner/work/router/router/target/debug/deps/liblino_arguments-8ba631e19f2d5887.rlib --extern log_lazy=/home/runner/work/router/router/target/debug/deps/liblog_lazy-9e3abe687b2c7fa0.rlib --extern reqwest=/home/runner/work/router/router/target/debug/deps/libreqwest-ec07d56440b19866.rlib --extern serde=/home/runner/work/router/router/target/debug/deps/libserde-85292091c9f44e38.rlib --extern serde_json=/home/runner/work/router/router/target/debug/deps/libserde_json-2a929f6947643107.rlib --extern sha2=/home/runner/work/router/router/target/debug/deps/libsha2-6fd3cec4e769ac0c.rlib --extern tempfile=/home/runner/work/router/router/target/debug/deps/libtempfile-918bb86f4375d8ae.rlib --extern tokio=/home/runner/work/router/router/target/debug/deps/libtokio-6ab14ea65eea979a.rlib --extern tokio_test=/home/runner/work/router/router/target/debug/deps/libtokio_test-ff7b2edcfaacba85.rlib --extern tower=/home/runner/work/router/router/target/debug/deps/libtower-be514c44a084b3bb.rlib --extern tower_http=/home/runner/work/router/router/target/debug/deps/libtower_http-68ae00c2f6f4f2c1.rlib --extern tracing=/home/runner/work/router/router/target/debug/deps/libtracing-80e998682bbd1908.rlib --extern tracing_subscriber=/home/runner/work/router/router/target/debug/deps/libtracing_subscriber-6410644e7fa1d2f7.rlib --extern uuid=/home/runner/work/router/router/target/debug/deps/libuuid-38a24d21d58112df.rlib -Dwarnings -L native=/home/runner/work/router/router/target/debug/build/ring-bd1e6b00a9b3f90b/out`
Test (ubuntu-latest)	Run tests	2026-05-09T15:43:46.8770689Z ^[[1m^[[92m    Finished^[[0m `test` profile [unoptimized + debuginfo] target(s) in 4.43s
Test (ubuntu-latest)	Run tests	2026-05-09T15:43:47.0143321Z ^[[1m^[[92m     Running^[[0m `/home/runner/work/router/router/target/debug/deps/link_assistant_router-d9a9319f99b65455`
Test (ubuntu-latest)	Run tests	2026-05-09T15:43:47.0156857Z
Test (ubuntu-latest)	Run tests	2026-05-09T15:43:47.0157129Z running 57 tests
Test (ubuntu-latest)	Run tests	2026-05-09T15:43:47.0166168Z test accounts::tests::cooldown_skips_unhealthy_account ... ok
Test (ubuntu-latest)	Run tests	2026-05-09T15:43:47.0168044Z test accounts::tests::no_healthy_returns_error ... ok
Test (ubuntu-latest)	Run tests	2026-05-09T15:43:47.0168990Z test accounts::tests::least_used_picks_lowest_count ... ok
Test (ubuntu-latest)	Run tests	2026-05-09T15:43:47.0170275Z test accounts::tests::round_robin_distributes_calls ... ok
Test (ubuntu-latest)	Run tests	2026-05-09T15:43:47.0171215Z test activitypub::tests::actor_contains_required_activitypub_and_forgefed_metadata ... ok
Test (ubuntu-latest)	Run tests	2026-05-09T15:43:47.0172127Z test cli::tests::cli_defaults_round_trip_to_config ... ok
Test (ubuntu-latest)	Run tests	2026-05-09T15:43:47.0172917Z test activitypub::tests::follow_activity_targets_problemsets_actor ... ok
Test (ubuntu-latest)	Run tests	2026-05-09T15:43:47.0173771Z test activitypub::tests::inbound_activity_requires_core_fields ... ok
Test (ubuntu-latest)	Run tests	2026-05-09T15:43:47.0174659Z test config::tests::gonka_provider_builds_with_private_key_and_defaults ... ok
Test (ubuntu-latest)	Run tests	2026-05-09T15:43:47.0175476Z test cli::tests::cli_invalid_routing_mode_rejected ... ok
Test (ubuntu-latest)	Run tests	2026-05-09T15:43:47.0176165Z test config::tests::default_provider_is_anthropic ... ok
Test (ubuntu-latest)	Run tests	2026-05-09T15:43:47.0177748Z test config::tests::gonka_provider_requires_private_key ... ok
Test (ubuntu-latest)	Run tests	2026-05-09T15:43:47.0178405Z test config::tests::test_api_format_parsing ... ok
Test (ubuntu-latest)	Run tests	2026-05-09T15:43:47.0179230Z test config::tests::test_config_default_port ... ok
Test (ubuntu-latest)	Run tests	2026-05-09T15:43:47.0179835Z test config::tests::test_config_empty_token_secret ... ok
Test (ubuntu-latest)	Run tests	2026-05-09T15:43:47.0180415Z test config::tests::test_config_invalid_port ... ok
Test (ubuntu-latest)	Run tests	2026-05-09T15:43:47.0180988Z test config::tests::test_config_missing_token_secret ... ok
Test (ubuntu-latest)	Run tests	2026-05-09T15:43:47.0181643Z test config::tests::test_config_with_valid_values ... ok
Test (ubuntu-latest)	Run tests	2026-05-09T15:43:47.0182225Z test config::tests::test_routing_mode_parsing ... ok
Test (ubuntu-latest)	Run tests	2026-05-09T15:43:47.0182898Z test config::tests::test_verbose_default_false ... ok
Test (ubuntu-latest)	Run tests	2026-05-09T15:43:47.0183507Z test config::tests::test_storage_policy_parsing ... ok
Test (ubuntu-latest)	Run tests	2026-05-09T15:43:47.0184085Z test gonka::tests::existing_model_is_preserved ... ok
Test (ubuntu-latest)	Run tests	2026-05-09T15:43:47.0184866Z test gonka::tests::default_model_is_added_when_missing ... ok
Test (ubuntu-latest)	Run tests	2026-05-09T15:43:47.0185503Z test gonka::tests::models_endpoint_uses_gonka_owner ... ok
Test (ubuntu-latest)	Run tests	2026-05-09T15:43:47.0186145Z test metrics::tests::record_and_render_basic_counters ... ok
Test (ubuntu-latest)	Run tests	2026-05-09T15:43:47.0186824Z test metrics::tests::usage_snapshot_returns_consistent_values ... ok
Test (ubuntu-latest)	Run tests	2026-05-09T15:43:47.0187558Z test gonka::tests::signing_headers_do_not_include_private_key ... ok
Test (ubuntu-latest)	Run tests	2026-05-09T15:43:47.0188232Z test mpp::tests::requires_enabled_and_charge_details ... ok
Test (ubuntu-latest)	Run tests	2026-05-09T15:43:47.0196166Z test mpp::tests::challenge_response_uses_http_402_and_payment_auth_scheme ... ok
Test (ubuntu-latest)	Run tests	2026-05-09T15:43:47.0197367Z test oauth::tests::test_no_credential_files ... ok
Test (ubuntu-latest)	Run tests	2026-05-09T15:43:47.0198262Z test oauth::tests::test_read_credential_file ... ok
Test (ubuntu-latest)	Run tests	2026-05-09T15:43:47.0199214Z test oauth::tests::test_set_token_manually ... ok
Test (ubuntu-latest)	Run tests	2026-05-09T15:43:47.0200477Z test openai::tests::anthropic_tool_use_to_openai_tool_calls ... ok
Test (ubuntu-latest)	Run tests	2026-05-09T15:43:47.0201629Z test mpp::tests::detects_payment_authorization_credentials ... ok
Test (ubuntu-latest)	Run tests	2026-05-09T15:43:47.0202382Z test oauth::tests::test_cached_token_returned ... ok
Test (ubuntu-latest)	Run tests	2026-05-09T15:43:47.0203406Z test openai::tests::preserves_claude_native_model_id ... ok
Test (ubuntu-latest)	Run tests	2026-05-09T15:43:47.0204481Z test openai::tests::translates_basic_chat_completion ... ok
Test (ubuntu-latest)	Run tests	2026-05-09T15:43:47.0205461Z test openai::tests::anthropic_to_chat_basic ... ok
Test (ubuntu-latest)	Run tests	2026-05-09T15:43:47.0206084Z test openai::tests::translates_tool_call_blocks ... ok
Test (ubuntu-latest)	Run tests	2026-05-09T15:43:47.0207014Z test openai::tests::list_models_includes_known_ids ... ok
Test (ubuntu-latest)	Run tests	2026-05-09T15:43:47.0207957Z test openai::tests::translates_multipart_user_content ... ok
Test (ubuntu-latest)	Run tests	2026-05-09T15:43:47.0210673Z test openai::tests::responses_api_translation ... ok
Test (ubuntu-latest)	Run tests	2026-05-09T15:43:47.0214225Z test storage::tests::lino_codec_handles_special_chars ... ok
Test (ubuntu-latest)	Run tests	2026-05-09T15:43:47.0217432Z test storage::tests::memory_store_roundtrip ... ok
Test (ubuntu-latest)	Run tests	2026-05-09T15:43:47.0218075Z test storage::tests::revoke_marks_record ... ok
Test (ubuntu-latest)	Run tests	2026-05-09T15:43:47.7047923Z test storage::tests::text_store_roundtrip ... ok
Test (ubuntu-latest)	Run tests	2026-05-09T15:43:47.7052869Z test token::tests::test_expired_token ... ok
Test (ubuntu-latest)	Run tests	2026-05-09T15:43:47.7054575Z test storage::tests::dual_store_writes_both ... ok
Test (ubuntu-latest)	Run tests	2026-05-09T15:43:47.7055549Z test token::tests::test_issue_token_has_prefix ... ok
Test (ubuntu-latest)	Run tests	2026-05-09T15:43:47.7057068Z test token::tests::test_list_tokens_returns_records ... ok
Test (ubuntu-latest)	Run tests	2026-05-09T15:43:47.7057647Z test storage::tests::binary_store_roundtrip ... ok
Test (ubuntu-latest)	Run tests	2026-05-09T15:43:47.7060744Z test token::tests::test_revoke_token ... ok
Test (ubuntu-latest)	Run tests	2026-05-09T15:43:47.7063341Z test token::tests::test_validate_invalid_jwt ... ok
Test (ubuntu-latest)	Run tests	2026-05-09T15:43:47.7064134Z test token::tests::test_validate_valid_token ... ok
Test (ubuntu-latest)	Run tests	2026-05-09T15:43:47.7064707Z test token::tests::test_validate_wrong_prefix ... ok
Test (ubuntu-latest)	Run tests	2026-05-09T15:43:47.8441321Z test storage::tests::build_token_store_dispatches_correctly ... ok
Test (ubuntu-latest)	Run tests	2026-05-09T15:43:47.8445470Z test token::tests::test_persistent_store_roundtrip ... ok
Test (ubuntu-latest)	Run tests	2026-05-09T15:43:47.8446300Z
Test (ubuntu-latest)	Run tests	2026-05-09T15:43:47.8446909Z test result: ok. 57 passed; 0 failed; 0 ignored; 0 measured; 0 filtered out; finished in 0.83s
Test (ubuntu-latest)	Run tests	2026-05-09T15:43:47.8447642Z
Test (ubuntu-latest)	Run tests	2026-05-09T15:43:47.8449276Z ^[[1m^[[92m     Running^[[0m `/home/runner/work/router/router/target/debug/deps/link_assistant_router-5e9874fe894dd4d4`
Test (ubuntu-latest)	Run tests	2026-05-09T15:43:47.8461853Z
Test (ubuntu-latest)	Run tests	2026-05-09T15:43:47.8462253Z running 0 tests
Test (ubuntu-latest)	Run tests	2026-05-09T15:43:47.8462702Z
Test (ubuntu-latest)	Run tests	2026-05-09T15:43:47.8463264Z test result: ok. 0 passed; 0 failed; 0 ignored; 0 measured; 0 filtered out; finished in 0.00s
Test (ubuntu-latest)	Run tests	2026-05-09T15:43:47.8464159Z
Test (ubuntu-latest)	Run tests	2026-05-09T15:43:47.8466771Z ^[[1m^[[92m     Running^[[0m `/home/runner/work/router/router/target/debug/deps/integration_test-3a02cfb0cd176a1e`
Test (ubuntu-latest)	Run tests	2026-05-09T15:43:47.8477375Z
Test (ubuntu-latest)	Run tests	2026-05-09T15:43:47.8477729Z running 49 tests
Test (ubuntu-latest)	Run tests	2026-05-09T15:43:47.8483825Z test activitypub_tests::actor_context_includes_forgefed_and_fep_ef61_aliases ... ok
Test (ubuntu-latest)	Run tests	2026-05-09T15:43:47.8484825Z test activitypub_tests::actor_document_exposes_required_activitypub_fields ... ok
Test (ubuntu-latest)	Run tests	2026-05-09T15:43:47.8486262Z test activitypub_tests::collections_are_addressable_ordered_collections ... ok
Test (ubuntu-latest)	Run tests	2026-05-09T15:43:47.8506948Z test activitypub_tests::inbox_validation_rejects_objects_without_actor_or_attributed_to ... ok
Test (ubuntu-latest)	Run tests	2026-05-09T15:43:47.8524217Z test activitypub_tests::follow_activity_can_be_posted_to_problemsets_inbox ... ok
Test (ubuntu-latest)	Run tests	2026-05-09T15:43:47.8525313Z test api_format_tests::test_api_format_bedrock_parsing ... ok
Test (ubuntu-latest)	Run tests	2026-05-09T15:43:47.8526162Z test api_format_tests::test_api_format_unknown ... ok
Test (ubuntu-latest)	Run tests	2026-05-09T15:43:47.8526952Z test api_format_tests::test_api_format_vertex_parsing ... ok
Test (ubuntu-latest)	Run tests	2026-05-09T15:43:47.8528038Z test api_format_tests::test_api_format_anthropic_parsing ... ok
Test (ubuntu-latest)	Run tests	2026-05-09T15:43:47.8541037Z test cli_parser_tests::cli_parses_disable_flags ... ok
Test (ubuntu-latest)	Run tests	2026-05-09T15:43:47.8541988Z test cli_parser_tests::cli_default_subcommand_is_none ... ok
Test (ubuntu-latest)	Run tests	2026-05-09T15:43:47.8542876Z test config_verbose_tests::test_verbose_disabled ... ok
Test (ubuntu-latest)	Run tests	2026-05-09T15:43:47.8544493Z test config_verbose_tests::test_verbose_enabled ... ok
Test (ubuntu-latest)	Run tests	2026-05-09T15:43:47.8545840Z test metrics_rendering_tests::prometheus_output_contains_all_required_counters ... ok
Test (ubuntu-latest)	Run tests	2026-05-09T15:43:47.8547109Z test metrics_rendering_tests::usage_snapshot_serialises_cleanly ... ok
Test (ubuntu-latest)	Run tests	2026-05-09T15:43:47.8548166Z test mpp_tests::mpp_payment_authorization_is_not_treated_as_bearer_token ... ok
Test (ubuntu-latest)	Run tests	2026-05-09T15:43:47.8557025Z test mpp_tests::openai_mpp_challenge_is_machine_readable_402 ... ok
Test (ubuntu-latest)	Run tests	2026-05-09T15:43:47.8557864Z test cli_parser_tests::cli_parses_doctor_subcommand ... ok
Test (ubuntu-latest)	Run tests	2026-05-09T15:43:47.8558801Z test oauth_integration_tests::test_credential_file_parsing ... ok
Test (ubuntu-latest)	Run tests	2026-05-09T15:43:47.8559724Z test oauth_integration_tests::test_manual_token_set_and_get ... ok
Test (ubuntu-latest)	Run tests	2026-05-09T15:43:47.8565435Z test cli_parser_tests::cli_parses_serve_subcommand ... ok
Test (ubuntu-latest)	Run tests	2026-05-09T15:43:47.8566244Z test oauth_integration_tests::test_missing_credentials_error ... ok
Test (ubuntu-latest)	Run tests	2026-05-09T15:43:47.8567133Z test openai_translation_tests::anthropic_response_to_openai_chat_completion ... ok
Test (ubuntu-latest)	Run tests	2026-05-09T15:43:47.8568085Z test openai_translation_tests::chat_completion_translates_system_and_user ... ok
Test (ubuntu-latest)	Run tests	2026-05-09T15:43:47.8569307Z test openai_translation_tests::models_endpoint_includes_known_claude_ids ... ok
Test (ubuntu-latest)	Run tests	2026-05-09T15:43:47.8570155Z test path_routing_tests::test_anthropic_count_tokens_path ... ok
Test (ubuntu-latest)	Run tests	2026-05-09T15:43:47.8570839Z test path_routing_tests::test_anthropic_messages_path ... ok
Test (ubuntu-latest)	Run tests	2026-05-09T15:43:47.8571736Z test path_routing_tests::test_bedrock_invoke_path ... ok
Test (ubuntu-latest)	Run tests	2026-05-09T15:43:47.8572374Z test path_routing_tests::test_bedrock_invoke_stream_path ... ok
Test (ubuntu-latest)	Run tests	2026-05-09T15:43:47.8573073Z test path_routing_tests::test_legacy_prefix_root ... ok
Test (ubuntu-latest)	Run tests	2026-05-09T15:43:47.8573769Z test openai_translation_tests::maps_openai_aliases_to_claude_models ... ok
Test (ubuntu-latest)	Run tests	2026-05-09T15:43:47.8574500Z test path_routing_tests::test_legacy_prefix_stripped ... ok
Test (ubuntu-latest)	Run tests	2026-05-09T15:43:47.8575192Z test path_routing_tests::test_legacy_prefix_with_nested_path ... ok
Test (ubuntu-latest)	Run tests	2026-05-09T15:43:47.8575862Z test path_routing_tests::test_vertex_count_tokens_raw_predict_path ... ok
Test (ubuntu-latest)	Run tests	2026-05-09T15:43:47.8576301Z test path_routing_tests::test_vertex_raw_predict_path ... ok
Test (ubuntu-latest)	Run tests	2026-05-09T15:43:47.8576701Z test path_routing_tests::test_vertex_stream_raw_predict_path ... ok
Test (ubuntu-latest)	Run tests	2026-05-09T15:43:47.8577157Z test required_headers_tests::test_required_headers_include_anthropic_beta ... ok
Test (ubuntu-latest)	Run tests	2026-05-09T15:43:47.8577666Z test required_headers_tests::test_required_headers_include_anthropic_version ... ok
Test (ubuntu-latest)	Run tests	2026-05-09T15:43:47.8578399Z test required_headers_tests::test_required_headers_include_session_id ... ok
Test (ubuntu-latest)	Run tests	2026-05-09T15:43:47.8579543Z test support_docs_tests::akash_template_exposes_router_and_required_configuration ... ok
Test (ubuntu-latest)	Run tests	2026-05-09T15:43:47.8580481Z test support_docs_tests::forgefed_docs_describe_public_actor_and_inbox ... ok
Test (ubuntu-latest)	Run tests	2026-05-09T15:43:47.8581450Z test support_docs_tests::kubernetes_template_includes_deployment_service_and_health_probes ... ok
Test (ubuntu-latest)	Run tests	2026-05-09T15:43:47.8582405Z test token_integration_tests::test_different_secrets_reject ... ok
Test (ubuntu-latest)	Run tests	2026-05-09T15:43:47.8583191Z test token_integration_tests::test_multiple_tokens_independent ... ok
Test (ubuntu-latest)	Run tests	2026-05-09T15:43:47.8583916Z test token_integration_tests::test_token_roundtrip ... ok
Test (ubuntu-latest)	Run tests	2026-05-09T15:43:47.8584547Z test version_tests::test_version_is_not_empty ... ok
Test (ubuntu-latest)	Run tests	2026-05-09T15:43:47.8585149Z test version_tests::test_version_matches_cargo_toml ... ok
Test (ubuntu-latest)	Run tests	2026-05-09T15:43:47.8585780Z test token_integration_tests::test_revoke_then_reject ... ok
Test (ubuntu-latest)	Run tests	2026-05-09T15:43:47.8587018Z ^[[1m^[[92m     Running^[[0m `/home/runner/work/router/router/target/debug/deps/release_workflow_test-abb158869e4812a7`
Test (ubuntu-latest)	Run tests	2026-05-09T15:43:47.8588009Z test cli_parser_tests::cli_parses_tokens_issue_with_label ... ok
Test (ubuntu-latest)	Run tests	2026-05-09T15:43:47.8588462Z
Test (ubuntu-latest)	Run tests	2026-05-09T15:43:47.8590447Z test result: ok. 49 passed; 0 failed; 0 ignored; 0 measured; 0 filtered out; finished in 0.01s
Test (ubuntu-latest)	Run tests	2026-05-09T15:43:47.8591045Z
Test (ubuntu-latest)	Run tests	2026-05-09T15:43:47.8591053Z
Test (ubuntu-latest)	Run tests	2026-05-09T15:43:47.8591187Z running 6 tests
Test (ubuntu-latest)	Run tests	2026-05-09T15:43:47.8591627Z test dockerfile_builder_uses_supported_rust_toolchain ... ok
Test (ubuntu-latest)	Run tests	2026-05-09T15:43:47.8592594Z test release_workflow_maps_crates_io_token_fallback_to_cargo_native_env ... ok
Test (ubuntu-latest)	Run tests	2026-05-09T15:43:47.8593293Z test readme_exposes_release_status_badges ... ok
Test (ubuntu-latest)	Run tests	2026-05-09T15:43:47.8593955Z test release_workflow_publishes_synced_docker_hub_image_after_crate ... ok
Test (ubuntu-latest)	Run tests	2026-05-09T15:43:47.8594726Z test release_workflow_adds_crates_io_link_to_github_releases ... ok
Test (ubuntu-latest)	Run tests	2026-05-09T15:43:47.8595391Z test release_scripts_check_all_release_artifacts ... ok
Test (ubuntu-latest)	Run tests	2026-05-09T15:43:47.8595824Z
Test (ubuntu-latest)	Run tests	2026-05-09T15:43:47.8596213Z test result: ok. 6 passed; 0 failed; 0 ignored; 0 measured; 0 filtered out; finished in 0.00s
Test (ubuntu-latest)	Run tests	2026-05-09T15:43:47.8596776Z
Test (ubuntu-latest)	Run tests	2026-05-09T15:43:47.8597110Z ^[[1m^[[92m   Doc-tests^[[0m link_assistant_router
Test (ubuntu-latest)	Run tests	2026-05-09T15:43:47.8614839Z ^[[1m^[[92m     Running^[[0m `/home/runner/.rustup/toolchains/stable-x86_64-unknown-linux-gnu/bin/rustdoc --edition=2021 --crate-type lib --color always --crate-name link_assistant_router --test src/lib.rs --test-run-directory /home/runner/work/router/router -L native=/home/runner/work/router/router/target/debug/build/ring-bd1e6b00a9b3f90b/out '--warn=clippy::pedantic' '--warn=clippy::nursery' '--warn=clippy::all' --forbid=unsafe_code '--allow=clippy::too_many_lines' '--allow=clippy::module_name_repetitions' '--allow=clippy::missing_panics_doc' '--allow=clippy::missing_errors_doc' --extern async_trait=/home/runner/work/router/router/target/debug/deps/libasync_trait-fdb89a2215dfae70.so --extern axum=/home/runner/work/router/router/target/debug/deps/libaxum-b288ffadbe69dbe6.rlib --extern base64=/home/runner/work/router/router/target/debug/deps/libbase64-b0c1b91ad8713475.rlib --extern bytes=/home/runner/work/router/router/target/debug/deps/libbytes-c50adbf09ebed7c5.rlib --extern chrono=/home/runner/work/router/router/target/debug/deps/libchrono-33b50abaf643a4d9.rlib --extern clap=/home/runner/work/router/router/target/debug/deps/libclap-7d7f9365a9432301.rlib --extern futures_util=/home/runner/work/router/router/target/debug/deps/libfutures_util-c88af18fb62ccf3c.rlib --extern hex=/home/runner/work/router/router/target/debug/deps/libhex-87f1440371f04de8.rlib --extern http=/home/runner/work/router/router/target/debug/deps/libhttp-df218f370a5dfd31.rlib --extern http_body_util=/home/runner/work/router/router/target/debug/deps/libhttp_body_util-c38ae8cbb28b45d6.rlib --extern hyper=/home/runner/work/router/router/target/debug/deps/libhyper-8602e07f51d7f73e.rlib --extern hyper_util=/home/runner/work/router/router/target/debug/deps/libhyper_util-377b19218a12252c.rlib --extern jsonwebtoken=/home/runner/work/router/router/target/debug/deps/libjsonwebtoken-962bb7944d5bfe65.rlib --extern link_assistant_router=/home/runner/work/router/router/target/debug/deps/liblink_assistant_router-6b4117404aec62eb.rlib --extern lino_arguments=/home/runner/work/router/router/target/debug/deps/liblino_arguments-8ba631e19f2d5887.rlib --extern log_lazy=/home/runner/work/router/router/target/debug/deps/liblog_lazy-9e3abe687b2c7fa0.rlib --extern reqwest=/home/runner/work/router/router/target/debug/deps/libreqwest-ec07d56440b19866.rlib --extern serde=/home/runner/work/router/router/target/debug/deps/libserde-85292091c9f44e38.rlib --extern serde_json=/home/runner/work/router/router/target/debug/deps/libserde_json-2a929f6947643107.rlib --extern sha2=/home/runner/work/router/router/target/debug/deps/libsha2-6fd3cec4e769ac0c.rlib --extern tempfile=/home/runner/work/router/router/target/debug/deps/libtempfile-918bb86f4375d8ae.rlib --extern tokio=/home/runner/work/router/router/target/debug/deps/libtokio-6ab14ea65eea979a.rlib --extern tokio_test=/home/runner/work/router/router/target/debug/deps/libtokio_test-ff7b2edcfaacba85.rlib --extern tower=/home/runner/work/router/router/target/debug/deps/libtower-be514c44a084b3bb.rlib --extern tower_http=/home/runner/work/router/router/target/debug/deps/libtower_http-68ae00c2f6f4f2c1.rlib --extern tracing=/home/runner/work/router/router/target/debug/deps/libtracing-80e998682bbd1908.rlib --extern tracing_subscriber=/home/runner/work/router/router/target/debug/deps/libtracing_subscriber-6410644e7fa1d2f7.rlib --extern uuid=/home/runner/work/router/router/target/debug/deps/libuuid-38a24d21d58112df.rlib -L dependency=/home/runner/work/router/router/target/debug/deps -C embed-bitcode=no --check-cfg 'cfg(docsrs,test)' --check-cfg 'cfg(feature, values())' --error-format human`
Test (ubuntu-latest)	Run tests	2026-05-09T15:43:47.9850903Z
Test (ubuntu-latest)	Run tests	2026-05-09T15:43:47.9851432Z running 0 tests
Test (ubuntu-latest)	Run tests	2026-05-09T15:43:47.9851755Z
Test (ubuntu-latest)	Run tests	2026-05-09T15:43:47.9852236Z test result: ok. 0 passed; 0 failed; 0 ignored; 0 measured; 0 filtered out; finished in 0.00s
Test (ubuntu-latest)	Run tests	2026-05-09T15:43:47.9852823Z
Test (ubuntu-latest)	Run doc tests	﻿2026-05-09T15:43:47.9957275Z ##[group]Run cargo test --doc --verbose
Test (ubuntu-latest)	Run doc tests	2026-05-09T15:43:47.9957837Z ^[[36;1mcargo test --doc --verbose^[[0m
Test (ubuntu-latest)	Run doc tests	2026-05-09T15:43:47.9984144Z shell: /usr/bin/bash -e {0}
Test (ubuntu-latest)	Run doc tests	2026-05-09T15:43:47.9984394Z env:
Test (ubuntu-latest)	Run doc tests	2026-05-09T15:43:47.9984574Z   CARGO_TERM_COLOR: always
Test (ubuntu-latest)	Run doc tests	2026-05-09T15:43:47.9984796Z   RUSTFLAGS: -Dwarnings
Test (ubuntu-latest)	Run doc tests	2026-05-09T15:43:47.9985375Z   CARGO_REGISTRY_TOKEN: ***
Test (ubuntu-latest)	Run doc tests	2026-05-09T15:43:47.9985837Z   DOCKERHUB_IMAGE: konard/link-assistant-router
Test (ubuntu-latest)	Run doc tests	2026-05-09T15:43:47.9986394Z   CARGO_HOME: /home/runner/.cargo
Test (ubuntu-latest)	Run doc tests	2026-05-09T15:43:47.9986738Z   CARGO_INCREMENTAL: 0
Test (ubuntu-latest)	Run doc tests	2026-05-09T15:43:47.9986942Z ##[endgroup]
Test (ubuntu-latest)	Run doc tests	2026-05-09T15:43:48.1721106Z ^[[1m^[[92m       Fresh^[[0m unicode-ident v1.0.22
Test (ubuntu-latest)	Run doc tests	2026-05-09T15:43:48.1721835Z ^[[1m^[[92m       Fresh^[[0m proc-macro2 v1.0.103
Test (ubuntu-latest)	Run doc tests	2026-05-09T15:43:48.1722433Z ^[[1m^[[92m       Fresh^[[0m pin-project-lite v0.2.16
Test (ubuntu-latest)	Run doc tests	2026-05-09T15:43:48.1723000Z ^[[1m^[[92m       Fresh^[[0m quote v1.0.42
Test (ubuntu-latest)	Run doc tests	2026-05-09T15:43:48.1723521Z ^[[1m^[[92m       Fresh^[[0m libc v0.2.183
Test (ubuntu-latest)	Run doc tests	2026-05-09T15:43:48.1724024Z ^[[1m^[[92m       Fresh^[[0m itoa v1.0.17
Test (ubuntu-latest)	Run doc tests	2026-05-09T15:43:48.1724623Z ^[[1m^[[92m       Fresh^[[0m once_cell v1.21.4
Test (ubuntu-latest)	Run doc tests	2026-05-09T15:43:48.1725145Z ^[[1m^[[92m       Fresh^[[0m syn v2.0.111
Test (ubuntu-latest)	Run doc tests	2026-05-09T15:43:48.1725655Z ^[[1m^[[92m       Fresh^[[0m bytes v1.11.0
Test (ubuntu-latest)	Run doc tests	2026-05-09T15:43:48.1726177Z ^[[1m^[[92m       Fresh^[[0m futures-core v0.3.32
Test (ubuntu-latest)	Run doc tests	2026-05-09T15:43:48.1726687Z ^[[1m^[[92m       Fresh^[[0m shlex v1.3.0
Test (ubuntu-latest)	Run doc tests	2026-05-09T15:43:48.1727206Z ^[[1m^[[92m       Fresh^[[0m synstructure v0.13.2
Test (ubuntu-latest)	Run doc tests	2026-05-09T15:43:48.1727761Z ^[[1m^[[92m       Fresh^[[0m cfg-if v1.0.4
Test (ubuntu-latest)	Run doc tests	2026-05-09T15:43:48.1728298Z ^[[1m^[[92m       Fresh^[[0m find-msvc-tools v0.1.9
Test (ubuntu-latest)	Run doc tests	2026-05-09T15:43:48.1729233Z ^[[1m^[[92m       Fresh^[[0m errno v0.3.14
Test (ubuntu-latest)	Run doc tests	2026-05-09T15:43:48.1729836Z ^[[1m^[[92m       Fresh^[[0m zerofrom-derive v0.1.6
Test (ubuntu-latest)	Run doc tests	2026-05-09T15:43:48.1730386Z ^[[1m^[[92m       Fresh^[[0m cc v1.2.57
Test (ubuntu-latest)	Run doc tests	2026-05-09T15:43:48.1730892Z ^[[1m^[[92m       Fresh^[[0m yoke-derive v0.8.1
Test (ubuntu-latest)	Run doc tests	2026-05-09T15:43:48.1731468Z ^[[1m^[[92m       Fresh^[[0m stable_deref_trait v1.2.1
Test (ubuntu-latest)	Run doc tests	2026-05-09T15:43:48.1732018Z ^[[1m^[[92m       Fresh^[[0m zerofrom v0.1.6
Test (ubuntu-latest)	Run doc tests	2026-05-09T15:43:48.1732536Z ^[[1m^[[92m       Fresh^[[0m log v0.4.29
Test (ubuntu-latest)	Run doc tests	2026-05-09T15:43:48.1733093Z ^[[1m^[[92m       Fresh^[[0m signal-hook-registry v1.4.8
Test (ubuntu-latest)	Run doc tests	2026-05-09T15:43:48.1733668Z ^[[1m^[[92m       Fresh^[[0m tokio-macros v2.6.0
Test (ubuntu-latest)	Run doc tests	2026-05-09T15:43:48.1734172Z ^[[1m^[[92m       Fresh^[[0m yoke v0.8.1
Test (ubuntu-latest)	Run doc tests	2026-05-09T15:43:48.1734640Z ^[[1m^[[92m       Fresh^[[0m mio v1.1.1
Test (ubuntu-latest)	Run doc tests	2026-05-09T15:43:48.1735118Z ^[[1m^[[92m       Fresh^[[0m socket2 v0.6.3
Test (ubuntu-latest)	Run doc tests	2026-05-09T15:43:48.1735668Z ^[[1m^[[92m       Fresh^[[0m tracing-core v0.1.36
Test (ubuntu-latest)	Run doc tests	2026-05-09T15:43:48.1736179Z ^[[1m^[[92m       Fresh^[[0m tokio v1.48.0
Test (ubuntu-latest)	Run doc tests	2026-05-09T15:43:48.1736699Z ^[[1m^[[92m       Fresh^[[0m zerovec-derive v0.11.2
Test (ubuntu-latest)	Run doc tests	2026-05-09T15:43:48.1737280Z ^[[1m^[[92m       Fresh^[[0m tracing-attributes v0.1.31
Test (ubuntu-latest)	Run doc tests	2026-05-09T15:43:48.1737848Z ^[[1m^[[92m       Fresh^[[0m zerovec v0.11.5
Test (ubuntu-latest)	Run doc tests	2026-05-09T15:43:48.1738367Z ^[[1m^[[92m       Fresh^[[0m displaydoc v0.2.5
Test (ubuntu-latest)	Run doc tests	2026-05-09T15:43:48.1739150Z ^[[1m^[[92m       Fresh^[[0m tracing v0.1.44
Test (ubuntu-latest)	Run doc tests	2026-05-09T15:43:48.1739676Z ^[[1m^[[92m       Fresh^[[0m serde_core v1.0.228
Test (ubuntu-latest)	Run doc tests	2026-05-09T15:43:48.1740203Z ^[[1m^[[92m       Fresh^[[0m http v1.4.0
Test (ubuntu-latest)	Run doc tests	2026-05-09T15:43:48.1740699Z ^[[1m^[[92m       Fresh^[[0m smallvec v1.15.1
Test (ubuntu-latest)	Run doc tests	2026-05-09T15:43:48.1741222Z ^[[1m^[[92m       Fresh^[[0m pkg-config v0.3.32
Test (ubuntu-latest)	Run doc tests	2026-05-09T15:43:48.1741733Z ^[[1m^[[92m       Fresh^[[0m vcpkg v0.2.15
Test (ubuntu-latest)	Run doc tests	2026-05-09T15:43:48.1743752Z ^[[1m^[[92m       Fresh^[[0m serde_derive v1.0.228
Test (ubuntu-latest)	Run doc tests	2026-05-09T15:43:48.1744328Z ^[[1m^[[92m       Fresh^[[0m slab v0.4.12
Test (ubuntu-latest)	Run doc tests	2026-05-09T15:43:48.1745039Z ^[[1m^[[92m       Fresh^[[0m serde v1.0.228
Test (ubuntu-latest)	Run doc tests	2026-05-09T15:43:48.1745389Z ^[[1m^[[92m       Fresh^[[0m http-body v1.0.1
Test (ubuntu-latest)	Run doc tests	2026-05-09T15:43:48.1745693Z ^[[1m^[[92m       Fresh^[[0m tinystr v0.8.2
Test (ubuntu-latest)	Run doc tests	2026-05-09T15:43:48.1745977Z ^[[1m^[[92m       Fresh^[[0m litemap v0.8.1
Test (ubuntu-latest)	Run doc tests	2026-05-09T15:43:48.1746256Z ^[[1m^[[92m       Fresh^[[0m autocfg v1.5.0
Test (ubuntu-latest)	Run doc tests	2026-05-09T15:43:48.1746546Z ^[[1m^[[92m       Fresh^[[0m writeable v0.6.2
Test (ubuntu-latest)	Run doc tests	2026-05-09T15:43:48.1746849Z ^[[1m^[[92m       Fresh^[[0m bitflags v2.11.0
Test (ubuntu-latest)	Run doc tests	2026-05-09T15:43:48.1747170Z ^[[1m^[[92m       Fresh^[[0m potential_utf v0.1.4
Test (ubuntu-latest)	Run doc tests	2026-05-09T15:43:48.1747730Z ^[[1m^[[92m       Fresh^[[0m icu_locale_core v2.1.1
Test (ubuntu-latest)	Run doc tests	2026-05-09T15:43:48.1748059Z ^[[1m^[[92m       Fresh^[[0m zerotrie v0.2.3
Test (ubuntu-latest)	Run doc tests	2026-05-09T15:43:48.1748390Z ^[[1m^[[92m       Fresh^[[0m futures-macro v0.3.32
Test (ubuntu-latest)	Run doc tests	2026-05-09T15:43:48.1749010Z ^[[1m^[[92m       Fresh^[[0m futures-task v0.3.32
Test (ubuntu-latest)	Run doc tests	2026-05-09T15:43:48.1749331Z ^[[1m^[[92m       Fresh^[[0m tower-service v0.3.3
Test (ubuntu-latest)	Run doc tests	2026-05-09T15:43:48.1749664Z ^[[1m^[[92m       Fresh^[[0m percent-encoding v2.3.2
Test (ubuntu-latest)	Run doc tests	2026-05-09T15:43:48.1749999Z ^[[1m^[[92m       Fresh^[[0m version_check v0.9.5
Test (ubuntu-latest)	Run doc tests	2026-05-09T15:43:48.1750308Z ^[[1m^[[92m       Fresh^[[0m equivalent v1.0.2
Test (ubuntu-latest)	Run doc tests	2026-05-09T15:43:48.1750621Z ^[[1m^[[92m       Fresh^[[0m futures-sink v0.3.32
Test (ubuntu-latest)	Run doc tests	2026-05-09T15:43:48.1750939Z ^[[1m^[[92m       Fresh^[[0m hashbrown v0.16.1
Test (ubuntu-latest)	Run doc tests	2026-05-09T15:43:48.1751247Z ^[[1m^[[92m       Fresh^[[0m tokio-util v0.7.18
Test (ubuntu-latest)	Run doc tests	2026-05-09T15:43:48.1751545Z ^[[1m^[[92m       Fresh^[[0m indexmap v2.13.0
Test (ubuntu-latest)	Run doc tests	2026-05-09T15:43:48.1751856Z ^[[1m^[[92m       Fresh^[[0m futures-util v0.3.32
Test (ubuntu-latest)	Run doc tests	2026-05-09T15:43:48.1752159Z ^[[1m^[[92m       Fresh^[[0m icu_provider v2.1.1
Test (ubuntu-latest)	Run doc tests	2026-05-09T15:43:48.1752480Z ^[[1m^[[92m       Fresh^[[0m icu_collections v2.1.1
Test (ubuntu-latest)	Run doc tests	2026-05-09T15:43:48.1752782Z ^[[1m^[[92m       Fresh^[[0m base64 v0.22.1
Test (ubuntu-latest)	Run doc tests	2026-05-09T15:43:48.1753076Z ^[[1m^[[92m       Fresh^[[0m atomic-waker v1.1.2
Test (ubuntu-latest)	Run doc tests	2026-05-09T15:43:48.1753361Z ^[[1m^[[92m       Fresh^[[0m fnv v1.0.7
Test (ubuntu-latest)	Run doc tests	2026-05-09T15:43:48.1753642Z ^[[1m^[[92m       Fresh^[[0m try-lock v0.2.5
Test (ubuntu-latest)	Run doc tests	2026-05-09T15:43:48.1753980Z ^[[1m^[[92m       Fresh^[[0m foreign-types-shared v0.1.1
Test (ubuntu-latest)	Run doc tests	2026-05-09T15:43:48.1754307Z ^[[1m^[[92m       Fresh^[[0m want v0.3.1
Test (ubuntu-latest)	Run doc tests	2026-05-09T15:43:48.1754573Z ^[[1m^[[92m       Fresh^[[0m h2 v0.4.13
Test (ubuntu-latest)	Run doc tests	2026-05-09T15:43:48.1754862Z ^[[1m^[[92m       Fresh^[[0m foreign-types v0.3.2
Test (ubuntu-latest)	Run doc tests	2026-05-09T15:43:48.1755210Z ^[[1m^[[92m       Fresh^[[0m num-traits v0.2.19
Test (ubuntu-latest)	Run doc tests	2026-05-09T15:43:48.1755498Z ^[[1m^[[92m       Fresh^[[0m zmij v1.0.21
Test (ubuntu-latest)	Run doc tests	2026-05-09T15:43:48.1759481Z ^[[1m^[[92m       Fresh^[[0m icu_properties_data v2.1.2
Test (ubuntu-latest)	Run doc tests	2026-05-09T15:43:48.1760098Z ^[[1m^[[92m       Fresh^[[0m icu_normalizer_data v2.1.1
Test (ubuntu-latest)	Run doc tests	2026-05-09T15:43:48.1760562Z ^[[1m^[[92m       Fresh^[[0m httparse v1.10.1
Test (ubuntu-latest)	Run doc tests	2026-05-09T15:43:48.1761095Z ^[[1m^[[92m       Fresh^[[0m openssl-sys v0.9.112
Test (ubuntu-latest)	Run doc tests	2026-05-09T15:43:48.1761623Z ^[[1m^[[92m       Fresh^[[0m futures-channel v0.3.32
Test (ubuntu-latest)	Run doc tests	2026-05-09T15:43:48.1761962Z ^[[1m^[[92m       Fresh^[[0m sync_wrapper v1.0.2
Test (ubuntu-latest)	Run doc tests	2026-05-09T15:43:48.1762546Z ^[[1m^[[92m       Fresh^[[0m openssl-macros v0.1.1
Test (ubuntu-latest)	Run doc tests	2026-05-09T15:43:48.1763187Z ^[[1m^[[92m       Fresh^[[0m typenum v1.20.0
Test (ubuntu-latest)	Run doc tests	2026-05-09T15:43:48.1763749Z ^[[1m^[[92m       Fresh^[[0m memchr v2.8.0
Test (ubuntu-latest)	Run doc tests	2026-05-09T15:43:48.1764272Z ^[[1m^[[92m       Fresh^[[0m tower-layer v0.3.3
Test (ubuntu-latest)	Run doc tests	2026-05-09T15:43:48.1764849Z ^[[1m^[[92m       Fresh^[[0m utf8parse v0.2.2
Test (ubuntu-latest)	Run doc tests	2026-05-09T15:43:48.1765276Z ^[[1m^[[92m       Fresh^[[0m httpdate v1.0.3
Test (ubuntu-latest)	Run doc tests	2026-05-09T15:43:48.1765859Z ^[[1m^[[92m       Fresh^[[0m pin-utils v0.1.0
Test (ubuntu-latest)	Run doc tests	2026-05-09T15:43:48.1766275Z ^[[1m^[[92m       Fresh^[[0m serde_json v1.0.149
Test (ubuntu-latest)	Run doc tests	2026-05-09T15:43:48.1766608Z ^[[1m^[[92m       Fresh^[[0m anstyle-parse v0.2.7
Test (ubuntu-latest)	Run doc tests	2026-05-09T15:43:48.1767022Z ^[[1m^[[92m       Fresh^[[0m hyper v1.8.1
Test (ubuntu-latest)	Run doc tests	2026-05-09T15:43:48.1767415Z ^[[1m^[[92m       Fresh^[[0m openssl v0.10.76
Test (ubuntu-latest)	Run doc tests	2026-05-09T15:43:48.1767829Z ^[[1m^[[92m       Fresh^[[0m generic-array v0.14.7
Test (ubuntu-latest)	Run doc tests	2026-05-09T15:43:48.1768364Z ^[[1m^[[92m       Fresh^[[0m icu_normalizer v2.1.1
Test (ubuntu-latest)	Run doc tests	2026-05-09T15:43:48.1769158Z ^[[1m^[[92m       Fresh^[[0m icu_properties v2.1.2
Test (ubuntu-latest)	Run doc tests	2026-05-09T15:43:48.1769842Z ^[[1m^[[92m       Fresh^[[0m form_urlencoded v1.2.2
Test (ubuntu-latest)	Run doc tests	2026-05-09T15:43:48.1770267Z ^[[1m^[[92m       Fresh^[[0m http-body-util v0.1.3
Test (ubuntu-latest)	Run doc tests	2026-05-09T15:43:48.1770978Z ^[[1m^[[92m       Fresh^[[0m is_terminal_polyfill v1.70.2
Test (ubuntu-latest)	Run doc tests	2026-05-09T15:43:48.1771334Z ^[[1m^[[92m       Fresh^[[0m openssl-probe v0.2.1
Test (ubuntu-latest)	Run doc tests	2026-05-09T15:43:48.1771638Z ^[[1m^[[92m       Fresh^[[0m num-conv v0.2.0
Test (ubuntu-latest)	Run doc tests	2026-05-09T15:43:48.1772109Z ^[[1m^[[92m       Fresh^[[0m time-core v0.1.8
Test (ubuntu-latest)	Run doc tests	2026-05-09T15:43:48.1772634Z ^[[1m^[[92m       Fresh^[[0m powerfmt v0.2.0
Test (ubuntu-latest)	Run doc tests	2026-05-09T15:43:48.1772973Z ^[[1m^[[92m       Fresh^[[0m anstyle v1.0.14
Test (ubuntu-latest)	Run doc tests	2026-05-09T15:43:48.1773286Z ^[[1m^[[92m       Fresh^[[0m colorchoice v1.0.5
Test (ubuntu-latest)	Run doc tests	2026-05-09T15:43:48.1773592Z ^[[1m^[[92m       Fresh^[[0m anstyle-query v1.1.5
Test (ubuntu-latest)	Run doc tests	2026-05-09T15:43:48.1774514Z ^[[1m^[[92m       Fresh^[[0m ipnet v2.12.0
Test (ubuntu-latest)	Run doc tests	2026-05-09T15:43:48.1774983Z ^[[1m^[[92m       Fresh^[[0m anstream v0.6.21
Test (ubuntu-latest)	Run doc tests	2026-05-09T15:43:48.1775474Z ^[[1m^[[92m       Fresh^[[0m hyper-util v0.1.20
Test (ubuntu-latest)	Run doc tests	2026-05-09T15:43:48.1775995Z ^[[1m^[[92m       Fresh^[[0m deranged v0.5.8
Test (ubuntu-latest)	Run doc tests	2026-05-09T15:43:48.1776500Z ^[[1m^[[92m       Fresh^[[0m time-macros v0.2.27
Test (ubuntu-latest)	Run doc tests	2026-05-09T15:43:48.1777010Z ^[[1m^[[92m       Fresh^[[0m native-tls v0.2.18
Test (ubuntu-latest)	Run doc tests	2026-05-09T15:43:48.1777525Z ^[[1m^[[92m       Fresh^[[0m idna_adapter v1.2.1
Test (ubuntu-latest)	Run doc tests	2026-05-09T15:43:48.1778032Z ^[[1m^[[92m       Fresh^[[0m tower v0.5.3
Test (ubuntu-latest)	Run doc tests	2026-05-09T15:43:48.1778821Z ^[[1m^[[92m       Fresh^[[0m num-integer v0.1.46
Test (ubuntu-latest)	Run doc tests	2026-05-09T15:43:48.1779370Z ^[[1m^[[92m       Fresh^[[0m thiserror-impl v2.0.18
Test (ubuntu-latest)	Run doc tests	2026-05-09T15:43:48.1779990Z ^[[1m^[[92m       Fresh^[[0m dtor-proc-macro v0.0.5
Test (ubuntu-latest)	Run doc tests	2026-05-09T15:43:48.1780310Z ^[[1m^[[92m       Fresh^[[0m heck v0.5.0
Test (ubuntu-latest)	Run doc tests	2026-05-09T15:43:48.1780585Z ^[[1m^[[92m       Fresh^[[0m mime v0.3.17
Test (ubuntu-latest)	Run doc tests	2026-05-09T15:43:48.1780860Z ^[[1m^[[92m       Fresh^[[0m clap_lex v1.1.0
Test (ubuntu-latest)	Run doc tests	2026-05-09T15:43:48.1781160Z ^[[1m^[[92m       Fresh^[[0m regex-syntax v0.8.10
Test (ubuntu-latest)	Run doc tests	2026-05-09T15:43:48.1781469Z ^[[1m^[[92m       Fresh^[[0m ryu v1.0.23
Test (ubuntu-latest)	Run doc tests	2026-05-09T15:43:48.1781752Z ^[[1m^[[92m       Fresh^[[0m utf8_iter v1.0.4
Test (ubuntu-latest)	Run doc tests	2026-05-09T15:43:48.1782044Z ^[[1m^[[92m       Fresh^[[0m strsim v0.11.1
Test (ubuntu-latest)	Run doc tests	2026-05-09T15:43:48.1782338Z ^[[1m^[[92m       Fresh^[[0m clap_builder v4.5.60
Test (ubuntu-latest)	Run doc tests	2026-05-09T15:43:48.1782651Z ^[[1m^[[92m       Fresh^[[0m regex-automata v0.4.14
Test (ubuntu-latest)	Run doc tests	2026-05-09T15:43:48.1782979Z ^[[1m^[[92m       Fresh^[[0m serde_urlencoded v0.7.1
Test (ubuntu-latest)	Run doc tests	2026-05-09T15:43:48.1783281Z ^[[1m^[[92m       Fresh^[[0m idna v1.1.0
Test (ubuntu-latest)	Run doc tests	2026-05-09T15:43:48.1783557Z ^[[1m^[[92m       Fresh^[[0m clap_derive v4.5.55
Test (ubuntu-latest)	Run doc tests	2026-05-09T15:43:48.1783852Z ^[[1m^[[92m       Fresh^[[0m num-bigint v0.4.6
Test (ubuntu-latest)	Run doc tests	2026-05-09T15:43:48.1784144Z ^[[1m^[[92m       Fresh^[[0m thiserror v2.0.18
Test (ubuntu-latest)	Run doc tests	2026-05-09T15:43:48.1784421Z ^[[1m^[[92m       Fresh^[[0m dtor v0.0.6
Test (ubuntu-latest)	Run doc tests	2026-05-09T15:43:48.1784711Z ^[[1m^[[92m       Fresh^[[0m tokio-native-tls v0.3.1
Test (ubuntu-latest)	Run doc tests	2026-05-09T15:43:48.1785008Z ^[[1m^[[92m       Fresh^[[0m time v0.3.47
Test (ubuntu-latest)	Run doc tests	2026-05-09T15:43:48.1785287Z ^[[1m^[[92m       Fresh^[[0m getrandom v0.4.2
Test (ubuntu-latest)	Run doc tests	2026-05-09T15:43:48.1785590Z ^[[1m^[[92m       Fresh^[[0m block-buffer v0.10.4
Test (ubuntu-latest)	Run doc tests	2026-05-09T15:43:48.1785890Z ^[[1m^[[92m       Fresh^[[0m crypto-common v0.1.7
Test (ubuntu-latest)	Run doc tests	2026-05-09T15:43:48.1786187Z ^[[1m^[[92m       Fresh^[[0m getrandom v0.2.17
Test (ubuntu-latest)	Run doc tests	2026-05-09T15:43:48.1786491Z ^[[1m^[[92m       Fresh^[[0m thiserror-impl v1.0.69
Test (ubuntu-latest)	Run doc tests	2026-05-09T15:43:48.1786802Z ^[[1m^[[92m       Fresh^[[0m lazy_static v1.5.0
Test (ubuntu-latest)	Run doc tests	2026-05-09T15:43:48.1787111Z ^[[1m^[[92m       Fresh^[[0m ctor-proc-macro v0.0.6
Test (ubuntu-latest)	Run doc tests	2026-05-09T15:43:48.1787410Z ^[[1m^[[92m       Fresh^[[0m iri-string v0.7.10
Test (ubuntu-latest)	Run doc tests	2026-05-09T15:43:48.1787696Z ^[[1m^[[92m       Fresh^[[0m zeroize v1.8.2
Test (ubuntu-latest)	Run doc tests	2026-05-09T15:43:48.1787984Z ^[[1m^[[92m       Fresh^[[0m untrusted v0.9.0
Test (ubuntu-latest)	Run doc tests	2026-05-09T15:43:48.1788277Z ^[[1m^[[92m       Fresh^[[0m sharded-slab v0.1.7
Test (ubuntu-latest)	Run doc tests	2026-05-09T15:43:48.1788876Z ^[[1m^[[92m       Fresh^[[0m rustls-pki-types v1.14.0
Test (ubuntu-latest)	Run doc tests	2026-05-09T15:43:48.1789212Z ^[[1m^[[92m       Fresh^[[0m tower-http v0.6.8
Test (ubuntu-latest)	Run doc tests	2026-05-09T15:43:48.1789498Z ^[[1m^[[92m       Fresh^[[0m ring v0.17.14
Test (ubuntu-latest)	Run doc tests	2026-05-09T15:43:48.1789776Z ^[[1m^[[92m       Fresh^[[0m ctor v0.4.3
Test (ubuntu-latest)	Run doc tests	2026-05-09T15:43:48.1790047Z ^[[1m^[[92m       Fresh^[[0m thiserror v1.0.69
Test (ubuntu-latest)	Run doc tests	2026-05-09T15:43:48.1790328Z ^[[1m^[[92m       Fresh^[[0m digest v0.10.7
Test (ubuntu-latest)	Run doc tests	2026-05-09T15:43:48.1790612Z ^[[1m^[[92m       Fresh^[[0m hyper-tls v0.6.0
Test (ubuntu-latest)	Run doc tests	2026-05-09T15:43:48.1790908Z ^[[1m^[[92m       Fresh^[[0m simple_asn1 v0.6.4
Test (ubuntu-latest)	Run doc tests	2026-05-09T15:43:48.1791186Z ^[[1m^[[92m       Fresh^[[0m clap v4.5.60
Test (ubuntu-latest)	Run doc tests	2026-05-09T15:43:48.1791653Z ^[[1m^[[92m       Fresh^[[0m url v2.5.8
Test (ubuntu-latest)	Run doc tests	2026-05-09T15:43:48.1791933Z ^[[1m^[[92m       Fresh^[[0m matchers v0.2.0
Test (ubuntu-latest)	Run doc tests	2026-05-09T15:43:48.1792218Z ^[[1m^[[92m       Fresh^[[0m axum-core v0.5.6
Test (ubuntu-latest)	Run doc tests	2026-05-09T15:43:48.1792488Z ^[[1m^[[92m       Fresh^[[0m pem v3.0.6
Test (ubuntu-latest)	Run doc tests	2026-05-09T15:43:48.1792777Z ^[[1m^[[92m       Fresh^[[0m tracing-serde v0.2.0
Test (ubuntu-latest)	Run doc tests	2026-05-09T15:43:48.1793117Z ^[[1m^[[92m       Fresh^[[0m serde_path_to_error v0.1.20
Test (ubuntu-latest)	Run doc tests	2026-05-09T15:43:48.1793437Z ^[[1m^[[92m       Fresh^[[0m tracing-log v0.2.0
Test (ubuntu-latest)	Run doc tests	2026-05-09T15:43:48.1793728Z ^[[1m^[[92m       Fresh^[[0m encoding_rs v0.8.35
Test (ubuntu-latest)	Run doc tests	2026-05-09T15:43:48.1794025Z ^[[1m^[[92m       Fresh^[[0m thread_local v1.1.9
Test (ubuntu-latest)	Run doc tests	2026-05-09T15:43:48.1794452Z ^[[1m^[[92m       Fresh^[[0m axum-macros v0.5.0
Test (ubuntu-latest)	Run doc tests	2026-05-09T15:43:48.1794771Z ^[[1m^[[92m       Fresh^[[0m async-stream-impl v0.3.6
Test (ubuntu-latest)	Run doc tests	2026-05-09T15:43:48.1795094Z ^[[1m^[[92m       Fresh^[[0m iana-time-zone v0.1.65
Test (ubuntu-latest)	Run doc tests	2026-05-09T15:43:48.1795398Z ^[[1m^[[92m       Fresh^[[0m matchit v0.8.4
Test (ubuntu-latest)	Run doc tests	2026-05-09T15:43:48.1795678Z ^[[1m^[[92m       Fresh^[[0m lino-env v0.1.0
Test (ubuntu-latest)	Run doc tests	2026-05-09T15:43:48.1795977Z ^[[1m^[[92m       Fresh^[[0m nu-ansi-term v0.50.3
Test (ubuntu-latest)	Run doc tests	2026-05-09T15:43:48.1796265Z ^[[1m^[[92m       Fresh^[[0m dotenvy v0.15.7
Test (ubuntu-latest)	Run doc tests	2026-05-09T15:43:48.1796563Z ^[[1m^[[92m       Fresh^[[0m linux-raw-sys v0.12.1
Test (ubuntu-latest)	Run doc tests	2026-05-09T15:43:48.1796873Z ^[[1m^[[92m       Fresh^[[0m cpufeatures v0.2.17
Test (ubuntu-latest)	Run doc tests	2026-05-09T15:43:48.1797159Z ^[[1m^[[92m       Fresh^[[0m rustix v1.1.4
Test (ubuntu-latest)	Run doc tests	2026-05-09T15:43:48.1797429Z ^[[1m^[[92m       Fresh^[[0m sha2 v0.10.9
Test (ubuntu-latest)	Run doc tests	2026-05-09T15:43:48.1797719Z ^[[1m^[[92m       Fresh^[[0m lino-arguments v0.3.0
Test (ubuntu-latest)	Run doc tests	2026-05-09T15:43:48.1798050Z ^[[1m^[[92m       Fresh^[[0m tracing-subscriber v0.3.23
Test (ubuntu-latest)	Run doc tests	2026-05-09T15:43:48.1798377Z ^[[1m^[[92m       Fresh^[[0m async-stream v0.3.6
Test (ubuntu-latest)	Run doc tests	2026-05-09T15:43:48.1798942Z ^[[1m^[[92m       Fresh^[[0m chrono v0.4.44
Test (ubuntu-latest)	Run doc tests	2026-05-09T15:43:48.1799217Z ^[[1m^[[92m       Fresh^[[0m axum v0.8.8
Test (ubuntu-latest)	Run doc tests	2026-05-09T15:43:48.1799495Z ^[[1m^[[92m       Fresh^[[0m reqwest v0.12.28
Test (ubuntu-latest)	Run doc tests	2026-05-09T15:43:48.1799787Z ^[[1m^[[92m       Fresh^[[0m jsonwebtoken v9.3.1
Test (ubuntu-latest)	Run doc tests	2026-05-09T15:43:48.1800070Z ^[[1m^[[92m       Fresh^[[0m uuid v1.22.0
Test (ubuntu-latest)	Run doc tests	2026-05-09T15:43:48.1800362Z ^[[1m^[[92m       Fresh^[[0m tokio-stream v0.1.17
Test (ubuntu-latest)	Run doc tests	2026-05-09T15:43:48.1800663Z ^[[1m^[[92m       Fresh^[[0m async-trait v0.1.89
Test (ubuntu-latest)	Run doc tests	2026-05-09T15:43:48.1800966Z ^[[1m^[[92m       Fresh^[[0m log-lazy v0.1.0
Test (ubuntu-latest)	Run doc tests	2026-05-09T15:43:48.1801239Z ^[[1m^[[92m       Fresh^[[0m hex v0.4.3
Test (ubuntu-latest)	Run doc tests	2026-05-09T15:43:48.1801504Z ^[[1m^[[92m       Fresh^[[0m fastrand v2.3.0
Test (ubuntu-latest)	Run doc tests	2026-05-09T15:43:48.1801789Z ^[[1m^[[92m       Fresh^[[0m tokio-test v0.4.4
Test (ubuntu-latest)	Run doc tests	2026-05-09T15:43:48.1802080Z ^[[1m^[[92m       Fresh^[[0m tempfile v3.27.0
Test (ubuntu-latest)	Run doc tests	2026-05-09T15:43:48.1802518Z ^[[1m^[[92m       Fresh^[[0m link-assistant-router v0.13.0 (/home/runner/work/router/router)
Test (ubuntu-latest)	Run doc tests	2026-05-09T15:43:48.1803084Z ^[[1m^[[92m    Finished^[[0m `test` profile [unoptimized + debuginfo] target(s) in 0.11s
Test (ubuntu-latest)	Run doc tests	2026-05-09T15:43:48.1834279Z ^[[1m^[[92m   Doc-tests^[[0m link_assistant_router
Test (ubuntu-latest)	Run doc tests	2026-05-09T15:43:48.1851650Z ^[[1m^[[92m     Running^[[0m `/home/runner/.rustup/toolchains/stable-x86_64-unknown-linux-gnu/bin/rustdoc --edition=2021 --crate-type lib --color always --crate-name link_assistant_router --test src/lib.rs --test-run-directory /home/runner/work/router/router -L native=/home/runner/work/router/router/target/debug/build/ring-bd1e6b00a9b3f90b/out '--warn=clippy::pedantic' '--warn=clippy::nursery' '--warn=clippy::all' --forbid=unsafe_code '--allow=clippy::too_many_lines' '--allow=clippy::module_name_repetitions' '--allow=clippy::missing_panics_doc' '--allow=clippy::missing_errors_doc' --extern async_trait=/home/runner/work/router/router/target/debug/deps/libasync_trait-fdb89a2215dfae70.so --extern axum=/home/runner/work/router/router/target/debug/deps/libaxum-b288ffadbe69dbe6.rlib --extern base64=/home/runner/work/router/router/target/debug/deps/libbase64-b0c1b91ad8713475.rlib --extern bytes=/home/runner/work/router/router/target/debug/deps/libbytes-c50adbf09ebed7c5.rlib --extern chrono=/home/runner/work/router/router/target/debug/deps/libchrono-33b50abaf643a4d9.rlib --extern clap=/home/runner/work/router/router/target/debug/deps/libclap-7d7f9365a9432301.rlib --extern futures_util=/home/runner/work/router/router/target/debug/deps/libfutures_util-c88af18fb62ccf3c.rlib --extern hex=/home/runner/work/router/router/target/debug/deps/libhex-87f1440371f04de8.rlib --extern http=/home/runner/work/router/router/target/debug/deps/libhttp-df218f370a5dfd31.rlib --extern http_body_util=/home/runner/work/router/router/target/debug/deps/libhttp_body_util-c38ae8cbb28b45d6.rlib --extern hyper=/home/runner/work/router/router/target/debug/deps/libhyper-8602e07f51d7f73e.rlib --extern hyper_util=/home/runner/work/router/router/target/debug/deps/libhyper_util-377b19218a12252c.rlib --extern jsonwebtoken=/home/runner/work/router/router/target/debug/deps/libjsonwebtoken-962bb7944d5bfe65.rlib --extern link_assistant_router=/home/runner/work/router/router/target/debug/deps/liblink_assistant_router-6b4117404aec62eb.rlib --extern lino_arguments=/home/runner/work/router/router/target/debug/deps/liblino_arguments-8ba631e19f2d5887.rlib --extern log_lazy=/home/runner/work/router/router/target/debug/deps/liblog_lazy-9e3abe687b2c7fa0.rlib --extern reqwest=/home/runner/work/router/router/target/debug/deps/libreqwest-ec07d56440b19866.rlib --extern serde=/home/runner/work/router/router/target/debug/deps/libserde-85292091c9f44e38.rlib --extern serde_json=/home/runner/work/router/router/target/debug/deps/libserde_json-2a929f6947643107.rlib --extern sha2=/home/runner/work/router/router/target/debug/deps/libsha2-6fd3cec4e769ac0c.rlib --extern tempfile=/home/runner/work/router/router/target/debug/deps/libtempfile-918bb86f4375d8ae.rlib --extern tokio=/home/runner/work/router/router/target/debug/deps/libtokio-6ab14ea65eea979a.rlib --extern tokio_test=/home/runner/work/router/router/target/debug/deps/libtokio_test-ff7b2edcfaacba85.rlib --extern tower=/home/runner/work/router/router/target/debug/deps/libtower-be514c44a084b3bb.rlib --extern tower_http=/home/runner/work/router/router/target/debug/deps/libtower_http-68ae00c2f6f4f2c1.rlib --extern tracing=/home/runner/work/router/router/target/debug/deps/libtracing-80e998682bbd1908.rlib --extern tracing_subscriber=/home/runner/work/router/router/target/debug/deps/libtracing_subscriber-6410644e7fa1d2f7.rlib --extern uuid=/home/runner/work/router/router/target/debug/deps/libuuid-38a24d21d58112df.rlib -L dependency=/home/runner/work/router/router/target/debug/deps -C embed-bitcode=no --check-cfg 'cfg(docsrs,test)' --check-cfg 'cfg(feature, values())' --error-format human`
Test (ubuntu-latest)	Run doc tests	2026-05-09T15:43:48.3037109Z
Test (ubuntu-latest)	Run doc tests	2026-05-09T15:43:48.3037702Z running 0 tests
Test (ubuntu-latest)	Run doc tests	2026-05-09T15:43:48.3094326Z
Test (ubuntu-latest)	Run doc tests	2026-05-09T15:43:48.3094805Z test result: ok. 0 passed; 0 failed; 0 ignored; 0 measured; 0 filtered out; finished in 0.00s
Test (ubuntu-latest)	Run doc tests	2026-05-09T15:43:48.3095286Z
Test (ubuntu-latest)	Post Cache cargo registry	﻿2026-05-09T15:43:48.7158248Z Post job cleanup.
Test (ubuntu-latest)	Post Cache cargo registry	2026-05-09T15:43:48.8509025Z Cache hit occurred on the primary key Linux-cargo-ac0211d997d3e826656b655bf41293f81ab5b7c9a34b27fad7ce87479ad874c5, not saving cache.
Test (ubuntu-latest)	Post Run actions/checkout@v4	﻿2026-05-09T15:43:48.8624867Z Post job cleanup.
Test (ubuntu-latest)	Post Run actions/checkout@v4	2026-05-09T15:43:48.9616698Z [command]/usr/bin/git version
Test (ubuntu-latest)	Post Run actions/checkout@v4	2026-05-09T15:43:48.9653776Z git version 2.53.0
Test (ubuntu-latest)	Post Run actions/checkout@v4	2026-05-09T15:43:48.9705791Z Temporarily overriding HOME='/home/runner/work/_temp/3cf5e8c2-c237-40fd-ac0d-a101da1e6ea2' before making global git config changes
Test (ubuntu-latest)	Post Run actions/checkout@v4	2026-05-09T15:43:48.9707651Z Adding repository directory to the temporary git global config as a safe directory
Test (ubuntu-latest)	Post Run actions/checkout@v4	2026-05-09T15:43:48.9712580Z [command]/usr/bin/git config --global --add safe.directory /home/runner/work/router/router
Test (ubuntu-latest)	Post Run actions/checkout@v4	2026-05-09T15:43:48.9745645Z [command]/usr/bin/git config --local --name-only --get-regexp core\.sshCommand
Test (ubuntu-latest)	Post Run actions/checkout@v4	2026-05-09T15:43:48.9777062Z [command]/usr/bin/git submodule foreach --recursive sh -c "git config --local --name-only --get-regexp 'core\.sshCommand' && git config --local --unset-all 'core.sshCommand' || :"
Test (ubuntu-latest)	Post Run actions/checkout@v4	2026-05-09T15:43:48.9997755Z [command]/usr/bin/git config --local --name-only --get-regexp http\.https\:\/\/github\.com\/\.extraheader
Test (ubuntu-latest)	Post Run actions/checkout@v4	2026-05-09T15:43:49.0018121Z http.https://github.com/.extraheader
Test (ubuntu-latest)	Post Run actions/checkout@v4	2026-05-09T15:43:49.0031016Z [command]/usr/bin/git config --local --unset-all http.https://github.com/.extraheader
Test (ubuntu-latest)	Post Run actions/checkout@v4	2026-05-09T15:43:49.0060392Z [command]/usr/bin/git submodule foreach --recursive sh -c "git config --local --name-only --get-regexp 'http\.https\:\/\/github\.com\/\.extraheader' && git config --local --unset-all 'http.https://github.com/.extraheader' || :"
Test (ubuntu-latest)	Post Run actions/checkout@v4	2026-05-09T15:43:49.0278016Z [command]/usr/bin/git config --local --name-only --get-regexp ^includeIf\.gitdir:
Test (ubuntu-latest)	Post Run actions/checkout@v4	2026-05-09T15:43:49.0308200Z [command]/usr/bin/git submodule foreach --recursive git config --local --show-origin --name-only --get-regexp remote.origin.url
Test (ubuntu-latest)	Complete job	﻿2026-05-09T15:43:49.0655740Z Cleaning up orphan processes
Test (ubuntu-latest)	Complete job	2026-05-09T15:43:49.0933968Z ##[warning]Node.js 20 actions are deprecated. The following actions are running on Node.js 20 and may not work as expected: actions/cache@v4, actions/checkout@v4. Actions will be forced to run with Node.js 24 by default starting June 2nd, 2026. Node.js 20 will be removed from the runner on September 16th, 2026. Please check if updated versions of these actions are available that support Node.js 24. To opt into Node.js 24 now, set the FORCE_JAVASCRIPT_ACTIONS_TO_NODE24=true environment variable on the runner or in your workflow file. Once Node.js 24 becomes the default, you can temporarily opt out by setting ACTIONS_ALLOW_USE_UNSECURE_NODE_VERSION=true. For more information see: https://github.blog/changelog/2025-09-19-deprecation-of-node-20-on-github-actions-runners/
Test (macos-latest)	Set up job	﻿2026-05-09T15:43:26.8896970Z Current runner version: '2.334.0'
Test (macos-latest)	Set up job	2026-05-09T15:43:26.8917980Z ##[group]Runner Image Provisioner
Test (macos-latest)	Set up job	2026-05-09T15:43:26.8918560Z Hosted Compute Agent
Test (macos-latest)	Set up job	2026-05-09T15:43:26.8919050Z Version: 20260422.526
Test (macos-latest)	Set up job	2026-05-09T15:43:26.8919440Z Commit: e1a9e573f4d0838b3a7c1b07401aeb29ed3635a9
Test (macos-latest)	Set up job	2026-05-09T15:43:26.8919940Z Build Date: 2026-04-22T09:31:31Z
Test (macos-latest)	Set up job	2026-05-09T15:43:26.8920370Z Worker ID: {b369e049-4263-493b-a203-507ecfc35051}
Test (macos-latest)	Set up job	2026-05-09T15:43:26.8920860Z Azure Region: westus
Test (macos-latest)	Set up job	2026-05-09T15:43:26.8921290Z ##[endgroup]
Test (macos-latest)	Set up job	2026-05-09T15:43:26.8922180Z ##[group]Operating System
Test (macos-latest)	Set up job	2026-05-09T15:43:26.8922530Z macOS
Test (macos-latest)	Set up job	2026-05-09T15:43:26.8922900Z 15.7.4
Test (macos-latest)	Set up job	2026-05-09T15:43:26.8923270Z 24G517
Test (macos-latest)	Set up job	2026-05-09T15:43:26.8923630Z ##[endgroup]
Test (macos-latest)	Set up job	2026-05-09T15:43:26.8924000Z ##[group]Runner Image
Test (macos-latest)	Set up job	2026-05-09T15:43:26.8924400Z Image: macos-15-arm64
Test (macos-latest)	Set up job	2026-05-09T15:43:26.8924750Z Version: 20260427.0018.1
Test (macos-latest)	Set up job	2026-05-09T15:43:26.8925490Z Included Software: https://github.com/actions/runner-images/blob/macos-15-arm64/20260427.0018/images/macos/macos-15-arm64-Readme.md
Test (macos-latest)	Set up job	2026-05-09T15:43:26.8926700Z Image Release: https://github.com/actions/runner-images/releases/tag/macos-15-arm64%2F20260427.0018
Test (macos-latest)	Set up job	2026-05-09T15:43:26.8927300Z ##[endgroup]
Test (macos-latest)	Set up job	2026-05-09T15:43:26.8929290Z ##[group]GITHUB_TOKEN Permissions
Test (macos-latest)	Set up job	2026-05-09T15:43:26.8930730Z Actions: write
Test (macos-latest)	Set up job	2026-05-09T15:43:26.8931120Z ArtifactMetadata: write
Test (macos-latest)	Set up job	2026-05-09T15:43:26.8931540Z Attestations: write
Test (macos-latest)	Set up job	2026-05-09T15:43:26.8931860Z Checks: write
Test (macos-latest)	Set up job	2026-05-09T15:43:26.8932170Z Contents: write
Test (macos-latest)	Set up job	2026-05-09T15:43:26.8932570Z Deployments: write
Test (macos-latest)	Set up job	2026-05-09T15:43:26.8932880Z Discussions: write
Test (macos-latest)	Set up job	2026-05-09T15:43:26.8933230Z Issues: write
Test (macos-latest)	Set up job	2026-05-09T15:43:26.8933570Z Metadata: read
Test (macos-latest)	Set up job	2026-05-09T15:43:26.8933940Z Models: read
Test (macos-latest)	Set up job	2026-05-09T15:43:26.8934480Z Packages: write
Test (macos-latest)	Set up job	2026-05-09T15:43:26.8934860Z Pages: write
Test (macos-latest)	Set up job	2026-05-09T15:43:26.8935310Z PullRequests: write
Test (macos-latest)	Set up job	2026-05-09T15:43:26.8935760Z RepositoryProjects: write
Test (macos-latest)	Set up job	2026-05-09T15:43:26.8936170Z SecurityEvents: write
Test (macos-latest)	Set up job	2026-05-09T15:43:26.8936510Z Statuses: write
Test (macos-latest)	Set up job	2026-05-09T15:43:26.8936920Z VulnerabilityAlerts: read
Test (macos-latest)	Set up job	2026-05-09T15:43:26.8937330Z ##[endgroup]
Test (macos-latest)	Set up job	2026-05-09T15:43:26.8938860Z Secret source: Actions
Test (macos-latest)	Set up job	2026-05-09T15:43:26.8939340Z Prepare workflow directory
Test (macos-latest)	Set up job	2026-05-09T15:43:26.9296260Z Prepare all required actions
Test (macos-latest)	Set up job	2026-05-09T15:43:26.9319980Z Getting action download info
Test (macos-latest)	Set up job	2026-05-09T15:43:27.1409300Z Download action repository 'actions/checkout@v4' (SHA:34e114876b0b11c390a56381ad16ebd13914f8d5)
Test (macos-latest)	Set up job	2026-05-09T15:43:27.4821240Z Download action repository 'dtolnay/rust-toolchain@stable' (SHA:29eef336d9b2848a0b548edc03f92a220660cdb8)
Test (macos-latest)	Set up job	2026-05-09T15:43:28.0372030Z Download action repository 'actions/cache@v4' (SHA:0057852bfaa89a56745cba8c7296529d2fc39830)
Test (macos-latest)	Set up job	2026-05-09T15:43:28.2524860Z Complete job name: Test (macos-latest)
Test (macos-latest)	Run actions/checkout@v4	﻿2026-05-09T15:43:28.2902010Z ##[group]Run actions/checkout@v4
Test (macos-latest)	Run actions/checkout@v4	2026-05-09T15:43:28.2902520Z with:
Test (macos-latest)	Run actions/checkout@v4	2026-05-09T15:43:28.2902810Z   repository: link-assistant/router
Test (macos-latest)	Run actions/checkout@v4	2026-05-09T15:43:28.2903330Z   token: ***
Test (macos-latest)	Run actions/checkout@v4	2026-05-09T15:43:28.2903610Z   ssh-strict: true
Test (macos-latest)	Run actions/checkout@v4	2026-05-09T15:43:28.2903900Z   ssh-user: git
Test (macos-latest)	Run actions/checkout@v4	2026-05-09T15:43:28.2904200Z   persist-credentials: true
Test (macos-latest)	Run actions/checkout@v4	2026-05-09T15:43:28.2904520Z   clean: true
Test (macos-latest)	Run actions/checkout@v4	2026-05-09T15:43:28.2904820Z   sparse-checkout-cone-mode: true
Test (macos-latest)	Run actions/checkout@v4	2026-05-09T15:43:28.2905160Z   fetch-depth: 1
Test (macos-latest)	Run actions/checkout@v4	2026-05-09T15:43:28.2905440Z   fetch-tags: false
Test (macos-latest)	Run actions/checkout@v4	2026-05-09T15:43:28.2905720Z   show-progress: true
Test (macos-latest)	Run actions/checkout@v4	2026-05-09T15:43:28.2906010Z   lfs: false
Test (macos-latest)	Run actions/checkout@v4	2026-05-09T15:43:28.2906290Z   submodules: false
Test (macos-latest)	Run actions/checkout@v4	2026-05-09T15:43:28.2906600Z   set-safe-directory: true
Test (macos-latest)	Run actions/checkout@v4	2026-05-09T15:43:28.2907050Z env:
Test (macos-latest)	Run actions/checkout@v4	2026-05-09T15:43:28.2907340Z   CARGO_TERM_COLOR: always
Test (macos-latest)	Run actions/checkout@v4	2026-05-09T15:43:28.2907670Z   RUSTFLAGS: -Dwarnings
Test (macos-latest)	Run actions/checkout@v4	2026-05-09T15:43:28.2908080Z   CARGO_REGISTRY_TOKEN: ***
Test (macos-latest)	Run actions/checkout@v4	2026-05-09T15:43:28.2908440Z   DOCKERHUB_IMAGE: konard/link-assistant-router
Test (macos-latest)	Run actions/checkout@v4	2026-05-09T15:43:28.2908860Z ##[endgroup]
Test (macos-latest)	Run actions/checkout@v4	2026-05-09T15:43:28.5551300Z Syncing repository: link-assistant/router
Test (macos-latest)	Run actions/checkout@v4	2026-05-09T15:43:28.5552640Z ##[group]Getting Git version info
Test (macos-latest)	Run actions/checkout@v4	2026-05-09T15:43:28.5553770Z Working directory is '/Users/runner/work/router/router'
Test (macos-latest)	Run actions/checkout@v4	2026-05-09T15:43:28.5555430Z [command]/opt/homebrew/bin/git version
Test (macos-latest)	Run actions/checkout@v4	2026-05-09T15:43:28.6252260Z git version 2.54.0
Test (macos-latest)	Run actions/checkout@v4	2026-05-09T15:43:28.6504500Z ##[endgroup]
Test (macos-latest)	Run actions/checkout@v4	2026-05-09T15:43:28.6510180Z Copying '/Users/runner/.gitconfig' to '/Users/runner/work/_temp/f834f89f-7e8b-4ce0-afea-01dd79185e02/.gitconfig'
Test (macos-latest)	Run actions/checkout@v4	2026-05-09T15:43:28.6511320Z Temporarily overriding HOME='/Users/runner/work/_temp/f834f89f-7e8b-4ce0-afea-01dd79185e02' before making global git config changes
Test (macos-latest)	Run actions/checkout@v4	2026-05-09T15:43:28.6512270Z Adding repository directory to the temporary git global config as a safe directory
Test (macos-latest)	Run actions/checkout@v4	2026-05-09T15:43:28.6513050Z [command]/opt/homebrew/bin/git config --global --add safe.directory /Users/runner/work/router/router
Test (macos-latest)	Run actions/checkout@v4	2026-05-09T15:43:28.6514130Z Deleting the contents of '/Users/runner/work/router/router'
Test (macos-latest)	Run actions/checkout@v4	2026-05-09T15:43:28.6514860Z ##[group]Initializing the repository
Test (macos-latest)	Run actions/checkout@v4	2026-05-09T15:43:28.6515330Z [command]/opt/homebrew/bin/git init /Users/runner/work/router/router
Test (macos-latest)	Run actions/checkout@v4	2026-05-09T15:43:28.6667870Z hint: Using 'master' as the name for the initial branch. This default branch name
Test (macos-latest)	Run actions/checkout@v4	2026-05-09T15:43:28.6669080Z hint: will change to "main" in Git 3.0. To configure the initial branch name
Test (macos-latest)	Run actions/checkout@v4	2026-05-09T15:43:28.6669810Z hint: to use in all of your new repositories, which will suppress this warning,
Test (macos-latest)	Run actions/checkout@v4	2026-05-09T15:43:28.6670330Z hint: call:
Test (macos-latest)	Run actions/checkout@v4	2026-05-09T15:43:28.6670620Z hint:
Test (macos-latest)	Run actions/checkout@v4	2026-05-09T15:43:28.6670980Z hint: 	git config --global init.defaultBranch <name>
Test (macos-latest)	Run actions/checkout@v4	2026-05-09T15:43:28.6671440Z hint:
Test (macos-latest)	Run actions/checkout@v4	2026-05-09T15:43:28.6671840Z hint: Names commonly chosen instead of 'master' are 'main', 'trunk' and
Test (macos-latest)	Run actions/checkout@v4	2026-05-09T15:43:28.6672450Z hint: 'development'. The just-created branch can be renamed via this command:
Test (macos-latest)	Run actions/checkout@v4	2026-05-09T15:43:28.6672930Z hint:
Test (macos-latest)	Run actions/checkout@v4	2026-05-09T15:43:28.6673210Z hint: 	git branch -m <name>
Test (macos-latest)	Run actions/checkout@v4	2026-05-09T15:43:28.6673530Z hint:
Test (macos-latest)	Run actions/checkout@v4	2026-05-09T15:43:28.6673950Z hint: Disable this message with "git config set advice.defaultBranchName false"
Test (macos-latest)	Run actions/checkout@v4	2026-05-09T15:43:28.6674610Z Initialized empty Git repository in /Users/runner/work/router/router/.git/
Test (macos-latest)	Run actions/checkout@v4	2026-05-09T15:43:28.6678890Z [command]/opt/homebrew/bin/git remote add origin https://github.com/link-assistant/router
Test (macos-latest)	Run actions/checkout@v4	2026-05-09T15:43:28.7295790Z ##[endgroup]
Test (macos-latest)	Run actions/checkout@v4	2026-05-09T15:43:28.7397830Z ##[group]Disabling automatic garbage collection
Test (macos-latest)	Run actions/checkout@v4	2026-05-09T15:43:28.7412700Z [command]/opt/homebrew/bin/git config --local gc.auto 0
Test (macos-latest)	Run actions/checkout@v4	2026-05-09T15:43:28.7414340Z ##[endgroup]
Test (macos-latest)	Run actions/checkout@v4	2026-05-09T15:43:28.7416430Z ##[group]Setting up auth
Test (macos-latest)	Run actions/checkout@v4	2026-05-09T15:43:28.7417130Z [command]/opt/homebrew/bin/git config --local --name-only --get-regexp core\.sshCommand
Test (macos-latest)	Run actions/checkout@v4	2026-05-09T15:43:28.7422360Z [command]/opt/homebrew/bin/git submodule foreach --recursive sh -c "git config --local --name-only --get-regexp 'core\.sshCommand' && git config --local --unset-all 'core.sshCommand' || :"
Test (macos-latest)	Run actions/checkout@v4	2026-05-09T15:43:28.8688580Z [command]/opt/homebrew/bin/git config --local --name-only --get-regexp http\.https\:\/\/github\.com\/\.extraheader
Test (macos-latest)	Run actions/checkout@v4	2026-05-09T15:43:28.8757650Z [command]/opt/homebrew/bin/git submodule foreach --recursive sh -c "git config --local --name-only --get-regexp 'http\.https\:\/\/github\.com\/\.extraheader' && git config --local --unset-all 'http.https://github.com/.extraheader' || :"
Test (macos-latest)	Run actions/checkout@v4	2026-05-09T15:43:28.9629260Z [command]/opt/homebrew/bin/git config --local --name-only --get-regexp ^includeIf\.gitdir:
Test (macos-latest)	Run actions/checkout@v4	2026-05-09T15:43:28.9687970Z [command]/opt/homebrew/bin/git submodule foreach --recursive git config --local --show-origin --name-only --get-regexp remote.origin.url
Test (macos-latest)	Run actions/checkout@v4	2026-05-09T15:43:29.0330020Z [command]/opt/homebrew/bin/git config --local http.https://github.com/.extraheader AUTHORIZATION: basic ***
Test (macos-latest)	Run actions/checkout@v4	2026-05-09T15:43:29.0385130Z ##[endgroup]
Test (macos-latest)	Run actions/checkout@v4	2026-05-09T15:43:29.0386100Z ##[group]Fetching the repository
Test (macos-latest)	Run actions/checkout@v4	2026-05-09T15:43:29.0391540Z [command]/opt/homebrew/bin/git -c protocol.version=2 fetch --no-tags --prune --no-recurse-submodules --depth=1 origin +ba32e82dc793d7f93a9953448b25cb6ac18c737d:refs/remotes/pull/26/merge
Test (macos-latest)	Run actions/checkout@v4	2026-05-09T15:43:30.0655630Z From https://github.com/link-assistant/router
Test (macos-latest)	Run actions/checkout@v4	2026-05-09T15:43:30.0656420Z  * [new ref]         ba32e82dc793d7f93a9953448b25cb6ac18c737d -> pull/26/merge
Test (macos-latest)	Run actions/checkout@v4	2026-05-09T15:43:30.0740940Z ##[endgroup]
Test (macos-latest)	Run actions/checkout@v4	2026-05-09T15:43:30.0741520Z ##[group]Determining the checkout info
Test (macos-latest)	Run actions/checkout@v4	2026-05-09T15:43:30.0742040Z ##[endgroup]
Test (macos-latest)	Run actions/checkout@v4	2026-05-09T15:43:30.0744540Z [command]/opt/homebrew/bin/git sparse-checkout disable
Test (macos-latest)	Run actions/checkout@v4	2026-05-09T15:43:30.0812290Z [command]/opt/homebrew/bin/git config --local --unset-all extensions.worktreeConfig
Test (macos-latest)	Run actions/checkout@v4	2026-05-09T15:43:30.0861200Z ##[group]Checking out the ref
Test (macos-latest)	Run actions/checkout@v4	2026-05-09T15:43:30.0863150Z [command]/opt/homebrew/bin/git checkout --progress --force refs/remotes/pull/26/merge
Test (macos-latest)	Run actions/checkout@v4	2026-05-09T15:43:30.1274770Z HEAD is now at ba32e82 Merge d9869a554093bc9d7c450f42308aef4b391f307b into 32be51c7464978cfb12e66692bfe04b8849db236
Test (macos-latest)	Run actions/checkout@v4	2026-05-09T15:43:30.1682260Z ##[endgroup]
Test (macos-latest)	Run actions/checkout@v4	2026-05-09T15:43:30.1984120Z [command]/opt/homebrew/bin/git log -1 --format=%H
Test (macos-latest)	Run actions/checkout@v4	2026-05-09T15:43:30.2084840Z ba32e82dc793d7f93a9953448b25cb6ac18c737d
Test (macos-latest)	Setup Rust	﻿2026-05-09T15:43:30.2753910Z ##[group]Run dtolnay/rust-toolchain@stable
Test (macos-latest)	Setup Rust	2026-05-09T15:43:30.2754330Z with:
Test (macos-latest)	Setup Rust	2026-05-09T15:43:30.2754610Z   toolchain: stable
Test (macos-latest)	Setup Rust	2026-05-09T15:43:30.2754890Z env:
Test (macos-latest)	Setup Rust	2026-05-09T15:43:30.2755150Z   CARGO_TERM_COLOR: always
Test (macos-latest)	Setup Rust	2026-05-09T15:43:30.2755460Z   RUSTFLAGS: -Dwarnings
Test (macos-latest)	Setup Rust	2026-05-09T15:43:30.2756220Z   CARGO_REGISTRY_TOKEN: ***
Test (macos-latest)	Setup Rust	2026-05-09T15:43:30.2756710Z   DOCKERHUB_IMAGE: konard/link-assistant-router
Test (macos-latest)	Setup Rust	2026-05-09T15:43:30.2757100Z ##[endgroup]
Test (macos-latest)	Setup Rust	2026-05-09T15:43:30.2868700Z ##[group]Run : parse toolchain version
Test (macos-latest)	Setup Rust	2026-05-09T15:43:30.2869200Z ^[[36;1m: parse toolchain version^[[0m
Test (macos-latest)	Setup Rust	2026-05-09T15:43:30.2869520Z ^[[36;1mif [[ -z $toolchain ]]; then^[[0m
Test (macos-latest)	Setup Rust	2026-05-09T15:43:30.2870070Z ^[[36;1m  # GitHub does not enforce `required: true` inputs itself. https://github.com/actions/runner/issues/1070^[[0m
Test (macos-latest)	Setup Rust	2026-05-09T15:43:30.2870660Z ^[[36;1m  echo "'toolchain' is a required input" >&2^[[0m
Test (macos-latest)	Setup Rust	2026-05-09T15:43:30.2870980Z ^[[36;1m  exit 1^[[0m
Test (macos-latest)	Setup Rust	2026-05-09T15:43:30.2871360Z ^[[36;1melif [[ $toolchain =~ ^stable' '[0-9]+' '(year|month|week|day)s?' 'ago$ ]]; then^[[0m
Test (macos-latest)	Setup Rust	2026-05-09T15:43:30.2871860Z ^[[36;1m  if [[ macOS == macOS ]]; then^[[0m
Test (macos-latest)	Setup Rust	2026-05-09T15:43:30.2872400Z ^[[36;1m    echo "toolchain=1.$((($(date -v-$(sed 's/stable \([0-9]*\) \(.\).*/\1\2/' <<< $toolchain) +%s)/60/60/24-16569)/7/6))" >> $GITHUB_OUTPUT^[[0m
Test (macos-latest)	Setup Rust	2026-05-09T15:43:30.2872960Z ^[[36;1m  else^[[0m
Test (macos-latest)	Setup Rust	2026-05-09T15:43:30.2873390Z ^[[36;1m    echo "toolchain=1.$((($(date --date "${toolchain#stable }" +%s)/60/60/24-16569)/7/6))" >> $GITHUB_OUTPUT^[[0m
Test (macos-latest)	Setup Rust	2026-05-09T15:43:30.2873870Z ^[[36;1m  fi^[[0m
Test (macos-latest)	Setup Rust	2026-05-09T15:43:30.2874200Z ^[[36;1melif [[ $toolchain =~ ^stable' 'minus' '[0-9]+' 'releases?$ ]]; then^[[0m
Test (macos-latest)	Setup Rust	2026-05-09T15:43:30.2874750Z ^[[36;1m  echo "toolchain=1.$((($(date +%s)/60/60/24-16569)/7/6-${toolchain//[^0-9]/}))" >> $GITHUB_OUTPUT^[[0m
Test (macos-latest)	Setup Rust	2026-05-09T15:43:30.2875260Z ^[[36;1melif [[ $toolchain =~ ^1\.[0-9]+$ ]]; then^[[0m
Test (macos-latest)	Setup Rust	2026-05-09T15:43:30.2875820Z ^[[36;1m  echo "toolchain=1.$((i=${toolchain#1.}, c=($(date +%s)/60/60/24-16569)/7/6, i+9*i*(10*i<=c)+90*i*(100*i<=c)))" >> $GITHUB_OUTPUT^[[0m
Test (macos-latest)	Setup Rust	2026-05-09T15:43:30.2876330Z ^[[36;1melse^[[0m
Test (macos-latest)	Setup Rust	2026-05-09T15:43:30.2876620Z ^[[36;1m  echo "toolchain=$toolchain" >> $GITHUB_OUTPUT^[[0m
Test (macos-latest)	Setup Rust	2026-05-09T15:43:30.2876960Z ^[[36;1mfi^[[0m
Test (macos-latest)	Setup Rust	2026-05-09T15:43:30.2945360Z shell: /bin/bash --noprofile --norc -e -o pipefail {0}
Test (macos-latest)	Setup Rust	2026-05-09T15:43:30.2945800Z env:
Test (macos-latest)	Setup Rust	2026-05-09T15:43:30.2946060Z   CARGO_TERM_COLOR: always
Test (macos-latest)	Setup Rust	2026-05-09T15:43:30.2946350Z   RUSTFLAGS: -Dwarnings
Test (macos-latest)	Setup Rust	2026-05-09T15:43:30.2946840Z   CARGO_REGISTRY_TOKEN: ***
Test (macos-latest)	Setup Rust	2026-05-09T15:43:30.2947160Z   DOCKERHUB_IMAGE: konard/link-assistant-router
Test (macos-latest)	Setup Rust	2026-05-09T15:43:30.2947490Z   toolchain: stable
Test (macos-latest)	Setup Rust	2026-05-09T15:43:30.2947750Z ##[endgroup]
Test (macos-latest)	Setup Rust	2026-05-09T15:43:30.3372120Z ##[group]Run : construct rustup command line
Test (macos-latest)	Setup Rust	2026-05-09T15:43:30.3372590Z ^[[36;1m: construct rustup command line^[[0m
Test (macos-latest)	Setup Rust	2026-05-09T15:43:30.3373090Z ^[[36;1mecho "targets=$(for t in ${targets//,/ }; do echo -n ' --target' $t; done)" >> $GITHUB_OUTPUT^[[0m
Test (macos-latest)	Setup Rust	2026-05-09T15:43:30.3373730Z ^[[36;1mecho "components=$(for c in ${components//,/ }; do echo -n ' --component' $c; done)" >> $GITHUB_OUTPUT^[[0m
Test (macos-latest)	Setup Rust	2026-05-09T15:43:30.3374270Z ^[[36;1mecho "downgrade=" >> $GITHUB_OUTPUT^[[0m
Test (macos-latest)	Setup Rust	2026-05-09T15:43:30.3408900Z shell: /bin/bash --noprofile --norc -e -o pipefail {0}
Test (macos-latest)	Setup Rust	2026-05-09T15:43:30.3409520Z env:
Test (macos-latest)	Setup Rust	2026-05-09T15:43:30.3409770Z   CARGO_TERM_COLOR: always
Test (macos-latest)	Setup Rust	2026-05-09T15:43:30.3410060Z   RUSTFLAGS: -Dwarnings
Test (macos-latest)	Setup Rust	2026-05-09T15:43:30.3410530Z   CARGO_REGISTRY_TOKEN: ***
Test (macos-latest)	Setup Rust	2026-05-09T15:43:30.3410840Z   DOCKERHUB_IMAGE: konard/link-assistant-router
Test (macos-latest)	Setup Rust	2026-05-09T15:43:30.3411140Z   targets:
Test (macos-latest)	Setup Rust	2026-05-09T15:43:30.3411350Z   components:
Test (macos-latest)	Setup Rust	2026-05-09T15:43:30.3411600Z ##[endgroup]
Test (macos-latest)	Setup Rust	2026-05-09T15:43:30.3788390Z ##[group]Run : set $CARGO_HOME
Test (macos-latest)	Setup Rust	2026-05-09T15:43:30.3788830Z ^[[36;1m: set $CARGO_HOME^[[0m
Test (macos-latest)	Setup Rust	2026-05-09T15:43:30.3789230Z ^[[36;1mecho CARGO_HOME=${CARGO_HOME:-"$HOME/.cargo"} >> $GITHUB_ENV^[[0m
Test (macos-latest)	Setup Rust	2026-05-09T15:43:30.3826110Z shell: /bin/bash --noprofile --norc -e -o pipefail {0}
Test (macos-latest)	Setup Rust	2026-05-09T15:43:30.3826540Z env:
Test (macos-latest)	Setup Rust	2026-05-09T15:43:30.3826800Z   CARGO_TERM_COLOR: always
Test (macos-latest)	Setup Rust	2026-05-09T15:43:30.3827080Z   RUSTFLAGS: -Dwarnings
Test (macos-latest)	Setup Rust	2026-05-09T15:43:30.3828140Z   CARGO_REGISTRY_TOKEN: ***
Test (macos-latest)	Setup Rust	2026-05-09T15:43:30.3828460Z   DOCKERHUB_IMAGE: konard/link-assistant-router
Test (macos-latest)	Setup Rust	2026-05-09T15:43:30.3828810Z ##[endgroup]
Test (macos-latest)	Setup Rust	2026-05-09T15:43:30.4347200Z ##[group]Run : install rustup if needed
Test (macos-latest)	Setup Rust	2026-05-09T15:43:30.4347700Z ^[[36;1m: install rustup if needed^[[0m
Test (macos-latest)	Setup Rust	2026-05-09T15:43:30.4348090Z ^[[36;1mif ! command -v rustup &>/dev/null; then^[[0m
Test (macos-latest)	Setup Rust	2026-05-09T15:43:30.4349020Z ^[[36;1m  curl --proto '=https' --tlsv1.2 --retry 10 --retry-connrefused --location --silent --show-error --fail https://sh.rustup.rs | sh -s -- --default-toolchain none -y^[[0m
Test (macos-latest)	Setup Rust	2026-05-09T15:43:30.4349800Z ^[[36;1m  echo "$CARGO_HOME/bin" >> $GITHUB_PATH^[[0m
Test (macos-latest)	Setup Rust	2026-05-09T15:43:30.4350140Z ^[[36;1mfi^[[0m
Test (macos-latest)	Setup Rust	2026-05-09T15:43:30.4388030Z shell: /bin/bash --noprofile --norc -e -o pipefail {0}
Test (macos-latest)	Setup Rust	2026-05-09T15:43:30.4388460Z env:
Test (macos-latest)	Setup Rust	2026-05-09T15:43:30.4388760Z   CARGO_TERM_COLOR: always
Test (macos-latest)	Setup Rust	2026-05-09T15:43:30.4389060Z   RUSTFLAGS: -Dwarnings
Test (macos-latest)	Setup Rust	2026-05-09T15:43:30.4389610Z   CARGO_REGISTRY_TOKEN: ***
Test (macos-latest)	Setup Rust	2026-05-09T15:43:30.4390020Z   DOCKERHUB_IMAGE: konard/link-assistant-router
Test (macos-latest)	Setup Rust	2026-05-09T15:43:30.4390390Z   CARGO_HOME: /Users/runner/.cargo
Test (macos-latest)	Setup Rust	2026-05-09T15:43:30.4390740Z ##[endgroup]
Test (macos-latest)	Setup Rust	2026-05-09T15:43:30.4854560Z ##[group]Run rustup toolchain install stable --profile minimal --no-self-update
Test (macos-latest)	Setup Rust	2026-05-09T15:43:30.4855250Z ^[[36;1mrustup toolchain install stable --profile minimal --no-self-update^[[0m
Test (macos-latest)	Setup Rust	2026-05-09T15:43:30.4892260Z shell: /bin/bash --noprofile --norc -e -o pipefail {0}
Test (macos-latest)	Setup Rust	2026-05-09T15:43:30.4892790Z env:
Test (macos-latest)	Setup Rust	2026-05-09T15:43:30.4893060Z   CARGO_TERM_COLOR: always
Test (macos-latest)	Setup Rust	2026-05-09T15:43:30.4893380Z   RUSTFLAGS: -Dwarnings
Test (macos-latest)	Setup Rust	2026-05-09T15:43:30.4893950Z   CARGO_REGISTRY_TOKEN: ***
Test (macos-latest)	Setup Rust	2026-05-09T15:43:30.4894290Z   DOCKERHUB_IMAGE: konard/link-assistant-router
Test (macos-latest)	Setup Rust	2026-05-09T15:43:30.4894660Z   CARGO_HOME: /Users/runner/.cargo
Test (macos-latest)	Setup Rust	2026-05-09T15:43:30.4894980Z   RUSTUP_PERMIT_COPY_RENAME: 1
Test (macos-latest)	Setup Rust	2026-05-09T15:43:30.4895290Z ##[endgroup]
Test (macos-latest)	Setup Rust	2026-05-09T15:43:30.7617720Z info: syncing channel updates for stable-aarch64-apple-darwin
Test (macos-latest)	Setup Rust	2026-05-09T15:43:30.8340120Z
Test (macos-latest)	Setup Rust	2026-05-09T15:43:30.8426970Z info: self-update is disabled for this build of rustup
Test (macos-latest)	Setup Rust	2026-05-09T15:43:30.8427510Z   stable-aarch64-apple-darwin unchanged - rustc 1.95.0 (59807616e 2026-04-14)
Test (macos-latest)	Setup Rust	2026-05-09T15:43:30.8428100Z info: any updates to rustup will need to be fetched with your system package manager
Test (macos-latest)	Setup Rust	2026-05-09T15:43:30.8428370Z
Test (macos-latest)	Setup Rust	2026-05-09T15:43:30.8460680Z ##[group]Run rustup default stable
Test (macos-latest)	Setup Rust	2026-05-09T15:43:30.8460950Z ^[[36;1mrustup default stable^[[0m
Test (macos-latest)	Setup Rust	2026-05-09T15:43:30.8509960Z shell: /bin/bash --noprofile --norc -e -o pipefail {0}
Test (macos-latest)	Setup Rust	2026-05-09T15:43:30.8510280Z env:
Test (macos-latest)	Setup Rust	2026-05-09T15:43:30.8510440Z   CARGO_TERM_COLOR: always
Test (macos-latest)	Setup Rust	2026-05-09T15:43:30.8510610Z   RUSTFLAGS: -Dwarnings
Test (macos-latest)	Setup Rust	2026-05-09T15:43:30.8511010Z   CARGO_REGISTRY_TOKEN: ***
Test (macos-latest)	Setup Rust	2026-05-09T15:43:30.8511220Z   DOCKERHUB_IMAGE: konard/link-assistant-router
Test (macos-latest)	Setup Rust	2026-05-09T15:43:30.8511470Z   CARGO_HOME: /Users/runner/.cargo
Test (macos-latest)	Setup Rust	2026-05-09T15:43:30.8511740Z ##[endgroup]
Test (macos-latest)	Setup Rust	2026-05-09T15:43:30.8905610Z info: using existing install for stable-aarch64-apple-darwin
Test (macos-latest)	Setup Rust	2026-05-09T15:43:30.8933930Z info: default toolchain set to stable-aarch64-apple-darwin
Test (macos-latest)	Setup Rust	2026-05-09T15:43:30.8946270Z
Test (macos-latest)	Setup Rust	2026-05-09T15:43:30.9024510Z   stable-aarch64-apple-darwin unchanged - rustc 1.95.0 (59807616e 2026-04-14)
Test (macos-latest)	Setup Rust	2026-05-09T15:43:30.9025040Z
Test (macos-latest)	Setup Rust	2026-05-09T15:43:30.9056770Z ##[group]Run : create cachekey
Test (macos-latest)	Setup Rust	2026-05-09T15:43:30.9057050Z ^[[36;1m: create cachekey^[[0m
Test (macos-latest)	Setup Rust	2026-05-09T15:43:30.9057460Z ^[[36;1mDATE=$(rustc +stable --version --verbose | sed -ne 's/^commit-date: \(20[0-9][0-9]\)-\([01][0-9]\)-\([0-3][0-9]\)$/\1\2\3/p')^[[0m
Test (macos-latest)	Setup Rust	2026-05-09T15:43:30.9057990Z ^[[36;1mHASH=$(rustc +stable --version --verbose | sed -ne 's/^commit-hash: //p')^[[0m
Test (macos-latest)	Setup Rust	2026-05-09T15:43:30.9058400Z ^[[36;1mecho "cachekey=$(echo $DATE$HASH | head -c12)" >> $GITHUB_OUTPUT^[[0m
Test (macos-latest)	Setup Rust	2026-05-09T15:43:30.9093000Z shell: /bin/bash --noprofile --norc -e -o pipefail {0}
Test (macos-latest)	Setup Rust	2026-05-09T15:43:30.9093300Z env:
Test (macos-latest)	Setup Rust	2026-05-09T15:43:30.9093460Z   CARGO_TERM_COLOR: always
Test (macos-latest)	Setup Rust	2026-05-09T15:43:30.9093660Z   RUSTFLAGS: -Dwarnings
Test (macos-latest)	Setup Rust	2026-05-09T15:43:30.9094050Z   CARGO_REGISTRY_TOKEN: ***
Test (macos-latest)	Setup Rust	2026-05-09T15:43:30.9094660Z   DOCKERHUB_IMAGE: konard/link-assistant-router
Test (macos-latest)	Setup Rust	2026-05-09T15:43:30.9094890Z   CARGO_HOME: /Users/runner/.cargo
Test (macos-latest)	Setup Rust	2026-05-09T15:43:30.9095100Z ##[endgroup]
Test (macos-latest)	Setup Rust	2026-05-09T15:43:30.9878890Z ##[group]Run : disable incremental compilation
Test (macos-latest)	Setup Rust	2026-05-09T15:43:30.9879250Z ^[[36;1m: disable incremental compilation^[[0m
Test (macos-latest)	Setup Rust	2026-05-09T15:43:30.9879510Z ^[[36;1mif [ -z "${CARGO_INCREMENTAL+set}" ]; then^[[0m
Test (macos-latest)	Setup Rust	2026-05-09T15:43:30.9879810Z ^[[36;1m  echo CARGO_INCREMENTAL=0 >> $GITHUB_ENV^[[0m
Test (macos-latest)	Setup Rust	2026-05-09T15:43:30.9880020Z ^[[36;1mfi^[[0m
Test (macos-latest)	Setup Rust	2026-05-09T15:43:30.9918220Z shell: /bin/bash --noprofile --norc -e -o pipefail {0}
Test (macos-latest)	Setup Rust	2026-05-09T15:43:30.9918460Z env:
Test (macos-latest)	Setup Rust	2026-05-09T15:43:30.9918600Z   CARGO_TERM_COLOR: always
Test (macos-latest)	Setup Rust	2026-05-09T15:43:30.9918780Z   RUSTFLAGS: -Dwarnings
Test (macos-latest)	Setup Rust	2026-05-09T15:43:30.9919090Z   CARGO_REGISTRY_TOKEN: ***
Test (macos-latest)	Setup Rust	2026-05-09T15:43:30.9919280Z   DOCKERHUB_IMAGE: konard/link-assistant-router
Test (macos-latest)	Setup Rust	2026-05-09T15:43:30.9919520Z   CARGO_HOME: /Users/runner/.cargo
Test (macos-latest)	Setup Rust	2026-05-09T15:43:30.9919690Z ##[endgroup]
Test (macos-latest)	Setup Rust	2026-05-09T15:43:31.0190050Z ##[group]Run : enable colors in Cargo output
Test (macos-latest)	Setup Rust	2026-05-09T15:43:31.0190360Z ^[[36;1m: enable colors in Cargo output^[[0m
Test (macos-latest)	Setup Rust	2026-05-09T15:43:31.0190700Z ^[[36;1mif [ -z "${CARGO_TERM_COLOR+set}" ]; then^[[0m
Test (macos-latest)	Setup Rust	2026-05-09T15:43:31.0190980Z ^[[36;1m  echo CARGO_TERM_COLOR=always >> $GITHUB_ENV^[[0m
Test (macos-latest)	Setup Rust	2026-05-09T15:43:31.0191210Z ^[[36;1mfi^[[0m
Test (macos-latest)	Setup Rust	2026-05-09T15:43:31.0224950Z shell: /bin/bash --noprofile --norc -e -o pipefail {0}
Test (macos-latest)	Setup Rust	2026-05-09T15:43:31.0225210Z env:
Test (macos-latest)	Setup Rust	2026-05-09T15:43:31.0225360Z   CARGO_TERM_COLOR: always
Test (macos-latest)	Setup Rust	2026-05-09T15:43:31.0225550Z   RUSTFLAGS: -Dwarnings
Test (macos-latest)	Setup Rust	2026-05-09T15:43:31.0225920Z   CARGO_REGISTRY_TOKEN: ***
Test (macos-latest)	Setup Rust	2026-05-09T15:43:31.0226120Z   DOCKERHUB_IMAGE: konard/link-assistant-router
Test (macos-latest)	Setup Rust	2026-05-09T15:43:31.0226370Z   CARGO_HOME: /Users/runner/.cargo
Test (macos-latest)	Setup Rust	2026-05-09T15:43:31.0226550Z   CARGO_INCREMENTAL: 0
Test (macos-latest)	Setup Rust	2026-05-09T15:43:31.0226700Z ##[endgroup]
Test (macos-latest)	Setup Rust	2026-05-09T15:43:31.0489160Z ##[group]Run : enable Cargo sparse registry
Test (macos-latest)	Setup Rust	2026-05-09T15:43:31.0489480Z ^[[36;1m: enable Cargo sparse registry^[[0m
Test (macos-latest)	Setup Rust	2026-05-09T15:43:31.0489840Z ^[[36;1m# implemented in 1.66, stabilized in 1.68, made default in 1.70^[[0m
Test (macos-latest)	Setup Rust	2026-05-09T15:43:31.0490420Z ^[[36;1mif [ -z "${CARGO_REGISTRIES_CRATES_IO_PROTOCOL+set}" -o -f "/Users/runner/work/_temp"/.implicit_cargo_registries_crates_io_protocol ]; then^[[0m
Test (macos-latest)	Setup Rust	2026-05-09T15:43:31.0491070Z ^[[36;1m  if rustc +stable --version --verbose | grep -q '^release: 1\.6[89]\.'; then^[[0m
Test (macos-latest)	Setup Rust	2026-05-09T15:43:31.0491530Z ^[[36;1m    touch "/Users/runner/work/_temp"/.implicit_cargo_registries_crates_io_protocol || true^[[0m
Test (macos-latest)	Setup Rust	2026-05-09T15:43:31.0491980Z ^[[36;1m    echo CARGO_REGISTRIES_CRATES_IO_PROTOCOL=sparse >> $GITHUB_ENV^[[0m
Test (macos-latest)	Setup Rust	2026-05-09T15:43:31.0492400Z ^[[36;1m  elif rustc +stable --version --verbose | grep -q '^release: 1\.6[67]\.'; then^[[0m
Test (macos-latest)	Setup Rust	2026-05-09T15:43:31.0492880Z ^[[36;1m    touch "/Users/runner/work/_temp"/.implicit_cargo_registries_crates_io_protocol || true^[[0m
Test (macos-latest)	Setup Rust	2026-05-09T15:43:31.0493330Z ^[[36;1m    echo CARGO_REGISTRIES_CRATES_IO_PROTOCOL=git >> $GITHUB_ENV^[[0m
Test (macos-latest)	Setup Rust	2026-05-09T15:43:31.0493610Z ^[[36;1m  fi^[[0m
Test (macos-latest)	Setup Rust	2026-05-09T15:43:31.0493740Z ^[[36;1mfi^[[0m
Test (macos-latest)	Setup Rust	2026-05-09T15:43:31.0538770Z shell: /bin/bash --noprofile --norc -e -o pipefail {0}
Test (macos-latest)	Setup Rust	2026-05-09T15:43:31.0539340Z env:
Test (macos-latest)	Setup Rust	2026-05-09T15:43:31.0539510Z   CARGO_TERM_COLOR: always
Test (macos-latest)	Setup Rust	2026-05-09T15:43:31.0539670Z   RUSTFLAGS: -Dwarnings
Test (macos-latest)	Setup Rust	2026-05-09T15:43:31.0540030Z   CARGO_REGISTRY_TOKEN: ***
Test (macos-latest)	Setup Rust	2026-05-09T15:43:31.0540230Z   DOCKERHUB_IMAGE: konard/link-assistant-router
Test (macos-latest)	Setup Rust	2026-05-09T15:43:31.0540440Z   CARGO_HOME: /Users/runner/.cargo
Test (macos-latest)	Setup Rust	2026-05-09T15:43:31.0540620Z   CARGO_INCREMENTAL: 0
Test (macos-latest)	Setup Rust	2026-05-09T15:43:31.0540780Z ##[endgroup]
Test (macos-latest)	Setup Rust	2026-05-09T15:43:31.1484650Z ##[group]Run : work around spurious network errors in curl 8.0
Test (macos-latest)	Setup Rust	2026-05-09T15:43:31.1485060Z ^[[36;1m: work around spurious network errors in curl 8.0^[[0m
Test (macos-latest)	Setup Rust	2026-05-09T15:43:31.1485510Z ^[[36;1m# https://rust-lang.zulipchat.com/#narrow/stream/246057-t-cargo/topic/timeout.20investigation^[[0m
Test (macos-latest)	Setup Rust	2026-05-09T15:43:31.1486010Z ^[[36;1mif rustc +stable --version --verbose | grep -q '^release: 1\.7[01]\.'; then^[[0m
Test (macos-latest)	Setup Rust	2026-05-09T15:43:31.1486600Z ^[[36;1m  echo CARGO_HTTP_MULTIPLEXING=false >> $GITHUB_ENV^[[0m
Test (macos-latest)	Setup Rust	2026-05-09T15:43:31.1486840Z ^[[36;1mfi^[[0m
Test (macos-latest)	Setup Rust	2026-05-09T15:43:31.1521810Z shell: /bin/bash --noprofile --norc -e -o pipefail {0}
Test (macos-latest)	Setup Rust	2026-05-09T15:43:31.1522110Z env:
Test (macos-latest)	Setup Rust	2026-05-09T15:43:31.1522270Z   CARGO_TERM_COLOR: always
Test (macos-latest)	Setup Rust	2026-05-09T15:43:31.1522450Z   RUSTFLAGS: -Dwarnings
Test (macos-latest)	Setup Rust	2026-05-09T15:43:31.1522830Z   CARGO_REGISTRY_TOKEN: ***
Test (macos-latest)	Setup Rust	2026-05-09T15:43:31.1523040Z   DOCKERHUB_IMAGE: konard/link-assistant-router
Test (macos-latest)	Setup Rust	2026-05-09T15:43:31.1523300Z   CARGO_HOME: /Users/runner/.cargo
Test (macos-latest)	Setup Rust	2026-05-09T15:43:31.1523490Z   CARGO_INCREMENTAL: 0
Test (macos-latest)	Setup Rust	2026-05-09T15:43:31.1523660Z ##[endgroup]
Test (macos-latest)	Setup Rust	2026-05-09T15:43:31.2273330Z ##[group]Run rustc +stable --version --verbose
Test (macos-latest)	Setup Rust	2026-05-09T15:43:31.2273690Z ^[[36;1mrustc +stable --version --verbose^[[0m
Test (macos-latest)	Setup Rust	2026-05-09T15:43:31.2310040Z shell: /bin/bash --noprofile --norc -e -o pipefail {0}
Test (macos-latest)	Setup Rust	2026-05-09T15:43:31.2310350Z env:
Test (macos-latest)	Setup Rust	2026-05-09T15:43:31.2310510Z   CARGO_TERM_COLOR: always
Test (macos-latest)	Setup Rust	2026-05-09T15:43:31.2310680Z   RUSTFLAGS: -Dwarnings
Test (macos-latest)	Setup Rust	2026-05-09T15:43:31.2311090Z   CARGO_REGISTRY_TOKEN: ***
Test (macos-latest)	Setup Rust	2026-05-09T15:43:31.2311330Z   DOCKERHUB_IMAGE: konard/link-assistant-router
Test (macos-latest)	Setup Rust	2026-05-09T15:43:31.2311600Z   CARGO_HOME: /Users/runner/.cargo
Test (macos-latest)	Setup Rust	2026-05-09T15:43:31.2311790Z   CARGO_INCREMENTAL: 0
Test (macos-latest)	Setup Rust	2026-05-09T15:43:31.2311960Z ##[endgroup]
Test (macos-latest)	Setup Rust	2026-05-09T15:43:31.3116250Z rustc 1.95.0 (59807616e 2026-04-14)
Test (macos-latest)	Setup Rust	2026-05-09T15:43:31.3116640Z binary: rustc
Test (macos-latest)	Setup Rust	2026-05-09T15:43:31.3116870Z commit-hash: 59807616e1fa2540724bfbac14d7976d7e4a3860
Test (macos-latest)	Setup Rust	2026-05-09T15:43:31.3117130Z commit-date: 2026-04-14
Test (macos-latest)	Setup Rust	2026-05-09T15:43:31.3117300Z host: aarch64-apple-darwin
Test (macos-latest)	Setup Rust	2026-05-09T15:43:31.3117470Z release: 1.95.0
Test (macos-latest)	Setup Rust	2026-05-09T15:43:31.3120850Z LLVM version: 22.1.2
Test (macos-latest)	Cache cargo registry	﻿2026-05-09T15:43:31.4360810Z ##[group]Run actions/cache@v4
Test (macos-latest)	Cache cargo registry	2026-05-09T15:43:31.4361050Z with:
Test (macos-latest)	Cache cargo registry	2026-05-09T15:43:31.4361210Z   path: ~/.cargo/registry
Test (macos-latest)	Cache cargo registry	~/.cargo/git
Test (macos-latest)	Cache cargo registry	target
Test (macos-latest)	Cache cargo registry
Test (macos-latest)	Cache cargo registry	2026-05-09T15:43:31.4361590Z   key: macOS-cargo-ac0211d997d3e826656b655bf41293f81ab5b7c9a34b27fad7ce87479ad874c5
Test (macos-latest)	Cache cargo registry	2026-05-09T15:43:31.4361900Z   restore-keys: macOS-cargo-
Test (macos-latest)	Cache cargo registry
Test (macos-latest)	Cache cargo registry	2026-05-09T15:43:31.4362090Z   enableCrossOsArchive: false
Test (macos-latest)	Cache cargo registry	2026-05-09T15:43:31.4362260Z   fail-on-cache-miss: false
Test (macos-latest)	Cache cargo registry	2026-05-09T15:43:31.4362450Z   lookup-only: false
Test (macos-latest)	Cache cargo registry	2026-05-09T15:43:31.4362580Z   save-always: false
Test (macos-latest)	Cache cargo registry	2026-05-09T15:43:31.4362700Z env:
Test (macos-latest)	Cache cargo registry	2026-05-09T15:43:31.4362810Z   CARGO_TERM_COLOR: always
Test (macos-latest)	Cache cargo registry	2026-05-09T15:43:31.4362980Z   RUSTFLAGS: -Dwarnings
Test (macos-latest)	Cache cargo registry	2026-05-09T15:43:31.4363270Z   CARGO_REGISTRY_TOKEN: ***
Test (macos-latest)	Cache cargo registry	2026-05-09T15:43:31.4363460Z   DOCKERHUB_IMAGE: konard/link-assistant-router
Test (macos-latest)	Cache cargo registry	2026-05-09T15:43:31.4363660Z   CARGO_HOME: /Users/runner/.cargo
Test (macos-latest)	Cache cargo registry	2026-05-09T15:43:31.4363840Z   CARGO_INCREMENTAL: 0
Test (macos-latest)	Cache cargo registry	2026-05-09T15:43:31.4363980Z ##[endgroup]
Test (macos-latest)	Cache cargo registry	2026-05-09T15:43:31.6160160Z Cache hit for: macOS-cargo-ac0211d997d3e826656b655bf41293f81ab5b7c9a34b27fad7ce87479ad874c5
Test (macos-latest)	Cache cargo registry	2026-05-09T15:43:32.6860400Z Received 134217728 of 404084854 (33.2%), 125.5 MBs/sec
Test (macos-latest)	Cache cargo registry	2026-05-09T15:43:33.6870960Z Received 272629760 of 404084854 (67.5%), 128.6 MBs/sec
Test (macos-latest)	Cache cargo registry	2026-05-09T15:43:34.4090430Z Received 404084854 of 404084854 (100.0%), 140.5 MBs/sec
Test (macos-latest)	Cache cargo registry	2026-05-09T15:43:34.4109280Z Cache Size: ~385 MB (404084854 B)
Test (macos-latest)	Cache cargo registry	2026-05-09T15:43:34.4217230Z [command]/opt/homebrew/bin/gtar -xf /Users/runner/work/_temp/f5d09ca1-3041-4a24-959e-e9a99de98309/cache.tzst -P -C /Users/runner/work/router/router --delay-directory-restore --use-compress-program unzstd
Test (macos-latest)	Cache cargo registry	2026-05-09T15:43:37.5439280Z Cache restored successfully
Test (macos-latest)	Cache cargo registry	2026-05-09T15:43:37.5826780Z Cache restored from key: macOS-cargo-ac0211d997d3e826656b655bf41293f81ab5b7c9a34b27fad7ce87479ad874c5
Test (macos-latest)	Run tests	﻿2026-05-09T15:43:37.6027950Z ##[group]Run cargo test --all-features --verbose
Test (macos-latest)	Run tests	2026-05-09T15:43:37.6028410Z ^[[36;1mcargo test --all-features --verbose^[[0m
Test (macos-latest)	Run tests	2026-05-09T15:43:37.6068180Z shell: /bin/bash -e {0}
Test (macos-latest)	Run tests	2026-05-09T15:43:37.6068550Z env:
Test (macos-latest)	Run tests	2026-05-09T15:43:37.6068760Z   CARGO_TERM_COLOR: always
Test (macos-latest)	Run tests	2026-05-09T15:43:37.6069090Z   RUSTFLAGS: -Dwarnings
Test (macos-latest)	Run tests	2026-05-09T15:43:37.6069910Z   CARGO_REGISTRY_TOKEN: ***
Test (macos-latest)	Run tests	2026-05-09T15:43:37.6070190Z   DOCKERHUB_IMAGE: konard/link-assistant-router
Test (macos-latest)	Run tests	2026-05-09T15:43:37.6070510Z   CARGO_HOME: /Users/runner/.cargo
Test (macos-latest)	Run tests	2026-05-09T15:43:37.6070750Z   CARGO_INCREMENTAL: 0
Test (macos-latest)	Run tests	2026-05-09T15:43:37.6071010Z ##[endgroup]
Test (macos-latest)	Run tests	2026-05-09T15:43:37.9935810Z ^[[1m^[[92m       Fresh^[[0m unicode-ident v1.0.22
Test (macos-latest)	Run tests	2026-05-09T15:43:37.9937410Z ^[[1m^[[92m       Fresh^[[0m proc-macro2 v1.0.103
Test (macos-latest)	Run tests	2026-05-09T15:43:37.9939360Z ^[[1m^[[92m       Fresh^[[0m quote v1.0.42
Test (macos-latest)	Run tests	2026-05-09T15:43:37.9939900Z ^[[1m^[[92m       Fresh^[[0m pin-project-lite v0.2.16
Test (macos-latest)	Run tests	2026-05-09T15:43:37.9940460Z ^[[1m^[[92m       Fresh^[[0m syn v2.0.111
Test (macos-latest)	Run tests	2026-05-09T15:43:37.9940940Z ^[[1m^[[92m       Fresh^[[0m libc v0.2.183
Test (macos-latest)	Run tests	2026-05-09T15:43:37.9941510Z ^[[1m^[[92m       Fresh^[[0m itoa v1.0.17
Test (macos-latest)	Run tests	2026-05-09T15:43:37.9942110Z ^[[1m^[[92m       Fresh^[[0m synstructure v0.13.2
Test (macos-latest)	Run tests	2026-05-09T15:43:37.9942860Z ^[[1m^[[92m       Fresh^[[0m errno v0.3.14
Test (macos-latest)	Run tests	2026-05-09T15:43:37.9943250Z ^[[1m^[[92m       Fresh^[[0m once_cell v1.21.4
Test (macos-latest)	Run tests	2026-05-09T15:43:37.9943650Z ^[[1m^[[92m       Fresh^[[0m futures-core v0.3.32
Test (macos-latest)	Run tests	2026-05-09T15:43:37.9943990Z ^[[1m^[[92m       Fresh^[[0m bytes v1.11.0
Test (macos-latest)	Run tests	2026-05-09T15:43:37.9944300Z ^[[1m^[[92m       Fresh^[[0m zerofrom-derive v0.1.6
Test (macos-latest)	Run tests	2026-05-09T15:43:37.9944710Z ^[[1m^[[92m       Fresh^[[0m zerofrom v0.1.6
Test (macos-latest)	Run tests	2026-05-09T15:43:37.9945050Z ^[[1m^[[92m       Fresh^[[0m yoke-derive v0.8.1
Test (macos-latest)	Run tests	2026-05-09T15:43:37.9945420Z ^[[1m^[[92m       Fresh^[[0m cfg-if v1.0.4
Test (macos-latest)	Run tests	2026-05-09T15:43:37.9945780Z ^[[1m^[[92m       Fresh^[[0m core-foundation-sys v0.8.7
Test (macos-latest)	Run tests	2026-05-09T15:43:37.9946170Z ^[[1m^[[92m       Fresh^[[0m stable_deref_trait v1.2.1
Test (macos-latest)	Run tests	2026-05-09T15:43:37.9946610Z ^[[1m^[[92m       Fresh^[[0m signal-hook-registry v1.4.8
Test (macos-latest)	Run tests	2026-05-09T15:43:37.9947000Z ^[[1m^[[92m       Fresh^[[0m yoke v0.8.1
Test (macos-latest)	Run tests	2026-05-09T15:43:37.9947300Z ^[[1m^[[92m       Fresh^[[0m tracing-core v0.1.36
Test (macos-latest)	Run tests	2026-05-09T15:43:37.9947670Z ^[[1m^[[92m       Fresh^[[0m tokio-macros v2.6.0
Test (macos-latest)	Run tests	2026-05-09T15:43:37.9947970Z ^[[1m^[[92m       Fresh^[[0m mio v1.1.1
Test (macos-latest)	Run tests	2026-05-09T15:43:37.9948300Z ^[[1m^[[92m       Fresh^[[0m socket2 v0.6.3
Test (macos-latest)	Run tests	2026-05-09T15:43:37.9948690Z ^[[1m^[[92m       Fresh^[[0m tokio v1.48.0
Test (macos-latest)	Run tests	2026-05-09T15:43:37.9949020Z ^[[1m^[[92m       Fresh^[[0m zerovec-derive v0.11.2
Test (macos-latest)	Run tests	2026-05-09T15:43:37.9949340Z ^[[1m^[[92m       Fresh^[[0m log v0.4.29
Test (macos-latest)	Run tests	2026-05-09T15:43:37.9949670Z ^[[1m^[[92m       Fresh^[[0m zerovec v0.11.5
Test (macos-latest)	Run tests	2026-05-09T15:43:37.9949980Z ^[[1m^[[92m       Fresh^[[0m serde_core v1.0.228
Test (macos-latest)	Run tests	2026-05-09T15:43:37.9950310Z ^[[1m^[[92m       Fresh^[[0m displaydoc v0.2.5
Test (macos-latest)	Run tests	2026-05-09T15:43:37.9950720Z ^[[1m^[[92m       Fresh^[[0m tracing-attributes v0.1.31
Test (macos-latest)	Run tests	2026-05-09T15:43:37.9951050Z ^[[1m^[[92m       Fresh^[[0m bitflags v2.11.0
Test (macos-latest)	Run tests	2026-05-09T15:43:37.9951410Z ^[[1m^[[92m       Fresh^[[0m tracing v0.1.44
Test (macos-latest)	Run tests	2026-05-09T15:43:37.9951730Z ^[[1m^[[92m       Fresh^[[0m http v1.4.0
Test (macos-latest)	Run tests	2026-05-09T15:43:37.9952040Z ^[[1m^[[92m       Fresh^[[0m smallvec v1.15.1
Test (macos-latest)	Run tests	2026-05-09T15:43:37.9952500Z ^[[1m^[[92m       Fresh^[[0m serde_derive v1.0.228
Test (macos-latest)	Run tests	2026-05-09T15:43:37.9953060Z ^[[1m^[[92m       Fresh^[[0m slab v0.4.12
Test (macos-latest)	Run tests	2026-05-09T15:43:37.9953590Z ^[[1m^[[92m       Fresh^[[0m serde v1.0.228
Test (macos-latest)	Run tests	2026-05-09T15:43:37.9953990Z ^[[1m^[[92m       Fresh^[[0m http-body v1.0.1
Test (macos-latest)	Run tests	2026-05-09T15:43:37.9954230Z ^[[1m^[[92m       Fresh^[[0m tinystr v0.8.2
Test (macos-latest)	Run tests	2026-05-09T15:43:37.9954570Z ^[[1m^[[92m       Fresh^[[0m autocfg v1.5.0
Test (macos-latest)	Run tests	2026-05-09T15:43:37.9954890Z ^[[1m^[[92m       Fresh^[[0m writeable v0.6.2
Test (macos-latest)	Run tests	2026-05-09T15:43:37.9955190Z ^[[1m^[[92m       Fresh^[[0m litemap v0.8.1
Test (macos-latest)	Run tests	2026-05-09T15:43:37.9960060Z ^[[1m^[[92m       Fresh^[[0m icu_locale_core v2.1.1
Test (macos-latest)	Run tests	2026-05-09T15:43:37.9960410Z ^[[1m^[[92m       Fresh^[[0m zerotrie v0.2.3
Test (macos-latest)	Run tests	2026-05-09T15:43:37.9960820Z ^[[1m^[[92m       Fresh^[[0m potential_utf v0.1.4
Test (macos-latest)	Run tests	2026-05-09T15:43:37.9961150Z ^[[1m^[[92m       Fresh^[[0m futures-macro v0.3.32
Test (macos-latest)	Run tests	2026-05-09T15:43:37.9961480Z ^[[1m^[[92m       Fresh^[[0m futures-sink v0.3.32
Test (macos-latest)	Run tests	2026-05-09T15:43:37.9962360Z ^[[1m^[[92m       Fresh^[[0m percent-encoding v2.3.2
Test (macos-latest)	Run tests	2026-05-09T15:43:37.9962900Z ^[[1m^[[92m       Fresh^[[0m futures-task v0.3.32
Test (macos-latest)	Run tests	2026-05-09T15:43:37.9963490Z ^[[1m^[[92m       Fresh^[[0m equivalent v1.0.2
Test (macos-latest)	Run tests	2026-05-09T15:43:37.9963880Z ^[[1m^[[92m       Fresh^[[0m version_check v0.9.5
Test (macos-latest)	Run tests	2026-05-09T15:43:37.9964190Z ^[[1m^[[92m       Fresh^[[0m hashbrown v0.16.1
Test (macos-latest)	Run tests	2026-05-09T15:43:37.9968240Z ^[[1m^[[92m       Fresh^[[0m tower-service v0.3.3
Test (macos-latest)	Run tests	2026-05-09T15:43:37.9970000Z ^[[1m^[[92m       Fresh^[[0m indexmap v2.13.0
Test (macos-latest)	Run tests	2026-05-09T15:43:37.9970820Z ^[[1m^[[92m       Fresh^[[0m futures-util v0.3.32
Test (macos-latest)	Run tests	2026-05-09T15:43:37.9971460Z ^[[1m^[[92m       Fresh^[[0m tokio-util v0.7.18
Test (macos-latest)	Run tests	2026-05-09T15:43:37.9971820Z ^[[1m^[[92m       Fresh^[[0m icu_collections v2.1.1
Test (macos-latest)	Run tests	2026-05-09T15:43:37.9972210Z ^[[1m^[[92m       Fresh^[[0m icu_provider v2.1.1
Test (macos-latest)	Run tests	2026-05-09T15:43:37.9972530Z ^[[1m^[[92m       Fresh^[[0m getrandom v0.4.2
Test (macos-latest)	Run tests	2026-05-09T15:43:37.9973590Z ^[[1m^[[92m       Fresh^[[0m try-lock v0.2.5
Test (macos-latest)	Run tests	2026-05-09T15:43:37.9973930Z ^[[1m^[[92m       Fresh^[[0m base64 v0.22.1
Test (macos-latest)	Run tests	2026-05-09T15:43:37.9974240Z ^[[1m^[[92m       Fresh^[[0m atomic-waker v1.1.2
Test (macos-latest)	Run tests	2026-05-09T15:43:37.9974680Z ^[[1m^[[92m       Fresh^[[0m fnv v1.0.7
Test (macos-latest)	Run tests	2026-05-09T15:43:37.9975040Z ^[[1m^[[92m       Fresh^[[0m want v0.3.1
Test (macos-latest)	Run tests	2026-05-09T15:43:37.9975310Z ^[[1m^[[92m       Fresh^[[0m h2 v0.4.13
Test (macos-latest)	Run tests	2026-05-09T15:43:37.9975610Z ^[[1m^[[92m       Fresh^[[0m num-traits v0.2.19
Test (macos-latest)	Run tests	2026-05-09T15:43:37.9975990Z ^[[1m^[[92m       Fresh^[[0m icu_properties_data v2.1.2
Test (macos-latest)	Run tests	2026-05-09T15:43:37.9976430Z ^[[1m^[[92m       Fresh^[[0m system-configuration-sys v0.6.0
Test (macos-latest)	Run tests	2026-05-09T15:43:37.9976760Z ^[[1m^[[92m       Fresh^[[0m zmij v1.0.21
Test (macos-latest)	Run tests	2026-05-09T15:43:37.9977120Z ^[[1m^[[92m       Fresh^[[0m httparse v1.10.1
Test (macos-latest)	Run tests	2026-05-09T15:43:37.9977400Z ^[[1m^[[92m       Fresh^[[0m rustix v1.1.4
Test (macos-latest)	Run tests	2026-05-09T15:43:37.9977810Z ^[[1m^[[92m       Fresh^[[0m icu_normalizer_data v2.1.1
Test (macos-latest)	Run tests	2026-05-09T15:43:37.9978160Z ^[[1m^[[92m       Fresh^[[0m security-framework-sys v2.17.0
Test (macos-latest)	Run tests	2026-05-09T15:43:37.9978510Z ^[[1m^[[92m       Fresh^[[0m core-foundation v0.10.1
Test (macos-latest)	Run tests	2026-05-09T15:43:37.9979070Z ^[[1m^[[92m       Fresh^[[0m core-foundation v0.9.4
Test (macos-latest)	Run tests	2026-05-09T15:43:37.9979410Z ^[[1m^[[92m       Fresh^[[0m sync_wrapper v1.0.2
Test (macos-latest)	Run tests	2026-05-09T15:43:37.9979960Z ^[[1m^[[92m       Fresh^[[0m futures-channel v0.3.32
Test (macos-latest)	Run tests	2026-05-09T15:43:37.9980360Z ^[[1m^[[92m       Fresh^[[0m shlex v1.3.0
Test (macos-latest)	Run tests	2026-05-09T15:43:37.9980690Z ^[[1m^[[92m       Fresh^[[0m fastrand v2.3.0
Test (macos-latest)	Run tests	2026-05-09T15:43:37.9981040Z ^[[1m^[[92m       Fresh^[[0m httpdate v1.0.3
Test (macos-latest)	Run tests	2026-05-09T15:43:37.9981360Z ^[[1m^[[92m       Fresh^[[0m find-msvc-tools v0.1.9
Test (macos-latest)	Run tests	2026-05-09T15:43:37.9981710Z ^[[1m^[[92m       Fresh^[[0m pin-utils v0.1.0
Test (macos-latest)	Run tests	2026-05-09T15:43:37.9982200Z ^[[1m^[[92m       Fresh^[[0m tower-layer v0.3.3
Test (macos-latest)	Run tests	2026-05-09T15:43:37.9982550Z ^[[1m^[[92m       Fresh^[[0m memchr v2.8.0
Test (macos-latest)	Run tests	2026-05-09T15:43:37.9982910Z ^[[1m^[[92m       Fresh^[[0m typenum v1.20.0
Test (macos-latest)	Run tests	2026-05-09T15:43:37.9983190Z ^[[1m^[[92m       Fresh^[[0m utf8parse v0.2.2
Test (macos-latest)	Run tests	2026-05-09T15:43:37.9983580Z ^[[1m^[[92m       Fresh^[[0m anstyle-parse v0.2.7
Test (macos-latest)	Run tests	2026-05-09T15:43:37.9983860Z ^[[1m^[[92m       Fresh^[[0m serde_json v1.0.149
Test (macos-latest)	Run tests	2026-05-09T15:43:37.9984120Z ^[[1m^[[92m       Fresh^[[0m generic-array v0.14.7
Test (macos-latest)	Run tests	2026-05-09T15:43:37.9984400Z ^[[1m^[[92m       Fresh^[[0m hyper v1.8.1
Test (macos-latest)	Run tests	2026-05-09T15:43:37.9997290Z ^[[1m^[[92m       Fresh^[[0m cc v1.2.57
Test (macos-latest)	Run tests	2026-05-09T15:43:37.9997650Z ^[[1m^[[92m       Fresh^[[0m tempfile v3.27.0
Test (macos-latest)	Run tests	2026-05-09T15:43:37.9998090Z ^[[1m^[[92m       Fresh^[[0m system-configuration v0.7.0
Test (macos-latest)	Run tests	2026-05-09T15:43:37.9998600Z ^[[1m^[[92m       Fresh^[[0m security-framework v3.7.0
Test (macos-latest)	Run tests	2026-05-09T15:43:37.9998930Z ^[[1m^[[92m       Fresh^[[0m icu_normalizer v2.1.1
Test (macos-latest)	Run tests	2026-05-09T15:43:37.9999290Z ^[[1m^[[92m       Fresh^[[0m icu_properties v2.1.2
Test (macos-latest)	Run tests	2026-05-09T15:43:37.9999580Z ^[[1m^[[92m       Fresh^[[0m form_urlencoded v1.2.2
Test (macos-latest)	Run tests	2026-05-09T15:43:38.0000080Z ^[[1m^[[92m       Fresh^[[0m http-body-util v0.1.3
Test (macos-latest)	Run tests	2026-05-09T15:43:38.0000340Z ^[[1m^[[92m       Fresh^[[0m colorchoice v1.0.5
Test (macos-latest)	Run tests	2026-05-09T15:43:38.0000700Z ^[[1m^[[92m       Fresh^[[0m anstyle-query v1.1.5
Test (macos-latest)	Run tests	2026-05-09T15:43:38.0001030Z ^[[1m^[[92m       Fresh^[[0m num-conv v0.2.0
Test (macos-latest)	Run tests	2026-05-09T15:43:38.0001380Z ^[[1m^[[92m       Fresh^[[0m time-core v0.1.8
Test (macos-latest)	Run tests	2026-05-09T15:43:38.0001850Z ^[[1m^[[92m       Fresh^[[0m ipnet v2.12.0
Test (macos-latest)	Run tests	2026-05-09T15:43:38.0002170Z ^[[1m^[[92m       Fresh^[[0m is_terminal_polyfill v1.70.2
Test (macos-latest)	Run tests	2026-05-09T15:43:38.0002510Z ^[[1m^[[92m       Fresh^[[0m anstyle v1.0.14
Test (macos-latest)	Run tests	2026-05-09T15:43:38.0002790Z ^[[1m^[[92m       Fresh^[[0m powerfmt v0.2.0
Test (macos-latest)	Run tests	2026-05-09T15:43:38.0003170Z ^[[1m^[[92m       Fresh^[[0m anstream v0.6.21
Test (macos-latest)	Run tests	2026-05-09T15:43:38.0003460Z ^[[1m^[[92m       Fresh^[[0m deranged v0.5.8
Test (macos-latest)	Run tests	2026-05-09T15:43:38.0003820Z ^[[1m^[[92m       Fresh^[[0m time-macros v0.2.27
Test (macos-latest)	Run tests	2026-05-09T15:43:38.0004230Z ^[[1m^[[92m       Fresh^[[0m hyper-util v0.1.20
Test (macos-latest)	Run tests	2026-05-09T15:43:38.0004530Z ^[[1m^[[92m       Fresh^[[0m idna_adapter v1.2.1
Test (macos-latest)	Run tests	2026-05-09T15:43:38.0004850Z ^[[1m^[[92m       Fresh^[[0m native-tls v0.2.18
Test (macos-latest)	Run tests	2026-05-09T15:43:38.0005210Z ^[[1m^[[92m       Fresh^[[0m tower v0.5.3
Test (macos-latest)	Run tests	2026-05-09T15:43:38.0005510Z ^[[1m^[[92m       Fresh^[[0m num-integer v0.1.46
Test (macos-latest)	Run tests	2026-05-09T15:43:38.0005880Z ^[[1m^[[92m       Fresh^[[0m thiserror-impl v2.0.18
Test (macos-latest)	Run tests	2026-05-09T15:43:38.0006200Z ^[[1m^[[92m       Fresh^[[0m utf8_iter v1.0.4
Test (macos-latest)	Run tests	2026-05-09T15:43:38.0006500Z ^[[1m^[[92m       Fresh^[[0m mime v0.3.17
Test (macos-latest)	Run tests	2026-05-09T15:43:38.0006860Z ^[[1m^[[92m       Fresh^[[0m dtor-proc-macro v0.0.5
Test (macos-latest)	Run tests	2026-05-09T15:43:38.0007190Z ^[[1m^[[92m       Fresh^[[0m regex-syntax v0.8.10
Test (macos-latest)	Run tests	2026-05-09T15:43:38.0007500Z ^[[1m^[[92m       Fresh^[[0m heck v0.5.0
Test (macos-latest)	Run tests	2026-05-09T15:43:38.0007830Z ^[[1m^[[92m       Fresh^[[0m ryu v1.0.23
Test (macos-latest)	Run tests	2026-05-09T15:43:38.0008150Z ^[[1m^[[92m       Fresh^[[0m clap_lex v1.1.0
Test (macos-latest)	Run tests	2026-05-09T15:43:38.0008410Z ^[[1m^[[92m       Fresh^[[0m strsim v0.11.1
Test (macos-latest)	Run tests	2026-05-09T15:43:38.0008680Z ^[[1m^[[92m       Fresh^[[0m clap_builder v4.5.60
Test (macos-latest)	Run tests	2026-05-09T15:43:38.0008950Z ^[[1m^[[92m       Fresh^[[0m serde_urlencoded v0.7.1
Test (macos-latest)	Run tests	2026-05-09T15:43:38.0009280Z ^[[1m^[[92m       Fresh^[[0m regex-automata v0.4.14
Test (macos-latest)	Run tests	2026-05-09T15:43:38.0009660Z ^[[1m^[[92m       Fresh^[[0m clap_derive v4.5.55
Test (macos-latest)	Run tests	2026-05-09T15:43:38.0009960Z ^[[1m^[[92m       Fresh^[[0m dtor v0.0.6
Test (macos-latest)	Run tests	2026-05-09T15:43:38.0010600Z ^[[1m^[[92m       Fresh^[[0m idna v1.1.0
Test (macos-latest)	Run tests	2026-05-09T15:43:38.0010860Z ^[[1m^[[92m       Fresh^[[0m thiserror v2.0.18
Test (macos-latest)	Run tests	2026-05-09T15:43:38.0011120Z ^[[1m^[[92m       Fresh^[[0m num-bigint v0.4.6
Test (macos-latest)	Run tests	2026-05-09T15:43:38.0011430Z ^[[1m^[[92m       Fresh^[[0m tokio-native-tls v0.3.1
Test (macos-latest)	Run tests	2026-05-09T15:43:38.0011670Z ^[[1m^[[92m       Fresh^[[0m time v0.3.47
Test (macos-latest)	Run tests	2026-05-09T15:43:38.0011900Z ^[[1m^[[92m       Fresh^[[0m crypto-common v0.1.7
Test (macos-latest)	Run tests	2026-05-09T15:43:38.0012140Z ^[[1m^[[92m       Fresh^[[0m block-buffer v0.10.4
Test (macos-latest)	Run tests	2026-05-09T15:43:38.0012550Z ^[[1m^[[92m       Fresh^[[0m getrandom v0.2.17
Test (macos-latest)	Run tests	2026-05-09T15:43:38.0012890Z ^[[1m^[[92m       Fresh^[[0m thiserror-impl v1.0.69
Test (macos-latest)	Run tests	2026-05-09T15:43:38.0013240Z ^[[1m^[[92m       Fresh^[[0m iri-string v0.7.10
Test (macos-latest)	Run tests	2026-05-09T15:43:38.0013520Z ^[[1m^[[92m       Fresh^[[0m zeroize v1.8.2
Test (macos-latest)	Run tests	2026-05-09T15:43:38.0014000Z ^[[1m^[[92m       Fresh^[[0m ctor-proc-macro v0.0.6
Test (macos-latest)	Run tests	2026-05-09T15:43:38.0014280Z ^[[1m^[[92m       Fresh^[[0m untrusted v0.9.0
Test (macos-latest)	Run tests	2026-05-09T15:43:38.0014540Z ^[[1m^[[92m       Fresh^[[0m lazy_static v1.5.0
Test (macos-latest)	Run tests	2026-05-09T15:43:38.0014800Z ^[[1m^[[92m       Fresh^[[0m ctor v0.4.3
Test (macos-latest)	Run tests	2026-05-09T15:43:38.0015120Z ^[[1m^[[92m       Fresh^[[0m sharded-slab v0.1.7
Test (macos-latest)	Run tests	2026-05-09T15:43:38.0015430Z ^[[1m^[[92m       Fresh^[[0m ring v0.17.14
Test (macos-latest)	Run tests	2026-05-09T15:43:38.0015810Z ^[[1m^[[92m       Fresh^[[0m thiserror v1.0.69
Test (macos-latest)	Run tests	2026-05-09T15:43:38.0016170Z ^[[1m^[[92m       Fresh^[[0m rustls-pki-types v1.14.0
Test (macos-latest)	Run tests	2026-05-09T15:43:38.0016580Z ^[[1m^[[92m       Fresh^[[0m tower-http v0.6.8
Test (macos-latest)	Run tests	2026-05-09T15:43:38.0016920Z ^[[1m^[[92m       Fresh^[[0m digest v0.10.7
Test (macos-latest)	Run tests	2026-05-09T15:43:38.0017310Z ^[[1m^[[92m       Fresh^[[0m hyper-tls v0.6.0
Test (macos-latest)	Run tests	2026-05-09T15:43:38.0017590Z ^[[1m^[[92m       Fresh^[[0m simple_asn1 v0.6.4
Test (macos-latest)	Run tests	2026-05-09T15:43:38.0017870Z ^[[1m^[[92m       Fresh^[[0m url v2.5.8
Test (macos-latest)	Run tests	2026-05-09T15:43:38.0018120Z ^[[1m^[[92m       Fresh^[[0m clap v4.5.60
Test (macos-latest)	Run tests	2026-05-09T15:43:38.0018590Z ^[[1m^[[92m       Fresh^[[0m matchers v0.2.0
Test (macos-latest)	Run tests	2026-05-09T15:43:38.0018860Z ^[[1m^[[92m       Fresh^[[0m axum-core v0.5.6
Test (macos-latest)	Run tests	2026-05-09T15:43:38.0019120Z ^[[1m^[[92m       Fresh^[[0m pem v3.0.6
Test (macos-latest)	Run tests	2026-05-09T15:43:38.0019490Z ^[[1m^[[92m       Fresh^[[0m tracing-serde v0.2.0
Test (macos-latest)	Run tests	2026-05-09T15:43:38.0019810Z ^[[1m^[[92m       Fresh^[[0m tracing-log v0.2.0
Test (macos-latest)	Run tests	2026-05-09T15:43:38.0020290Z ^[[1m^[[92m       Fresh^[[0m serde_path_to_error v0.1.20
Test (macos-latest)	Run tests	2026-05-09T15:43:38.0020660Z ^[[1m^[[92m       Fresh^[[0m iana-time-zone v0.1.65
Test (macos-latest)	Run tests	2026-05-09T15:43:38.0020940Z ^[[1m^[[92m       Fresh^[[0m thread_local v1.1.9
Test (macos-latest)	Run tests	2026-05-09T15:43:38.0021220Z ^[[1m^[[92m       Fresh^[[0m encoding_rs v0.8.35
Test (macos-latest)	Run tests	2026-05-09T15:43:38.0021490Z ^[[1m^[[92m       Fresh^[[0m axum-macros v0.5.0
Test (macos-latest)	Run tests	2026-05-09T15:43:38.0021750Z ^[[1m^[[92m       Fresh^[[0m cpufeatures v0.2.17
Test (macos-latest)	Run tests	2026-05-09T15:43:38.0022080Z ^[[1m^[[92m       Fresh^[[0m matchit v0.8.4
Test (macos-latest)	Run tests	2026-05-09T15:43:38.0022430Z ^[[1m^[[92m       Fresh^[[0m lino-env v0.1.0
Test (macos-latest)	Run tests	2026-05-09T15:43:38.0022690Z ^[[1m^[[92m       Fresh^[[0m dotenvy v0.15.7
Test (macos-latest)	Run tests	2026-05-09T15:43:38.0022970Z ^[[1m^[[92m       Fresh^[[0m nu-ansi-term v0.50.3
Test (macos-latest)	Run tests	2026-05-09T15:43:38.0023240Z ^[[1m^[[92m       Fresh^[[0m sha2 v0.10.9
Test (macos-latest)	Run tests	2026-05-09T15:43:38.0023540Z ^[[1m^[[92m       Fresh^[[0m tracing-subscriber v0.3.23
Test (macos-latest)	Run tests	2026-05-09T15:43:38.0023850Z ^[[1m^[[92m       Fresh^[[0m lino-arguments v0.3.0
Test (macos-latest)	Run tests	2026-05-09T15:43:38.0024130Z ^[[1m^[[92m       Fresh^[[0m axum v0.8.8
Test (macos-latest)	Run tests	2026-05-09T15:43:38.0024390Z ^[[1m^[[92m       Fresh^[[0m reqwest v0.12.28
Test (macos-latest)	Run tests	2026-05-09T15:43:38.0024670Z ^[[1m^[[92m       Fresh^[[0m chrono v0.4.44
Test (macos-latest)	Run tests	2026-05-09T15:43:38.0024940Z ^[[1m^[[92m       Fresh^[[0m jsonwebtoken v9.3.1
Test (macos-latest)	Run tests	2026-05-09T15:43:38.0025210Z ^[[1m^[[92m       Fresh^[[0m uuid v1.22.0
Test (macos-latest)	Run tests	2026-05-09T15:43:38.0025460Z ^[[1m^[[92m       Fresh^[[0m async-stream-impl v0.3.6
Test (macos-latest)	Run tests	2026-05-09T15:43:38.0027020Z ^[[1m^[[92m       Fresh^[[0m async-trait v0.1.89
Test (macos-latest)	Run tests	2026-05-09T15:43:38.0027290Z ^[[1m^[[92m       Fresh^[[0m log-lazy v0.1.0
Test (macos-latest)	Run tests	2026-05-09T15:43:38.0027540Z ^[[1m^[[92m       Fresh^[[0m hex v0.4.3
Test (macos-latest)	Run tests	2026-05-09T15:43:38.0027820Z ^[[1m^[[92m       Fresh^[[0m async-stream v0.3.6
Test (macos-latest)	Run tests	2026-05-09T15:43:38.0028110Z ^[[1m^[[92m       Fresh^[[0m tokio-stream v0.1.17
Test (macos-latest)	Run tests	2026-05-09T15:43:38.0028510Z ^[[1m^[[92m   Compiling^[[0m link-assistant-router v0.13.0 (/Users/runner/work/router/router)
Test (macos-latest)	Run tests	2026-05-09T15:43:38.0028930Z ^[[1m^[[92m       Fresh^[[0m tokio-test v0.4.4
Test (macos-latest)	Run tests	2026-05-09T15:43:38.0049570Z ^[[1m^[[92m     Running^[[0m `/Users/runner/.rustup/toolchains/stable-aarch64-apple-darwin/bin/rustc --crate-name link_assistant_router --edition=2021 src/lib.rs --error-format=json --json=diagnostic-rendered-ansi,artifacts,future-incompat --crate-type lib --emit=dep-info,metadata,link -C embed-bitcode=no -C debuginfo=2 -C split-debuginfo=unpacked '--warn=clippy::pedantic' '--warn=clippy::nursery' '--warn=clippy::all' --forbid=unsafe_code '--allow=clippy::too_many_lines' '--allow=clippy::module_name_repetitions' '--allow=clippy::missing_panics_doc' '--allow=clippy::missing_errors_doc' --check-cfg 'cfg(docsrs,test)' --check-cfg 'cfg(feature, values())' -C metadata=3bf869d317e2ada7 -C extra-filename=-8cc9581ffc6e837e --out-dir /Users/runner/work/router/router/target/debug/deps -L dependency=/Users/runner/work/router/router/target/debug/deps --extern async_trait=/Users/runner/work/router/router/target/debug/deps/libasync_trait-bfb9792e80f79fd8.dylib --extern axum=/Users/runner/work/router/router/target/debug/deps/libaxum-ed9594439847a32a.rmeta --extern base64=/Users/runner/work/router/router/target/debug/deps/libbase64-e6ccf7ceb64fea1e.rmeta --extern bytes=/Users/runner/work/router/router/target/debug/deps/libbytes-a08a8352237a73c3.rmeta --extern chrono=/Users/runner/work/router/router/target/debug/deps/libchrono-f5991784c06a6364.rmeta --extern clap=/Users/runner/work/router/router/target/debug/deps/libclap-5d9954d5041995aa.rmeta --extern futures_util=/Users/runner/work/router/router/target/debug/deps/libfutures_util-0d5d29bb1f9ccda7.rmeta --extern hex=/Users/runner/work/router/router/target/debug/deps/libhex-096359349d8a5915.rmeta --extern http=/Users/runner/work/router/router/target/debug/deps/libhttp-62239d9c87604874.rmeta --extern http_body_util=/Users/runner/work/router/router/target/debug/deps/libhttp_body_util-8174f03327eff90e.rmeta --extern hyper=/Users/runner/work/router/router/target/debug/deps/libhyper-6071e85a5970d3e2.rmeta --extern hyper_util=/Users/runner/work/router/router/target/debug/deps/libhyper_util-7cd5f032ea048d58.rmeta --extern jsonwebtoken=/Users/runner/work/router/router/target/debug/deps/libjsonwebtoken-cdc30ad1722088e6.rmeta --extern lino_arguments=/Users/runner/work/router/router/target/debug/deps/liblino_arguments-a954d43f88b80ae3.rmeta --extern log_lazy=/Users/runner/work/router/router/target/debug/deps/liblog_lazy-9c0e73828ed29927.rmeta --extern reqwest=/Users/runner/work/router/router/target/debug/deps/libreqwest-1c7387e1d2b3c255.rmeta --extern serde=/Users/runner/work/router/router/target/debug/deps/libserde-5ddc369422a1614b.rmeta --extern serde_json=/Users/runner/work/router/router/target/debug/deps/libserde_json-b9005a21b2ee569f.rmeta --extern sha2=/Users/runner/work/router/router/target/debug/deps/libsha2-7e73485e6a075ce9.rmeta --extern tokio=/Users/runner/work/router/router/target/debug/deps/libtokio-6134fd0aeb77e455.rmeta --extern tower=/Users/runner/work/router/router/target/debug/deps/libtower-53a4f4b06c4aae36.rmeta --extern tower_http=/Users/runner/work/router/router/target/debug/deps/libtower_http-4172bcf1ce26407a.rmeta --extern tracing=/Users/runner/work/router/router/target/debug/deps/libtracing-5718b225f6f624d2.rmeta --extern tracing_subscriber=/Users/runner/work/router/router/target/debug/deps/libtracing_subscriber-9c5ce7a5bb29bc6e.rmeta --extern uuid=/Users/runner/work/router/router/target/debug/deps/libuuid-468874a6717d7e4b.rmeta -Dwarnings -L native=/Users/runner/work/router/router/target/debug/build/ring-516cfdbb72f3226a/out`
Test (macos-latest)	Run tests	2026-05-09T15:43:38.0072330Z ^[[1m^[[92m     Running^[[0m `/Users/runner/.rustup/toolchains/stable-aarch64-apple-darwin/bin/rustc --crate-name link_assistant_router --edition=2021 src/lib.rs --error-format=json --json=diagnostic-rendered-ansi,artifacts,future-incompat --emit=dep-info,link -C embed-bitcode=no -C debuginfo=2 -C split-debuginfo=unpacked '--warn=clippy::pedantic' '--warn=clippy::nursery' '--warn=clippy::all' --forbid=unsafe_code '--allow=clippy::too_many_lines' '--allow=clippy::module_name_repetitions' '--allow=clippy::missing_panics_doc' '--allow=clippy::missing_errors_doc' --test --check-cfg 'cfg(docsrs,test)' --check-cfg 'cfg(feature, values())' -C metadata=823872dd55645e85 -C extra-filename=-3a4f7247d697c2eb --out-dir /Users/runner/work/router/router/target/debug/deps -L dependency=/Users/runner/work/router/router/target/debug/deps --extern async_trait=/Users/runner/work/router/router/target/debug/deps/libasync_trait-bfb9792e80f79fd8.dylib --extern axum=/Users/runner/work/router/router/target/debug/deps/libaxum-ed9594439847a32a.rlib --extern base64=/Users/runner/work/router/router/target/debug/deps/libbase64-e6ccf7ceb64fea1e.rlib --extern bytes=/Users/runner/work/router/router/target/debug/deps/libbytes-a08a8352237a73c3.rlib --extern chrono=/Users/runner/work/router/router/target/debug/deps/libchrono-f5991784c06a6364.rlib --extern clap=/Users/runner/work/router/router/target/debug/deps/libclap-5d9954d5041995aa.rlib --extern futures_util=/Users/runner/work/router/router/target/debug/deps/libfutures_util-0d5d29bb1f9ccda7.rlib --extern hex=/Users/runner/work/router/router/target/debug/deps/libhex-096359349d8a5915.rlib --extern http=/Users/runner/work/router/router/target/debug/deps/libhttp-62239d9c87604874.rlib --extern http_body_util=/Users/runner/work/router/router/target/debug/deps/libhttp_body_util-8174f03327eff90e.rlib --extern hyper=/Users/runner/work/router/router/target/debug/deps/libhyper-6071e85a5970d3e2.rlib --extern hyper_util=/Users/runner/work/router/router/target/debug/deps/libhyper_util-7cd5f032ea048d58.rlib --extern jsonwebtoken=/Users/runner/work/router/router/target/debug/deps/libjsonwebtoken-cdc30ad1722088e6.rlib --extern lino_arguments=/Users/runner/work/router/router/target/debug/deps/liblino_arguments-a954d43f88b80ae3.rlib --extern log_lazy=/Users/runner/work/router/router/target/debug/deps/liblog_lazy-9c0e73828ed29927.rlib --extern reqwest=/Users/runner/work/router/router/target/debug/deps/libreqwest-1c7387e1d2b3c255.rlib --extern serde=/Users/runner/work/router/router/target/debug/deps/libserde-5ddc369422a1614b.rlib --extern serde_json=/Users/runner/work/router/router/target/debug/deps/libserde_json-b9005a21b2ee569f.rlib --extern sha2=/Users/runner/work/router/router/target/debug/deps/libsha2-7e73485e6a075ce9.rlib --extern tempfile=/Users/runner/work/router/router/target/debug/deps/libtempfile-3e70450e40360d58.rlib --extern tokio=/Users/runner/work/router/router/target/debug/deps/libtokio-6134fd0aeb77e455.rlib --extern tokio_test=/Users/runner/work/router/router/target/debug/deps/libtokio_test-47d63cb70db64e46.rlib --extern tower=/Users/runner/work/router/router/target/debug/deps/libtower-53a4f4b06c4aae36.rlib --extern tower_http=/Users/runner/work/router/router/target/debug/deps/libtower_http-4172bcf1ce26407a.rlib --extern tracing=/Users/runner/work/router/router/target/debug/deps/libtracing-5718b225f6f624d2.rlib --extern tracing_subscriber=/Users/runner/work/router/router/target/debug/deps/libtracing_subscriber-9c5ce7a5bb29bc6e.rlib --extern uuid=/Users/runner/work/router/router/target/debug/deps/libuuid-468874a6717d7e4b.rlib -Dwarnings -L native=/Users/runner/work/router/router/target/debug/build/ring-516cfdbb72f3226a/out`
Test (macos-latest)	Run tests	2026-05-09T15:43:40.6701850Z ^[[1m^[[92m     Running^[[0m `/Users/runner/.rustup/toolchains/stable-aarch64-apple-darwin/bin/rustc --crate-name link_assistant_router --edition=2021 src/main.rs --error-format=json --json=diagnostic-rendered-ansi,artifacts,future-incompat --crate-type bin --emit=dep-info,link -C embed-bitcode=no -C debuginfo=2 -C split-debuginfo=unpacked '--warn=clippy::pedantic' '--warn=clippy::nursery' '--warn=clippy::all' --forbid=unsafe_code '--allow=clippy::too_many_lines' '--allow=clippy::module_name_repetitions' '--allow=clippy::missing_panics_doc' '--allow=clippy::missing_errors_doc' --check-cfg 'cfg(docsrs,test)' --check-cfg 'cfg(feature, values())' -C metadata=aa24dc4c4298c0a0 -C extra-filename=-11cfab0c674b77f6 --out-dir /Users/runner/work/router/router/target/debug/deps -L dependency=/Users/runner/work/router/router/target/debug/deps --extern async_trait=/Users/runner/work/router/router/target/debug/deps/libasync_trait-bfb9792e80f79fd8.dylib --extern axum=/Users/runner/work/router/router/target/debug/deps/libaxum-ed9594439847a32a.rlib --extern base64=/Users/runner/work/router/router/target/debug/deps/libbase64-e6ccf7ceb64fea1e.rlib --extern bytes=/Users/runner/work/router/router/target/debug/deps/libbytes-a08a8352237a73c3.rlib --extern chrono=/Users/runner/work/router/router/target/debug/deps/libchrono-f5991784c06a6364.rlib --extern clap=/Users/runner/work/router/router/target/debug/deps/libclap-5d9954d5041995aa.rlib --extern futures_util=/Users/runner/work/router/router/target/debug/deps/libfutures_util-0d5d29bb1f9ccda7.rlib --extern hex=/Users/runner/work/router/router/target/debug/deps/libhex-096359349d8a5915.rlib --extern http=/Users/runner/work/router/router/target/debug/deps/libhttp-62239d9c87604874.rlib --extern http_body_util=/Users/runner/work/router/router/target/debug/deps/libhttp_body_util-8174f03327eff90e.rlib --extern hyper=/Users/runner/work/router/router/target/debug/deps/libhyper-6071e85a5970d3e2.rlib --extern hyper_util=/Users/runner/work/router/router/target/debug/deps/libhyper_util-7cd5f032ea048d58.rlib --extern jsonwebtoken=/Users/runner/work/router/router/target/debug/deps/libjsonwebtoken-cdc30ad1722088e6.rlib --extern link_assistant_router=/Users/runner/work/router/router/target/debug/deps/liblink_assistant_router-8cc9581ffc6e837e.rlib --extern lino_arguments=/Users/runner/work/router/router/target/debug/deps/liblino_arguments-a954d43f88b80ae3.rlib --extern log_lazy=/Users/runner/work/router/router/target/debug/deps/liblog_lazy-9c0e73828ed29927.rlib --extern reqwest=/Users/runner/work/router/router/target/debug/deps/libreqwest-1c7387e1d2b3c255.rlib --extern serde=/Users/runner/work/router/router/target/debug/deps/libserde-5ddc369422a1614b.rlib --extern serde_json=/Users/runner/work/router/router/target/debug/deps/libserde_json-b9005a21b2ee569f.rlib --extern sha2=/Users/runner/work/router/router/target/debug/deps/libsha2-7e73485e6a075ce9.rlib --extern tokio=/Users/runner/work/router/router/target/debug/deps/libtokio-6134fd0aeb77e455.rlib --extern tower=/Users/runner/work/router/router/target/debug/deps/libtower-53a4f4b06c4aae36.rlib --extern tower_http=/Users/runner/work/router/router/target/debug/deps/libtower_http-4172bcf1ce26407a.rlib --extern tracing=/Users/runner/work/router/router/target/debug/deps/libtracing-5718b225f6f624d2.rlib --extern tracing_subscriber=/Users/runner/work/router/router/target/debug/deps/libtracing_subscriber-9c5ce7a5bb29bc6e.rlib --extern uuid=/Users/runner/work/router/router/target/debug/deps/libuuid-468874a6717d7e4b.rlib -Dwarnings -L native=/Users/runner/work/router/router/target/debug/build/ring-516cfdbb72f3226a/out`
Test (macos-latest)	Run tests	2026-05-09T15:43:40.7573820Z ^[[1m^[[92m     Running^[[0m `/Users/runner/.rustup/toolchains/stable-aarch64-apple-darwin/bin/rustc --crate-name integration_test --edition=2021 tests/integration_test.rs --error-format=json --json=diagnostic-rendered-ansi,artifacts,future-incompat --emit=dep-info,link -C embed-bitcode=no -C debuginfo=2 -C split-debuginfo=unpacked '--warn=clippy::pedantic' '--warn=clippy::nursery' '--warn=clippy::all' --forbid=unsafe_code '--allow=clippy::too_many_lines' '--allow=clippy::module_name_repetitions' '--allow=clippy::missing_panics_doc' '--allow=clippy::missing_errors_doc' --test --check-cfg 'cfg(docsrs,test)' --check-cfg 'cfg(feature, values())' -C metadata=c7e4615b9e0b0bc8 -C extra-filename=-7d16a36855ff8f2e --out-dir /Users/runner/work/router/router/target/debug/deps -L dependency=/Users/runner/work/router/router/target/debug/deps --extern async_trait=/Users/runner/work/router/router/target/debug/deps/libasync_trait-bfb9792e80f79fd8.dylib --extern axum=/Users/runner/work/router/router/target/debug/deps/libaxum-ed9594439847a32a.rlib --extern base64=/Users/runner/work/router/router/target/debug/deps/libbase64-e6ccf7ceb64fea1e.rlib --extern bytes=/Users/runner/work/router/router/target/debug/deps/libbytes-a08a8352237a73c3.rlib --extern chrono=/Users/runner/work/router/router/target/debug/deps/libchrono-f5991784c06a6364.rlib --extern clap=/Users/runner/work/router/router/target/debug/deps/libclap-5d9954d5041995aa.rlib --extern futures_util=/Users/runner/work/router/router/target/debug/deps/libfutures_util-0d5d29bb1f9ccda7.rlib --extern hex=/Users/runner/work/router/router/target/debug/deps/libhex-096359349d8a5915.rlib --extern http=/Users/runner/work/router/router/target/debug/deps/libhttp-62239d9c87604874.rlib --extern http_body_util=/Users/runner/work/router/router/target/debug/deps/libhttp_body_util-8174f03327eff90e.rlib --extern hyper=/Users/runner/work/router/router/target/debug/deps/libhyper-6071e85a5970d3e2.rlib --extern hyper_util=/Users/runner/work/router/router/target/debug/deps/libhyper_util-7cd5f032ea048d58.rlib --extern jsonwebtoken=/Users/runner/work/router/router/target/debug/deps/libjsonwebtoken-cdc30ad1722088e6.rlib --extern link_assistant_router=/Users/runner/work/router/router/target/debug/deps/liblink_assistant_router-8cc9581ffc6e837e.rlib --extern lino_arguments=/Users/runner/work/router/router/target/debug/deps/liblino_arguments-a954d43f88b80ae3.rlib --extern log_lazy=/Users/runner/work/router/router/target/debug/deps/liblog_lazy-9c0e73828ed29927.rlib --extern reqwest=/Users/runner/work/router/router/target/debug/deps/libreqwest-1c7387e1d2b3c255.rlib --extern serde=/Users/runner/work/router/router/target/debug/deps/libserde-5ddc369422a1614b.rlib --extern serde_json=/Users/runner/work/router/router/target/debug/deps/libserde_json-b9005a21b2ee569f.rlib --extern sha2=/Users/runner/work/router/router/target/debug/deps/libsha2-7e73485e6a075ce9.rlib --extern tempfile=/Users/runner/work/router/router/target/debug/deps/libtempfile-3e70450e40360d58.rlib --extern tokio=/Users/runner/work/router/router/target/debug/deps/libtokio-6134fd0aeb77e455.rlib --extern tokio_test=/Users/runner/work/router/router/target/debug/deps/libtokio_test-47d63cb70db64e46.rlib --extern tower=/Users/runner/work/router/router/target/debug/deps/libtower-53a4f4b06c4aae36.rlib --extern tower_http=/Users/runner/work/router/router/target/debug/deps/libtower_http-4172bcf1ce26407a.rlib --extern tracing=/Users/runner/work/router/router/target/debug/deps/libtracing-5718b225f6f624d2.rlib --extern tracing_subscriber=/Users/runner/work/router/router/target/debug/deps/libtracing_subscriber-9c5ce7a5bb29bc6e.rlib --extern uuid=/Users/runner/work/router/router/target/debug/deps/libuuid-468874a6717d7e4b.rlib -Dwarnings -L native=/Users/runner/work/router/router/target/debug/build/ring-516cfdbb72f3226a/out`
Test (macos-latest)	Run tests	2026-05-09T15:43:43.9749690Z ^[[1m^[[92m     Running^[[0m `/Users/runner/.rustup/toolchains/stable-aarch64-apple-darwin/bin/rustc --crate-name basic_usage --edition=2021 examples/basic_usage.rs --error-format=json --json=diagnostic-rendered-ansi,artifacts,future-incompat --crate-type bin --emit=dep-info,link -C embed-bitcode=no -C debuginfo=2 -C split-debuginfo=unpacked '--warn=clippy::pedantic' '--warn=clippy::nursery' '--warn=clippy::all' --forbid=unsafe_code '--allow=clippy::too_many_lines' '--allow=clippy::module_name_repetitions' '--allow=clippy::missing_panics_doc' '--allow=clippy::missing_errors_doc' --check-cfg 'cfg(docsrs,test)' --check-cfg 'cfg(feature, values())' -C metadata=f3a9a0ecf6f6cc55 -C extra-filename=-cf43de3ed309d226 --out-dir /Users/runner/work/router/router/target/debug/examples -L dependency=/Users/runner/work/router/router/target/debug/deps --extern async_trait=/Users/runner/work/router/router/target/debug/deps/libasync_trait-bfb9792e80f79fd8.dylib --extern axum=/Users/runner/work/router/router/target/debug/deps/libaxum-ed9594439847a32a.rlib --extern base64=/Users/runner/work/router/router/target/debug/deps/libbase64-e6ccf7ceb64fea1e.rlib --extern bytes=/Users/runner/work/router/router/target/debug/deps/libbytes-a08a8352237a73c3.rlib --extern chrono=/Users/runner/work/router/router/target/debug/deps/libchrono-f5991784c06a6364.rlib --extern clap=/Users/runner/work/router/router/target/debug/deps/libclap-5d9954d5041995aa.rlib --extern futures_util=/Users/runner/work/router/router/target/debug/deps/libfutures_util-0d5d29bb1f9ccda7.rlib --extern hex=/Users/runner/work/router/router/target/debug/deps/libhex-096359349d8a5915.rlib --extern http=/Users/runner/work/router/router/target/debug/deps/libhttp-62239d9c87604874.rlib --extern http_body_util=/Users/runner/work/router/router/target/debug/deps/libhttp_body_util-8174f03327eff90e.rlib --extern hyper=/Users/runner/work/router/router/target/debug/deps/libhyper-6071e85a5970d3e2.rlib --extern hyper_util=/Users/runner/work/router/router/target/debug/deps/libhyper_util-7cd5f032ea048d58.rlib --extern jsonwebtoken=/Users/runner/work/router/router/target/debug/deps/libjsonwebtoken-cdc30ad1722088e6.rlib --extern link_assistant_router=/Users/runner/work/router/router/target/debug/deps/liblink_assistant_router-8cc9581ffc6e837e.rlib --extern lino_arguments=/Users/runner/work/router/router/target/debug/deps/liblino_arguments-a954d43f88b80ae3.rlib --extern log_lazy=/Users/runner/work/router/router/target/debug/deps/liblog_lazy-9c0e73828ed29927.rlib --extern reqwest=/Users/runner/work/router/router/target/debug/deps/libreqwest-1c7387e1d2b3c255.rlib --extern serde=/Users/runner/work/router/router/target/debug/deps/libserde-5ddc369422a1614b.rlib --extern serde_json=/Users/runner/work/router/router/target/debug/deps/libserde_json-b9005a21b2ee569f.rlib --extern sha2=/Users/runner/work/router/router/target/debug/deps/libsha2-7e73485e6a075ce9.rlib --extern tempfile=/Users/runner/work/router/router/target/debug/deps/libtempfile-3e70450e40360d58.rlib --extern tokio=/Users/runner/work/router/router/target/debug/deps/libtokio-6134fd0aeb77e455.rlib --extern tokio_test=/Users/runner/work/router/router/target/debug/deps/libtokio_test-47d63cb70db64e46.rlib --extern tower=/Users/runner/work/router/router/target/debug/deps/libtower-53a4f4b06c4aae36.rlib --extern tower_http=/Users/runner/work/router/router/target/debug/deps/libtower_http-4172bcf1ce26407a.rlib --extern tracing=/Users/runner/work/router/router/target/debug/deps/libtracing-5718b225f6f624d2.rlib --extern tracing_subscriber=/Users/runner/work/router/router/target/debug/deps/libtracing_subscriber-9c5ce7a5bb29bc6e.rlib --extern uuid=/Users/runner/work/router/router/target/debug/deps/libuuid-468874a6717d7e4b.rlib -Dwarnings -L native=/Users/runner/work/router/router/target/debug/build/ring-516cfdbb72f3226a/out`
Test (macos-latest)	Run tests	2026-05-09T15:43:43.9849830Z ^[[1m^[[92m     Running^[[0m `/Users/runner/.rustup/toolchains/stable-aarch64-apple-darwin/bin/rustc --crate-name link_assistant_router --edition=2021 src/main.rs --error-format=json --json=diagnostic-rendered-ansi,artifacts,future-incompat --emit=dep-info,link -C embed-bitcode=no -C debuginfo=2 -C split-debuginfo=unpacked '--warn=clippy::pedantic' '--warn=clippy::nursery' '--warn=clippy::all' --forbid=unsafe_code '--allow=clippy::too_many_lines' '--allow=clippy::module_name_repetitions' '--allow=clippy::missing_panics_doc' '--allow=clippy::missing_errors_doc' --test --check-cfg 'cfg(docsrs,test)' --check-cfg 'cfg(feature, values())' -C metadata=edad7771df40edb0 -C extra-filename=-fc7e400bf9a27a64 --out-dir /Users/runner/work/router/router/target/debug/deps -L dependency=/Users/runner/work/router/router/target/debug/deps --extern async_trait=/Users/runner/work/router/router/target/debug/deps/libasync_trait-bfb9792e80f79fd8.dylib --extern axum=/Users/runner/work/router/router/target/debug/deps/libaxum-ed9594439847a32a.rlib --extern base64=/Users/runner/work/router/router/target/debug/deps/libbase64-e6ccf7ceb64fea1e.rlib --extern bytes=/Users/runner/work/router/router/target/debug/deps/libbytes-a08a8352237a73c3.rlib --extern chrono=/Users/runner/work/router/router/target/debug/deps/libchrono-f5991784c06a6364.rlib --extern clap=/Users/runner/work/router/router/target/debug/deps/libclap-5d9954d5041995aa.rlib --extern futures_util=/Users/runner/work/router/router/target/debug/deps/libfutures_util-0d5d29bb1f9ccda7.rlib --extern hex=/Users/runner/work/router/router/target/debug/deps/libhex-096359349d8a5915.rlib --extern http=/Users/runner/work/router/router/target/debug/deps/libhttp-62239d9c87604874.rlib --extern http_body_util=/Users/runner/work/router/router/target/debug/deps/libhttp_body_util-8174f03327eff90e.rlib --extern hyper=/Users/runner/work/router/router/target/debug/deps/libhyper-6071e85a5970d3e2.rlib --extern hyper_util=/Users/runner/work/router/router/target/debug/deps/libhyper_util-7cd5f032ea048d58.rlib --extern jsonwebtoken=/Users/runner/work/router/router/target/debug/deps/libjsonwebtoken-cdc30ad1722088e6.rlib --extern link_assistant_router=/Users/runner/work/router/router/target/debug/deps/liblink_assistant_router-8cc9581ffc6e837e.rlib --extern lino_arguments=/Users/runner/work/router/router/target/debug/deps/liblino_arguments-a954d43f88b80ae3.rlib --extern log_lazy=/Users/runner/work/router/router/target/debug/deps/liblog_lazy-9c0e73828ed29927.rlib --extern reqwest=/Users/runner/work/router/router/target/debug/deps/libreqwest-1c7387e1d2b3c255.rlib --extern serde=/Users/runner/work/router/router/target/debug/deps/libserde-5ddc369422a1614b.rlib --extern serde_json=/Users/runner/work/router/router/target/debug/deps/libserde_json-b9005a21b2ee569f.rlib --extern sha2=/Users/runner/work/router/router/target/debug/deps/libsha2-7e73485e6a075ce9.rlib --extern tempfile=/Users/runner/work/router/router/target/debug/deps/libtempfile-3e70450e40360d58.rlib --extern tokio=/Users/runner/work/router/router/target/debug/deps/libtokio-6134fd0aeb77e455.rlib --extern tokio_test=/Users/runner/work/router/router/target/debug/deps/libtokio_test-47d63cb70db64e46.rlib --extern tower=/Users/runner/work/router/router/target/debug/deps/libtower-53a4f4b06c4aae36.rlib --extern tower_http=/Users/runner/work/router/router/target/debug/deps/libtower_http-4172bcf1ce26407a.rlib --extern tracing=/Users/runner/work/router/router/target/debug/deps/libtracing-5718b225f6f624d2.rlib --extern tracing_subscriber=/Users/runner/work/router/router/target/debug/deps/libtracing_subscriber-9c5ce7a5bb29bc6e.rlib --extern uuid=/Users/runner/work/router/router/target/debug/deps/libuuid-468874a6717d7e4b.rlib -Dwarnings -L native=/Users/runner/work/router/router/target/debug/build/ring-516cfdbb72f3226a/out`
Test (macos-latest)	Run tests	2026-05-09T15:43:44.0444040Z ^[[1m^[[92m     Running^[[0m `/Users/runner/.rustup/toolchains/stable-aarch64-apple-darwin/bin/rustc --crate-name release_workflow_test --edition=2021 tests/release_workflow_test.rs --error-format=json --json=diagnostic-rendered-ansi,artifacts,future-incompat --emit=dep-info,link -C embed-bitcode=no -C debuginfo=2 -C split-debuginfo=unpacked '--warn=clippy::pedantic' '--warn=clippy::nursery' '--warn=clippy::all' --forbid=unsafe_code '--allow=clippy::too_many_lines' '--allow=clippy::module_name_repetitions' '--allow=clippy::missing_panics_doc' '--allow=clippy::missing_errors_doc' --test --check-cfg 'cfg(docsrs,test)' --check-cfg 'cfg(feature, values())' -C metadata=7f7cafb82937b8a9 -C extra-filename=-c23f7cec82b6fca8 --out-dir /Users/runner/work/router/router/target/debug/deps -L dependency=/Users/runner/work/router/router/target/debug/deps --extern async_trait=/Users/runner/work/router/router/target/debug/deps/libasync_trait-bfb9792e80f79fd8.dylib --extern axum=/Users/runner/work/router/router/target/debug/deps/libaxum-ed9594439847a32a.rlib --extern base64=/Users/runner/work/router/router/target/debug/deps/libbase64-e6ccf7ceb64fea1e.rlib --extern bytes=/Users/runner/work/router/router/target/debug/deps/libbytes-a08a8352237a73c3.rlib --extern chrono=/Users/runner/work/router/router/target/debug/deps/libchrono-f5991784c06a6364.rlib --extern clap=/Users/runner/work/router/router/target/debug/deps/libclap-5d9954d5041995aa.rlib --extern futures_util=/Users/runner/work/router/router/target/debug/deps/libfutures_util-0d5d29bb1f9ccda7.rlib --extern hex=/Users/runner/work/router/router/target/debug/deps/libhex-096359349d8a5915.rlib --extern http=/Users/runner/work/router/router/target/debug/deps/libhttp-62239d9c87604874.rlib --extern http_body_util=/Users/runner/work/router/router/target/debug/deps/libhttp_body_util-8174f03327eff90e.rlib --extern hyper=/Users/runner/work/router/router/target/debug/deps/libhyper-6071e85a5970d3e2.rlib --extern hyper_util=/Users/runner/work/router/router/target/debug/deps/libhyper_util-7cd5f032ea048d58.rlib --extern jsonwebtoken=/Users/runner/work/router/router/target/debug/deps/libjsonwebtoken-cdc30ad1722088e6.rlib --extern link_assistant_router=/Users/runner/work/router/router/target/debug/deps/liblink_assistant_router-8cc9581ffc6e837e.rlib --extern lino_arguments=/Users/runner/work/router/router/target/debug/deps/liblino_arguments-a954d43f88b80ae3.rlib --extern log_lazy=/Users/runner/work/router/router/target/debug/deps/liblog_lazy-9c0e73828ed29927.rlib --extern reqwest=/Users/runner/work/router/router/target/debug/deps/libreqwest-1c7387e1d2b3c255.rlib --extern serde=/Users/runner/work/router/router/target/debug/deps/libserde-5ddc369422a1614b.rlib --extern serde_json=/Users/runner/work/router/router/target/debug/deps/libserde_json-b9005a21b2ee569f.rlib --extern sha2=/Users/runner/work/router/router/target/debug/deps/libsha2-7e73485e6a075ce9.rlib --extern tempfile=/Users/runner/work/router/router/target/debug/deps/libtempfile-3e70450e40360d58.rlib --extern tokio=/Users/runner/work/router/router/target/debug/deps/libtokio-6134fd0aeb77e455.rlib --extern tokio_test=/Users/runner/work/router/router/target/debug/deps/libtokio_test-47d63cb70db64e46.rlib --extern tower=/Users/runner/work/router/router/target/debug/deps/libtower-53a4f4b06c4aae36.rlib --extern tower_http=/Users/runner/work/router/router/target/debug/deps/libtower_http-4172bcf1ce26407a.rlib --extern tracing=/Users/runner/work/router/router/target/debug/deps/libtracing-5718b225f6f624d2.rlib --extern tracing_subscriber=/Users/runner/work/router/router/target/debug/deps/libtracing_subscriber-9c5ce7a5bb29bc6e.rlib --extern uuid=/Users/runner/work/router/router/target/debug/deps/libuuid-468874a6717d7e4b.rlib -Dwarnings -L native=/Users/runner/work/router/router/target/debug/build/ring-516cfdbb72f3226a/out`
Test (macos-latest)	Run tests	2026-05-09T15:43:44.4664530Z ^[[1m^[[92m    Finished^[[0m `test` profile [unoptimized + debuginfo] target(s) in 6.77s
Test (macos-latest)	Run tests	2026-05-09T15:43:44.4786630Z ^[[1m^[[92m     Running^[[0m `/Users/runner/work/router/router/target/debug/deps/link_assistant_router-3a4f7247d697c2eb`
Test (macos-latest)	Run tests	2026-05-09T15:43:44.4828100Z
Test (macos-latest)	Run tests	2026-05-09T15:43:44.4842370Z running 57 tests
Test (macos-latest)	Run tests	2026-05-09T15:43:44.4843320Z test accounts::tests::no_healthy_returns_error ... ok
Test (macos-latest)	Run tests	2026-05-09T15:43:44.4843760Z test accounts::tests::least_used_picks_lowest_count ... ok
Test (macos-latest)	Run tests	2026-05-09T15:43:44.4844570Z test accounts::tests::cooldown_skips_unhealthy_account ... ok
Test (macos-latest)	Run tests	2026-05-09T15:43:44.4846050Z test activitypub::tests::actor_contains_required_activitypub_and_forgefed_metadata ... ok
Test (macos-latest)	Run tests	2026-05-09T15:43:44.4847510Z test activitypub::tests::follow_activity_targets_problemsets_actor ... ok
Test (macos-latest)	Run tests	2026-05-09T15:43:44.4849290Z test accounts::tests::round_robin_distributes_calls ... ok
Test (macos-latest)	Run tests	2026-05-09T15:43:44.4849800Z test activitypub::tests::inbound_activity_requires_core_fields ... ok
Test (macos-latest)	Run tests	2026-05-09T15:43:44.4850380Z test cli::tests::cli_defaults_round_trip_to_config ... ok
Test (macos-latest)	Run tests	2026-05-09T15:43:44.4850780Z test config::tests::default_provider_is_anthropic ... ok
Test (macos-latest)	Run tests	2026-05-09T15:43:44.4851110Z test cli::tests::cli_invalid_routing_mode_rejected ... ok
Test (macos-latest)	Run tests	2026-05-09T15:43:44.4852040Z test config::tests::gonka_provider_builds_with_private_key_and_defaults ... ok
Test (macos-latest)	Run tests	2026-05-09T15:43:44.4852640Z test config::tests::gonka_provider_requires_private_key ... ok
Test (macos-latest)	Run tests	2026-05-09T15:43:44.4852960Z test config::tests::test_api_format_parsing ... ok
Test (macos-latest)	Run tests	2026-05-09T15:43:44.4853310Z test config::tests::test_config_default_port ... ok
Test (macos-latest)	Run tests	2026-05-09T15:43:44.4853650Z test config::tests::test_config_empty_token_secret ... ok
Test (macos-latest)	Run tests	2026-05-09T15:43:44.4853920Z test config::tests::test_config_invalid_port ... ok
Test (macos-latest)	Run tests	2026-05-09T15:43:44.4854250Z test config::tests::test_config_missing_token_secret ... ok
Test (macos-latest)	Run tests	2026-05-09T15:43:44.4854540Z test config::tests::test_config_with_valid_values ... ok
Test (macos-latest)	Run tests	2026-05-09T15:43:44.4854820Z test config::tests::test_routing_mode_parsing ... ok
Test (macos-latest)	Run tests	2026-05-09T15:43:44.4855080Z test config::tests::test_verbose_default_false ... ok
Test (macos-latest)	Run tests	2026-05-09T15:43:44.4855430Z test config::tests::test_storage_policy_parsing ... ok
Test (macos-latest)	Run tests	2026-05-09T15:43:44.4855730Z test gonka::tests::default_model_is_added_when_missing ... ok
Test (macos-latest)	Run tests	2026-05-09T15:43:44.4856170Z test gonka::tests::existing_model_is_preserved ... ok
Test (macos-latest)	Run tests	2026-05-09T15:43:44.4856660Z test gonka::tests::models_endpoint_uses_gonka_owner ... ok
Test (macos-latest)	Run tests	2026-05-09T15:43:44.4857020Z test metrics::tests::usage_snapshot_returns_consistent_values ... ok
Test (macos-latest)	Run tests	2026-05-09T15:43:44.4857370Z test metrics::tests::record_and_render_basic_counters ... ok
Test (macos-latest)	Run tests	2026-05-09T15:43:44.4857710Z test gonka::tests::signing_headers_do_not_include_private_key ... ok
Test (macos-latest)	Run tests	2026-05-09T15:43:44.4858060Z test mpp::tests::detects_payment_authorization_credentials ... ok
Test (macos-latest)	Run tests	2026-05-09T15:43:44.4858410Z test mpp::tests::requires_enabled_and_charge_details ... ok
Test (macos-latest)	Run tests	2026-05-09T15:43:44.4858780Z test mpp::tests::challenge_response_uses_http_402_and_payment_auth_scheme ... ok
Test (macos-latest)	Run tests	2026-05-09T15:43:44.4859130Z test oauth::tests::test_cached_token_returned ... ok
Test (macos-latest)	Run tests	2026-05-09T15:43:44.4859380Z test oauth::tests::test_set_token_manually ... ok
Test (macos-latest)	Run tests	2026-05-09T15:43:44.4859650Z test openai::tests::anthropic_to_chat_basic ... ok
Test (macos-latest)	Run tests	2026-05-09T15:43:44.4859980Z test openai::tests::anthropic_tool_use_to_openai_tool_calls ... ok
Test (macos-latest)	Run tests	2026-05-09T15:43:44.4860370Z test openai::tests::list_models_includes_known_ids ... ok
Test (macos-latest)	Run tests	2026-05-09T15:43:44.4860680Z test oauth::tests::test_no_credential_files ... ok
Test (macos-latest)	Run tests	2026-05-09T15:43:44.4860990Z test oauth::tests::test_read_credential_file ... ok
Test (macos-latest)	Run tests	2026-05-09T15:43:44.4861290Z test openai::tests::preserves_claude_native_model_id ... ok
Test (macos-latest)	Run tests	2026-05-09T15:43:44.4861610Z test openai::tests::responses_api_translation ... ok
Test (macos-latest)	Run tests	2026-05-09T15:43:44.4861940Z test openai::tests::translates_basic_chat_completion ... ok
Test (macos-latest)	Run tests	2026-05-09T15:43:44.4862270Z test openai::tests::translates_multipart_user_content ... ok
Test (macos-latest)	Run tests	2026-05-09T15:43:44.5772770Z test openai::tests::translates_tool_call_blocks ... ok
Test (macos-latest)	Run tests	2026-05-09T15:43:44.5965360Z test storage::tests::binary_store_roundtrip ... ok
Test (macos-latest)	Run tests	2026-05-09T15:43:44.5965820Z test storage::tests::lino_codec_handles_special_chars ... ok
Test (macos-latest)	Run tests	2026-05-09T15:43:44.5966400Z test storage::tests::memory_store_roundtrip ... ok
Test (macos-latest)	Run tests	2026-05-09T15:43:44.5966690Z test storage::tests::revoke_marks_record ... ok
Test (macos-latest)	Run tests	2026-05-09T15:43:44.5986760Z test storage::tests::dual_store_writes_both ... ok
Test (macos-latest)	Run tests	2026-05-09T15:43:44.5989880Z test token::tests::test_expired_token ... ok
Test (macos-latest)	Run tests	2026-05-09T15:43:44.5990550Z test token::tests::test_issue_token_has_prefix ... ok
Test (macos-latest)	Run tests	2026-05-09T15:43:44.5991580Z test token::tests::test_list_tokens_returns_records ... ok
Test (macos-latest)	Run tests	2026-05-09T15:43:44.6048760Z test storage::tests::build_token_store_dispatches_correctly ... ok
Test (macos-latest)	Run tests	2026-05-09T15:43:44.6050440Z test token::tests::test_persistent_store_roundtrip ... ok
Test (macos-latest)	Run tests	2026-05-09T15:43:44.6050790Z test token::tests::test_validate_invalid_jwt ... ok
Test (macos-latest)	Run tests	2026-05-09T15:43:44.6051140Z test token::tests::test_revoke_token ... ok
Test (macos-latest)	Run tests	2026-05-09T15:43:44.6051430Z test token::tests::test_validate_wrong_prefix ... ok
Test (macos-latest)	Run tests	2026-05-09T15:43:44.6052030Z test token::tests::test_validate_valid_token ... ok
Test (macos-latest)	Run tests	2026-05-09T15:43:44.6061150Z test storage::tests::text_store_roundtrip ... ok
Test (macos-latest)	Run tests	2026-05-09T15:43:44.6061320Z
Test (macos-latest)	Run tests	2026-05-09T15:43:44.6061540Z test result: ok. 57 passed; 0 failed; 0 ignored; 0 measured; 0 filtered out; finished in 0.12s
Test (macos-latest)	Run tests	2026-05-09T15:43:44.6061840Z
Test (macos-latest)	Run tests	2026-05-09T15:43:44.6064010Z ^[[1m^[[92m     Running^[[0m `/Users/runner/work/router/router/target/debug/deps/link_assistant_router-fc7e400bf9a27a64`
Test (macos-latest)	Run tests	2026-05-09T15:43:44.6100520Z
Test (macos-latest)	Run tests	2026-05-09T15:43:44.6100760Z running 0 tests
Test (macos-latest)	Run tests	2026-05-09T15:43:44.6100880Z
Test (macos-latest)	Run tests	2026-05-09T15:43:44.6101120Z test result: ok. 0 passed; 0 failed; 0 ignored; 0 measured; 0 filtered out; finished in 0.00s
Test (macos-latest)	Run tests	2026-05-09T15:43:44.6101410Z
Test (macos-latest)	Run tests	2026-05-09T15:43:44.6102580Z ^[[1m^[[92m     Running^[[0m `/Users/runner/work/router/router/target/debug/deps/integration_test-7d16a36855ff8f2e`
Test (macos-latest)	Run tests	2026-05-09T15:43:44.6144070Z
Test (macos-latest)	Run tests	2026-05-09T15:43:44.6144240Z running 49 tests
Test (macos-latest)	Run tests	2026-05-09T15:43:44.6144640Z test activitypub_tests::collections_are_addressable_ordered_collections ... ok
Test (macos-latest)	Run tests	2026-05-09T15:43:44.6145860Z test activitypub_tests::actor_document_exposes_required_activitypub_fields ... ok
Test (macos-latest)	Run tests	2026-05-09T15:43:44.6146300Z test activitypub_tests::actor_context_includes_forgefed_and_fep_ef61_aliases ... ok
Test (macos-latest)	Run tests	2026-05-09T15:43:44.6146790Z test activitypub_tests::follow_activity_can_be_posted_to_problemsets_inbox ... ok
Test (macos-latest)	Run tests	2026-05-09T15:43:44.6147260Z test activitypub_tests::inbox_validation_rejects_objects_without_actor_or_attributed_to ... ok
Test (macos-latest)	Run tests	2026-05-09T15:43:44.6147730Z test api_format_tests::test_api_format_anthropic_parsing ... ok
Test (macos-latest)	Run tests	2026-05-09T15:43:44.6170640Z test api_format_tests::test_api_format_bedrock_parsing ... ok
Test (macos-latest)	Run tests	2026-05-09T15:43:44.6171190Z test api_format_tests::test_api_format_unknown ... ok
Test (macos-latest)	Run tests	2026-05-09T15:43:44.6171520Z test api_format_tests::test_api_format_vertex_parsing ... ok
Test (macos-latest)	Run tests	2026-05-09T15:43:44.6171840Z test cli_parser_tests::cli_default_subcommand_is_none ... ok
Test (macos-latest)	Run tests	2026-05-09T15:43:44.6172130Z test cli_parser_tests::cli_parses_disable_flags ... ok
Test (macos-latest)	Run tests	2026-05-09T15:43:44.6172410Z test cli_parser_tests::cli_parses_doctor_subcommand ... ok
Test (macos-latest)	Run tests	2026-05-09T15:43:44.6173070Z test config_verbose_tests::test_verbose_disabled ... ok
Test (macos-latest)	Run tests	2026-05-09T15:43:44.6173570Z test config_verbose_tests::test_verbose_enabled ... ok
Test (macos-latest)	Run tests	2026-05-09T15:43:44.6173990Z test metrics_rendering_tests::prometheus_output_contains_all_required_counters ... ok
Test (macos-latest)	Run tests	2026-05-09T15:43:44.6174400Z test metrics_rendering_tests::usage_snapshot_serialises_cleanly ... ok
Test (macos-latest)	Run tests	2026-05-09T15:43:44.6174790Z test mpp_tests::mpp_payment_authorization_is_not_treated_as_bearer_token ... ok
Test (macos-latest)	Run tests	2026-05-09T15:43:44.6175170Z test mpp_tests::openai_mpp_challenge_is_machine_readable_402 ... ok
Test (macos-latest)	Run tests	2026-05-09T15:43:44.6175490Z test cli_parser_tests::cli_parses_serve_subcommand ... ok
Test (macos-latest)	Run tests	2026-05-09T15:43:44.6175810Z test oauth_integration_tests::test_manual_token_set_and_get ... ok
Test (macos-latest)	Run tests	2026-05-09T15:43:44.6176340Z test oauth_integration_tests::test_missing_credentials_error ... ok
Test (macos-latest)	Run tests	2026-05-09T15:43:44.6176730Z test openai_translation_tests::anthropic_response_to_openai_chat_completion ... ok
Test (macos-latest)	Run tests	2026-05-09T15:43:44.6177150Z test openai_translation_tests::chat_completion_translates_system_and_user ... ok
Test (macos-latest)	Run tests	2026-05-09T15:43:44.6177620Z test openai_translation_tests::maps_openai_aliases_to_claude_models ... ok
Test (macos-latest)	Run tests	2026-05-09T15:43:44.6178260Z test openai_translation_tests::models_endpoint_includes_known_claude_ids ... ok
Test (macos-latest)	Run tests	2026-05-09T15:43:44.6178680Z test path_routing_tests::test_anthropic_count_tokens_path ... ok
Test (macos-latest)	Run tests	2026-05-09T15:43:44.6179120Z test path_routing_tests::test_anthropic_messages_path ... ok
Test (macos-latest)	Run tests	2026-05-09T15:43:44.6179450Z test path_routing_tests::test_bedrock_invoke_path ... ok
Test (macos-latest)	Run tests	2026-05-09T15:43:44.6179780Z test cli_parser_tests::cli_parses_tokens_issue_with_label ... ok
Test (macos-latest)	Run tests	2026-05-09T15:43:44.6180120Z test path_routing_tests::test_bedrock_invoke_stream_path ... ok
Test (macos-latest)	Run tests	2026-05-09T15:43:44.6180830Z test path_routing_tests::test_legacy_prefix_root ... ok
Test (macos-latest)	Run tests	2026-05-09T15:43:44.6181120Z test path_routing_tests::test_legacy_prefix_stripped ... ok
Test (macos-latest)	Run tests	2026-05-09T15:43:44.6181440Z test path_routing_tests::test_legacy_prefix_with_nested_path ... ok
Test (macos-latest)	Run tests	2026-05-09T15:43:44.6181860Z test path_routing_tests::test_vertex_count_tokens_raw_predict_path ... ok
Test (macos-latest)	Run tests	2026-05-09T15:43:44.6182210Z test path_routing_tests::test_vertex_raw_predict_path ... ok
Test (macos-latest)	Run tests	2026-05-09T15:43:44.6182570Z test path_routing_tests::test_vertex_stream_raw_predict_path ... ok
Test (macos-latest)	Run tests	2026-05-09T15:43:44.6182960Z test required_headers_tests::test_required_headers_include_anthropic_beta ... ok
Test (macos-latest)	Run tests	2026-05-09T15:43:44.6183350Z test oauth_integration_tests::test_credential_file_parsing ... ok
Test (macos-latest)	Run tests	2026-05-09T15:43:44.6183730Z test required_headers_tests::test_required_headers_include_anthropic_version ... ok
Test (macos-latest)	Run tests	2026-05-09T15:43:44.6184610Z test required_headers_tests::test_required_headers_include_session_id ... ok
Test (macos-latest)	Run tests	2026-05-09T15:43:44.6185280Z ^[[1m^[[92m     Running^[[0m `/Users/runner/work/router/router/target/debug/deps/release_workflow_test-c23f7cec82b6fca8`
Test (macos-latest)	Run tests	2026-05-09T15:43:44.6185790Z test support_docs_tests::forgefed_docs_describe_public_actor_and_inbox ... ok
Test (macos-latest)	Run tests	2026-05-09T15:43:44.6186250Z test support_docs_tests::kubernetes_template_includes_deployment_service_and_health_probes ... ok
Test (macos-latest)	Run tests	2026-05-09T15:43:44.6186730Z test support_docs_tests::akash_template_exposes_router_and_required_configuration ... ok
Test (macos-latest)	Run tests	2026-05-09T15:43:44.6187170Z test token_integration_tests::test_different_secrets_reject ... ok
Test (macos-latest)	Run tests	2026-05-09T15:43:44.6187590Z test token_integration_tests::test_multiple_tokens_independent ... ok
Test (macos-latest)	Run tests	2026-05-09T15:43:44.6187920Z test token_integration_tests::test_revoke_then_reject ... ok
Test (macos-latest)	Run tests	2026-05-09T15:43:44.6188200Z test version_tests::test_version_is_not_empty ... ok
Test (macos-latest)	Run tests	2026-05-09T15:43:44.6188480Z test token_integration_tests::test_token_roundtrip ... ok
Test (macos-latest)	Run tests	2026-05-09T15:43:44.6188770Z test version_tests::test_version_matches_cargo_toml ... ok
Test (macos-latest)	Run tests	2026-05-09T15:43:44.6188950Z
Test (macos-latest)	Run tests	2026-05-09T15:43:44.6189140Z test result: ok. 49 passed; 0 failed; 0 ignored; 0 measured; 0 filtered out; finished in 0.00s
Test (macos-latest)	Run tests	2026-05-09T15:43:44.6189420Z
Test (macos-latest)	Run tests	2026-05-09T15:43:44.6206320Z
Test (macos-latest)	Run tests	2026-05-09T15:43:44.6206460Z running 6 tests
Test (macos-latest)	Run tests	2026-05-09T15:43:44.6210050Z test dockerfile_builder_uses_supported_rust_toolchain ... ok
Test (macos-latest)	Run tests	2026-05-09T15:43:44.6210450Z test readme_exposes_release_status_badges ... ok
Test (macos-latest)	Run tests	2026-05-09T15:43:44.6215350Z test release_workflow_maps_crates_io_token_fallback_to_cargo_native_env ... ok
Test (macos-latest)	Run tests	2026-05-09T15:43:44.6217420Z test release_workflow_adds_crates_io_link_to_github_releases ... ok
Test (macos-latest)	Run tests	2026-05-09T15:43:44.6218380Z test release_scripts_check_all_release_artifacts ... ok
Test (macos-latest)	Run tests	2026-05-09T15:43:44.6218950Z test release_workflow_publishes_synced_docker_hub_image_after_crate ... ok
Test (macos-latest)	Run tests	2026-05-09T15:43:44.6220640Z ^[[1m^[[92m   Doc-tests^[[0m link_assistant_router
Test (macos-latest)	Run tests	2026-05-09T15:43:44.6232730Z ^[[1m^[[92m     Running^[[0m `/Users/runner/.rustup/toolchains/stable-aarch64-apple-darwin/bin/rustdoc --edition=2021 --crate-type lib --color always --crate-name link_assistant_router --test src/lib.rs --test-run-directory /Users/runner/work/router/router -L native=/Users/runner/work/router/router/target/debug/build/ring-516cfdbb72f3226a/out '--warn=clippy::pedantic' '--warn=clippy::nursery' '--warn=clippy::all' --forbid=unsafe_code '--allow=clippy::too_many_lines' '--allow=clippy::module_name_repetitions' '--allow=clippy::missing_panics_doc' '--allow=clippy::missing_errors_doc' --extern async_trait=/Users/runner/work/router/router/target/debug/deps/libasync_trait-bfb9792e80f79fd8.dylib --extern axum=/Users/runner/work/router/router/target/debug/deps/libaxum-ed9594439847a32a.rlib --extern base64=/Users/runner/work/router/router/target/debug/deps/libbase64-e6ccf7ceb64fea1e.rlib --extern bytes=/Users/runner/work/router/router/target/debug/deps/libbytes-a08a8352237a73c3.rlib --extern chrono=/Users/runner/work/router/router/target/debug/deps/libchrono-f5991784c06a6364.rlib --extern clap=/Users/runner/work/router/router/target/debug/deps/libclap-5d9954d5041995aa.rlib --extern futures_util=/Users/runner/work/router/router/target/debug/deps/libfutures_util-0d5d29bb1f9ccda7.rlib --extern hex=/Users/runner/work/router/router/target/debug/deps/libhex-096359349d8a5915.rlib --extern http=/Users/runner/work/router/router/target/debug/deps/libhttp-62239d9c87604874.rlib --extern http_body_util=/Users/runner/work/router/router/target/debug/deps/libhttp_body_util-8174f03327eff90e.rlib --extern hyper=/Users/runner/work/router/router/target/debug/deps/libhyper-6071e85a5970d3e2.rlib --extern hyper_util=/Users/runner/work/router/router/target/debug/deps/libhyper_util-7cd5f032ea048d58.rlib --extern jsonwebtoken=/Users/runner/work/router/router/target/debug/deps/libjsonwebtoken-cdc30ad1722088e6.rlib --extern link_assistant_router=/Users/runner/work/router/router/target/debug/deps/liblink_assistant_router-8cc9581ffc6e837e.rlib --extern lino_arguments=/Users/runner/work/router/router/target/debug/deps/liblino_arguments-a954d43f88b80ae3.rlib --extern log_lazy=/Users/runner/work/router/router/target/debug/deps/liblog_lazy-9c0e73828ed29927.rlib --extern reqwest=/Users/runner/work/router/router/target/debug/deps/libreqwest-1c7387e1d2b3c255.rlib --extern serde=/Users/runner/work/router/router/target/debug/deps/libserde-5ddc369422a1614b.rlib --extern serde_json=/Users/runner/work/router/router/target/debug/deps/libserde_json-b9005a21b2ee569f.rlib --extern sha2=/Users/runner/work/router/router/target/debug/deps/libsha2-7e73485e6a075ce9.rlib --extern tempfile=/Users/runner/work/router/router/target/debug/deps/libtempfile-3e70450e40360d58.rlib --extern tokio=/Users/runner/work/router/router/target/debug/deps/libtokio-6134fd0aeb77e455.rlib --extern tokio_test=/Users/runner/work/router/router/target/debug/deps/libtokio_test-47d63cb70db64e46.rlib --extern tower=/Users/runner/work/router/router/target/debug/deps/libtower-53a4f4b06c4aae36.rlib --extern tower_http=/Users/runner/work/router/router/target/debug/deps/libtower_http-4172bcf1ce26407a.rlib --extern tracing=/Users/runner/work/router/router/target/debug/deps/libtracing-5718b225f6f624d2.rlib --extern tracing_subscriber=/Users/runner/work/router/router/target/debug/deps/libtracing_subscriber-9c5ce7a5bb29bc6e.rlib --extern uuid=/Users/runner/work/router/router/target/debug/deps/libuuid-468874a6717d7e4b.rlib -L dependency=/Users/runner/work/router/router/target/debug/deps -C embed-bitcode=no --check-cfg 'cfg(docsrs,test)' --check-cfg 'cfg(feature, values())' --error-format human`
Test (macos-latest)	Run tests	2026-05-09T15:43:44.6243520Z
Test (macos-latest)	Run tests	2026-05-09T15:43:44.6243720Z test result: ok. 6 passed; 0 failed; 0 ignored; 0 measured; 0 filtered out; finished in 0.00s
Test (macos-latest)	Run tests	2026-05-09T15:43:44.6244010Z
Test (macos-latest)	Run tests	2026-05-09T15:43:44.7619250Z
Test (macos-latest)	Run tests	2026-05-09T15:43:44.7619600Z running 0 tests
Test (macos-latest)	Run tests	2026-05-09T15:43:44.7619840Z
Test (macos-latest)	Run tests	2026-05-09T15:43:44.7623230Z test result: ok. 0 passed; 0 failed; 0 ignored; 0 measured; 0 filtered out; finished in 0.00s
Test (macos-latest)	Run tests	2026-05-09T15:43:44.7623610Z
Test (macos-latest)	Run doc tests	﻿2026-05-09T15:43:44.7696840Z ##[group]Run cargo test --doc --verbose
Test (macos-latest)	Run doc tests	2026-05-09T15:43:44.7697090Z ^[[36;1mcargo test --doc --verbose^[[0m
Test (macos-latest)	Run doc tests	2026-05-09T15:43:44.7737380Z shell: /bin/bash -e {0}
Test (macos-latest)	Run doc tests	2026-05-09T15:43:44.7737530Z env:
Test (macos-latest)	Run doc tests	2026-05-09T15:43:44.7737640Z   CARGO_TERM_COLOR: always
Test (macos-latest)	Run doc tests	2026-05-09T15:43:44.7737830Z   RUSTFLAGS: -Dwarnings
Test (macos-latest)	Run doc tests	2026-05-09T15:43:44.7738180Z   CARGO_REGISTRY_TOKEN: ***
Test (macos-latest)	Run doc tests	2026-05-09T15:43:44.7738370Z   DOCKERHUB_IMAGE: konard/link-assistant-router
Test (macos-latest)	Run doc tests	2026-05-09T15:43:44.7738590Z   CARGO_HOME: /Users/runner/.cargo
Test (macos-latest)	Run doc tests	2026-05-09T15:43:44.7739110Z   CARGO_INCREMENTAL: 0
Test (macos-latest)	Run doc tests	2026-05-09T15:43:44.7739300Z ##[endgroup]
Test (macos-latest)	Run doc tests	2026-05-09T15:43:45.0342820Z ^[[1m^[[92m       Fresh^[[0m unicode-ident v1.0.22
Test (macos-latest)	Run doc tests	2026-05-09T15:43:45.0343520Z ^[[1m^[[92m       Fresh^[[0m proc-macro2 v1.0.103
Test (macos-latest)	Run doc tests	2026-05-09T15:43:45.0345550Z ^[[1m^[[92m       Fresh^[[0m quote v1.0.42
Test (macos-latest)	Run doc tests	2026-05-09T15:43:45.0345970Z ^[[1m^[[92m       Fresh^[[0m pin-project-lite v0.2.16
Test (macos-latest)	Run doc tests	2026-05-09T15:43:45.0346230Z ^[[1m^[[92m       Fresh^[[0m syn v2.0.111
Test (macos-latest)	Run doc tests	2026-05-09T15:43:45.0346560Z ^[[1m^[[92m       Fresh^[[0m libc v0.2.183
Test (macos-latest)	Run doc tests	2026-05-09T15:43:45.0346850Z ^[[1m^[[92m       Fresh^[[0m itoa v1.0.17
Test (macos-latest)	Run doc tests	2026-05-09T15:43:45.0347140Z ^[[1m^[[92m       Fresh^[[0m errno v0.3.14
Test (macos-latest)	Run doc tests	2026-05-09T15:43:45.0347510Z ^[[1m^[[92m       Fresh^[[0m synstructure v0.13.2
Test (macos-latest)	Run doc tests	2026-05-09T15:43:45.0347770Z ^[[1m^[[92m       Fresh^[[0m once_cell v1.21.4
Test (macos-latest)	Run doc tests	2026-05-09T15:43:45.0348020Z ^[[1m^[[92m       Fresh^[[0m futures-core v0.3.32
Test (macos-latest)	Run doc tests	2026-05-09T15:43:45.0348280Z ^[[1m^[[92m       Fresh^[[0m bytes v1.11.0
Test (macos-latest)	Run doc tests	2026-05-09T15:43:45.0348540Z ^[[1m^[[92m       Fresh^[[0m zerofrom-derive v0.1.6
Test (macos-latest)	Run doc tests	2026-05-09T15:43:45.0348840Z ^[[1m^[[92m       Fresh^[[0m zerofrom v0.1.6
Test (macos-latest)	Run doc tests	2026-05-09T15:43:45.0349120Z ^[[1m^[[92m       Fresh^[[0m yoke-derive v0.8.1
Test (macos-latest)	Run doc tests	2026-05-09T15:43:45.0349400Z ^[[1m^[[92m       Fresh^[[0m cfg-if v1.0.4
Test (macos-latest)	Run doc tests	2026-05-09T15:43:45.0349680Z ^[[1m^[[92m       Fresh^[[0m stable_deref_trait v1.2.1
Test (macos-latest)	Run doc tests	2026-05-09T15:43:45.0349960Z ^[[1m^[[92m       Fresh^[[0m core-foundation-sys v0.8.7
Test (macos-latest)	Run doc tests	2026-05-09T15:43:45.0350260Z ^[[1m^[[92m       Fresh^[[0m tracing-core v0.1.36
Test (macos-latest)	Run doc tests	2026-05-09T15:43:45.0350550Z ^[[1m^[[92m       Fresh^[[0m yoke v0.8.1
Test (macos-latest)	Run doc tests	2026-05-09T15:43:45.0350820Z ^[[1m^[[92m       Fresh^[[0m signal-hook-registry v1.4.8
Test (macos-latest)	Run doc tests	2026-05-09T15:43:45.0351180Z ^[[1m^[[92m       Fresh^[[0m tokio-macros v2.6.0
Test (macos-latest)	Run doc tests	2026-05-09T15:43:45.0351420Z ^[[1m^[[92m       Fresh^[[0m mio v1.1.1
Test (macos-latest)	Run doc tests	2026-05-09T15:43:45.0351650Z ^[[1m^[[92m       Fresh^[[0m socket2 v0.6.3
Test (macos-latest)	Run doc tests	2026-05-09T15:43:45.0351890Z ^[[1m^[[92m       Fresh^[[0m tokio v1.48.0
Test (macos-latest)	Run doc tests	2026-05-09T15:43:45.0352130Z ^[[1m^[[92m       Fresh^[[0m zerovec-derive v0.11.2
Test (macos-latest)	Run doc tests	2026-05-09T15:43:45.0352390Z ^[[1m^[[92m       Fresh^[[0m log v0.4.29
Test (macos-latest)	Run doc tests	2026-05-09T15:43:45.0352610Z ^[[1m^[[92m       Fresh^[[0m zerovec v0.11.5
Test (macos-latest)	Run doc tests	2026-05-09T15:43:45.0352850Z ^[[1m^[[92m       Fresh^[[0m serde_core v1.0.228
Test (macos-latest)	Run doc tests	2026-05-09T15:43:45.0353130Z ^[[1m^[[92m       Fresh^[[0m tracing-attributes v0.1.31
Test (macos-latest)	Run doc tests	2026-05-09T15:43:45.0353400Z ^[[1m^[[92m       Fresh^[[0m displaydoc v0.2.5
Test (macos-latest)	Run doc tests	2026-05-09T15:43:45.0353650Z ^[[1m^[[92m       Fresh^[[0m bitflags v2.11.0
Test (macos-latest)	Run doc tests	2026-05-09T15:43:45.0353880Z ^[[1m^[[92m       Fresh^[[0m tracing v0.1.44
Test (macos-latest)	Run doc tests	2026-05-09T15:43:45.0354100Z ^[[1m^[[92m       Fresh^[[0m http v1.4.0
Test (macos-latest)	Run doc tests	2026-05-09T15:43:45.0354360Z ^[[1m^[[92m       Fresh^[[0m smallvec v1.15.1
Test (macos-latest)	Run doc tests	2026-05-09T15:43:45.0355440Z ^[[1m^[[92m       Fresh^[[0m serde_derive v1.0.228
Test (macos-latest)	Run doc tests	2026-05-09T15:43:45.0355890Z ^[[1m^[[92m       Fresh^[[0m slab v0.4.12
Test (macos-latest)	Run doc tests	2026-05-09T15:43:45.0356220Z ^[[1m^[[92m       Fresh^[[0m http-body v1.0.1
Test (macos-latest)	Run doc tests	2026-05-09T15:43:45.0356490Z ^[[1m^[[92m       Fresh^[[0m tinystr v0.8.2
Test (macos-latest)	Run doc tests	2026-05-09T15:43:45.0356780Z ^[[1m^[[92m       Fresh^[[0m serde v1.0.228
Test (macos-latest)	Run doc tests	2026-05-09T15:43:45.0357540Z ^[[1m^[[92m       Fresh^[[0m litemap v0.8.1
Test (macos-latest)	Run doc tests	2026-05-09T15:43:45.0357790Z ^[[1m^[[92m       Fresh^[[0m writeable v0.6.2
Test (macos-latest)	Run doc tests	2026-05-09T15:43:45.0358080Z ^[[1m^[[92m       Fresh^[[0m autocfg v1.5.0
Test (macos-latest)	Run doc tests	2026-05-09T15:43:45.0359930Z ^[[1m^[[92m       Fresh^[[0m icu_locale_core v2.1.1
Test (macos-latest)	Run doc tests	2026-05-09T15:43:45.0360190Z ^[[1m^[[92m       Fresh^[[0m zerotrie v0.2.3
Test (macos-latest)	Run doc tests	2026-05-09T15:43:45.0360460Z ^[[1m^[[92m       Fresh^[[0m potential_utf v0.1.4
Test (macos-latest)	Run doc tests	2026-05-09T15:43:45.0360730Z ^[[1m^[[92m       Fresh^[[0m futures-macro v0.3.32
Test (macos-latest)	Run doc tests	2026-05-09T15:43:45.0360990Z ^[[1m^[[92m       Fresh^[[0m futures-task v0.3.32
Test (macos-latest)	Run doc tests	2026-05-09T15:43:45.0366790Z ^[[1m^[[92m       Fresh^[[0m equivalent v1.0.2
Test (macos-latest)	Run doc tests	2026-05-09T15:43:45.0367180Z ^[[1m^[[92m       Fresh^[[0m version_check v0.9.5
Test (macos-latest)	Run doc tests	2026-05-09T15:43:45.0367670Z ^[[1m^[[92m       Fresh^[[0m percent-encoding v2.3.2
Test (macos-latest)	Run doc tests	2026-05-09T15:43:45.0367940Z ^[[1m^[[92m       Fresh^[[0m tower-service v0.3.3
Test (macos-latest)	Run doc tests	2026-05-09T15:43:45.0368190Z ^[[1m^[[92m       Fresh^[[0m hashbrown v0.16.1
Test (macos-latest)	Run doc tests	2026-05-09T15:43:45.0370130Z ^[[1m^[[92m       Fresh^[[0m futures-sink v0.3.32
Test (macos-latest)	Run doc tests	2026-05-09T15:43:45.0370390Z ^[[1m^[[92m       Fresh^[[0m tokio-util v0.7.18
Test (macos-latest)	Run doc tests	2026-05-09T15:43:45.0370630Z ^[[1m^[[92m       Fresh^[[0m indexmap v2.13.0
Test (macos-latest)	Run doc tests	2026-05-09T15:43:45.0372240Z ^[[1m^[[92m       Fresh^[[0m icu_collections v2.1.1
Test (macos-latest)	Run doc tests	2026-05-09T15:43:45.0372520Z ^[[1m^[[92m       Fresh^[[0m futures-util v0.3.32
Test (macos-latest)	Run doc tests	2026-05-09T15:43:45.0372780Z ^[[1m^[[92m       Fresh^[[0m icu_provider v2.1.1
Test (macos-latest)	Run doc tests	2026-05-09T15:43:45.0373030Z ^[[1m^[[92m       Fresh^[[0m getrandom v0.4.2
Test (macos-latest)	Run doc tests	2026-05-09T15:43:45.0373270Z ^[[1m^[[92m       Fresh^[[0m fnv v1.0.7
Test (macos-latest)	Run doc tests	2026-05-09T15:43:45.0373510Z ^[[1m^[[92m       Fresh^[[0m atomic-waker v1.1.2
Test (macos-latest)	Run doc tests	2026-05-09T15:43:45.0373780Z ^[[1m^[[92m       Fresh^[[0m try-lock v0.2.5
Test (macos-latest)	Run doc tests	2026-05-09T15:43:45.0374930Z ^[[1m^[[92m       Fresh^[[0m base64 v0.22.1
Test (macos-latest)	Run doc tests	2026-05-09T15:43:45.0375170Z ^[[1m^[[92m       Fresh^[[0m want v0.3.1
Test (macos-latest)	Run doc tests	2026-05-09T15:43:45.0375390Z ^[[1m^[[92m       Fresh^[[0m h2 v0.4.13
Test (macos-latest)	Run doc tests	2026-05-09T15:43:45.0375630Z ^[[1m^[[92m       Fresh^[[0m num-traits v0.2.19
Test (macos-latest)	Run doc tests	2026-05-09T15:43:45.0375900Z ^[[1m^[[92m       Fresh^[[0m icu_normalizer_data v2.1.1
Test (macos-latest)	Run doc tests	2026-05-09T15:43:45.0376160Z ^[[1m^[[92m       Fresh^[[0m zmij v1.0.21
Test (macos-latest)	Run doc tests	2026-05-09T15:43:45.0376440Z ^[[1m^[[92m       Fresh^[[0m system-configuration-sys v0.6.0
Test (macos-latest)	Run doc tests	2026-05-09T15:43:45.0376720Z ^[[1m^[[92m       Fresh^[[0m httparse v1.10.1
Test (macos-latest)	Run doc tests	2026-05-09T15:43:45.0376990Z ^[[1m^[[92m       Fresh^[[0m icu_properties_data v2.1.2
Test (macos-latest)	Run doc tests	2026-05-09T15:43:45.0377240Z ^[[1m^[[92m       Fresh^[[0m rustix v1.1.4
Test (macos-latest)	Run doc tests	2026-05-09T15:43:45.0377510Z ^[[1m^[[92m       Fresh^[[0m core-foundation v0.9.4
Test (macos-latest)	Run doc tests	2026-05-09T15:43:45.0377770Z ^[[1m^[[92m       Fresh^[[0m core-foundation v0.10.1
Test (macos-latest)	Run doc tests	2026-05-09T15:43:45.0378070Z ^[[1m^[[92m       Fresh^[[0m security-framework-sys v2.17.0
Test (macos-latest)	Run doc tests	2026-05-09T15:43:45.0378350Z ^[[1m^[[92m       Fresh^[[0m futures-channel v0.3.32
Test (macos-latest)	Run doc tests	2026-05-09T15:43:45.0378630Z ^[[1m^[[92m       Fresh^[[0m sync_wrapper v1.0.2
Test (macos-latest)	Run doc tests	2026-05-09T15:43:45.0378870Z ^[[1m^[[92m       Fresh^[[0m httpdate v1.0.3
Test (macos-latest)	Run doc tests	2026-05-09T15:43:45.0379110Z ^[[1m^[[92m       Fresh^[[0m memchr v2.8.0
Test (macos-latest)	Run doc tests	2026-05-09T15:43:45.0379400Z ^[[1m^[[92m       Fresh^[[0m tower-layer v0.3.3
Test (macos-latest)	Run doc tests	2026-05-09T15:43:45.0379860Z ^[[1m^[[92m       Fresh^[[0m pin-utils v0.1.0
Test (macos-latest)	Run doc tests	2026-05-09T15:43:45.0380340Z ^[[1m^[[92m       Fresh^[[0m fastrand v2.3.0
Test (macos-latest)	Run doc tests	2026-05-09T15:43:45.0380580Z ^[[1m^[[92m       Fresh^[[0m shlex v1.3.0
Test (macos-latest)	Run doc tests	2026-05-09T15:43:45.0380820Z ^[[1m^[[92m       Fresh^[[0m utf8parse v0.2.2
Test (macos-latest)	Run doc tests	2026-05-09T15:43:45.0381080Z ^[[1m^[[92m       Fresh^[[0m find-msvc-tools v0.1.9
Test (macos-latest)	Run doc tests	2026-05-09T15:43:45.0381340Z ^[[1m^[[92m       Fresh^[[0m typenum v1.20.0
Test (macos-latest)	Run doc tests	2026-05-09T15:43:45.0381580Z ^[[1m^[[92m       Fresh^[[0m generic-array v0.14.7
Test (macos-latest)	Run doc tests	2026-05-09T15:43:45.0381850Z ^[[1m^[[92m       Fresh^[[0m cc v1.2.57
Test (macos-latest)	Run doc tests	2026-05-09T15:43:45.0382080Z ^[[1m^[[92m       Fresh^[[0m tempfile v3.27.0
Test (macos-latest)	Run doc tests	2026-05-09T15:43:45.0382340Z ^[[1m^[[92m       Fresh^[[0m anstyle-parse v0.2.7
Test (macos-latest)	Run doc tests	2026-05-09T15:43:45.0382590Z ^[[1m^[[92m       Fresh^[[0m hyper v1.8.1
Test (macos-latest)	Run doc tests	2026-05-09T15:43:45.0383000Z ^[[1m^[[92m       Fresh^[[0m serde_json v1.0.149
Test (macos-latest)	Run doc tests	2026-05-09T15:43:45.0383270Z ^[[1m^[[92m       Fresh^[[0m system-configuration v0.7.0
Test (macos-latest)	Run doc tests	2026-05-09T15:43:45.0383570Z ^[[1m^[[92m       Fresh^[[0m security-framework v3.7.0
Test (macos-latest)	Run doc tests	2026-05-09T15:43:45.0383840Z ^[[1m^[[92m       Fresh^[[0m icu_properties v2.1.2
Test (macos-latest)	Run doc tests	2026-05-09T15:43:45.0384100Z ^[[1m^[[92m       Fresh^[[0m icu_normalizer v2.1.1
Test (macos-latest)	Run doc tests	2026-05-09T15:43:45.0384390Z ^[[1m^[[92m       Fresh^[[0m form_urlencoded v1.2.2
Test (macos-latest)	Run doc tests	2026-05-09T15:43:45.0384660Z ^[[1m^[[92m       Fresh^[[0m http-body-util v0.1.3
Test (macos-latest)	Run doc tests	2026-05-09T15:43:45.0384930Z ^[[1m^[[92m       Fresh^[[0m is_terminal_polyfill v1.70.2
Test (macos-latest)	Run doc tests	2026-05-09T15:43:45.0385210Z ^[[1m^[[92m       Fresh^[[0m powerfmt v0.2.0
Test (macos-latest)	Run doc tests	2026-05-09T15:43:45.0385450Z ^[[1m^[[92m       Fresh^[[0m time-core v0.1.8
Test (macos-latest)	Run doc tests	2026-05-09T15:43:45.0385710Z ^[[1m^[[92m       Fresh^[[0m colorchoice v1.0.5
Test (macos-latest)	Run doc tests	2026-05-09T15:43:45.0386240Z ^[[1m^[[92m       Fresh^[[0m anstyle v1.0.14
Test (macos-latest)	Run doc tests	2026-05-09T15:43:45.0386510Z ^[[1m^[[92m       Fresh^[[0m anstyle-query v1.1.5
Test (macos-latest)	Run doc tests	2026-05-09T15:43:45.0386920Z ^[[1m^[[92m       Fresh^[[0m num-conv v0.2.0
Test (macos-latest)	Run doc tests	2026-05-09T15:43:45.0387160Z ^[[1m^[[92m       Fresh^[[0m ipnet v2.12.0
Test (macos-latest)	Run doc tests	2026-05-09T15:43:45.0387400Z ^[[1m^[[92m       Fresh^[[0m time-macros v0.2.27
Test (macos-latest)	Run doc tests	2026-05-09T15:43:45.0387650Z ^[[1m^[[92m       Fresh^[[0m anstream v0.6.21
Test (macos-latest)	Run doc tests	2026-05-09T15:43:45.0387890Z ^[[1m^[[92m       Fresh^[[0m hyper-util v0.1.20
Test (macos-latest)	Run doc tests	2026-05-09T15:43:45.0388150Z ^[[1m^[[92m       Fresh^[[0m deranged v0.5.8
Test (macos-latest)	Run doc tests	2026-05-09T15:43:45.0388390Z ^[[1m^[[92m       Fresh^[[0m idna_adapter v1.2.1
Test (macos-latest)	Run doc tests	2026-05-09T15:43:45.0388630Z ^[[1m^[[92m       Fresh^[[0m native-tls v0.2.18
Test (macos-latest)	Run doc tests	2026-05-09T15:43:45.0388870Z ^[[1m^[[92m       Fresh^[[0m tower v0.5.3
Test (macos-latest)	Run doc tests	2026-05-09T15:43:45.0389120Z ^[[1m^[[92m       Fresh^[[0m num-integer v0.1.46
Test (macos-latest)	Run doc tests	2026-05-09T15:43:45.0389390Z ^[[1m^[[92m       Fresh^[[0m thiserror-impl v2.0.18
Test (macos-latest)	Run doc tests	2026-05-09T15:43:45.0389630Z ^[[1m^[[92m       Fresh^[[0m mime v0.3.17
Test (macos-latest)	Run doc tests	2026-05-09T15:43:45.0389890Z ^[[1m^[[92m       Fresh^[[0m dtor-proc-macro v0.0.5
Test (macos-latest)	Run doc tests	2026-05-09T15:43:45.0390140Z ^[[1m^[[92m       Fresh^[[0m utf8_iter v1.0.4
Test (macos-latest)	Run doc tests	2026-05-09T15:43:45.0390370Z ^[[1m^[[92m       Fresh^[[0m ryu v1.0.23
Test (macos-latest)	Run doc tests	2026-05-09T15:43:45.0390590Z ^[[1m^[[92m       Fresh^[[0m heck v0.5.0
Test (macos-latest)	Run doc tests	2026-05-09T15:43:45.0390820Z ^[[1m^[[92m       Fresh^[[0m strsim v0.11.1
Test (macos-latest)	Run doc tests	2026-05-09T15:43:45.0391070Z ^[[1m^[[92m       Fresh^[[0m regex-syntax v0.8.10
Test (macos-latest)	Run doc tests	2026-05-09T15:43:45.0391330Z ^[[1m^[[92m       Fresh^[[0m clap_lex v1.1.0
Test (macos-latest)	Run doc tests	2026-05-09T15:43:45.0391580Z ^[[1m^[[92m       Fresh^[[0m clap_builder v4.5.60
Test (macos-latest)	Run doc tests	2026-05-09T15:43:45.0391840Z ^[[1m^[[92m       Fresh^[[0m regex-automata v0.4.14
Test (macos-latest)	Run doc tests	2026-05-09T15:43:45.0392090Z ^[[1m^[[92m       Fresh^[[0m idna v1.1.0
Test (macos-latest)	Run doc tests	2026-05-09T15:43:45.0392350Z ^[[1m^[[92m       Fresh^[[0m serde_urlencoded v0.7.1
Test (macos-latest)	Run doc tests	2026-05-09T15:43:45.0392600Z ^[[1m^[[92m       Fresh^[[0m clap_derive v4.5.55
Test (macos-latest)	Run doc tests	2026-05-09T15:43:45.0392840Z ^[[1m^[[92m       Fresh^[[0m dtor v0.0.6
Test (macos-latest)	Run doc tests	2026-05-09T15:43:45.0393080Z ^[[1m^[[92m       Fresh^[[0m num-bigint v0.4.6
Test (macos-latest)	Run doc tests	2026-05-09T15:43:45.0393330Z ^[[1m^[[92m       Fresh^[[0m thiserror v2.0.18
Test (macos-latest)	Run doc tests	2026-05-09T15:43:45.0393600Z ^[[1m^[[92m       Fresh^[[0m tokio-native-tls v0.3.1
Test (macos-latest)	Run doc tests	2026-05-09T15:43:45.0393850Z ^[[1m^[[92m       Fresh^[[0m time v0.3.47
Test (macos-latest)	Run doc tests	2026-05-09T15:43:45.0394130Z ^[[1m^[[92m       Fresh^[[0m block-buffer v0.10.4
Test (macos-latest)	Run doc tests	2026-05-09T15:43:45.0394400Z ^[[1m^[[92m       Fresh^[[0m crypto-common v0.1.7
Test (macos-latest)	Run doc tests	2026-05-09T15:43:45.0394650Z ^[[1m^[[92m       Fresh^[[0m getrandom v0.2.17
Test (macos-latest)	Run doc tests	2026-05-09T15:43:45.0394920Z ^[[1m^[[92m       Fresh^[[0m thiserror-impl v1.0.69
Test (macos-latest)	Run doc tests	2026-05-09T15:43:45.0395270Z ^[[1m^[[92m       Fresh^[[0m ctor-proc-macro v0.0.6
Test (macos-latest)	Run doc tests	2026-05-09T15:43:45.0395530Z ^[[1m^[[92m       Fresh^[[0m untrusted v0.9.0
Test (macos-latest)	Run doc tests	2026-05-09T15:43:45.0395770Z ^[[1m^[[92m       Fresh^[[0m zeroize v1.8.2
Test (macos-latest)	Run doc tests	2026-05-09T15:43:45.0396010Z ^[[1m^[[92m       Fresh^[[0m lazy_static v1.5.0
Test (macos-latest)	Run doc tests	2026-05-09T15:43:45.0396250Z ^[[1m^[[92m       Fresh^[[0m iri-string v0.7.10
Test (macos-latest)	Run doc tests	2026-05-09T15:43:45.0396510Z ^[[1m^[[92m       Fresh^[[0m sharded-slab v0.1.7
Test (macos-latest)	Run doc tests	2026-05-09T15:43:45.0396760Z ^[[1m^[[92m       Fresh^[[0m tower-http v0.6.8
Test (macos-latest)	Run doc tests	2026-05-09T15:43:45.0397040Z ^[[1m^[[92m       Fresh^[[0m rustls-pki-types v1.14.0
Test (macos-latest)	Run doc tests	2026-05-09T15:43:45.0397290Z ^[[1m^[[92m       Fresh^[[0m ctor v0.4.3
Test (macos-latest)	Run doc tests	2026-05-09T15:43:45.0397530Z ^[[1m^[[92m       Fresh^[[0m thiserror v1.0.69
Test (macos-latest)	Run doc tests	2026-05-09T15:43:45.0397780Z ^[[1m^[[92m       Fresh^[[0m ring v0.17.14
Test (macos-latest)	Run doc tests	2026-05-09T15:43:45.0398010Z ^[[1m^[[92m       Fresh^[[0m digest v0.10.7
Test (macos-latest)	Run doc tests	2026-05-09T15:43:45.0398240Z ^[[1m^[[92m       Fresh^[[0m hyper-tls v0.6.0
Test (macos-latest)	Run doc tests	2026-05-09T15:43:45.0398490Z ^[[1m^[[92m       Fresh^[[0m simple_asn1 v0.6.4
Test (macos-latest)	Run doc tests	2026-05-09T15:43:45.0398730Z ^[[1m^[[92m       Fresh^[[0m clap v4.5.60
Test (macos-latest)	Run doc tests	2026-05-09T15:43:45.0398960Z ^[[1m^[[92m       Fresh^[[0m matchers v0.2.0
Test (macos-latest)	Run doc tests	2026-05-09T15:43:45.0399180Z ^[[1m^[[92m       Fresh^[[0m url v2.5.8
Test (macos-latest)	Run doc tests	2026-05-09T15:43:45.0399420Z ^[[1m^[[92m       Fresh^[[0m axum-core v0.5.6
Test (macos-latest)	Run doc tests	2026-05-09T15:43:45.0399650Z ^[[1m^[[92m       Fresh^[[0m pem v3.0.6
Test (macos-latest)	Run doc tests	2026-05-09T15:43:45.0399900Z ^[[1m^[[92m       Fresh^[[0m tracing-serde v0.2.0
Test (macos-latest)	Run doc tests	2026-05-09T15:43:45.0400150Z ^[[1m^[[92m       Fresh^[[0m tracing-log v0.2.0
Test (macos-latest)	Run doc tests	2026-05-09T15:43:45.0400600Z ^[[1m^[[92m       Fresh^[[0m serde_path_to_error v0.1.20
Test (macos-latest)	Run doc tests	2026-05-09T15:43:45.0400890Z ^[[1m^[[92m       Fresh^[[0m iana-time-zone v0.1.65
Test (macos-latest)	Run doc tests	2026-05-09T15:43:45.0401220Z ^[[1m^[[92m       Fresh^[[0m thread_local v1.1.9
Test (macos-latest)	Run doc tests	2026-05-09T15:43:45.0401470Z ^[[1m^[[92m       Fresh^[[0m encoding_rs v0.8.35
Test (macos-latest)	Run doc tests	2026-05-09T15:43:45.0401730Z ^[[1m^[[92m       Fresh^[[0m axum-macros v0.5.0
Test (macos-latest)	Run doc tests	2026-05-09T15:43:45.0402010Z ^[[1m^[[92m       Fresh^[[0m async-stream-impl v0.3.6
Test (macos-latest)	Run doc tests	2026-05-09T15:43:45.0402290Z ^[[1m^[[92m       Fresh^[[0m cpufeatures v0.2.17
Test (macos-latest)	Run doc tests	2026-05-09T15:43:45.0402550Z ^[[1m^[[92m       Fresh^[[0m nu-ansi-term v0.50.3
Test (macos-latest)	Run doc tests	2026-05-09T15:43:45.0402800Z ^[[1m^[[92m       Fresh^[[0m lino-env v0.1.0
Test (macos-latest)	Run doc tests	2026-05-09T15:43:45.0403050Z ^[[1m^[[92m       Fresh^[[0m matchit v0.8.4
Test (macos-latest)	Run doc tests	2026-05-09T15:43:45.0403290Z ^[[1m^[[92m       Fresh^[[0m dotenvy v0.15.7
Test (macos-latest)	Run doc tests	2026-05-09T15:43:45.0403540Z ^[[1m^[[92m       Fresh^[[0m lino-arguments v0.3.0
Test (macos-latest)	Run doc tests	2026-05-09T15:43:45.0403790Z ^[[1m^[[92m       Fresh^[[0m axum v0.8.8
Test (macos-latest)	Run doc tests	2026-05-09T15:43:45.0404020Z ^[[1m^[[92m       Fresh^[[0m sha2 v0.10.9
Test (macos-latest)	Run doc tests	2026-05-09T15:43:45.0404320Z ^[[1m^[[92m       Fresh^[[0m tracing-subscriber v0.3.23
Test (macos-latest)	Run doc tests	2026-05-09T15:43:45.0404590Z ^[[1m^[[92m       Fresh^[[0m async-stream v0.3.6
Test (macos-latest)	Run doc tests	2026-05-09T15:43:45.0404830Z ^[[1m^[[92m       Fresh^[[0m reqwest v0.12.28
Test (macos-latest)	Run doc tests	2026-05-09T15:43:45.0405080Z ^[[1m^[[92m       Fresh^[[0m chrono v0.4.44
Test (macos-latest)	Run doc tests	2026-05-09T15:43:45.0405320Z ^[[1m^[[92m       Fresh^[[0m jsonwebtoken v9.3.1
Test (macos-latest)	Run doc tests	2026-05-09T15:43:45.0405570Z ^[[1m^[[92m       Fresh^[[0m uuid v1.22.0
Test (macos-latest)	Run doc tests	2026-05-09T15:43:45.0405800Z ^[[1m^[[92m       Fresh^[[0m tokio-stream v0.1.17
Test (macos-latest)	Run doc tests	2026-05-09T15:43:45.0406060Z ^[[1m^[[92m       Fresh^[[0m async-trait v0.1.89
Test (macos-latest)	Run doc tests	2026-05-09T15:43:45.0406310Z ^[[1m^[[92m       Fresh^[[0m log-lazy v0.1.0
Test (macos-latest)	Run doc tests	2026-05-09T15:43:45.0406550Z ^[[1m^[[92m       Fresh^[[0m hex v0.4.3
Test (macos-latest)	Run doc tests	2026-05-09T15:43:45.0406780Z ^[[1m^[[92m       Fresh^[[0m tokio-test v0.4.4
Test (macos-latest)	Run doc tests	2026-05-09T15:43:45.0407150Z ^[[1m^[[92m       Fresh^[[0m link-assistant-router v0.13.0 (/Users/runner/work/router/router)
Test (macos-latest)	Run doc tests	2026-05-09T15:43:45.0407640Z ^[[1m^[[92m    Finished^[[0m `test` profile [unoptimized + debuginfo] target(s) in 0.21s
Test (macos-latest)	Run doc tests	2026-05-09T15:43:45.0446130Z ^[[1m^[[92m   Doc-tests^[[0m link_assistant_router
Test (macos-latest)	Run doc tests	2026-05-09T15:43:45.0457880Z ^[[1m^[[92m     Running^[[0m `/Users/runner/.rustup/toolchains/stable-aarch64-apple-darwin/bin/rustdoc --edition=2021 --crate-type lib --color always --crate-name link_assistant_router --test src/lib.rs --test-run-directory /Users/runner/work/router/router -L native=/Users/runner/work/router/router/target/debug/build/ring-516cfdbb72f3226a/out '--warn=clippy::pedantic' '--warn=clippy::nursery' '--warn=clippy::all' --forbid=unsafe_code '--allow=clippy::too_many_lines' '--allow=clippy::module_name_repetitions' '--allow=clippy::missing_panics_doc' '--allow=clippy::missing_errors_doc' --extern async_trait=/Users/runner/work/router/router/target/debug/deps/libasync_trait-bfb9792e80f79fd8.dylib --extern axum=/Users/runner/work/router/router/target/debug/deps/libaxum-ed9594439847a32a.rlib --extern base64=/Users/runner/work/router/router/target/debug/deps/libbase64-e6ccf7ceb64fea1e.rlib --extern bytes=/Users/runner/work/router/router/target/debug/deps/libbytes-a08a8352237a73c3.rlib --extern chrono=/Users/runner/work/router/router/target/debug/deps/libchrono-f5991784c06a6364.rlib --extern clap=/Users/runner/work/router/router/target/debug/deps/libclap-5d9954d5041995aa.rlib --extern futures_util=/Users/runner/work/router/router/target/debug/deps/libfutures_util-0d5d29bb1f9ccda7.rlib --extern hex=/Users/runner/work/router/router/target/debug/deps/libhex-096359349d8a5915.rlib --extern http=/Users/runner/work/router/router/target/debug/deps/libhttp-62239d9c87604874.rlib --extern http_body_util=/Users/runner/work/router/router/target/debug/deps/libhttp_body_util-8174f03327eff90e.rlib --extern hyper=/Users/runner/work/router/router/target/debug/deps/libhyper-6071e85a5970d3e2.rlib --extern hyper_util=/Users/runner/work/router/router/target/debug/deps/libhyper_util-7cd5f032ea048d58.rlib --extern jsonwebtoken=/Users/runner/work/router/router/target/debug/deps/libjsonwebtoken-cdc30ad1722088e6.rlib --extern link_assistant_router=/Users/runner/work/router/router/target/debug/deps/liblink_assistant_router-8cc9581ffc6e837e.rlib --extern lino_arguments=/Users/runner/work/router/router/target/debug/deps/liblino_arguments-a954d43f88b80ae3.rlib --extern log_lazy=/Users/runner/work/router/router/target/debug/deps/liblog_lazy-9c0e73828ed29927.rlib --extern reqwest=/Users/runner/work/router/router/target/debug/deps/libreqwest-1c7387e1d2b3c255.rlib --extern serde=/Users/runner/work/router/router/target/debug/deps/libserde-5ddc369422a1614b.rlib --extern serde_json=/Users/runner/work/router/router/target/debug/deps/libserde_json-b9005a21b2ee569f.rlib --extern sha2=/Users/runner/work/router/router/target/debug/deps/libsha2-7e73485e6a075ce9.rlib --extern tempfile=/Users/runner/work/router/router/target/debug/deps/libtempfile-3e70450e40360d58.rlib --extern tokio=/Users/runner/work/router/router/target/debug/deps/libtokio-6134fd0aeb77e455.rlib --extern tokio_test=/Users/runner/work/router/router/target/debug/deps/libtokio_test-47d63cb70db64e46.rlib --extern tower=/Users/runner/work/router/router/target/debug/deps/libtower-53a4f4b06c4aae36.rlib --extern tower_http=/Users/runner/work/router/router/target/debug/deps/libtower_http-4172bcf1ce26407a.rlib --extern tracing=/Users/runner/work/router/router/target/debug/deps/libtracing-5718b225f6f624d2.rlib --extern tracing_subscriber=/Users/runner/work/router/router/target/debug/deps/libtracing_subscriber-9c5ce7a5bb29bc6e.rlib --extern uuid=/Users/runner/work/router/router/target/debug/deps/libuuid-468874a6717d7e4b.rlib -L dependency=/Users/runner/work/router/router/target/debug/deps -C embed-bitcode=no --check-cfg 'cfg(docsrs,test)' --check-cfg 'cfg(feature, values())' --error-format human`
Test (macos-latest)	Run doc tests	2026-05-09T15:43:45.1526220Z
Test (macos-latest)	Run doc tests	2026-05-09T15:43:45.1526510Z running 0 tests
Test (macos-latest)	Run doc tests	2026-05-09T15:43:45.1526670Z
Test (macos-latest)	Run doc tests	2026-05-09T15:43:45.1526890Z test result: ok. 0 passed; 0 failed; 0 ignored; 0 measured; 0 filtered out; finished in 0.00s
Test (macos-latest)	Run doc tests	2026-05-09T15:43:45.1527200Z
Test (macos-latest)	Post Cache cargo registry	﻿2026-05-09T15:43:45.3860140Z Post job cleanup.
Test (macos-latest)	Post Cache cargo registry	2026-05-09T15:43:45.5130070Z Cache hit occurred on the primary key macOS-cargo-ac0211d997d3e826656b655bf41293f81ab5b7c9a34b27fad7ce87479ad874c5, not saving cache.
Test (macos-latest)	Post Run actions/checkout@v4	﻿2026-05-09T15:43:45.5211070Z Post job cleanup.
Test (macos-latest)	Post Run actions/checkout@v4	2026-05-09T15:43:45.6087350Z [command]/opt/homebrew/bin/git version
Test (macos-latest)	Post Run actions/checkout@v4	2026-05-09T15:43:45.6262300Z git version 2.54.0
Test (macos-latest)	Post Run actions/checkout@v4	2026-05-09T15:43:45.6306630Z Copying '/Users/runner/.gitconfig' to '/Users/runner/work/_temp/9033184c-31d3-4382-bdd0-556823d8657c/.gitconfig'
Test (macos-latest)	Post Run actions/checkout@v4	2026-05-09T15:43:45.6307310Z Temporarily overriding HOME='/Users/runner/work/_temp/9033184c-31d3-4382-bdd0-556823d8657c' before making global git config changes
Test (macos-latest)	Post Run actions/checkout@v4	2026-05-09T15:43:45.6307880Z Adding repository directory to the temporary git global config as a safe directory
Test (macos-latest)	Post Run actions/checkout@v4	2026-05-09T15:43:45.6308460Z [command]/opt/homebrew/bin/git config --global --add safe.directory /Users/runner/work/router/router
Test (macos-latest)	Post Run actions/checkout@v4	2026-05-09T15:43:45.6395470Z [command]/opt/homebrew/bin/git config --local --name-only --get-regexp core\.sshCommand
Test (macos-latest)	Post Run actions/checkout@v4	2026-05-09T15:43:45.6449460Z [command]/opt/homebrew/bin/git submodule foreach --recursive sh -c "git config --local --name-only --get-regexp 'core\.sshCommand' && git config --local --unset-all 'core.sshCommand' || :"
Test (macos-latest)	Post Run actions/checkout@v4	2026-05-09T15:43:45.7141920Z [command]/opt/homebrew/bin/git config --local --name-only --get-regexp http\.https\:\/\/github\.com\/\.extraheader
Test (macos-latest)	Post Run actions/checkout@v4	2026-05-09T15:43:45.7185280Z http.https://github.com/.extraheader
Test (macos-latest)	Post Run actions/checkout@v4	2026-05-09T15:43:45.7193230Z [command]/opt/homebrew/bin/git config --local --unset-all http.https://github.com/.extraheader
Test (macos-latest)	Post Run actions/checkout@v4	2026-05-09T15:43:45.7239820Z [command]/opt/homebrew/bin/git submodule foreach --recursive sh -c "git config --local --name-only --get-regexp 'http\.https\:\/\/github\.com\/\.extraheader' && git config --local --unset-all 'http.https://github.com/.extraheader' || :"
Test (macos-latest)	Post Run actions/checkout@v4	2026-05-09T15:43:45.7823600Z [command]/opt/homebrew/bin/git config --local --name-only --get-regexp ^includeIf\.gitdir:
Test (macos-latest)	Post Run actions/checkout@v4	2026-05-09T15:43:45.7871750Z [command]/opt/homebrew/bin/git submodule foreach --recursive git config --local --show-origin --name-only --get-regexp remote.origin.url
Test (macos-latest)	Complete job	﻿2026-05-09T15:43:45.8985670Z Cleaning up orphan processes
Test (macos-latest)	Complete job	2026-05-09T15:43:46.6176890Z ##[warning]Node.js 20 actions are deprecated. The following actions are running on Node.js 20 and may not work as expected: actions/cache@v4, actions/checkout@v4. Actions will be forced to run with Node.js 24 by default starting June 2nd, 2026. Node.js 20 will be removed from the runner on September 16th, 2026. Please check if updated versions of these actions are available that support Node.js 24. To opt into Node.js 24 now, set the FORCE_JAVASCRIPT_ACTIONS_TO_NODE24=true environment variable on the runner or in your workflow file. Once Node.js 24 becomes the default, you can temporarily opt out by setting ACTIONS_ALLOW_USE_UNSECURE_NODE_VERSION=true. For more information see: https://github.blog/changelog/2025-09-19-deprecation-of-node-20-on-github-actions-runners/
Test (windows-latest)	Set up job	﻿2026-05-09T15:43:27.1605444Z Current runner version: '2.334.0'
Test (windows-latest)	Set up job	2026-05-09T15:43:27.1663627Z ##[group]Runner Image Provisioner
Test (windows-latest)	Set up job	2026-05-09T15:43:27.1664569Z Hosted Compute Agent
Test (windows-latest)	Set up job	2026-05-09T15:43:27.1665213Z Version: 20260422.526
Test (windows-latest)	Set up job	2026-05-09T15:43:27.1665839Z Commit: e1a9e573f4d0838b3a7c1b07401aeb29ed3635a9
Test (windows-latest)	Set up job	2026-05-09T15:43:27.1666617Z Build Date: 2026-04-22T09:31:31Z
Test (windows-latest)	Set up job	2026-05-09T15:43:27.1667354Z Worker ID: {59282eaa-aa93-463d-afbd-630f45536793}
Test (windows-latest)	Set up job	2026-05-09T15:43:27.1667989Z Azure Region: centralus
Test (windows-latest)	Set up job	2026-05-09T15:43:27.1668620Z ##[endgroup]
Test (windows-latest)	Set up job	2026-05-09T15:43:27.1669889Z ##[group]Operating System
Test (windows-latest)	Set up job	2026-05-09T15:43:27.1670486Z Microsoft Windows Server 2025
Test (windows-latest)	Set up job	2026-05-09T15:43:27.1671109Z 10.0.26100
Test (windows-latest)	Set up job	2026-05-09T15:43:27.1672137Z Datacenter
Test (windows-latest)	Set up job	2026-05-09T15:43:27.1672678Z ##[endgroup]
Test (windows-latest)	Set up job	2026-05-09T15:43:27.1673101Z ##[group]Runner Image
Test (windows-latest)	Set up job	2026-05-09T15:43:27.1673668Z Image: windows-2025
Test (windows-latest)	Set up job	2026-05-09T15:43:27.1674206Z Version: 20260428.110.2
Test (windows-latest)	Set up job	2026-05-09T15:43:27.1675168Z Included Software: https://github.com/actions/runner-images/blob/win25/20260428.110/images/windows/Windows2025-Readme.md
Test (windows-latest)	Set up job	2026-05-09T15:43:27.1677134Z Image Release: https://github.com/actions/runner-images/releases/tag/win25%2F20260428.110
Test (windows-latest)	Set up job	2026-05-09T15:43:27.1678020Z ##[endgroup]
Test (windows-latest)	Set up job	2026-05-09T15:43:27.1680846Z ##[group]GITHUB_TOKEN Permissions
Test (windows-latest)	Set up job	2026-05-09T15:43:27.1682817Z Actions: write
Test (windows-latest)	Set up job	2026-05-09T15:43:27.1683438Z ArtifactMetadata: write
Test (windows-latest)	Set up job	2026-05-09T15:43:27.1683955Z Attestations: write
Test (windows-latest)	Set up job	2026-05-09T15:43:27.1684376Z Checks: write
Test (windows-latest)	Set up job	2026-05-09T15:43:27.1684909Z Contents: write
Test (windows-latest)	Set up job	2026-05-09T15:43:27.1685457Z Deployments: write
Test (windows-latest)	Set up job	2026-05-09T15:43:27.1685885Z Discussions: write
Test (windows-latest)	Set up job	2026-05-09T15:43:27.1686382Z Issues: write
Test (windows-latest)	Set up job	2026-05-09T15:43:27.1686796Z Metadata: read
Test (windows-latest)	Set up job	2026-05-09T15:43:27.1687236Z Models: read
Test (windows-latest)	Set up job	2026-05-09T15:43:27.1687749Z Packages: write
Test (windows-latest)	Set up job	2026-05-09T15:43:27.1688181Z Pages: write
Test (windows-latest)	Set up job	2026-05-09T15:43:27.1688741Z PullRequests: write
Test (windows-latest)	Set up job	2026-05-09T15:43:27.1689298Z RepositoryProjects: write
Test (windows-latest)	Set up job	2026-05-09T15:43:27.1689797Z SecurityEvents: write
Test (windows-latest)	Set up job	2026-05-09T15:43:27.1690308Z Statuses: write
Test (windows-latest)	Set up job	2026-05-09T15:43:27.1690807Z VulnerabilityAlerts: read
Test (windows-latest)	Set up job	2026-05-09T15:43:27.1691367Z ##[endgroup]
Test (windows-latest)	Set up job	2026-05-09T15:43:27.1694016Z Secret source: Actions
Test (windows-latest)	Set up job	2026-05-09T15:43:27.1694753Z Prepare workflow directory
Test (windows-latest)	Set up job	2026-05-09T15:43:27.2246529Z Prepare all required actions
Test (windows-latest)	Set up job	2026-05-09T15:43:27.2288372Z Getting action download info
Test (windows-latest)	Set up job	2026-05-09T15:43:27.5125572Z Download action repository 'actions/checkout@v4' (SHA:34e114876b0b11c390a56381ad16ebd13914f8d5)
Test (windows-latest)	Set up job	2026-05-09T15:43:27.6288399Z Download action repository 'dtolnay/rust-toolchain@stable' (SHA:29eef336d9b2848a0b548edc03f92a220660cdb8)
Test (windows-latest)	Set up job	2026-05-09T15:43:27.8062413Z Download action repository 'actions/cache@v4' (SHA:0057852bfaa89a56745cba8c7296529d2fc39830)
Test (windows-latest)	Set up job	2026-05-09T15:43:28.0808768Z Complete job name: Test (windows-latest)
Test (windows-latest)	Run actions/checkout@v4	﻿2026-05-09T15:43:28.2048698Z ##[group]Run actions/checkout@v4
Test (windows-latest)	Run actions/checkout@v4	2026-05-09T15:43:28.2050221Z with:
Test (windows-latest)	Run actions/checkout@v4	2026-05-09T15:43:28.2050618Z   repository: link-assistant/router
Test (windows-latest)	Run actions/checkout@v4	2026-05-09T15:43:28.2051278Z   token: ***
Test (windows-latest)	Run actions/checkout@v4	2026-05-09T15:43:28.2051667Z   ssh-strict: true
Test (windows-latest)	Run actions/checkout@v4	2026-05-09T15:43:28.2052033Z   ssh-user: git
Test (windows-latest)	Run actions/checkout@v4	2026-05-09T15:43:28.2052403Z   persist-credentials: true
Test (windows-latest)	Run actions/checkout@v4	2026-05-09T15:43:28.2052851Z   clean: true
Test (windows-latest)	Run actions/checkout@v4	2026-05-09T15:43:28.2053203Z   sparse-checkout-cone-mode: true
Test (windows-latest)	Run actions/checkout@v4	2026-05-09T15:43:28.2053637Z   fetch-depth: 1
Test (windows-latest)	Run actions/checkout@v4	2026-05-09T15:43:28.2053982Z   fetch-tags: false
Test (windows-latest)	Run actions/checkout@v4	2026-05-09T15:43:28.2054335Z   show-progress: true
Test (windows-latest)	Run actions/checkout@v4	2026-05-09T15:43:28.2054694Z   lfs: false
Test (windows-latest)	Run actions/checkout@v4	2026-05-09T15:43:28.2055008Z   submodules: false
Test (windows-latest)	Run actions/checkout@v4	2026-05-09T15:43:28.2055371Z   set-safe-directory: true
Test (windows-latest)	Run actions/checkout@v4	2026-05-09T15:43:28.2056018Z env:
Test (windows-latest)	Run actions/checkout@v4	2026-05-09T15:43:28.2056338Z   CARGO_TERM_COLOR: always
Test (windows-latest)	Run actions/checkout@v4	2026-05-09T15:43:28.2056758Z   RUSTFLAGS: -Dwarnings
Test (windows-latest)	Run actions/checkout@v4	2026-05-09T15:43:28.2057302Z   CARGO_REGISTRY_TOKEN: ***
Test (windows-latest)	Run actions/checkout@v4	2026-05-09T15:43:28.2057755Z   DOCKERHUB_IMAGE: konard/link-assistant-router
Test (windows-latest)	Run actions/checkout@v4	2026-05-09T15:43:28.2058287Z ##[endgroup]
Test (windows-latest)	Run actions/checkout@v4	2026-05-09T15:43:28.3736447Z Syncing repository: link-assistant/router
Test (windows-latest)	Run actions/checkout@v4	2026-05-09T15:43:28.3738145Z ##[group]Getting Git version info
Test (windows-latest)	Run actions/checkout@v4	2026-05-09T15:43:28.3741385Z Working directory is 'D:\a\router\router'
Test (windows-latest)	Run actions/checkout@v4	2026-05-09T15:43:28.4546303Z [command]"C:\Program Files\Git\bin\git.exe" version
Test (windows-latest)	Run actions/checkout@v4	2026-05-09T15:43:28.8039872Z git version 2.54.0.windows.1
Test (windows-latest)	Run actions/checkout@v4	2026-05-09T15:43:28.8093745Z ##[endgroup]
Test (windows-latest)	Run actions/checkout@v4	2026-05-09T15:43:28.8114039Z Temporarily overriding HOME='D:\a\_temp\72a57b7b-7254-439f-99d4-1db4383c68f3' before making global git config changes
Test (windows-latest)	Run actions/checkout@v4	2026-05-09T15:43:28.8115800Z Adding repository directory to the temporary git global config as a safe directory
Test (windows-latest)	Run actions/checkout@v4	2026-05-09T15:43:28.8126045Z [command]"C:\Program Files\Git\bin\git.exe" config --global --add safe.directory D:\a\router\router
Test (windows-latest)	Run actions/checkout@v4	2026-05-09T15:43:28.8711528Z Deleting the contents of 'D:\a\router\router'
Test (windows-latest)	Run actions/checkout@v4	2026-05-09T15:43:28.8718986Z ##[group]Initializing the repository
Test (windows-latest)	Run actions/checkout@v4	2026-05-09T15:43:28.8729008Z [command]"C:\Program Files\Git\bin\git.exe" init D:\a\router\router
Test (windows-latest)	Run actions/checkout@v4	2026-05-09T15:43:28.9418666Z Initialized empty Git repository in D:/a/router/router/.git/
Test (windows-latest)	Run actions/checkout@v4	2026-05-09T15:43:28.9466430Z [command]"C:\Program Files\Git\bin\git.exe" remote add origin https://github.com/link-assistant/router
Test (windows-latest)	Run actions/checkout@v4	2026-05-09T15:43:28.9970922Z ##[endgroup]
Test (windows-latest)	Run actions/checkout@v4	2026-05-09T15:43:28.9972385Z ##[group]Disabling automatic garbage collection
Test (windows-latest)	Run actions/checkout@v4	2026-05-09T15:43:28.9980036Z [command]"C:\Program Files\Git\bin\git.exe" config --local gc.auto 0
Test (windows-latest)	Run actions/checkout@v4	2026-05-09T15:43:29.0267057Z ##[endgroup]
Test (windows-latest)	Run actions/checkout@v4	2026-05-09T15:43:29.0268289Z ##[group]Setting up auth
Test (windows-latest)	Run actions/checkout@v4	2026-05-09T15:43:29.0286501Z [command]"C:\Program Files\Git\bin\git.exe" config --local --name-only --get-regexp core\.sshCommand
Test (windows-latest)	Run actions/checkout@v4	2026-05-09T15:43:29.0573610Z [command]"C:\Program Files\Git\bin\git.exe" submodule foreach --recursive "sh -c \"git config --local --name-only --get-regexp 'core\.sshCommand' && git config --local --unset-all 'core.sshCommand' || :\""
Test (windows-latest)	Run actions/checkout@v4	2026-05-09T15:43:30.2460477Z [command]"C:\Program Files\Git\bin\git.exe" config --local --name-only --get-regexp http\.https\:\/\/github\.com\/\.extraheader
Test (windows-latest)	Run actions/checkout@v4	2026-05-09T15:43:30.2764272Z [command]"C:\Program Files\Git\bin\git.exe" submodule foreach --recursive "sh -c \"git config --local --name-only --get-regexp 'http\.https\:\/\/github\.com\/\.extraheader' && git config --local --unset-all 'http.https://github.com/.extraheader' || :\""
Test (windows-latest)	Run actions/checkout@v4	2026-05-09T15:43:30.7989375Z [command]"C:\Program Files\Git\bin\git.exe" config --local --name-only --get-regexp ^includeIf\.gitdir:
Test (windows-latest)	Run actions/checkout@v4	2026-05-09T15:43:30.8280373Z [command]"C:\Program Files\Git\bin\git.exe" submodule foreach --recursive "git config --local --show-origin --name-only --get-regexp remote.origin.url"
Test (windows-latest)	Run actions/checkout@v4	2026-05-09T15:43:31.3580050Z [command]"C:\Program Files\Git\bin\git.exe" config --local http.https://github.com/.extraheader "AUTHORIZATION: basic ***"
Test (windows-latest)	Run actions/checkout@v4	2026-05-09T15:43:31.3900679Z ##[endgroup]
Test (windows-latest)	Run actions/checkout@v4	2026-05-09T15:43:31.3901685Z ##[group]Fetching the repository
Test (windows-latest)	Run actions/checkout@v4	2026-05-09T15:43:31.3915716Z [command]"C:\Program Files\Git\bin\git.exe" -c protocol.version=2 fetch --no-tags --prune --no-recurse-submodules --depth=1 origin +ba32e82dc793d7f93a9953448b25cb6ac18c737d:refs/remotes/pull/26/merge
Test (windows-latest)	Run actions/checkout@v4	2026-05-09T15:43:33.3802911Z From https://github.com/link-assistant/router
Test (windows-latest)	Run actions/checkout@v4	2026-05-09T15:43:33.3803841Z  * [new ref]         ba32e82dc793d7f93a9953448b25cb6ac18c737d -> pull/26/merge
Test (windows-latest)	Run actions/checkout@v4	2026-05-09T15:43:33.4103457Z ##[endgroup]
Test (windows-latest)	Run actions/checkout@v4	2026-05-09T15:43:33.4104150Z ##[group]Determining the checkout info
Test (windows-latest)	Run actions/checkout@v4	2026-05-09T15:43:33.4107048Z ##[endgroup]
Test (windows-latest)	Run actions/checkout@v4	2026-05-09T15:43:33.4119638Z [command]"C:\Program Files\Git\bin\git.exe" sparse-checkout disable
Test (windows-latest)	Run actions/checkout@v4	2026-05-09T15:43:33.4537911Z [command]"C:\Program Files\Git\bin\git.exe" config --local --unset-all extensions.worktreeConfig
Test (windows-latest)	Run actions/checkout@v4	2026-05-09T15:43:33.4854502Z ##[group]Checking out the ref
Test (windows-latest)	Run actions/checkout@v4	2026-05-09T15:43:33.4866683Z [command]"C:\Program Files\Git\bin\git.exe" checkout --progress --force refs/remotes/pull/26/merge
Test (windows-latest)	Run actions/checkout@v4	2026-05-09T15:43:33.5897283Z Note: switching to 'refs/remotes/pull/26/merge'.
Test (windows-latest)	Run actions/checkout@v4	2026-05-09T15:43:33.5898256Z
Test (windows-latest)	Run actions/checkout@v4	2026-05-09T15:43:33.5898597Z You are in 'detached HEAD' state. You can look around, make experimental
Test (windows-latest)	Run actions/checkout@v4	2026-05-09T15:43:33.5899083Z changes and commit them, and you can discard any commits you make in this
Test (windows-latest)	Run actions/checkout@v4	2026-05-09T15:43:33.5900476Z state without impacting any branches by switching back to a branch.
Test (windows-latest)	Run actions/checkout@v4	2026-05-09T15:43:33.5900736Z
Test (windows-latest)	Run actions/checkout@v4	2026-05-09T15:43:33.5900915Z If you want to create a new branch to retain commits you create, you may
Test (windows-latest)	Run actions/checkout@v4	2026-05-09T15:43:33.5901379Z do so (now or later) by using -c with the switch command. Example:
Test (windows-latest)	Run actions/checkout@v4	2026-05-09T15:43:33.5901637Z
Test (windows-latest)	Run actions/checkout@v4	2026-05-09T15:43:33.5901775Z   git switch -c <new-branch-name>
Test (windows-latest)	Run actions/checkout@v4	2026-05-09T15:43:33.5901936Z
Test (windows-latest)	Run actions/checkout@v4	2026-05-09T15:43:33.5902051Z Or undo this operation with:
Test (windows-latest)	Run actions/checkout@v4	2026-05-09T15:43:33.5902195Z
Test (windows-latest)	Run actions/checkout@v4	2026-05-09T15:43:33.5902275Z   git switch -
Test (windows-latest)	Run actions/checkout@v4	2026-05-09T15:43:33.5902442Z
Test (windows-latest)	Run actions/checkout@v4	2026-05-09T15:43:33.5902629Z Turn off this advice by setting config variable advice.detachedHead to false
Test (windows-latest)	Run actions/checkout@v4	2026-05-09T15:43:33.5902910Z
Test (windows-latest)	Run actions/checkout@v4	2026-05-09T15:43:33.5903284Z HEAD is now at ba32e82 Merge d9869a554093bc9d7c450f42308aef4b391f307b into 32be51c7464978cfb12e66692bfe04b8849db236
Test (windows-latest)	Run actions/checkout@v4	2026-05-09T15:43:33.6002401Z ##[endgroup]
Test (windows-latest)	Run actions/checkout@v4	2026-05-09T15:43:33.6394421Z [command]"C:\Program Files\Git\bin\git.exe" log -1 --format=%H
Test (windows-latest)	Run actions/checkout@v4	2026-05-09T15:43:33.6664949Z ba32e82dc793d7f93a9953448b25cb6ac18c737d
Test (windows-latest)	Setup Rust	﻿2026-05-09T15:43:33.7141181Z ##[group]Run dtolnay/rust-toolchain@stable
Test (windows-latest)	Setup Rust	2026-05-09T15:43:33.7141559Z with:
Test (windows-latest)	Setup Rust	2026-05-09T15:43:33.7141741Z   toolchain: stable
Test (windows-latest)	Setup Rust	2026-05-09T15:43:33.7141916Z env:
Test (windows-latest)	Setup Rust	2026-05-09T15:43:33.7142078Z   CARGO_TERM_COLOR: always
Test (windows-latest)	Setup Rust	2026-05-09T15:43:33.7142302Z   RUSTFLAGS: -Dwarnings
Test (windows-latest)	Setup Rust	2026-05-09T15:43:33.7142828Z   CARGO_REGISTRY_TOKEN: ***
Test (windows-latest)	Setup Rust	2026-05-09T15:43:33.7143066Z   DOCKERHUB_IMAGE: konard/link-assistant-router
Test (windows-latest)	Setup Rust	2026-05-09T15:43:33.7143316Z ##[endgroup]
Test (windows-latest)	Setup Rust	2026-05-09T15:43:33.7441933Z ##[group]Run : parse toolchain version
Test (windows-latest)	Setup Rust	2026-05-09T15:43:33.7442359Z ^[[36;1m: parse toolchain version^[[0m
Test (windows-latest)	Setup Rust	2026-05-09T15:43:33.7442630Z ^[[36;1mif [[ -z $toolchain ]]; then^[[0m
Test (windows-latest)	Setup Rust	2026-05-09T15:43:33.7443140Z ^[[36;1m  # GitHub does not enforce `required: true` inputs itself. https://github.com/actions/runner/issues/1070^[[0m
Test (windows-latest)	Setup Rust	2026-05-09T15:43:33.7443975Z ^[[36;1m  echo "'toolchain' is a required input" >&2^[[0m
Test (windows-latest)	Setup Rust	2026-05-09T15:43:33.7444274Z ^[[36;1m  exit 1^[[0m
Test (windows-latest)	Setup Rust	2026-05-09T15:43:33.7444581Z ^[[36;1melif [[ $toolchain =~ ^stable' '[0-9]+' '(year|month|week|day)s?' 'ago$ ]]; then^[[0m
Test (windows-latest)	Setup Rust	2026-05-09T15:43:33.7444995Z ^[[36;1m  if [[ Windows == macOS ]]; then^[[0m
Test (windows-latest)	Setup Rust	2026-05-09T15:43:33.7445486Z ^[[36;1m    echo "toolchain=1.$((($(date -v-$(sed 's/stable \([0-9]*\) \(.\).*/\1\2/' <<< $toolchain) +%s)/60/60/24-16569)/7/6))" >> $GITHUB_OUTPUT^[[0m
Test (windows-latest)	Setup Rust	2026-05-09T15:43:33.7445947Z ^[[36;1m  else^[[0m
Test (windows-latest)	Setup Rust	2026-05-09T15:43:33.7446307Z ^[[36;1m    echo "toolchain=1.$((($(date --date "${toolchain#stable }" +%s)/60/60/24-16569)/7/6))" >> $GITHUB_OUTPUT^[[0m
Test (windows-latest)	Setup Rust	2026-05-09T15:43:33.7446717Z ^[[36;1m  fi^[[0m
Test (windows-latest)	Setup Rust	2026-05-09T15:43:33.7446978Z ^[[36;1melif [[ $toolchain =~ ^stable' 'minus' '[0-9]+' 'releases?$ ]]; then^[[0m
Test (windows-latest)	Setup Rust	2026-05-09T15:43:33.7447461Z ^[[36;1m  echo "toolchain=1.$((($(date +%s)/60/60/24-16569)/7/6-${toolchain//[^0-9]/}))" >> $GITHUB_OUTPUT^[[0m
Test (windows-latest)	Setup Rust	2026-05-09T15:43:33.7447883Z ^[[36;1melif [[ $toolchain =~ ^1\.[0-9]+$ ]]; then^[[0m
Test (windows-latest)	Setup Rust	2026-05-09T15:43:33.7448350Z ^[[36;1m  echo "toolchain=1.$((i=${toolchain#1.}, c=($(date +%s)/60/60/24-16569)/7/6, i+9*i*(10*i<=c)+90*i*(100*i<=c)))" >> $GITHUB_OUTPUT^[[0m
Test (windows-latest)	Setup Rust	2026-05-09T15:43:33.7449035Z ^[[36;1melse^[[0m
Test (windows-latest)	Setup Rust	2026-05-09T15:43:33.7449259Z ^[[36;1m  echo "toolchain=$toolchain" >> $GITHUB_OUTPUT^[[0m
Test (windows-latest)	Setup Rust	2026-05-09T15:43:33.7449514Z ^[[36;1mfi^[[0m
Test (windows-latest)	Setup Rust	2026-05-09T15:43:33.7464626Z shell: C:\Program Files\Git\bin\bash.EXE --noprofile --norc -e -o pipefail {0}
Test (windows-latest)	Setup Rust	2026-05-09T15:43:33.7465037Z env:
Test (windows-latest)	Setup Rust	2026-05-09T15:43:33.7465216Z   CARGO_TERM_COLOR: always
Test (windows-latest)	Setup Rust	2026-05-09T15:43:33.7465420Z   RUSTFLAGS: -Dwarnings
Test (windows-latest)	Setup Rust	2026-05-09T15:43:33.7465798Z   CARGO_REGISTRY_TOKEN: ***
Test (windows-latest)	Setup Rust	2026-05-09T15:43:33.7466040Z   DOCKERHUB_IMAGE: konard/link-assistant-router
Test (windows-latest)	Setup Rust	2026-05-09T15:43:33.7466291Z   toolchain: stable
Test (windows-latest)	Setup Rust	2026-05-09T15:43:33.7466465Z ##[endgroup]
Test (windows-latest)	Setup Rust	2026-05-09T15:43:33.9101434Z ##[group]Run : construct rustup command line
Test (windows-latest)	Setup Rust	2026-05-09T15:43:33.9101773Z ^[[36;1m: construct rustup command line^[[0m
Test (windows-latest)	Setup Rust	2026-05-09T15:43:33.9102205Z ^[[36;1mecho "targets=$(for t in ${targets//,/ }; do echo -n ' --target' $t; done)" >> $GITHUB_OUTPUT^[[0m
Test (windows-latest)	Setup Rust	2026-05-09T15:43:33.9103487Z ^[[36;1mecho "components=$(for c in ${components//,/ }; do echo -n ' --component' $c; done)" >> $GITHUB_OUTPUT^[[0m
Test (windows-latest)	Setup Rust	2026-05-09T15:43:33.9103950Z ^[[36;1mecho "downgrade=" >> $GITHUB_OUTPUT^[[0m
Test (windows-latest)	Setup Rust	2026-05-09T15:43:33.9114547Z shell: C:\Program Files\Git\bin\bash.EXE --noprofile --norc -e -o pipefail {0}
Test (windows-latest)	Setup Rust	2026-05-09T15:43:33.9114922Z env:
Test (windows-latest)	Setup Rust	2026-05-09T15:43:33.9115085Z   CARGO_TERM_COLOR: always
Test (windows-latest)	Setup Rust	2026-05-09T15:43:33.9115282Z   RUSTFLAGS: -Dwarnings
Test (windows-latest)	Setup Rust	2026-05-09T15:43:33.9115661Z   CARGO_REGISTRY_TOKEN: ***
Test (windows-latest)	Setup Rust	2026-05-09T15:43:33.9115895Z   DOCKERHUB_IMAGE: konard/link-assistant-router
Test (windows-latest)	Setup Rust	2026-05-09T15:43:33.9116146Z   targets:
Test (windows-latest)	Setup Rust	2026-05-09T15:43:33.9116303Z   components:
Test (windows-latest)	Setup Rust	2026-05-09T15:43:33.9116466Z ##[endgroup]
Test (windows-latest)	Setup Rust	2026-05-09T15:43:33.9841859Z ##[group]Run : set $CARGO_HOME
Test (windows-latest)	Setup Rust	2026-05-09T15:43:33.9842140Z ^[[36;1m: set $CARGO_HOME^[[0m
Test (windows-latest)	Setup Rust	2026-05-09T15:43:33.9842444Z ^[[36;1mecho CARGO_HOME=${CARGO_HOME:-"$USERPROFILE\.cargo"} >> $GITHUB_ENV^[[0m
Test (windows-latest)	Setup Rust	2026-05-09T15:43:33.9853018Z shell: C:\Program Files\Git\bin\bash.EXE --noprofile --norc -e -o pipefail {0}
Test (windows-latest)	Setup Rust	2026-05-09T15:43:33.9855338Z env:
Test (windows-latest)	Setup Rust	2026-05-09T15:43:33.9855506Z   CARGO_TERM_COLOR: always
Test (windows-latest)	Setup Rust	2026-05-09T15:43:33.9855711Z   RUSTFLAGS: -Dwarnings
Test (windows-latest)	Setup Rust	2026-05-09T15:43:33.9856090Z   CARGO_REGISTRY_TOKEN: ***
Test (windows-latest)	Setup Rust	2026-05-09T15:43:33.9856327Z   DOCKERHUB_IMAGE: konard/link-assistant-router
Test (windows-latest)	Setup Rust	2026-05-09T15:43:33.9856583Z ##[endgroup]
Test (windows-latest)	Setup Rust	2026-05-09T15:43:34.0361599Z ##[group]Run : install rustup if needed on windows
Test (windows-latest)	Setup Rust	2026-05-09T15:43:34.0361969Z ^[[36;1m: install rustup if needed on windows^[[0m
Test (windows-latest)	Setup Rust	2026-05-09T15:43:34.0362267Z ^[[36;1mif ! command -v rustup &>/dev/null; then^[[0m
Test (windows-latest)	Setup Rust	2026-05-09T15:43:34.0363021Z ^[[36;1m  curl --proto '=https' --tlsv1.2 --retry 10 --retry-connrefused --location --silent --show-error --fail https://win.rustup.rs/x86_64 --output 'D:\a\_temp\rustup-init.exe'^[[0m
Test (windows-latest)	Setup Rust	2026-05-09T15:43:34.0363846Z ^[[36;1m  'D:\a\_temp\rustup-init.exe' --default-toolchain none --no-modify-path -y^[[0m
Test (windows-latest)	Setup Rust	2026-05-09T15:43:34.0364257Z ^[[36;1m  echo "$CARGO_HOME\bin" >> $GITHUB_PATH^[[0m
Test (windows-latest)	Setup Rust	2026-05-09T15:43:34.0364495Z ^[[36;1mfi^[[0m
Test (windows-latest)	Setup Rust	2026-05-09T15:43:34.0375381Z shell: C:\Program Files\Git\bin\bash.EXE --noprofile --norc -e -o pipefail {0}
Test (windows-latest)	Setup Rust	2026-05-09T15:43:34.0375754Z env:
Test (windows-latest)	Setup Rust	2026-05-09T15:43:34.0375918Z   CARGO_TERM_COLOR: always
Test (windows-latest)	Setup Rust	2026-05-09T15:43:34.0376134Z   RUSTFLAGS: -Dwarnings
Test (windows-latest)	Setup Rust	2026-05-09T15:43:34.0376508Z   CARGO_REGISTRY_TOKEN: ***
Test (windows-latest)	Setup Rust	2026-05-09T15:43:34.0376743Z   DOCKERHUB_IMAGE: konard/link-assistant-router
Test (windows-latest)	Setup Rust	2026-05-09T15:43:34.0377018Z   CARGO_HOME: C:\Users\runneradmin\.cargo
Test (windows-latest)	Setup Rust	2026-05-09T15:43:34.0377247Z ##[endgroup]
Test (windows-latest)	Setup Rust	2026-05-09T15:43:34.0975874Z ##[group]Run rustup toolchain install stable --profile minimal --no-self-update
Test (windows-latest)	Setup Rust	2026-05-09T15:43:34.0976438Z ^[[36;1mrustup toolchain install stable --profile minimal --no-self-update^[[0m
Test (windows-latest)	Setup Rust	2026-05-09T15:43:34.0987162Z shell: C:\Program Files\Git\bin\bash.EXE --noprofile --norc -e -o pipefail {0}
Test (windows-latest)	Setup Rust	2026-05-09T15:43:34.0987529Z env:
Test (windows-latest)	Setup Rust	2026-05-09T15:43:34.0987693Z   CARGO_TERM_COLOR: always
Test (windows-latest)	Setup Rust	2026-05-09T15:43:34.0987912Z   RUSTFLAGS: -Dwarnings
Test (windows-latest)	Setup Rust	2026-05-09T15:43:34.0988290Z   CARGO_REGISTRY_TOKEN: ***
Test (windows-latest)	Setup Rust	2026-05-09T15:43:34.0988551Z   DOCKERHUB_IMAGE: konard/link-assistant-router
Test (windows-latest)	Setup Rust	2026-05-09T15:43:34.0988829Z   CARGO_HOME: C:\Users\runneradmin\.cargo
Test (windows-latest)	Setup Rust	2026-05-09T15:43:34.0989075Z   RUSTUP_PERMIT_COPY_RENAME: 1
Test (windows-latest)	Setup Rust	2026-05-09T15:43:34.0989282Z ##[endgroup]
Test (windows-latest)	Setup Rust	2026-05-09T15:43:37.0494802Z info: syncing channel updates for stable-x86_64-pc-windows-msvc
Test (windows-latest)	Setup Rust	2026-05-09T15:43:37.4567732Z
Test (windows-latest)	Setup Rust	2026-05-09T15:43:37.4782781Z   stable-x86_64-pc-windows-msvc unchanged - rustc 1.95.0 (59807616e 2026-04-14)
Test (windows-latest)	Setup Rust	2026-05-09T15:43:37.4783977Z
Test (windows-latest)	Setup Rust	2026-05-09T15:43:37.5042494Z ##[group]Run rustup default stable
Test (windows-latest)	Setup Rust	2026-05-09T15:43:37.5042771Z ^[[36;1mrustup default stable^[[0m
Test (windows-latest)	Setup Rust	2026-05-09T15:43:37.5053281Z shell: C:\Program Files\Git\bin\bash.EXE --noprofile --norc -e -o pipefail {0}
Test (windows-latest)	Setup Rust	2026-05-09T15:43:37.5053652Z env:
Test (windows-latest)	Setup Rust	2026-05-09T15:43:37.5053817Z   CARGO_TERM_COLOR: always
Test (windows-latest)	Setup Rust	2026-05-09T15:43:37.5054023Z   RUSTFLAGS: -Dwarnings
Test (windows-latest)	Setup Rust	2026-05-09T15:43:37.5054597Z   CARGO_REGISTRY_TOKEN: ***
Test (windows-latest)	Setup Rust	2026-05-09T15:43:37.5054832Z   DOCKERHUB_IMAGE: konard/link-assistant-router
Test (windows-latest)	Setup Rust	2026-05-09T15:43:37.5055120Z   CARGO_HOME: C:\Users\runneradmin\.cargo
Test (windows-latest)	Setup Rust	2026-05-09T15:43:37.5055351Z ##[endgroup]
Test (windows-latest)	Setup Rust	2026-05-09T15:43:37.5728799Z info: using existing install for stable-x86_64-pc-windows-msvc
Test (windows-latest)	Setup Rust	2026-05-09T15:43:37.5780948Z info: default toolchain set to stable-x86_64-pc-windows-msvc
Test (windows-latest)	Setup Rust	2026-05-09T15:43:37.5781265Z
Test (windows-latest)	Setup Rust	2026-05-09T15:43:37.5994005Z   stable-x86_64-pc-windows-msvc unchanged - rustc 1.95.0 (59807616e 2026-04-14)
Test (windows-latest)	Setup Rust	2026-05-09T15:43:37.5994562Z
Test (windows-latest)	Setup Rust	2026-05-09T15:43:37.6196765Z ##[group]Run : create cachekey
Test (windows-latest)	Setup Rust	2026-05-09T15:43:37.6197040Z ^[[36;1m: create cachekey^[[0m
Test (windows-latest)	Setup Rust	2026-05-09T15:43:37.6197511Z ^[[36;1mDATE=$(rustc +stable --version --verbose | sed -ne 's/^commit-date: \(20[0-9][0-9]\)-\([01][0-9]\)-\([0-3][0-9]\)$/\1\2\3/p')^[[0m
Test (windows-latest)	Setup Rust	2026-05-09T15:43:37.6198109Z ^[[36;1mHASH=$(rustc +stable --version --verbose | sed -ne 's/^commit-hash: //p')^[[0m
Test (windows-latest)	Setup Rust	2026-05-09T15:43:37.6198576Z ^[[36;1mecho "cachekey=$(echo $DATE$HASH | head -c12)" >> $GITHUB_OUTPUT^[[0m
Test (windows-latest)	Setup Rust	2026-05-09T15:43:37.6211252Z shell: C:\Program Files\Git\bin\bash.EXE --noprofile --norc -e -o pipefail {0}
Test (windows-latest)	Setup Rust	2026-05-09T15:43:37.6211641Z env:
Test (windows-latest)	Setup Rust	2026-05-09T15:43:37.6211799Z   CARGO_TERM_COLOR: always
Test (windows-latest)	Setup Rust	2026-05-09T15:43:37.6211997Z   RUSTFLAGS: -Dwarnings
Test (windows-latest)	Setup Rust	2026-05-09T15:43:37.6212404Z   CARGO_REGISTRY_TOKEN: ***
Test (windows-latest)	Setup Rust	2026-05-09T15:43:37.6212639Z   DOCKERHUB_IMAGE: konard/link-assistant-router
Test (windows-latest)	Setup Rust	2026-05-09T15:43:37.6212916Z   CARGO_HOME: C:\Users\runneradmin\.cargo
Test (windows-latest)	Setup Rust	2026-05-09T15:43:37.6213144Z ##[endgroup]
Test (windows-latest)	Setup Rust	2026-05-09T15:43:38.4028312Z ##[group]Run : disable incremental compilation
Test (windows-latest)	Setup Rust	2026-05-09T15:43:38.4028662Z ^[[36;1m: disable incremental compilation^[[0m
Test (windows-latest)	Setup Rust	2026-05-09T15:43:38.4028951Z ^[[36;1mif [ -z "${CARGO_INCREMENTAL+set}" ]; then^[[0m
Test (windows-latest)	Setup Rust	2026-05-09T15:43:38.4029254Z ^[[36;1m  echo CARGO_INCREMENTAL=0 >> $GITHUB_ENV^[[0m
Test (windows-latest)	Setup Rust	2026-05-09T15:43:38.4029518Z ^[[36;1mfi^[[0m
Test (windows-latest)	Setup Rust	2026-05-09T15:43:38.4039852Z shell: C:\Program Files\Git\bin\bash.EXE --noprofile --norc -e -o pipefail {0}
Test (windows-latest)	Setup Rust	2026-05-09T15:43:38.4040247Z env:
Test (windows-latest)	Setup Rust	2026-05-09T15:43:38.4040426Z   CARGO_TERM_COLOR: always
Test (windows-latest)	Setup Rust	2026-05-09T15:43:38.4040630Z   RUSTFLAGS: -Dwarnings
Test (windows-latest)	Setup Rust	2026-05-09T15:43:38.4041022Z   CARGO_REGISTRY_TOKEN: ***
Test (windows-latest)	Setup Rust	2026-05-09T15:43:38.4041254Z   DOCKERHUB_IMAGE: konard/link-assistant-router
Test (windows-latest)	Setup Rust	2026-05-09T15:43:38.4041537Z   CARGO_HOME: C:\Users\runneradmin\.cargo
Test (windows-latest)	Setup Rust	2026-05-09T15:43:38.4041774Z ##[endgroup]
Test (windows-latest)	Setup Rust	2026-05-09T15:43:38.4543722Z ##[group]Run : enable colors in Cargo output
Test (windows-latest)	Setup Rust	2026-05-09T15:43:38.4544054Z ^[[36;1m: enable colors in Cargo output^[[0m
Test (windows-latest)	Setup Rust	2026-05-09T15:43:38.4544343Z ^[[36;1mif [ -z "${CARGO_TERM_COLOR+set}" ]; then^[[0m
Test (windows-latest)	Setup Rust	2026-05-09T15:43:38.4544654Z ^[[36;1m  echo CARGO_TERM_COLOR=always >> $GITHUB_ENV^[[0m
Test (windows-latest)	Setup Rust	2026-05-09T15:43:38.4544909Z ^[[36;1mfi^[[0m
Test (windows-latest)	Setup Rust	2026-05-09T15:43:38.4555248Z shell: C:\Program Files\Git\bin\bash.EXE --noprofile --norc -e -o pipefail {0}
Test (windows-latest)	Setup Rust	2026-05-09T15:43:38.4555636Z env:
Test (windows-latest)	Setup Rust	2026-05-09T15:43:38.4555801Z   CARGO_TERM_COLOR: always
Test (windows-latest)	Setup Rust	2026-05-09T15:43:38.4556026Z   RUSTFLAGS: -Dwarnings
Test (windows-latest)	Setup Rust	2026-05-09T15:43:38.4556416Z   CARGO_REGISTRY_TOKEN: ***
Test (windows-latest)	Setup Rust	2026-05-09T15:43:38.4556671Z   DOCKERHUB_IMAGE: konard/link-assistant-router
Test (windows-latest)	Setup Rust	2026-05-09T15:43:38.4556939Z   CARGO_HOME: C:\Users\runneradmin\.cargo
Test (windows-latest)	Setup Rust	2026-05-09T15:43:38.4557178Z   CARGO_INCREMENTAL: 0
Test (windows-latest)	Setup Rust	2026-05-09T15:43:38.4557351Z ##[endgroup]
Test (windows-latest)	Setup Rust	2026-05-09T15:43:38.5061966Z ##[group]Run : enable Cargo sparse registry
Test (windows-latest)	Setup Rust	2026-05-09T15:43:38.5062302Z ^[[36;1m: enable Cargo sparse registry^[[0m
Test (windows-latest)	Setup Rust	2026-05-09T15:43:38.5062633Z ^[[36;1m# implemented in 1.66, stabilized in 1.68, made default in 1.70^[[0m
Test (windows-latest)	Setup Rust	2026-05-09T15:43:38.5063244Z ^[[36;1mif [ -z "${CARGO_REGISTRIES_CRATES_IO_PROTOCOL+set}" -o -f "D:\a\_temp"/.implicit_cargo_registries_crates_io_protocol ]; then^[[0m
Test (windows-latest)	Setup Rust	2026-05-09T15:43:38.5063861Z ^[[36;1m  if rustc +stable --version --verbose | grep -q '^release: 1\.6[89]\.'; then^[[0m
Test (windows-latest)	Setup Rust	2026-05-09T15:43:38.5064327Z ^[[36;1m    touch "D:\a\_temp"/.implicit_cargo_registries_crates_io_protocol || true^[[0m
Test (windows-latest)	Setup Rust	2026-05-09T15:43:38.5065583Z ^[[36;1m    echo CARGO_REGISTRIES_CRATES_IO_PROTOCOL=sparse >> $GITHUB_ENV^[[0m
Test (windows-latest)	Setup Rust	2026-05-09T15:43:38.5066037Z ^[[36;1m  elif rustc +stable --version --verbose | grep -q '^release: 1\.6[67]\.'; then^[[0m
Test (windows-latest)	Setup Rust	2026-05-09T15:43:38.5066518Z ^[[36;1m    touch "D:\a\_temp"/.implicit_cargo_registries_crates_io_protocol || true^[[0m
Test (windows-latest)	Setup Rust	2026-05-09T15:43:38.5066935Z ^[[36;1m    echo CARGO_REGISTRIES_CRATES_IO_PROTOCOL=git >> $GITHUB_ENV^[[0m
Test (windows-latest)	Setup Rust	2026-05-09T15:43:38.5067238Z ^[[36;1m  fi^[[0m
Test (windows-latest)	Setup Rust	2026-05-09T15:43:38.5067774Z ^[[36;1mfi^[[0m
Test (windows-latest)	Setup Rust	2026-05-09T15:43:38.5079592Z shell: C:\Program Files\Git\bin\bash.EXE --noprofile --norc -e -o pipefail {0}
Test (windows-latest)	Setup Rust	2026-05-09T15:43:38.5080168Z env:
Test (windows-latest)	Setup Rust	2026-05-09T15:43:38.5080408Z   CARGO_TERM_COLOR: always
Test (windows-latest)	Setup Rust	2026-05-09T15:43:38.5080651Z   RUSTFLAGS: -Dwarnings
Test (windows-latest)	Setup Rust	2026-05-09T15:43:38.5081066Z   CARGO_REGISTRY_TOKEN: ***
Test (windows-latest)	Setup Rust	2026-05-09T15:43:38.5081293Z   DOCKERHUB_IMAGE: konard/link-assistant-router
Test (windows-latest)	Setup Rust	2026-05-09T15:43:38.5081568Z   CARGO_HOME: C:\Users\runneradmin\.cargo
Test (windows-latest)	Setup Rust	2026-05-09T15:43:38.5081799Z   CARGO_INCREMENTAL: 0
Test (windows-latest)	Setup Rust	2026-05-09T15:43:38.5081986Z ##[endgroup]
Test (windows-latest)	Setup Rust	2026-05-09T15:43:38.6802556Z ##[group]Run : work around spurious network errors in curl 8.0
Test (windows-latest)	Setup Rust	2026-05-09T15:43:38.6803151Z ^[[36;1m: work around spurious network errors in curl 8.0^[[0m
Test (windows-latest)	Setup Rust	2026-05-09T15:43:38.6803669Z ^[[36;1m# https://rust-lang.zulipchat.com/#narrow/stream/246057-t-cargo/topic/timeout.20investigation^[[0m
Test (windows-latest)	Setup Rust	2026-05-09T15:43:38.6804238Z ^[[36;1mif rustc +stable --version --verbose | grep -q '^release: 1\.7[01]\.'; then^[[0m
Test (windows-latest)	Setup Rust	2026-05-09T15:43:38.6804651Z ^[[36;1m  echo CARGO_HTTP_MULTIPLEXING=false >> $GITHUB_ENV^[[0m
Test (windows-latest)	Setup Rust	2026-05-09T15:43:38.6804923Z ^[[36;1mfi^[[0m
Test (windows-latest)	Setup Rust	2026-05-09T15:43:38.6816105Z shell: C:\Program Files\Git\bin\bash.EXE --noprofile --norc -e -o pipefail {0}
Test (windows-latest)	Setup Rust	2026-05-09T15:43:38.6816479Z env:
Test (windows-latest)	Setup Rust	2026-05-09T15:43:38.6816676Z   CARGO_TERM_COLOR: always
Test (windows-latest)	Setup Rust	2026-05-09T15:43:38.6816888Z   RUSTFLAGS: -Dwarnings
Test (windows-latest)	Setup Rust	2026-05-09T15:43:38.6817425Z   CARGO_REGISTRY_TOKEN: ***
Test (windows-latest)	Setup Rust	2026-05-09T15:43:38.6817661Z   DOCKERHUB_IMAGE: konard/link-assistant-router
Test (windows-latest)	Setup Rust	2026-05-09T15:43:38.6817957Z   CARGO_HOME: C:\Users\runneradmin\.cargo
Test (windows-latest)	Setup Rust	2026-05-09T15:43:38.6818190Z   CARGO_INCREMENTAL: 0
Test (windows-latest)	Setup Rust	2026-05-09T15:43:38.6818382Z ##[endgroup]
Test (windows-latest)	Setup Rust	2026-05-09T15:43:38.7906686Z ##[group]Run rustc +stable --version --verbose
Test (windows-latest)	Setup Rust	2026-05-09T15:43:38.7907019Z ^[[36;1mrustc +stable --version --verbose^[[0m
Test (windows-latest)	Setup Rust	2026-05-09T15:43:38.7917443Z shell: C:\Program Files\Git\bin\bash.EXE --noprofile --norc -e -o pipefail {0}
Test (windows-latest)	Setup Rust	2026-05-09T15:43:38.7917814Z env:
Test (windows-latest)	Setup Rust	2026-05-09T15:43:38.7918021Z   CARGO_TERM_COLOR: always
Test (windows-latest)	Setup Rust	2026-05-09T15:43:38.7918234Z   RUSTFLAGS: -Dwarnings
Test (windows-latest)	Setup Rust	2026-05-09T15:43:38.7918618Z   CARGO_REGISTRY_TOKEN: ***
Test (windows-latest)	Setup Rust	2026-05-09T15:43:38.7918858Z   DOCKERHUB_IMAGE: konard/link-assistant-router
Test (windows-latest)	Setup Rust	2026-05-09T15:43:38.7919135Z   CARGO_HOME: C:\Users\runneradmin\.cargo
Test (windows-latest)	Setup Rust	2026-05-09T15:43:38.7919370Z   CARGO_INCREMENTAL: 0
Test (windows-latest)	Setup Rust	2026-05-09T15:43:38.7919552Z ##[endgroup]
Test (windows-latest)	Setup Rust	2026-05-09T15:43:38.8727243Z rustc 1.95.0 (59807616e 2026-04-14)
Test (windows-latest)	Setup Rust	2026-05-09T15:43:38.8727748Z binary: rustc
Test (windows-latest)	Setup Rust	2026-05-09T15:43:38.8728089Z commit-hash: 59807616e1fa2540724bfbac14d7976d7e4a3860
Test (windows-latest)	Setup Rust	2026-05-09T15:43:38.8728542Z commit-date: 2026-04-14
Test (windows-latest)	Setup Rust	2026-05-09T15:43:38.8728858Z host: x86_64-pc-windows-msvc
Test (windows-latest)	Setup Rust	2026-05-09T15:43:38.8729156Z release: 1.95.0
Test (windows-latest)	Setup Rust	2026-05-09T15:43:38.8729666Z LLVM version: 22.1.2
Test (windows-latest)	Cache cargo registry	﻿2026-05-09T15:43:39.0399183Z ##[group]Run actions/cache@v4
Test (windows-latest)	Cache cargo registry	2026-05-09T15:43:39.0399521Z with:
Test (windows-latest)	Cache cargo registry	2026-05-09T15:43:39.0399755Z   path: ~/.cargo/registry
Test (windows-latest)	Cache cargo registry	~/.cargo/git
Test (windows-latest)	Cache cargo registry	target
Test (windows-latest)	Cache cargo registry
Test (windows-latest)	Cache cargo registry	2026-05-09T15:43:39.0400192Z   key: Windows-cargo-aa8db31321df8cca284683837fcf45f562c4202da0a5e8bbc7a82588d0ec3230
Test (windows-latest)	Cache cargo registry	2026-05-09T15:43:39.0400617Z   restore-keys: Windows-cargo-
Test (windows-latest)	Cache cargo registry
Test (windows-latest)	Cache cargo registry	2026-05-09T15:43:39.0400844Z   enableCrossOsArchive: false
Test (windows-latest)	Cache cargo registry	2026-05-09T15:43:39.0401062Z   fail-on-cache-miss: false
Test (windows-latest)	Cache cargo registry	2026-05-09T15:43:39.0401262Z   lookup-only: false
Test (windows-latest)	Cache cargo registry	2026-05-09T15:43:39.0401536Z   save-always: false
Test (windows-latest)	Cache cargo registry	2026-05-09T15:43:39.0401971Z env:
Test (windows-latest)	Cache cargo registry	2026-05-09T15:43:39.0402137Z   CARGO_TERM_COLOR: always
Test (windows-latest)	Cache cargo registry	2026-05-09T15:43:39.0402347Z   RUSTFLAGS: -Dwarnings
Test (windows-latest)	Cache cargo registry	2026-05-09T15:43:39.0402753Z   CARGO_REGISTRY_TOKEN: ***
Test (windows-latest)	Cache cargo registry	2026-05-09T15:43:39.0403228Z   DOCKERHUB_IMAGE: konard/link-assistant-router
Test (windows-latest)	Cache cargo registry	2026-05-09T15:43:39.0403499Z   CARGO_HOME: C:\Users\runneradmin\.cargo
Test (windows-latest)	Cache cargo registry	2026-05-09T15:43:39.0403732Z   CARGO_INCREMENTAL: 0
Test (windows-latest)	Cache cargo registry	2026-05-09T15:43:39.0403909Z ##[endgroup]
Test (windows-latest)	Cache cargo registry	2026-05-09T15:43:39.5220496Z Cache hit for: Windows-cargo-aa8db31321df8cca284683837fcf45f562c4202da0a5e8bbc7a82588d0ec3230
Test (windows-latest)	Cache cargo registry	2026-05-09T15:43:40.7984237Z Received 134217728 of 448712834 (29.9%), 113.4 MBs/sec
Test (windows-latest)	Cache cargo registry	2026-05-09T15:43:41.8230482Z Received 301989888 of 448712834 (67.3%), 133.7 MBs/sec
Test (windows-latest)	Cache cargo registry	2026-05-09T15:43:42.6574287Z Received 448712834 of 448712834 (100.0%), 143.2 MBs/sec
Test (windows-latest)	Cache cargo registry	2026-05-09T15:43:42.6579749Z Cache Size: ~428 MB (448712834 B)
Test (windows-latest)	Cache cargo registry	2026-05-09T15:43:42.6708172Z [command]"C:\Program Files\Git\usr\bin\tar.exe" -xf D:/a/_temp/17b6eedf-d39d-47a6-8b63-7f97d9bf3266/cache.tzst -P -C D:/a/router/router --force-local --use-compress-program "zstd -d"
Test (windows-latest)	Cache cargo registry	2026-05-09T15:43:57.7473086Z Cache restored successfully
Test (windows-latest)	Cache cargo registry	2026-05-09T15:43:57.7859038Z Cache restored from key: Windows-cargo-aa8db31321df8cca284683837fcf45f562c4202da0a5e8bbc7a82588d0ec3230
Test (windows-latest)	Run tests	﻿2026-05-09T15:43:57.8165139Z ##[group]Run cargo test --all-features --verbose
Test (windows-latest)	Run tests	2026-05-09T15:43:57.8165631Z ^[[36;1mcargo test --all-features --verbose^[[0m
Test (windows-latest)	Run tests	2026-05-09T15:43:57.8778091Z shell: C:\Program Files\PowerShell\7\pwsh.EXE -command ". '{0}'"
Test (windows-latest)	Run tests	2026-05-09T15:43:57.8778446Z env:
Test (windows-latest)	Run tests	2026-05-09T15:43:57.8778632Z   CARGO_TERM_COLOR: always
Test (windows-latest)	Run tests	2026-05-09T15:43:57.8778837Z   RUSTFLAGS: -Dwarnings
Test (windows-latest)	Run tests	2026-05-09T15:43:57.8779312Z   CARGO_REGISTRY_TOKEN: ***
Test (windows-latest)	Run tests	2026-05-09T15:43:57.8779582Z   DOCKERHUB_IMAGE: konard/link-assistant-router
Test (windows-latest)	Run tests	2026-05-09T15:43:57.8779874Z   CARGO_HOME: C:\Users\runneradmin\.cargo
Test (windows-latest)	Run tests	2026-05-09T15:43:57.8780113Z   CARGO_INCREMENTAL: 0
Test (windows-latest)	Run tests	2026-05-09T15:43:57.8780310Z ##[endgroup]
Test (windows-latest)	Run tests	2026-05-09T15:44:04.4587261Z ^[[1m^[[92m       Fresh^[[0m unicode-ident v1.0.22
Test (windows-latest)	Run tests	2026-05-09T15:44:04.4588931Z ^[[1m^[[92m       Fresh^[[0m windows-link v0.2.1
Test (windows-latest)	Run tests	2026-05-09T15:44:04.4590014Z ^[[1m^[[92m       Fresh^[[0m proc-macro2 v1.0.103
Test (windows-latest)	Run tests	2026-05-09T15:44:04.4591061Z ^[[1m^[[92m       Fresh^[[0m windows-sys v0.61.2
Test (windows-latest)	Run tests	2026-05-09T15:44:04.4592408Z ^[[1m^[[92m       Fresh^[[0m pin-project-lite v0.2.16
Test (windows-latest)	Run tests	2026-05-09T15:44:04.4593649Z ^[[1m^[[92m       Fresh^[[0m quote v1.0.42
Test (windows-latest)	Run tests	2026-05-09T15:44:04.4594602Z ^[[1m^[[92m       Fresh^[[0m itoa v1.0.17
Test (windows-latest)	Run tests	2026-05-09T15:44:04.4595591Z ^[[1m^[[92m       Fresh^[[0m bytes v1.11.0
Test (windows-latest)	Run tests	2026-05-09T15:44:04.4596732Z ^[[1m^[[92m       Fresh^[[0m futures-core v0.3.32
Test (windows-latest)	Run tests	2026-05-09T15:44:04.4598041Z ^[[1m^[[92m       Fresh^[[0m syn v2.0.111
Test (windows-latest)	Run tests	2026-05-09T15:44:04.4599754Z ^[[1m^[[92m       Fresh^[[0m once_cell v1.21.4
Test (windows-latest)	Run tests	2026-05-09T15:44:04.4601000Z ^[[1m^[[92m       Fresh^[[0m stable_deref_trait v1.2.1
Test (windows-latest)	Run tests	2026-05-09T15:44:04.4601968Z ^[[1m^[[92m       Fresh^[[0m mio v1.1.1
Test (windows-latest)	Run tests	2026-05-09T15:44:04.4603390Z ^[[1m^[[92m       Fresh^[[0m synstructure v0.13.2
Test (windows-latest)	Run tests	2026-05-09T15:44:04.4604461Z ^[[1m^[[92m       Fresh^[[0m tracing-core v0.1.36
Test (windows-latest)	Run tests	2026-05-09T15:44:04.4605580Z ^[[1m^[[92m       Fresh^[[0m tokio-macros v2.6.0
Test (windows-latest)	Run tests	2026-05-09T15:44:04.4607061Z ^[[1m^[[92m       Fresh^[[0m socket2 v0.6.3
Test (windows-latest)	Run tests	2026-05-09T15:44:04.4608205Z ^[[1m^[[92m       Fresh^[[0m zerofrom-derive v0.1.6
Test (windows-latest)	Run tests	2026-05-09T15:44:04.4609676Z ^[[1m^[[92m       Fresh^[[0m yoke-derive v0.8.1
Test (windows-latest)	Run tests	2026-05-09T15:44:04.4613233Z ^[[1m^[[92m       Fresh^[[0m tokio v1.48.0
Test (windows-latest)	Run tests	2026-05-09T15:44:04.4615299Z ^[[1m^[[92m       Fresh^[[0m zerofrom v0.1.6
Test (windows-latest)	Run tests	2026-05-09T15:44:04.4616514Z ^[[1m^[[92m       Fresh^[[0m zerovec-derive v0.11.2
Test (windows-latest)	Run tests	2026-05-09T15:44:04.4617606Z ^[[1m^[[92m       Fresh^[[0m log v0.4.29
Test (windows-latest)	Run tests	2026-05-09T15:44:04.4618732Z ^[[1m^[[92m       Fresh^[[0m yoke v0.8.1
Test (windows-latest)	Run tests	2026-05-09T15:44:04.4619721Z ^[[1m^[[92m       Fresh^[[0m serde_core v1.0.228
Test (windows-latest)	Run tests	2026-05-09T15:44:04.4620651Z ^[[1m^[[92m       Fresh^[[0m displaydoc v0.2.5
Test (windows-latest)	Run tests	2026-05-09T15:44:04.4621975Z ^[[1m^[[92m       Fresh^[[0m tracing-attributes v0.1.31
Test (windows-latest)	Run tests	2026-05-09T15:44:04.4623472Z ^[[1m^[[92m       Fresh^[[0m zerovec v0.11.5
Test (windows-latest)	Run tests	2026-05-09T15:44:04.4624864Z ^[[1m^[[92m       Fresh^[[0m cfg-if v1.0.4
Test (windows-latest)	Run tests	2026-05-09T15:44:04.4625971Z ^[[1m^[[92m       Fresh^[[0m tracing v0.1.44
Test (windows-latest)	Run tests	2026-05-09T15:44:04.4627231Z ^[[1m^[[92m       Fresh^[[0m http v1.4.0
Test (windows-latest)	Run tests	2026-05-09T15:44:04.4628563Z ^[[1m^[[92m       Fresh^[[0m smallvec v1.15.1
Test (windows-latest)	Run tests	2026-05-09T15:44:04.4631551Z ^[[1m^[[92m       Fresh^[[0m serde_derive v1.0.228
Test (windows-latest)	Run tests	2026-05-09T15:44:04.4632948Z ^[[1m^[[92m       Fresh^[[0m slab v0.4.12
Test (windows-latest)	Run tests	2026-05-09T15:44:04.4634721Z ^[[1m^[[92m       Fresh^[[0m http-body v1.0.1
Test (windows-latest)	Run tests	2026-05-09T15:44:04.4635558Z ^[[1m^[[92m       Fresh^[[0m tinystr v0.8.2
Test (windows-latest)	Run tests	2026-05-09T15:44:04.4637051Z ^[[1m^[[92m       Fresh^[[0m writeable v0.6.2
Test (windows-latest)	Run tests	2026-05-09T15:44:04.4638137Z ^[[1m^[[92m       Fresh^[[0m serde v1.0.228
Test (windows-latest)	Run tests	2026-05-09T15:44:04.4639363Z ^[[1m^[[92m       Fresh^[[0m autocfg v1.5.0
Test (windows-latest)	Run tests	2026-05-09T15:44:04.4640516Z ^[[1m^[[92m       Fresh^[[0m litemap v0.8.1
Test (windows-latest)	Run tests	2026-05-09T15:44:04.4641738Z ^[[1m^[[92m       Fresh^[[0m potential_utf v0.1.4
Test (windows-latest)	Run tests	2026-05-09T15:44:04.4642825Z ^[[1m^[[92m       Fresh^[[0m icu_locale_core v2.1.1
Test (windows-latest)	Run tests	2026-05-09T15:44:04.4645411Z ^[[1m^[[92m       Fresh^[[0m zerotrie v0.2.3
Test (windows-latest)	Run tests	2026-05-09T15:44:04.4646413Z ^[[1m^[[92m       Fresh^[[0m futures-macro v0.3.32
Test (windows-latest)	Run tests	2026-05-09T15:44:04.4647876Z ^[[1m^[[92m       Fresh^[[0m equivalent v1.0.2
Test (windows-latest)	Run tests	2026-05-09T15:44:04.4648858Z ^[[1m^[[92m       Fresh^[[0m version_check v0.9.5
Test (windows-latest)	Run tests	2026-05-09T15:44:04.4652165Z ^[[1m^[[92m       Fresh^[[0m tower-service v0.3.3
Test (windows-latest)	Run tests	2026-05-09T15:44:04.4652508Z ^[[1m^[[92m       Fresh^[[0m hashbrown v0.16.1
Test (windows-latest)	Run tests	2026-05-09T15:44:04.4655784Z ^[[1m^[[92m       Fresh^[[0m percent-encoding v2.3.2
Test (windows-latest)	Run tests	2026-05-09T15:44:04.4656299Z ^[[1m^[[92m       Fresh^[[0m futures-task v0.3.32
Test (windows-latest)	Run tests	2026-05-09T15:44:04.4659179Z ^[[1m^[[92m       Fresh^[[0m futures-sink v0.3.32
Test (windows-latest)	Run tests	2026-05-09T15:44:04.4662214Z ^[[1m^[[92m       Fresh^[[0m tokio-util v0.7.18
Test (windows-latest)	Run tests	2026-05-09T15:44:04.4663874Z ^[[1m^[[92m       Fresh^[[0m futures-util v0.3.32
Test (windows-latest)	Run tests	2026-05-09T15:44:04.4667072Z ^[[1m^[[92m       Fresh^[[0m indexmap v2.13.0
Test (windows-latest)	Run tests	2026-05-09T15:44:04.4668275Z ^[[1m^[[92m       Fresh^[[0m icu_provider v2.1.1
Test (windows-latest)	Run tests	2026-05-09T15:44:04.4669289Z ^[[1m^[[92m       Fresh^[[0m icu_collections v2.1.1
Test (windows-latest)	Run tests	2026-05-09T15:44:04.4671524Z ^[[1m^[[92m       Fresh^[[0m base64 v0.22.1
Test (windows-latest)	Run tests	2026-05-09T15:44:04.4672491Z ^[[1m^[[92m       Fresh^[[0m fnv v1.0.7
Test (windows-latest)	Run tests	2026-05-09T15:44:04.4673483Z ^[[1m^[[92m       Fresh^[[0m try-lock v0.2.5
Test (windows-latest)	Run tests	2026-05-09T15:44:04.4674326Z ^[[1m^[[92m       Fresh^[[0m atomic-waker v1.1.2
Test (windows-latest)	Run tests	2026-05-09T15:44:04.4676866Z ^[[1m^[[92m       Fresh^[[0m h2 v0.4.13
Test (windows-latest)	Run tests	2026-05-09T15:44:04.4677867Z ^[[1m^[[92m       Fresh^[[0m want v0.3.1
Test (windows-latest)	Run tests	2026-05-09T15:44:04.4679181Z ^[[1m^[[92m       Fresh^[[0m num-traits v0.2.19
Test (windows-latest)	Run tests	2026-05-09T15:44:04.4679793Z ^[[1m^[[92m       Fresh^[[0m zmij v1.0.21
Test (windows-latest)	Run tests	2026-05-09T15:44:04.4681174Z ^[[1m^[[92m       Fresh^[[0m httparse v1.10.1
Test (windows-latest)	Run tests	2026-05-09T15:44:04.4682429Z ^[[1m^[[92m       Fresh^[[0m icu_properties_data v2.1.2
Test (windows-latest)	Run tests	2026-05-09T15:44:04.4683117Z ^[[1m^[[92m       Fresh^[[0m icu_normalizer_data v2.1.1
Test (windows-latest)	Run tests	2026-05-09T15:44:04.4684206Z ^[[1m^[[92m       Fresh^[[0m sync_wrapper v1.0.2
Test (windows-latest)	Run tests	2026-05-09T15:44:04.4685320Z ^[[1m^[[92m       Fresh^[[0m futures-channel v0.3.32
Test (windows-latest)	Run tests	2026-05-09T15:44:04.4686445Z ^[[1m^[[92m       Fresh^[[0m windows-strings v0.5.1
Test (windows-latest)	Run tests	2026-05-09T15:44:04.4687413Z ^[[1m^[[92m       Fresh^[[0m windows-result v0.4.1
Test (windows-latest)	Run tests	2026-05-09T15:44:04.4688019Z ^[[1m^[[92m       Fresh^[[0m memchr v2.8.0
Test (windows-latest)	Run tests	2026-05-09T15:44:04.4689183Z ^[[1m^[[92m       Fresh^[[0m find-msvc-tools v0.1.9
Test (windows-latest)	Run tests	2026-05-09T15:44:04.4690151Z ^[[1m^[[92m       Fresh^[[0m anstyle v1.0.14
Test (windows-latest)	Run tests	2026-05-09T15:44:04.4692316Z ^[[1m^[[92m       Fresh^[[0m tower-layer v0.3.3
Test (windows-latest)	Run tests	2026-05-09T15:44:04.4692978Z ^[[1m^[[92m       Fresh^[[0m once_cell_polyfill v1.70.2
Test (windows-latest)	Run tests	2026-05-09T15:44:04.4694211Z ^[[1m^[[92m       Fresh^[[0m utf8parse v0.2.2
Test (windows-latest)	Run tests	2026-05-09T15:44:04.4694909Z ^[[1m^[[92m       Fresh^[[0m typenum v1.20.0
Test (windows-latest)	Run tests	2026-05-09T15:44:04.4696013Z ^[[1m^[[92m       Fresh^[[0m pin-utils v0.1.0
Test (windows-latest)	Run tests	2026-05-09T15:44:04.4696446Z ^[[1m^[[92m       Fresh^[[0m shlex v1.3.0
Test (windows-latest)	Run tests	2026-05-09T15:44:04.4697679Z ^[[1m^[[92m       Fresh^[[0m httpdate v1.0.3
Test (windows-latest)	Run tests	2026-05-09T15:44:04.4698814Z ^[[1m^[[92m       Fresh^[[0m cc v1.2.57
Test (windows-latest)	Run tests	2026-05-09T15:44:04.4699859Z ^[[1m^[[92m       Fresh^[[0m generic-array v0.14.7
Test (windows-latest)	Run tests	2026-05-09T15:44:04.4700396Z ^[[1m^[[92m       Fresh^[[0m anstyle-parse v0.2.7
Test (windows-latest)	Run tests	2026-05-09T15:44:04.4701476Z ^[[1m^[[92m       Fresh^[[0m hyper v1.8.1
Test (windows-latest)	Run tests	2026-05-09T15:44:04.4702761Z ^[[1m^[[92m       Fresh^[[0m anstyle-wincon v3.0.11
Test (windows-latest)	Run tests	2026-05-09T15:44:04.4703374Z ^[[1m^[[92m       Fresh^[[0m serde_json v1.0.149
Test (windows-latest)	Run tests	2026-05-09T15:44:04.4704465Z ^[[1m^[[92m       Fresh^[[0m windows-registry v0.6.1
Test (windows-latest)	Run tests	2026-05-09T15:44:04.4704902Z ^[[1m^[[92m       Fresh^[[0m icu_properties v2.1.2
Test (windows-latest)	Run tests	2026-05-09T15:44:04.4705840Z ^[[1m^[[92m       Fresh^[[0m icu_normalizer v2.1.1
Test (windows-latest)	Run tests	2026-05-09T15:44:04.4706549Z ^[[1m^[[92m       Fresh^[[0m libc v0.2.183
Test (windows-latest)	Run tests	2026-05-09T15:44:04.4707570Z ^[[1m^[[92m       Fresh^[[0m form_urlencoded v1.2.2
Test (windows-latest)	Run tests	2026-05-09T15:44:04.4708049Z ^[[1m^[[92m       Fresh^[[0m http-body-util v0.1.3
Test (windows-latest)	Run tests	2026-05-09T15:44:04.4708974Z ^[[1m^[[92m       Fresh^[[0m schannel v0.1.29
Test (windows-latest)	Run tests	2026-05-09T15:44:04.4709440Z ^[[1m^[[92m       Fresh^[[0m anstyle-query v1.1.5
Test (windows-latest)	Run tests	2026-05-09T15:44:04.4710611Z ^[[1m^[[92m       Fresh^[[0m time-core v0.1.8
Test (windows-latest)	Run tests	2026-05-09T15:44:04.4711560Z ^[[1m^[[92m       Fresh^[[0m ipnet v2.12.0
Test (windows-latest)	Run tests	2026-05-09T15:44:04.4712531Z ^[[1m^[[92m       Fresh^[[0m is_terminal_polyfill v1.70.2
Test (windows-latest)	Run tests	2026-05-09T15:44:04.4716799Z ^[[1m^[[92m       Fresh^[[0m colorchoice v1.0.5
Test (windows-latest)	Run tests	2026-05-09T15:44:04.4717227Z ^[[1m^[[92m       Fresh^[[0m powerfmt v0.2.0
Test (windows-latest)	Run tests	2026-05-09T15:44:04.4718251Z ^[[1m^[[92m       Fresh^[[0m num-conv v0.2.0
Test (windows-latest)	Run tests	2026-05-09T15:44:04.4719938Z ^[[1m^[[92m       Fresh^[[0m anstream v0.6.21
Test (windows-latest)	Run tests	2026-05-09T15:44:04.4720688Z ^[[1m^[[92m       Fresh^[[0m time-macros v0.2.27
Test (windows-latest)	Run tests	2026-05-09T15:44:04.4721541Z ^[[1m^[[92m       Fresh^[[0m deranged v0.5.8
Test (windows-latest)	Run tests	2026-05-09T15:44:04.4722741Z ^[[1m^[[92m       Fresh^[[0m hyper-util v0.1.20
Test (windows-latest)	Run tests	2026-05-09T15:44:04.4723484Z ^[[1m^[[92m       Fresh^[[0m native-tls v0.2.18
Test (windows-latest)	Run tests	2026-05-09T15:44:04.4724332Z ^[[1m^[[92m       Fresh^[[0m idna_adapter v1.2.1
Test (windows-latest)	Run tests	2026-05-09T15:44:04.4726698Z ^[[1m^[[92m       Fresh^[[0m tower v0.5.3
Test (windows-latest)	Run tests	2026-05-09T15:44:04.4727564Z ^[[1m^[[92m       Fresh^[[0m num-integer v0.1.46
Test (windows-latest)	Run tests	2026-05-09T15:44:04.4728079Z ^[[1m^[[92m       Fresh^[[0m thiserror-impl v2.0.18
Test (windows-latest)	Run tests	2026-05-09T15:44:04.4729324Z ^[[1m^[[92m       Fresh^[[0m clap_lex v1.1.0
Test (windows-latest)	Run tests	2026-05-09T15:44:04.4730049Z ^[[1m^[[92m       Fresh^[[0m ryu v1.0.23
Test (windows-latest)	Run tests	2026-05-09T15:44:04.4732252Z ^[[1m^[[92m       Fresh^[[0m regex-syntax v0.8.10
Test (windows-latest)	Run tests	2026-05-09T15:44:04.4733025Z ^[[1m^[[92m       Fresh^[[0m heck v0.5.0
Test (windows-latest)	Run tests	2026-05-09T15:44:04.4733774Z ^[[1m^[[92m       Fresh^[[0m utf8_iter v1.0.4
Test (windows-latest)	Run tests	2026-05-09T15:44:04.4734667Z ^[[1m^[[92m       Fresh^[[0m dtor-proc-macro v0.0.5
Test (windows-latest)	Run tests	2026-05-09T15:44:04.4736079Z ^[[1m^[[92m       Fresh^[[0m mime v0.3.17
Test (windows-latest)	Run tests	2026-05-09T15:44:04.4736740Z ^[[1m^[[92m       Fresh^[[0m strsim v0.11.1
Test (windows-latest)	Run tests	2026-05-09T15:44:04.4737536Z ^[[1m^[[92m       Fresh^[[0m clap_derive v4.5.55
Test (windows-latest)	Run tests	2026-05-09T15:44:04.4738776Z ^[[1m^[[92m       Fresh^[[0m idna v1.1.0
Test (windows-latest)	Run tests	2026-05-09T15:44:04.4739439Z ^[[1m^[[92m       Fresh^[[0m dtor v0.0.6
Test (windows-latest)	Run tests	2026-05-09T15:44:04.4740364Z ^[[1m^[[92m       Fresh^[[0m clap_builder v4.5.60
Test (windows-latest)	Run tests	2026-05-09T15:44:04.4741190Z ^[[1m^[[92m       Fresh^[[0m regex-automata v0.4.14
Test (windows-latest)	Run tests	2026-05-09T15:44:04.4742104Z ^[[1m^[[92m       Fresh^[[0m serde_urlencoded v0.7.1
Test (windows-latest)	Run tests	2026-05-09T15:44:04.4742794Z ^[[1m^[[92m       Fresh^[[0m thiserror v2.0.18
Test (windows-latest)	Run tests	2026-05-09T15:44:04.4743695Z ^[[1m^[[92m       Fresh^[[0m num-bigint v0.4.6
Test (windows-latest)	Run tests	2026-05-09T15:44:04.4744354Z ^[[1m^[[92m       Fresh^[[0m getrandom v0.4.2
Test (windows-latest)	Run tests	2026-05-09T15:44:04.4745382Z ^[[1m^[[92m       Fresh^[[0m tokio-native-tls v0.3.1
Test (windows-latest)	Run tests	2026-05-09T15:44:04.4746035Z ^[[1m^[[92m       Fresh^[[0m time v0.3.47
Test (windows-latest)	Run tests	2026-05-09T15:44:04.4747053Z ^[[1m^[[92m       Fresh^[[0m block-buffer v0.10.4
Test (windows-latest)	Run tests	2026-05-09T15:44:04.4747521Z ^[[1m^[[92m       Fresh^[[0m crypto-common v0.1.7
Test (windows-latest)	Run tests	2026-05-09T15:44:04.4748475Z ^[[1m^[[92m       Fresh^[[0m getrandom v0.2.17
Test (windows-latest)	Run tests	2026-05-09T15:44:04.4749178Z ^[[1m^[[92m       Fresh^[[0m thiserror-impl v1.0.69
Test (windows-latest)	Run tests	2026-05-09T15:44:04.4750262Z ^[[1m^[[92m       Fresh^[[0m zeroize v1.8.2
Test (windows-latest)	Run tests	2026-05-09T15:44:04.4750897Z ^[[1m^[[92m       Fresh^[[0m lazy_static v1.5.0
Test (windows-latest)	Run tests	2026-05-09T15:44:04.4751780Z ^[[1m^[[92m       Fresh^[[0m ctor-proc-macro v0.0.6
Test (windows-latest)	Run tests	2026-05-09T15:44:04.4752635Z ^[[1m^[[92m       Fresh^[[0m bitflags v2.11.0
Test (windows-latest)	Run tests	2026-05-09T15:44:04.4753282Z ^[[1m^[[92m       Fresh^[[0m untrusted v0.9.0
Test (windows-latest)	Run tests	2026-05-09T15:44:04.4754129Z ^[[1m^[[92m       Fresh^[[0m iri-string v0.7.10
Test (windows-latest)	Run tests	2026-05-09T15:44:04.4755344Z ^[[1m^[[92m       Fresh^[[0m tower-http v0.6.8
Test (windows-latest)	Run tests	2026-05-09T15:44:04.4756360Z ^[[1m^[[92m       Fresh^[[0m ring v0.17.14
Test (windows-latest)	Run tests	2026-05-09T15:44:04.4757490Z ^[[1m^[[92m       Fresh^[[0m ctor v0.4.3
Test (windows-latest)	Run tests	2026-05-09T15:44:04.4758274Z ^[[1m^[[92m       Fresh^[[0m sharded-slab v0.1.7
Test (windows-latest)	Run tests	2026-05-09T15:44:04.4759430Z ^[[1m^[[92m       Fresh^[[0m rustls-pki-types v1.14.0
Test (windows-latest)	Run tests	2026-05-09T15:44:04.4759835Z ^[[1m^[[92m       Fresh^[[0m thiserror v1.0.69
Test (windows-latest)	Run tests	2026-05-09T15:44:04.4760822Z ^[[1m^[[92m       Fresh^[[0m simple_asn1 v0.6.4
Test (windows-latest)	Run tests	2026-05-09T15:44:04.4761267Z ^[[1m^[[92m       Fresh^[[0m hyper-tls v0.6.0
Test (windows-latest)	Run tests	2026-05-09T15:44:04.4762237Z ^[[1m^[[92m       Fresh^[[0m digest v0.10.7
Test (windows-latest)	Run tests	2026-05-09T15:44:04.4762707Z ^[[1m^[[92m       Fresh^[[0m clap v4.5.60
Test (windows-latest)	Run tests	2026-05-09T15:44:04.4764067Z ^[[1m^[[92m       Fresh^[[0m matchers v0.2.0
Test (windows-latest)	Run tests	2026-05-09T15:44:04.4764528Z ^[[1m^[[92m       Fresh^[[0m url v2.5.8
Test (windows-latest)	Run tests	2026-05-09T15:44:04.4765567Z ^[[1m^[[92m       Fresh^[[0m axum-core v0.5.6
Test (windows-latest)	Run tests	2026-05-09T15:44:04.4766297Z ^[[1m^[[92m       Fresh^[[0m pem v3.0.6
Test (windows-latest)	Run tests	2026-05-09T15:44:04.4767178Z ^[[1m^[[92m       Fresh^[[0m tracing-serde v0.2.0
Test (windows-latest)	Run tests	2026-05-09T15:44:04.4767632Z ^[[1m^[[92m       Fresh^[[0m thread_local v1.1.9
Test (windows-latest)	Run tests	2026-05-09T15:44:04.4768596Z ^[[1m^[[92m       Fresh^[[0m encoding_rs v0.8.35
Test (windows-latest)	Run tests	2026-05-09T15:44:04.4769299Z ^[[1m^[[92m       Fresh^[[0m serde_path_to_error v0.1.20
Test (windows-latest)	Run tests	2026-05-09T15:44:04.4769931Z ^[[1m^[[92m       Fresh^[[0m tracing-log v0.2.0
Test (windows-latest)	Run tests	2026-05-09T15:44:04.4771319Z ^[[1m^[[92m       Fresh^[[0m axum-macros v0.5.0
Test (windows-latest)	Run tests	2026-05-09T15:44:04.4772424Z ^[[1m^[[92m       Fresh^[[0m nu-ansi-term v0.50.3
Test (windows-latest)	Run tests	2026-05-09T15:44:04.4773060Z ^[[1m^[[92m       Fresh^[[0m cpufeatures v0.2.17
Test (windows-latest)	Run tests	2026-05-09T15:44:04.4773886Z ^[[1m^[[92m       Fresh^[[0m matchit v0.8.4
Test (windows-latest)	Run tests	2026-05-09T15:44:04.4774747Z ^[[1m^[[92m       Fresh^[[0m dotenvy v0.15.7
Test (windows-latest)	Run tests	2026-05-09T15:44:04.4775298Z ^[[1m^[[92m       Fresh^[[0m lino-env v0.1.0
Test (windows-latest)	Run tests	2026-05-09T15:44:04.4776561Z ^[[1m^[[92m       Fresh^[[0m tracing-subscriber v0.3.23
Test (windows-latest)	Run tests	2026-05-09T15:44:04.4777365Z ^[[1m^[[92m       Fresh^[[0m sha2 v0.10.9
Test (windows-latest)	Run tests	2026-05-09T15:44:04.4778168Z ^[[1m^[[92m       Fresh^[[0m axum v0.8.8
Test (windows-latest)	Run tests	2026-05-09T15:44:04.4779516Z ^[[1m^[[92m       Fresh^[[0m lino-arguments v0.3.0
Test (windows-latest)	Run tests	2026-05-09T15:44:04.4780177Z ^[[1m^[[92m       Fresh^[[0m reqwest v0.12.28
Test (windows-latest)	Run tests	2026-05-09T15:44:04.4781556Z ^[[1m^[[92m       Fresh^[[0m jsonwebtoken v9.3.1
Test (windows-latest)	Run tests	2026-05-09T15:44:04.4782282Z ^[[1m^[[92m       Fresh^[[0m uuid v1.22.0
Test (windows-latest)	Run tests	2026-05-09T15:44:04.4783255Z ^[[1m^[[92m       Fresh^[[0m chrono v0.4.44
Test (windows-latest)	Run tests	2026-05-09T15:44:04.4784125Z ^[[1m^[[92m       Fresh^[[0m async-trait v0.1.89
Test (windows-latest)	Run tests	2026-05-09T15:44:04.4785354Z ^[[1m^[[92m       Fresh^[[0m async-stream-impl v0.3.6
Test (windows-latest)	Run tests	2026-05-09T15:44:04.4786223Z ^[[1m^[[92m       Fresh^[[0m hex v0.4.3
Test (windows-latest)	Run tests	2026-05-09T15:44:04.4787122Z ^[[1m^[[92m       Fresh^[[0m log-lazy v0.1.0
Test (windows-latest)	Run tests	2026-05-09T15:44:04.4789731Z ^[[1m^[[92m       Fresh^[[0m async-stream v0.3.6
Test (windows-latest)	Run tests	2026-05-09T15:44:04.4790420Z ^[[1m^[[92m       Fresh^[[0m tokio-stream v0.1.17
Test (windows-latest)	Run tests	2026-05-09T15:44:04.4791233Z ^[[1m^[[92m       Fresh^[[0m fastrand v2.3.0
Test (windows-latest)	Run tests	2026-05-09T15:44:04.4792215Z ^[[1m^[[92m       Fresh^[[0m tempfile v3.27.0
Test (windows-latest)	Run tests	2026-05-09T15:44:04.4793492Z ^[[1m^[[92m   Compiling^[[0m link-assistant-router v0.13.0 (D:\a\router\router)
Test (windows-latest)	Run tests	2026-05-09T15:44:04.4794420Z ^[[1m^[[92m       Fresh^[[0m tokio-test v0.4.4
Test (windows-latest)	Run tests	2026-05-09T15:44:04.4828366Z ^[[1m^[[92m     Running^[[0m `C:\Users\runneradmin\.rustup\toolchains\stable-x86_64-pc-windows-msvc\bin\rustc.exe --crate-name link_assistant_router --edition=2021 src\lib.rs --error-format=json --json=diagnostic-rendered-ansi,artifacts,future-incompat --crate-type lib --emit=dep-info,metadata,link -C embed-bitcode=no -C debuginfo=2 --warn=clippy::pedantic --warn=clippy::nursery --warn=clippy::all --forbid=unsafe_code --allow=clippy::too_many_lines --allow=clippy::module_name_repetitions --allow=clippy::missing_panics_doc --allow=clippy::missing_errors_doc --check-cfg cfg(docsrs,test) --check-cfg "cfg(feature, values())" -C metadata=2a9c790885d548b9 -C extra-filename=-67b362fb3fd1e833 --out-dir D:\a\router\router\target\debug\deps -L dependency=D:\a\router\router\target\debug\deps --extern async_trait=D:\a\router\router\target\debug\deps\async_trait-ef00f149e0c4ef7f.dll --extern axum=D:\a\router\router\target\debug\deps\libaxum-044ff394cb4827c4.rmeta --extern base64=D:\a\router\router\target\debug\deps\libbase64-19c0972e70d576e3.rmeta --extern bytes=D:\a\router\router\target\debug\deps\libbytes-0049804197eeee46.rmeta --extern chrono=D:\a\router\router\target\debug\deps\libchrono-c81983bc7d6c2655.rmeta --extern clap=D:\a\router\router\target\debug\deps\libclap-e7a51dfa56f6cf4e.rmeta --extern futures_util=D:\a\router\router\target\debug\deps\libfutures_util-be5ddbcac4ba05ad.rmeta --extern hex=D:\a\router\router\target\debug\deps\libhex-c2b7bb54df207237.rmeta --extern http=D:\a\router\router\target\debug\deps\libhttp-f4e453de23c07076.rmeta --extern http_body_util=D:\a\router\router\target\debug\deps\libhttp_body_util-3a1fe3be55988cce.rmeta --extern hyper=D:\a\router\router\target\debug\deps\libhyper-a3ad4c450da3713b.rmeta --extern hyper_util=D:\a\router\router\target\debug\deps\libhyper_util-8e17a9eab3c7ddf9.rmeta --extern jsonwebtoken=D:\a\router\router\target\debug\deps\libjsonwebtoken-419c31de5b8dd0c9.rmeta --extern lino_arguments=D:\a\router\router\target\debug\deps\liblino_arguments-921722d47890633a.rmeta --extern log_lazy=D:\a\router\router\target\debug\deps\liblog_lazy-68e1cf4d39668084.rmeta --extern reqwest=D:\a\router\router\target\debug\deps\libreqwest-ec27e77615f8dd30.rmeta --extern serde=D:\a\router\router\target\debug\deps\libserde-f9b3dc43bd15d0dc.rmeta --extern serde_json=D:\a\router\router\target\debug\deps\libserde_json-e5ea8f73bcd10893.rmeta --extern sha2=D:\a\router\router\target\debug\deps\libsha2-6d8e02b2db3cd05d.rmeta --extern tokio=D:\a\router\router\target\debug\deps\libtokio-873f32c997ee07c7.rmeta --extern tower=D:\a\router\router\target\debug\deps\libtower-dc2dcebe0dd6a269.rmeta --extern tower_http=D:\a\router\router\target\debug\deps\libtower_http-77d6c52ab3246d0f.rmeta --extern tracing=D:\a\router\router\target\debug\deps\libtracing-b0f77ce5a7c3fbd7.rmeta --extern tracing_subscriber=D:\a\router\router\target\debug\deps\libtracing_subscriber-94cdab4d4653adfb.rmeta --extern uuid=D:\a\router\router\target\debug\deps\libuuid-cd037cbf6b0e6463.rmeta -Dwarnings -L native=D:\a\router\router\target\debug\build\ring-fa7904eea9a6bf49\out`
Test (windows-latest)	Run tests	2026-05-09T15:44:04.4859639Z ^[[1m^[[92m     Running^[[0m `C:\Users\runneradmin\.rustup\toolchains\stable-x86_64-pc-windows-msvc\bin\rustc.exe --crate-name link_assistant_router --edition=2021 src\lib.rs --error-format=json --json=diagnostic-rendered-ansi,artifacts,future-incompat --emit=dep-info,link -C embed-bitcode=no -C debuginfo=2 --warn=clippy::pedantic --warn=clippy::nursery --warn=clippy::all --forbid=unsafe_code --allow=clippy::too_many_lines --allow=clippy::module_name_repetitions --allow=clippy::missing_panics_doc --allow=clippy::missing_errors_doc --test --check-cfg cfg(docsrs,test) --check-cfg "cfg(feature, values())" -C metadata=dd68838ca11cb43b -C extra-filename=-77c7de1a8ab4a7f1 --out-dir D:\a\router\router\target\debug\deps -L dependency=D:\a\router\router\target\debug\deps --extern async_trait=D:\a\router\router\target\debug\deps\async_trait-ef00f149e0c4ef7f.dll --extern axum=D:\a\router\router\target\debug\deps\libaxum-044ff394cb4827c4.rlib --extern base64=D:\a\router\router\target\debug\deps\libbase64-19c0972e70d576e3.rlib --extern bytes=D:\a\router\router\target\debug\deps\libbytes-0049804197eeee46.rlib --extern chrono=D:\a\router\router\target\debug\deps\libchrono-c81983bc7d6c2655.rlib --extern clap=D:\a\router\router\target\debug\deps\libclap-e7a51dfa56f6cf4e.rlib --extern futures_util=D:\a\router\router\target\debug\deps\libfutures_util-be5ddbcac4ba05ad.rlib --extern hex=D:\a\router\router\target\debug\deps\libhex-c2b7bb54df207237.rlib --extern http=D:\a\router\router\target\debug\deps\libhttp-f4e453de23c07076.rlib --extern http_body_util=D:\a\router\router\target\debug\deps\libhttp_body_util-3a1fe3be55988cce.rlib --extern hyper=D:\a\router\router\target\debug\deps\libhyper-a3ad4c450da3713b.rlib --extern hyper_util=D:\a\router\router\target\debug\deps\libhyper_util-8e17a9eab3c7ddf9.rlib --extern jsonwebtoken=D:\a\router\router\target\debug\deps\libjsonwebtoken-419c31de5b8dd0c9.rlib --extern lino_arguments=D:\a\router\router\target\debug\deps\liblino_arguments-921722d47890633a.rlib --extern log_lazy=D:\a\router\router\target\debug\deps\liblog_lazy-68e1cf4d39668084.rlib --extern reqwest=D:\a\router\router\target\debug\deps\libreqwest-ec27e77615f8dd30.rlib --extern serde=D:\a\router\router\target\debug\deps\libserde-f9b3dc43bd15d0dc.rlib --extern serde_json=D:\a\router\router\target\debug\deps\libserde_json-e5ea8f73bcd10893.rlib --extern sha2=D:\a\router\router\target\debug\deps\libsha2-6d8e02b2db3cd05d.rlib --extern tempfile=D:\a\router\router\target\debug\deps\libtempfile-37237b10ea14254e.rlib --extern tokio=D:\a\router\router\target\debug\deps\libtokio-873f32c997ee07c7.rlib --extern tokio_test=D:\a\router\router\target\debug\deps\libtokio_test-f2c9f198e74c485a.rlib --extern tower=D:\a\router\router\target\debug\deps\libtower-dc2dcebe0dd6a269.rlib --extern tower_http=D:\a\router\router\target\debug\deps\libtower_http-77d6c52ab3246d0f.rlib --extern tracing=D:\a\router\router\target\debug\deps\libtracing-b0f77ce5a7c3fbd7.rlib --extern tracing_subscriber=D:\a\router\router\target\debug\deps\libtracing_subscriber-94cdab4d4653adfb.rlib --extern uuid=D:\a\router\router\target\debug\deps\libuuid-cd037cbf6b0e6463.rlib -Dwarnings -L native=D:\a\router\router\target\debug\build\ring-fa7904eea9a6bf49\out`
Test (windows-latest)	Run tests	2026-05-09T15:44:16.3288302Z ^[[1m^[[92m     Running^[[0m `C:\Users\runneradmin\.rustup\toolchains\stable-x86_64-pc-windows-msvc\bin\rustc.exe --crate-name release_workflow_test --edition=2021 tests\release_workflow_test.rs --error-format=json --json=diagnostic-rendered-ansi,artifacts,future-incompat --emit=dep-info,link -C embed-bitcode=no -C debuginfo=2 --warn=clippy::pedantic --warn=clippy::nursery --warn=clippy::all --forbid=unsafe_code --allow=clippy::too_many_lines --allow=clippy::module_name_repetitions --allow=clippy::missing_panics_doc --allow=clippy::missing_errors_doc --test --check-cfg cfg(docsrs,test) --check-cfg "cfg(feature, values())" -C metadata=0032b2ee7df803aa -C extra-filename=-bedb7d8c15596e7d --out-dir D:\a\router\router\target\debug\deps -L dependency=D:\a\router\router\target\debug\deps --extern async_trait=D:\a\router\router\target\debug\deps\async_trait-ef00f149e0c4ef7f.dll --extern axum=D:\a\router\router\target\debug\deps\libaxum-044ff394cb4827c4.rlib --extern base64=D:\a\router\router\target\debug\deps\libbase64-19c0972e70d576e3.rlib --extern bytes=D:\a\router\router\target\debug\deps\libbytes-0049804197eeee46.rlib --extern chrono=D:\a\router\router\target\debug\deps\libchrono-c81983bc7d6c2655.rlib --extern clap=D:\a\router\router\target\debug\deps\libclap-e7a51dfa56f6cf4e.rlib --extern futures_util=D:\a\router\router\target\debug\deps\libfutures_util-be5ddbcac4ba05ad.rlib --extern hex=D:\a\router\router\target\debug\deps\libhex-c2b7bb54df207237.rlib --extern http=D:\a\router\router\target\debug\deps\libhttp-f4e453de23c07076.rlib --extern http_body_util=D:\a\router\router\target\debug\deps\libhttp_body_util-3a1fe3be55988cce.rlib --extern hyper=D:\a\router\router\target\debug\deps\libhyper-a3ad4c450da3713b.rlib --extern hyper_util=D:\a\router\router\target\debug\deps\libhyper_util-8e17a9eab3c7ddf9.rlib --extern jsonwebtoken=D:\a\router\router\target\debug\deps\libjsonwebtoken-419c31de5b8dd0c9.rlib --extern link_assistant_router=D:\a\router\router\target\debug\deps\liblink_assistant_router-67b362fb3fd1e833.rlib --extern lino_arguments=D:\a\router\router\target\debug\deps\liblino_arguments-921722d47890633a.rlib --extern log_lazy=D:\a\router\router\target\debug\deps\liblog_lazy-68e1cf4d39668084.rlib --extern reqwest=D:\a\router\router\target\debug\deps\libreqwest-ec27e77615f8dd30.rlib --extern serde=D:\a\router\router\target\debug\deps\libserde-f9b3dc43bd15d0dc.rlib --extern serde_json=D:\a\router\router\target\debug\deps\libserde_json-e5ea8f73bcd10893.rlib --extern sha2=D:\a\router\router\target\debug\deps\libsha2-6d8e02b2db3cd05d.rlib --extern tempfile=D:\a\router\router\target\debug\deps\libtempfile-37237b10ea14254e.rlib --extern tokio=D:\a\router\router\target\debug\deps\libtokio-873f32c997ee07c7.rlib --extern tokio_test=D:\a\router\router\target\debug\deps\libtokio_test-f2c9f198e74c485a.rlib --extern tower=D:\a\router\router\target\debug\deps\libtower-dc2dcebe0dd6a269.rlib --extern tower_http=D:\a\router\router\target\debug\deps\libtower_http-77d6c52ab3246d0f.rlib --extern tracing=D:\a\router\router\target\debug\deps\libtracing-b0f77ce5a7c3fbd7.rlib --extern tracing_subscriber=D:\a\router\router\target\debug\deps\libtracing_subscriber-94cdab4d4653adfb.rlib --extern uuid=D:\a\router\router\target\debug\deps\libuuid-cd037cbf6b0e6463.rlib -Dwarnings -L native=D:\a\router\router\target\debug\build\ring-fa7904eea9a6bf49\out`
Test (windows-latest)	Run tests	2026-05-09T15:44:16.3328657Z ^[[1m^[[92m     Running^[[0m `C:\Users\runneradmin\.rustup\toolchains\stable-x86_64-pc-windows-msvc\bin\rustc.exe --crate-name basic_usage --edition=2021 examples\basic_usage.rs --error-format=json --json=diagnostic-rendered-ansi,artifacts,future-incompat --crate-type bin --emit=dep-info,link -C embed-bitcode=no -C debuginfo=2 --warn=clippy::pedantic --warn=clippy::nursery --warn=clippy::all --forbid=unsafe_code --allow=clippy::too_many_lines --allow=clippy::module_name_repetitions --allow=clippy::missing_panics_doc --allow=clippy::missing_errors_doc --check-cfg cfg(docsrs,test) --check-cfg "cfg(feature, values())" -C metadata=ea9cb498befb334b --out-dir D:\a\router\router\target\debug\examples -L dependency=D:\a\router\router\target\debug\deps --extern async_trait=D:\a\router\router\target\debug\deps\async_trait-ef00f149e0c4ef7f.dll --extern axum=D:\a\router\router\target\debug\deps\libaxum-044ff394cb4827c4.rlib --extern base64=D:\a\router\router\target\debug\deps\libbase64-19c0972e70d576e3.rlib --extern bytes=D:\a\router\router\target\debug\deps\libbytes-0049804197eeee46.rlib --extern chrono=D:\a\router\router\target\debug\deps\libchrono-c81983bc7d6c2655.rlib --extern clap=D:\a\router\router\target\debug\deps\libclap-e7a51dfa56f6cf4e.rlib --extern futures_util=D:\a\router\router\target\debug\deps\libfutures_util-be5ddbcac4ba05ad.rlib --extern hex=D:\a\router\router\target\debug\deps\libhex-c2b7bb54df207237.rlib --extern http=D:\a\router\router\target\debug\deps\libhttp-f4e453de23c07076.rlib --extern http_body_util=D:\a\router\router\target\debug\deps\libhttp_body_util-3a1fe3be55988cce.rlib --extern hyper=D:\a\router\router\target\debug\deps\libhyper-a3ad4c450da3713b.rlib --extern hyper_util=D:\a\router\router\target\debug\deps\libhyper_util-8e17a9eab3c7ddf9.rlib --extern jsonwebtoken=D:\a\router\router\target\debug\deps\libjsonwebtoken-419c31de5b8dd0c9.rlib --extern link_assistant_router=D:\a\router\router\target\debug\deps\liblink_assistant_router-67b362fb3fd1e833.rlib --extern lino_arguments=D:\a\router\router\target\debug\deps\liblino_arguments-921722d47890633a.rlib --extern log_lazy=D:\a\router\router\target\debug\deps\liblog_lazy-68e1cf4d39668084.rlib --extern reqwest=D:\a\router\router\target\debug\deps\libreqwest-ec27e77615f8dd30.rlib --extern serde=D:\a\router\router\target\debug\deps\libserde-f9b3dc43bd15d0dc.rlib --extern serde_json=D:\a\router\router\target\debug\deps\libserde_json-e5ea8f73bcd10893.rlib --extern sha2=D:\a\router\router\target\debug\deps\libsha2-6d8e02b2db3cd05d.rlib --extern tempfile=D:\a\router\router\target\debug\deps\libtempfile-37237b10ea14254e.rlib --extern tokio=D:\a\router\router\target\debug\deps\libtokio-873f32c997ee07c7.rlib --extern tokio_test=D:\a\router\router\target\debug\deps\libtokio_test-f2c9f198e74c485a.rlib --extern tower=D:\a\router\router\target\debug\deps\libtower-dc2dcebe0dd6a269.rlib --extern tower_http=D:\a\router\router\target\debug\deps\libtower_http-77d6c52ab3246d0f.rlib --extern tracing=D:\a\router\router\target\debug\deps\libtracing-b0f77ce5a7c3fbd7.rlib --extern tracing_subscriber=D:\a\router\router\target\debug\deps\libtracing_subscriber-94cdab4d4653adfb.rlib --extern uuid=D:\a\router\router\target\debug\deps\libuuid-cd037cbf6b0e6463.rlib -Dwarnings -L native=D:\a\router\router\target\debug\build\ring-fa7904eea9a6bf49\out`
Test (windows-latest)	Run tests	2026-05-09T15:44:16.3377612Z ^[[1m^[[92m     Running^[[0m `C:\Users\runneradmin\.rustup\toolchains\stable-x86_64-pc-windows-msvc\bin\rustc.exe --crate-name link_assistant_router --edition=2021 src\main.rs --error-format=json --json=diagnostic-rendered-ansi,artifacts,future-incompat --crate-type bin --emit=dep-info,link -C embed-bitcode=no -C debuginfo=2 --warn=clippy::pedantic --warn=clippy::nursery --warn=clippy::all --forbid=unsafe_code --allow=clippy::too_many_lines --allow=clippy::module_name_repetitions --allow=clippy::missing_panics_doc --allow=clippy::missing_errors_doc --check-cfg cfg(docsrs,test) --check-cfg "cfg(feature, values())" -C metadata=7394203dff87406b --out-dir D:\a\router\router\target\debug\deps -L dependency=D:\a\router\router\target\debug\deps --extern async_trait=D:\a\router\router\target\debug\deps\async_trait-ef00f149e0c4ef7f.dll --extern axum=D:\a\router\router\target\debug\deps\libaxum-044ff394cb4827c4.rlib --extern base64=D:\a\router\router\target\debug\deps\libbase64-19c0972e70d576e3.rlib --extern bytes=D:\a\router\router\target\debug\deps\libbytes-0049804197eeee46.rlib --extern chrono=D:\a\router\router\target\debug\deps\libchrono-c81983bc7d6c2655.rlib --extern clap=D:\a\router\router\target\debug\deps\libclap-e7a51dfa56f6cf4e.rlib --extern futures_util=D:\a\router\router\target\debug\deps\libfutures_util-be5ddbcac4ba05ad.rlib --extern hex=D:\a\router\router\target\debug\deps\libhex-c2b7bb54df207237.rlib --extern http=D:\a\router\router\target\debug\deps\libhttp-f4e453de23c07076.rlib --extern http_body_util=D:\a\router\router\target\debug\deps\libhttp_body_util-3a1fe3be55988cce.rlib --extern hyper=D:\a\router\router\target\debug\deps\libhyper-a3ad4c450da3713b.rlib --extern hyper_util=D:\a\router\router\target\debug\deps\libhyper_util-8e17a9eab3c7ddf9.rlib --extern jsonwebtoken=D:\a\router\router\target\debug\deps\libjsonwebtoken-419c31de5b8dd0c9.rlib --extern link_assistant_router=D:\a\router\router\target\debug\deps\liblink_assistant_router-67b362fb3fd1e833.rlib --extern lino_arguments=D:\a\router\router\target\debug\deps\liblino_arguments-921722d47890633a.rlib --extern log_lazy=D:\a\router\router\target\debug\deps\liblog_lazy-68e1cf4d39668084.rlib --extern reqwest=D:\a\router\router\target\debug\deps\libreqwest-ec27e77615f8dd30.rlib --extern serde=D:\a\router\router\target\debug\deps\libserde-f9b3dc43bd15d0dc.rlib --extern serde_json=D:\a\router\router\target\debug\deps\libserde_json-e5ea8f73bcd10893.rlib --extern sha2=D:\a\router\router\target\debug\deps\libsha2-6d8e02b2db3cd05d.rlib --extern tokio=D:\a\router\router\target\debug\deps\libtokio-873f32c997ee07c7.rlib --extern tower=D:\a\router\router\target\debug\deps\libtower-dc2dcebe0dd6a269.rlib --extern tower_http=D:\a\router\router\target\debug\deps\libtower_http-77d6c52ab3246d0f.rlib --extern tracing=D:\a\router\router\target\debug\deps\libtracing-b0f77ce5a7c3fbd7.rlib --extern tracing_subscriber=D:\a\router\router\target\debug\deps\libtracing_subscriber-94cdab4d4653adfb.rlib --extern uuid=D:\a\router\router\target\debug\deps\libuuid-cd037cbf6b0e6463.rlib -Dwarnings -L native=D:\a\router\router\target\debug\build\ring-fa7904eea9a6bf49\out`
Test (windows-latest)	Run tests	2026-05-09T15:44:18.6427489Z ^[[1m^[[92m     Running^[[0m `C:\Users\runneradmin\.rustup\toolchains\stable-x86_64-pc-windows-msvc\bin\rustc.exe --crate-name integration_test --edition=2021 tests\integration_test.rs --error-format=json --json=diagnostic-rendered-ansi,artifacts,future-incompat --emit=dep-info,link -C embed-bitcode=no -C debuginfo=2 --warn=clippy::pedantic --warn=clippy::nursery --warn=clippy::all --forbid=unsafe_code --allow=clippy::too_many_lines --allow=clippy::module_name_repetitions --allow=clippy::missing_panics_doc --allow=clippy::missing_errors_doc --test --check-cfg cfg(docsrs,test) --check-cfg "cfg(feature, values())" -C metadata=b2c481932021aa18 -C extra-filename=-1564ab743416df7a --out-dir D:\a\router\router\target\debug\deps -L dependency=D:\a\router\router\target\debug\deps --extern async_trait=D:\a\router\router\target\debug\deps\async_trait-ef00f149e0c4ef7f.dll --extern axum=D:\a\router\router\target\debug\deps\libaxum-044ff394cb4827c4.rlib --extern base64=D:\a\router\router\target\debug\deps\libbase64-19c0972e70d576e3.rlib --extern bytes=D:\a\router\router\target\debug\deps\libbytes-0049804197eeee46.rlib --extern chrono=D:\a\router\router\target\debug\deps\libchrono-c81983bc7d6c2655.rlib --extern clap=D:\a\router\router\target\debug\deps\libclap-e7a51dfa56f6cf4e.rlib --extern futures_util=D:\a\router\router\target\debug\deps\libfutures_util-be5ddbcac4ba05ad.rlib --extern hex=D:\a\router\router\target\debug\deps\libhex-c2b7bb54df207237.rlib --extern http=D:\a\router\router\target\debug\deps\libhttp-f4e453de23c07076.rlib --extern http_body_util=D:\a\router\router\target\debug\deps\libhttp_body_util-3a1fe3be55988cce.rlib --extern hyper=D:\a\router\router\target\debug\deps\libhyper-a3ad4c450da3713b.rlib --extern hyper_util=D:\a\router\router\target\debug\deps\libhyper_util-8e17a9eab3c7ddf9.rlib --extern jsonwebtoken=D:\a\router\router\target\debug\deps\libjsonwebtoken-419c31de5b8dd0c9.rlib --extern link_assistant_router=D:\a\router\router\target\debug\deps\liblink_assistant_router-67b362fb3fd1e833.rlib --extern lino_arguments=D:\a\router\router\target\debug\deps\liblino_arguments-921722d47890633a.rlib --extern log_lazy=D:\a\router\router\target\debug\deps\liblog_lazy-68e1cf4d39668084.rlib --extern reqwest=D:\a\router\router\target\debug\deps\libreqwest-ec27e77615f8dd30.rlib --extern serde=D:\a\router\router\target\debug\deps\libserde-f9b3dc43bd15d0dc.rlib --extern serde_json=D:\a\router\router\target\debug\deps\libserde_json-e5ea8f73bcd10893.rlib --extern sha2=D:\a\router\router\target\debug\deps\libsha2-6d8e02b2db3cd05d.rlib --extern tempfile=D:\a\router\router\target\debug\deps\libtempfile-37237b10ea14254e.rlib --extern tokio=D:\a\router\router\target\debug\deps\libtokio-873f32c997ee07c7.rlib --extern tokio_test=D:\a\router\router\target\debug\deps\libtokio_test-f2c9f198e74c485a.rlib --extern tower=D:\a\router\router\target\debug\deps\libtower-dc2dcebe0dd6a269.rlib --extern tower_http=D:\a\router\router\target\debug\deps\libtower_http-77d6c52ab3246d0f.rlib --extern tracing=D:\a\router\router\target\debug\deps\libtracing-b0f77ce5a7c3fbd7.rlib --extern tracing_subscriber=D:\a\router\router\target\debug\deps\libtracing_subscriber-94cdab4d4653adfb.rlib --extern uuid=D:\a\router\router\target\debug\deps\libuuid-cd037cbf6b0e6463.rlib -Dwarnings -L native=D:\a\router\router\target\debug\build\ring-fa7904eea9a6bf49\out`
Test (windows-latest)	Run tests	2026-05-09T15:44:18.6499344Z ^[[1m^[[92m     Running^[[0m `C:\Users\runneradmin\.rustup\toolchains\stable-x86_64-pc-windows-msvc\bin\rustc.exe --crate-name link_assistant_router --edition=2021 src\main.rs --error-format=json --json=diagnostic-rendered-ansi,artifacts,future-incompat --emit=dep-info,link -C embed-bitcode=no -C debuginfo=2 --warn=clippy::pedantic --warn=clippy::nursery --warn=clippy::all --forbid=unsafe_code --allow=clippy::too_many_lines --allow=clippy::module_name_repetitions --allow=clippy::missing_panics_doc --allow=clippy::missing_errors_doc --test --check-cfg cfg(docsrs,test) --check-cfg "cfg(feature, values())" -C metadata=74ba464bc6b4c7b1 -C extra-filename=-85e84bfb33f56c5c --out-dir D:\a\router\router\target\debug\deps -L dependency=D:\a\router\router\target\debug\deps --extern async_trait=D:\a\router\router\target\debug\deps\async_trait-ef00f149e0c4ef7f.dll --extern axum=D:\a\router\router\target\debug\deps\libaxum-044ff394cb4827c4.rlib --extern base64=D:\a\router\router\target\debug\deps\libbase64-19c0972e70d576e3.rlib --extern bytes=D:\a\router\router\target\debug\deps\libbytes-0049804197eeee46.rlib --extern chrono=D:\a\router\router\target\debug\deps\libchrono-c81983bc7d6c2655.rlib --extern clap=D:\a\router\router\target\debug\deps\libclap-e7a51dfa56f6cf4e.rlib --extern futures_util=D:\a\router\router\target\debug\deps\libfutures_util-be5ddbcac4ba05ad.rlib --extern hex=D:\a\router\router\target\debug\deps\libhex-c2b7bb54df207237.rlib --extern http=D:\a\router\router\target\debug\deps\libhttp-f4e453de23c07076.rlib --extern http_body_util=D:\a\router\router\target\debug\deps\libhttp_body_util-3a1fe3be55988cce.rlib --extern hyper=D:\a\router\router\target\debug\deps\libhyper-a3ad4c450da3713b.rlib --extern hyper_util=D:\a\router\router\target\debug\deps\libhyper_util-8e17a9eab3c7ddf9.rlib --extern jsonwebtoken=D:\a\router\router\target\debug\deps\libjsonwebtoken-419c31de5b8dd0c9.rlib --extern link_assistant_router=D:\a\router\router\target\debug\deps\liblink_assistant_router-67b362fb3fd1e833.rlib --extern lino_arguments=D:\a\router\router\target\debug\deps\liblino_arguments-921722d47890633a.rlib --extern log_lazy=D:\a\router\router\target\debug\deps\liblog_lazy-68e1cf4d39668084.rlib --extern reqwest=D:\a\router\router\target\debug\deps\libreqwest-ec27e77615f8dd30.rlib --extern serde=D:\a\router\router\target\debug\deps\libserde-f9b3dc43bd15d0dc.rlib --extern serde_json=D:\a\router\router\target\debug\deps\libserde_json-e5ea8f73bcd10893.rlib --extern sha2=D:\a\router\router\target\debug\deps\libsha2-6d8e02b2db3cd05d.rlib --extern tempfile=D:\a\router\router\target\debug\deps\libtempfile-37237b10ea14254e.rlib --extern tokio=D:\a\router\router\target\debug\deps\libtokio-873f32c997ee07c7.rlib --extern tokio_test=D:\a\router\router\target\debug\deps\libtokio_test-f2c9f198e74c485a.rlib --extern tower=D:\a\router\router\target\debug\deps\libtower-dc2dcebe0dd6a269.rlib --extern tower_http=D:\a\router\router\target\debug\deps\libtower_http-77d6c52ab3246d0f.rlib --extern tracing=D:\a\router\router\target\debug\deps\libtracing-b0f77ce5a7c3fbd7.rlib --extern tracing_subscriber=D:\a\router\router\target\debug\deps\libtracing_subscriber-94cdab4d4653adfb.rlib --extern uuid=D:\a\router\router\target\debug\deps\libuuid-cd037cbf6b0e6463.rlib -Dwarnings -L native=D:\a\router\router\target\debug\build\ring-fa7904eea9a6bf49\out`
Test (windows-latest)	Run tests	2026-05-09T15:44:22.7649710Z ^[[1m^[[92m    Finished^[[0m `test` profile [unoptimized + debuginfo] target(s) in 19.76s
Test (windows-latest)	Run tests	2026-05-09T15:44:22.7887192Z ^[[1m^[[92m     Running^[[0m `D:\a\router\router\target\debug\deps\link_assistant_router-77c7de1a8ab4a7f1.exe`
Test (windows-latest)	Run tests	2026-05-09T15:44:22.8013050Z
Test (windows-latest)	Run tests	2026-05-09T15:44:22.8013388Z running 57 tests
Test (windows-latest)	Run tests	2026-05-09T15:44:22.8038035Z test accounts::tests::no_healthy_returns_error ... ok
Test (windows-latest)	Run tests	2026-05-09T15:44:22.8043013Z test activitypub::tests::actor_contains_required_activitypub_and_forgefed_metadata ... ok
Test (windows-latest)	Run tests	2026-05-09T15:44:22.8045214Z test activitypub::tests::follow_activity_targets_problemsets_actor ... ok
Test (windows-latest)	Run tests	2026-05-09T15:44:22.8047519Z test activitypub::tests::inbound_activity_requires_core_fields ... ok
Test (windows-latest)	Run tests	2026-05-09T15:44:22.8050383Z test cli::tests::cli_defaults_round_trip_to_config ... ok
Test (windows-latest)	Run tests	2026-05-09T15:44:22.8053567Z test cli::tests::cli_invalid_routing_mode_rejected ... ok
Test (windows-latest)	Run tests	2026-05-09T15:44:22.8058171Z test config::tests::default_provider_is_anthropic ... ok
Test (windows-latest)	Run tests	2026-05-09T15:44:22.8061922Z test config::tests::gonka_provider_builds_with_private_key_and_defaults ... ok
Test (windows-latest)	Run tests	2026-05-09T15:44:22.8066825Z test accounts::tests::least_used_picks_lowest_count ... ok
Test (windows-latest)	Run tests	2026-05-09T15:44:22.8068170Z test config::tests::gonka_provider_requires_private_key ... ok
Test (windows-latest)	Run tests	2026-05-09T15:44:22.8069143Z test accounts::tests::cooldown_skips_unhealthy_account ... ok
Test (windows-latest)	Run tests	2026-05-09T15:44:22.8070561Z test accounts::tests::round_robin_distributes_calls ... ok
Test (windows-latest)	Run tests	2026-05-09T15:44:22.8071731Z test config::tests::test_api_format_parsing ... ok
Test (windows-latest)	Run tests	2026-05-09T15:44:22.8072844Z test config::tests::test_config_default_port ... ok
Test (windows-latest)	Run tests	2026-05-09T15:44:22.8073422Z test config::tests::test_config_empty_token_secret ... ok
Test (windows-latest)	Run tests	2026-05-09T15:44:22.8075259Z test config::tests::test_config_invalid_port ... ok
Test (windows-latest)	Run tests	2026-05-09T15:44:22.8077185Z test config::tests::test_config_missing_token_secret ... ok
Test (windows-latest)	Run tests	2026-05-09T15:44:22.8077813Z test config::tests::test_config_with_valid_values ... ok
Test (windows-latest)	Run tests	2026-05-09T15:44:22.8078355Z test config::tests::test_routing_mode_parsing ... ok
Test (windows-latest)	Run tests	2026-05-09T15:44:22.8078870Z test config::tests::test_storage_policy_parsing ... ok
Test (windows-latest)	Run tests	2026-05-09T15:44:22.8081037Z test config::tests::test_verbose_default_false ... ok
Test (windows-latest)	Run tests	2026-05-09T15:44:22.8082159Z test gonka::tests::default_model_is_added_when_missing ... ok
Test (windows-latest)	Run tests	2026-05-09T15:44:22.8083127Z test gonka::tests::existing_model_is_preserved ... ok
Test (windows-latest)	Run tests	2026-05-09T15:44:22.8083659Z test gonka::tests::models_endpoint_uses_gonka_owner ... ok
Test (windows-latest)	Run tests	2026-05-09T15:44:22.8087765Z test metrics::tests::usage_snapshot_returns_consistent_values ... ok
Test (windows-latest)	Run tests	2026-05-09T15:44:22.8088523Z test gonka::tests::signing_headers_do_not_include_private_key ... ok
Test (windows-latest)	Run tests	2026-05-09T15:44:22.8090673Z test metrics::tests::record_and_render_basic_counters ... ok
Test (windows-latest)	Run tests	2026-05-09T15:44:22.8091409Z test mpp::tests::challenge_response_uses_http_402_and_payment_auth_scheme ... ok
Test (windows-latest)	Run tests	2026-05-09T15:44:22.8092922Z test mpp::tests::detects_payment_authorization_credentials ... ok
Test (windows-latest)	Run tests	2026-05-09T15:44:22.8094105Z test mpp::tests::requires_enabled_and_charge_details ... ok
Test (windows-latest)	Run tests	2026-05-09T15:44:22.8094707Z test oauth::tests::test_cached_token_returned ... ok
Test (windows-latest)	Run tests	2026-05-09T15:44:22.8096338Z test oauth::tests::test_no_credential_files ... ok
Test (windows-latest)	Run tests	2026-05-09T15:44:22.8098962Z test oauth::tests::test_set_token_manually ... ok
Test (windows-latest)	Run tests	2026-05-09T15:44:22.8102444Z test openai::tests::anthropic_tool_use_to_openai_tool_calls ... ok
Test (windows-latest)	Run tests	2026-05-09T15:44:22.8103485Z test openai::tests::anthropic_to_chat_basic ... ok
Test (windows-latest)	Run tests	2026-05-09T15:44:22.8104412Z test oauth::tests::test_read_credential_file ... ok
Test (windows-latest)	Run tests	2026-05-09T15:44:22.8105925Z test openai::tests::preserves_claude_native_model_id ... ok
Test (windows-latest)	Run tests	2026-05-09T15:44:22.8107738Z test openai::tests::list_models_includes_known_ids ... ok
Test (windows-latest)	Run tests	2026-05-09T15:44:22.8110309Z test openai::tests::responses_api_translation ... ok
Test (windows-latest)	Run tests	2026-05-09T15:44:22.8111071Z test openai::tests::translates_basic_chat_completion ... ok
Test (windows-latest)	Run tests	2026-05-09T15:44:22.8111896Z test openai::tests::translates_multipart_user_content ... ok
Test (windows-latest)	Run tests	2026-05-09T15:44:22.8114009Z test openai::tests::translates_tool_call_blocks ... ok
Test (windows-latest)	Run tests	2026-05-09T15:44:22.8119097Z test storage::tests::lino_codec_handles_special_chars ... ok
Test (windows-latest)	Run tests	2026-05-09T15:44:22.8122047Z test storage::tests::memory_store_roundtrip ... ok
Test (windows-latest)	Run tests	2026-05-09T15:44:22.8124826Z test storage::tests::revoke_marks_record ... ok
Test (windows-latest)	Run tests	2026-05-09T15:44:22.8529826Z test storage::tests::binary_store_roundtrip ... ok
Test (windows-latest)	Run tests	2026-05-09T15:44:22.8535703Z test token::tests::test_expired_token ... ok
Test (windows-latest)	Run tests	2026-05-09T15:44:22.8538740Z test token::tests::test_issue_token_has_prefix ... ok
Test (windows-latest)	Run tests	2026-05-09T15:44:22.8541944Z test token::tests::test_list_tokens_returns_records ... ok
Test (windows-latest)	Run tests	2026-05-09T15:44:22.8666030Z test storage::tests::text_store_roundtrip ... ok
Test (windows-latest)	Run tests	2026-05-09T15:44:22.8684225Z test token::tests::test_revoke_token ... ok
Test (windows-latest)	Run tests	2026-05-09T15:44:22.8685549Z test token::tests::test_validate_invalid_jwt ... ok
Test (windows-latest)	Run tests	2026-05-09T15:44:22.8686432Z test storage::tests::dual_store_writes_both ... ok
Test (windows-latest)	Run tests	2026-05-09T15:44:22.8689679Z test token::tests::test_validate_wrong_prefix ... ok
Test (windows-latest)	Run tests	2026-05-09T15:44:22.8690315Z test storage::tests::build_token_store_dispatches_correctly ... ok
Test (windows-latest)	Run tests	2026-05-09T15:44:22.8691333Z test token::tests::test_validate_valid_token ... ok
Test (windows-latest)	Run tests	2026-05-09T15:44:22.8770627Z test token::tests::test_persistent_store_roundtrip ... ok
Test (windows-latest)	Run tests	2026-05-09T15:44:22.8770884Z
Test (windows-latest)	Run tests	2026-05-09T15:44:22.8771299Z test result: ok. 57 passed; 0 failed; 0 ignored; 0 measured; 0 filtered out; finished in 0.08s
Test (windows-latest)	Run tests	2026-05-09T15:44:22.8771912Z
Test (windows-latest)	Run tests	2026-05-09T15:44:22.8792041Z ^[[1m^[[92m     Running^[[0m `D:\a\router\router\target\debug\deps\link_assistant_router-85e84bfb33f56c5c.exe`
Test (windows-latest)	Run tests	2026-05-09T15:44:22.8890049Z
Test (windows-latest)	Run tests	2026-05-09T15:44:22.8890408Z running 0 tests
Test (windows-latest)	Run tests	2026-05-09T15:44:22.8890820Z
Test (windows-latest)	Run tests	2026-05-09T15:44:22.8891618Z test result: ok. 0 passed; 0 failed; 0 ignored; 0 measured; 0 filtered out; finished in 0.00s
Test (windows-latest)	Run tests	2026-05-09T15:44:22.8892459Z
Test (windows-latest)	Run tests	2026-05-09T15:44:22.8909191Z ^[[1m^[[92m     Running^[[0m `D:\a\router\router\target\debug\deps\integration_test-1564ab743416df7a.exe`
Test (windows-latest)	Run tests	2026-05-09T15:44:22.9062740Z
Test (windows-latest)	Run tests	2026-05-09T15:44:22.9062965Z running 49 tests
Test (windows-latest)	Run tests	2026-05-09T15:44:22.9076778Z test activitypub_tests::follow_activity_can_be_posted_to_problemsets_inbox ... ok
Test (windows-latest)	Run tests	2026-05-09T15:44:22.9077731Z test activitypub_tests::collections_are_addressable_ordered_collections ... ok
Test (windows-latest)	Run tests	2026-05-09T15:44:22.9079015Z test activitypub_tests::actor_context_includes_forgefed_and_fep_ef61_aliases ... ok
Test (windows-latest)	Run tests	2026-05-09T15:44:22.9080952Z test activitypub_tests::actor_document_exposes_required_activitypub_fields ... ok
Test (windows-latest)	Run tests	2026-05-09T15:44:22.9084044Z test activitypub_tests::inbox_validation_rejects_objects_without_actor_or_attributed_to ... ok
Test (windows-latest)	Run tests	2026-05-09T15:44:22.9086007Z test api_format_tests::test_api_format_anthropic_parsing ... ok
Test (windows-latest)	Run tests	2026-05-09T15:44:22.9086604Z test api_format_tests::test_api_format_unknown ... ok
Test (windows-latest)	Run tests	2026-05-09T15:44:22.9087137Z test api_format_tests::test_api_format_bedrock_parsing ... ok
Test (windows-latest)	Run tests	2026-05-09T15:44:22.9087688Z test api_format_tests::test_api_format_vertex_parsing ... ok
Test (windows-latest)	Run tests	2026-05-09T15:44:22.9132148Z test cli_parser_tests::cli_default_subcommand_is_none ... ok
Test (windows-latest)	Run tests	2026-05-09T15:44:22.9133158Z test cli_parser_tests::cli_parses_serve_subcommand ... ok
Test (windows-latest)	Run tests	2026-05-09T15:44:22.9136343Z test cli_parser_tests::cli_parses_doctor_subcommand ... ok
Test (windows-latest)	Run tests	2026-05-09T15:44:22.9137174Z test config_verbose_tests::test_verbose_disabled ... ok
Test (windows-latest)	Run tests	2026-05-09T15:44:22.9138731Z test cli_parser_tests::cli_parses_disable_flags ... ok
Test (windows-latest)	Run tests	2026-05-09T15:44:22.9140519Z test config_verbose_tests::test_verbose_enabled ... ok
Test (windows-latest)	Run tests	2026-05-09T15:44:22.9143391Z test metrics_rendering_tests::prometheus_output_contains_all_required_counters ... ok
Test (windows-latest)	Run tests	2026-05-09T15:44:22.9144562Z test metrics_rendering_tests::usage_snapshot_serialises_cleanly ... ok
Test (windows-latest)	Run tests	2026-05-09T15:44:22.9147238Z test mpp_tests::mpp_payment_authorization_is_not_treated_as_bearer_token ... ok
Test (windows-latest)	Run tests	2026-05-09T15:44:22.9150437Z test mpp_tests::openai_mpp_challenge_is_machine_readable_402 ... ok
Test (windows-latest)	Run tests	2026-05-09T15:44:22.9151224Z test oauth_integration_tests::test_manual_token_set_and_get ... ok
Test (windows-latest)	Run tests	2026-05-09T15:44:22.9155584Z test openai_translation_tests::anthropic_response_to_openai_chat_completion ... ok
Test (windows-latest)	Run tests	2026-05-09T15:44:22.9156526Z test oauth_integration_tests::test_missing_credentials_error ... ok
Test (windows-latest)	Run tests	2026-05-09T15:44:22.9159883Z test openai_translation_tests::maps_openai_aliases_to_claude_models ... ok
Test (windows-latest)	Run tests	2026-05-09T15:44:22.9162066Z test openai_translation_tests::chat_completion_translates_system_and_user ... ok
Test (windows-latest)	Run tests	2026-05-09T15:44:22.9164567Z test oauth_integration_tests::test_credential_file_parsing ... ok
Test (windows-latest)	Run tests	2026-05-09T15:44:22.9166385Z test path_routing_tests::test_anthropic_count_tokens_path ... ok
Test (windows-latest)	Run tests	2026-05-09T15:44:22.9168554Z test openai_translation_tests::models_endpoint_includes_known_claude_ids ... ok
Test (windows-latest)	Run tests	2026-05-09T15:44:22.9170117Z test path_routing_tests::test_anthropic_messages_path ... ok
Test (windows-latest)	Run tests	2026-05-09T15:44:22.9172074Z test path_routing_tests::test_bedrock_invoke_path ... ok
Test (windows-latest)	Run tests	2026-05-09T15:44:22.9173654Z test path_routing_tests::test_bedrock_invoke_stream_path ... ok
Test (windows-latest)	Run tests	2026-05-09T15:44:22.9174565Z test path_routing_tests::test_legacy_prefix_root ... ok
Test (windows-latest)	Run tests	2026-05-09T15:44:22.9175164Z test path_routing_tests::test_legacy_prefix_stripped ... ok
Test (windows-latest)	Run tests	2026-05-09T15:44:22.9175812Z test path_routing_tests::test_legacy_prefix_with_nested_path ... ok
Test (windows-latest)	Run tests	2026-05-09T15:44:22.9176517Z test path_routing_tests::test_vertex_count_tokens_raw_predict_path ... ok
Test (windows-latest)	Run tests	2026-05-09T15:44:22.9178318Z test cli_parser_tests::cli_parses_tokens_issue_with_label ... ok
Test (windows-latest)	Run tests	2026-05-09T15:44:22.9179048Z test path_routing_tests::test_vertex_raw_predict_path ... ok
Test (windows-latest)	Run tests	2026-05-09T15:44:22.9180908Z test path_routing_tests::test_vertex_stream_raw_predict_path ... ok
Test (windows-latest)	Run tests	2026-05-09T15:44:22.9182080Z test required_headers_tests::test_required_headers_include_anthropic_beta ... ok
Test (windows-latest)	Run tests	2026-05-09T15:44:22.9182967Z test required_headers_tests::test_required_headers_include_anthropic_version ... ok
Test (windows-latest)	Run tests	2026-05-09T15:44:22.9183799Z test required_headers_tests::test_required_headers_include_session_id ... ok
Test (windows-latest)	Run tests	2026-05-09T15:44:22.9184763Z test support_docs_tests::akash_template_exposes_router_and_required_configuration ... ok
Test (windows-latest)	Run tests	2026-05-09T15:44:22.9185828Z test support_docs_tests::kubernetes_template_includes_deployment_service_and_health_probes ... ok
Test (windows-latest)	Run tests	2026-05-09T15:44:22.9187262Z test support_docs_tests::forgefed_docs_describe_public_actor_and_inbox ... ok
Test (windows-latest)	Run tests	2026-05-09T15:44:22.9190901Z test token_integration_tests::test_different_secrets_reject ... ok
Test (windows-latest)	Run tests	2026-05-09T15:44:22.9192584Z test token_integration_tests::test_token_roundtrip ... ok
Test (windows-latest)	Run tests	2026-05-09T15:44:22.9193539Z test token_integration_tests::test_revoke_then_reject ... ok
Test (windows-latest)	Run tests	2026-05-09T15:44:22.9194190Z test token_integration_tests::test_multiple_tokens_independent ... ok
Test (windows-latest)	Run tests	2026-05-09T15:44:22.9195052Z test version_tests::test_version_is_not_empty ... ok
Test (windows-latest)	Run tests	2026-05-09T15:44:22.9195606Z test version_tests::test_version_matches_cargo_toml ... ok
Test (windows-latest)	Run tests	2026-05-09T15:44:22.9196135Z
Test (windows-latest)	Run tests	2026-05-09T15:44:22.9196387Z test result: ok. 49 passed; 0 failed; 0 ignored; 0 measured; 0 filtered out; finished in 0.01s
Test (windows-latest)	Run tests	2026-05-09T15:44:22.9196726Z
Test (windows-latest)	Run tests	2026-05-09T15:44:22.9214706Z ^[[1m^[[92m     Running^[[0m `D:\a\router\router\target\debug\deps\release_workflow_test-bedb7d8c15596e7d.exe`
Test (windows-latest)	Run tests	2026-05-09T15:44:22.9310387Z
Test (windows-latest)	Run tests	2026-05-09T15:44:22.9310628Z running 6 tests
Test (windows-latest)	Run tests	2026-05-09T15:44:22.9317117Z test readme_exposes_release_status_badges ... ok
Test (windows-latest)	Run tests	2026-05-09T15:44:22.9317748Z test dockerfile_builder_uses_supported_rust_toolchain ... ok
Test (windows-latest)	Run tests	2026-05-09T15:44:22.9318537Z test release_workflow_adds_crates_io_link_to_github_releases ... ok
Test (windows-latest)	Run tests	2026-05-09T15:44:22.9320087Z test release_scripts_check_all_release_artifacts ... ok
Test (windows-latest)	Run tests	2026-05-09T15:44:22.9321876Z test release_workflow_maps_crates_io_token_fallback_to_cargo_native_env ... ok
Test (windows-latest)	Run tests	2026-05-09T15:44:22.9324398Z test release_workflow_publishes_synced_docker_hub_image_after_crate ... ok
Test (windows-latest)	Run tests	2026-05-09T15:44:22.9324778Z
Test (windows-latest)	Run tests	2026-05-09T15:44:22.9325406Z test result: ok. 6 passed; 0 failed; 0 ignored; 0 measured; 0 filtered out; finished in 0.00s
Test (windows-latest)	Run tests	2026-05-09T15:44:22.9326013Z
Test (windows-latest)	Run tests	2026-05-09T15:44:22.9339810Z ^[[1m^[[92m   Doc-tests^[[0m link_assistant_router
Test (windows-latest)	Run tests	2026-05-09T15:44:22.9353520Z ^[[1m^[[92m     Running^[[0m `C:\Users\runneradmin\.rustup\toolchains\stable-x86_64-pc-windows-msvc\bin\rustdoc.exe --edition=2021 --crate-type lib --color always --crate-name link_assistant_router --test src\lib.rs --test-run-directory D:\a\router\router -L native=D:\a\router\router\target\debug\build\ring-fa7904eea9a6bf49\out --warn=clippy::pedantic --warn=clippy::nursery --warn=clippy::all --forbid=unsafe_code --allow=clippy::too_many_lines --allow=clippy::module_name_repetitions --allow=clippy::missing_panics_doc --allow=clippy::missing_errors_doc --extern async_trait=D:\a\router\router\target\debug\deps\async_trait-ef00f149e0c4ef7f.dll --extern axum=D:\a\router\router\target\debug\deps\libaxum-044ff394cb4827c4.rlib --extern base64=D:\a\router\router\target\debug\deps\libbase64-19c0972e70d576e3.rlib --extern bytes=D:\a\router\router\target\debug\deps\libbytes-0049804197eeee46.rlib --extern chrono=D:\a\router\router\target\debug\deps\libchrono-c81983bc7d6c2655.rlib --extern clap=D:\a\router\router\target\debug\deps\libclap-e7a51dfa56f6cf4e.rlib --extern futures_util=D:\a\router\router\target\debug\deps\libfutures_util-be5ddbcac4ba05ad.rlib --extern hex=D:\a\router\router\target\debug\deps\libhex-c2b7bb54df207237.rlib --extern http=D:\a\router\router\target\debug\deps\libhttp-f4e453de23c07076.rlib --extern http_body_util=D:\a\router\router\target\debug\deps\libhttp_body_util-3a1fe3be55988cce.rlib --extern hyper=D:\a\router\router\target\debug\deps\libhyper-a3ad4c450da3713b.rlib --extern hyper_util=D:\a\router\router\target\debug\deps\libhyper_util-8e17a9eab3c7ddf9.rlib --extern jsonwebtoken=D:\a\router\router\target\debug\deps\libjsonwebtoken-419c31de5b8dd0c9.rlib --extern link_assistant_router=D:\a\router\router\target\debug\deps\liblink_assistant_router-67b362fb3fd1e833.rlib --extern lino_arguments=D:\a\router\router\target\debug\deps\liblino_arguments-921722d47890633a.rlib --extern log_lazy=D:\a\router\router\target\debug\deps\liblog_lazy-68e1cf4d39668084.rlib --extern reqwest=D:\a\router\router\target\debug\deps\libreqwest-ec27e77615f8dd30.rlib --extern serde=D:\a\router\router\target\debug\deps\libserde-f9b3dc43bd15d0dc.rlib --extern serde_json=D:\a\router\router\target\debug\deps\libserde_json-e5ea8f73bcd10893.rlib --extern sha2=D:\a\router\router\target\debug\deps\libsha2-6d8e02b2db3cd05d.rlib --extern tempfile=D:\a\router\router\target\debug\deps\libtempfile-37237b10ea14254e.rlib --extern tokio=D:\a\router\router\target\debug\deps\libtokio-873f32c997ee07c7.rlib --extern tokio_test=D:\a\router\router\target\debug\deps\libtokio_test-f2c9f198e74c485a.rlib --extern tower=D:\a\router\router\target\debug\deps\libtower-dc2dcebe0dd6a269.rlib --extern tower_http=D:\a\router\router\target\debug\deps\libtower_http-77d6c52ab3246d0f.rlib --extern tracing=D:\a\router\router\target\debug\deps\libtracing-b0f77ce5a7c3fbd7.rlib --extern tracing_subscriber=D:\a\router\router\target\debug\deps\libtracing_subscriber-94cdab4d4653adfb.rlib --extern uuid=D:\a\router\router\target\debug\deps\libuuid-cd037cbf6b0e6463.rlib -L dependency=D:\a\router\router\target\debug\deps -C embed-bitcode=no --check-cfg cfg(docsrs,test) --check-cfg "cfg(feature, values())" --error-format human`
Test (windows-latest)	Run tests	2026-05-09T15:44:23.8396479Z
Test (windows-latest)	Run tests	2026-05-09T15:44:23.8397315Z running 0 tests
Test (windows-latest)	Run tests	2026-05-09T15:44:23.8397561Z
Test (windows-latest)	Run tests	2026-05-09T15:44:23.8398649Z test result: ok. 0 passed; 0 failed; 0 ignored; 0 measured; 0 filtered out; finished in 0.00s
Test (windows-latest)	Run tests	2026-05-09T15:44:23.8399161Z
Test (windows-latest)	Run doc tests	﻿2026-05-09T15:44:24.2644283Z ##[group]Run cargo test --doc --verbose
Test (windows-latest)	Run doc tests	2026-05-09T15:44:24.2644698Z ^[[36;1mcargo test --doc --verbose^[[0m
Test (windows-latest)	Run doc tests	2026-05-09T15:44:24.2701518Z shell: C:\Program Files\PowerShell\7\pwsh.EXE -command ". '{0}'"
Test (windows-latest)	Run doc tests	2026-05-09T15:44:24.2701862Z env:
Test (windows-latest)	Run doc tests	2026-05-09T15:44:24.2702032Z   CARGO_TERM_COLOR: always
Test (windows-latest)	Run doc tests	2026-05-09T15:44:24.2702250Z   RUSTFLAGS: -Dwarnings
Test (windows-latest)	Run doc tests	2026-05-09T15:44:24.2702740Z   CARGO_REGISTRY_TOKEN: ***
Test (windows-latest)	Run doc tests	2026-05-09T15:44:24.2703007Z   DOCKERHUB_IMAGE: konard/link-assistant-router
Test (windows-latest)	Run doc tests	2026-05-09T15:44:24.2703297Z   CARGO_HOME: C:\Users\runneradmin\.cargo
Test (windows-latest)	Run doc tests	2026-05-09T15:44:24.2703557Z   CARGO_INCREMENTAL: 0
Test (windows-latest)	Run doc tests	2026-05-09T15:44:24.2703754Z ##[endgroup]
Test (windows-latest)	Run doc tests	2026-05-09T15:44:24.7930472Z ^[[1m^[[92m       Fresh^[[0m unicode-ident v1.0.22
Test (windows-latest)	Run doc tests	2026-05-09T15:44:24.7931188Z ^[[1m^[[92m       Fresh^[[0m windows-link v0.2.1
Test (windows-latest)	Run doc tests	2026-05-09T15:44:24.7932294Z ^[[1m^[[92m       Fresh^[[0m proc-macro2 v1.0.103
Test (windows-latest)	Run doc tests	2026-05-09T15:44:24.7933247Z ^[[1m^[[92m       Fresh^[[0m windows-sys v0.61.2
Test (windows-latest)	Run doc tests	2026-05-09T15:44:24.7934219Z ^[[1m^[[92m       Fresh^[[0m pin-project-lite v0.2.16
Test (windows-latest)	Run doc tests	2026-05-09T15:44:24.7935121Z ^[[1m^[[92m       Fresh^[[0m quote v1.0.42
Test (windows-latest)	Run doc tests	2026-05-09T15:44:24.7935986Z ^[[1m^[[92m       Fresh^[[0m itoa v1.0.17
Test (windows-latest)	Run doc tests	2026-05-09T15:44:24.7937065Z ^[[1m^[[92m       Fresh^[[0m bytes v1.11.0
Test (windows-latest)	Run doc tests	2026-05-09T15:44:24.7937840Z ^[[1m^[[92m       Fresh^[[0m futures-core v0.3.32
Test (windows-latest)	Run doc tests	2026-05-09T15:44:24.7938806Z ^[[1m^[[92m       Fresh^[[0m syn v2.0.111
Test (windows-latest)	Run doc tests	2026-05-09T15:44:24.7939673Z ^[[1m^[[92m       Fresh^[[0m once_cell v1.21.4
Test (windows-latest)	Run doc tests	2026-05-09T15:44:24.7940670Z ^[[1m^[[92m       Fresh^[[0m stable_deref_trait v1.2.1
Test (windows-latest)	Run doc tests	2026-05-09T15:44:24.7941190Z ^[[1m^[[92m       Fresh^[[0m mio v1.1.1
Test (windows-latest)	Run doc tests	2026-05-09T15:44:24.7942350Z ^[[1m^[[92m       Fresh^[[0m synstructure v0.13.2
Test (windows-latest)	Run doc tests	2026-05-09T15:44:24.7942835Z ^[[1m^[[92m       Fresh^[[0m tokio-macros v2.6.0
Test (windows-latest)	Run doc tests	2026-05-09T15:44:24.7944097Z ^[[1m^[[92m       Fresh^[[0m tracing-core v0.1.36
Test (windows-latest)	Run doc tests	2026-05-09T15:44:24.7945011Z ^[[1m^[[92m       Fresh^[[0m socket2 v0.6.3
Test (windows-latest)	Run doc tests	2026-05-09T15:44:24.7945838Z ^[[1m^[[92m       Fresh^[[0m zerofrom-derive v0.1.6
Test (windows-latest)	Run doc tests	2026-05-09T15:44:24.7947014Z ^[[1m^[[92m       Fresh^[[0m yoke-derive v0.8.1
Test (windows-latest)	Run doc tests	2026-05-09T15:44:24.7948994Z ^[[1m^[[92m       Fresh^[[0m tokio v1.48.0
Test (windows-latest)	Run doc tests	2026-05-09T15:44:24.7950296Z ^[[1m^[[92m       Fresh^[[0m zerofrom v0.1.6
Test (windows-latest)	Run doc tests	2026-05-09T15:44:24.7950773Z ^[[1m^[[92m       Fresh^[[0m zerovec-derive v0.11.2
Test (windows-latest)	Run doc tests	2026-05-09T15:44:24.7951968Z ^[[1m^[[92m       Fresh^[[0m log v0.4.29
Test (windows-latest)	Run doc tests	2026-05-09T15:44:24.7952950Z ^[[1m^[[92m       Fresh^[[0m yoke v0.8.1
Test (windows-latest)	Run doc tests	2026-05-09T15:44:24.7953417Z ^[[1m^[[92m       Fresh^[[0m serde_core v1.0.228
Test (windows-latest)	Run doc tests	2026-05-09T15:44:24.7954337Z ^[[1m^[[92m       Fresh^[[0m displaydoc v0.2.5
Test (windows-latest)	Run doc tests	2026-05-09T15:44:24.7955250Z ^[[1m^[[92m       Fresh^[[0m tracing-attributes v0.1.31
Test (windows-latest)	Run doc tests	2026-05-09T15:44:24.7956223Z ^[[1m^[[92m       Fresh^[[0m zerovec v0.11.5
Test (windows-latest)	Run doc tests	2026-05-09T15:44:24.7957115Z ^[[1m^[[92m       Fresh^[[0m cfg-if v1.0.4
Test (windows-latest)	Run doc tests	2026-05-09T15:44:24.7957876Z ^[[1m^[[92m       Fresh^[[0m tracing v0.1.44
Test (windows-latest)	Run doc tests	2026-05-09T15:44:24.7958914Z ^[[1m^[[92m       Fresh^[[0m http v1.4.0
Test (windows-latest)	Run doc tests	2026-05-09T15:44:24.7960846Z ^[[1m^[[92m       Fresh^[[0m smallvec v1.15.1
Test (windows-latest)	Run doc tests	2026-05-09T15:44:24.7961455Z ^[[1m^[[92m       Fresh^[[0m serde_derive v1.0.228
Test (windows-latest)	Run doc tests	2026-05-09T15:44:24.7962706Z ^[[1m^[[92m       Fresh^[[0m slab v0.4.12
Test (windows-latest)	Run doc tests	2026-05-09T15:44:24.7963405Z ^[[1m^[[92m       Fresh^[[0m tinystr v0.8.2
Test (windows-latest)	Run doc tests	2026-05-09T15:44:24.7964247Z ^[[1m^[[92m       Fresh^[[0m http-body v1.0.1
Test (windows-latest)	Run doc tests	2026-05-09T15:44:24.7965053Z ^[[1m^[[92m       Fresh^[[0m writeable v0.6.2
Test (windows-latest)	Run doc tests	2026-05-09T15:44:24.7965944Z ^[[1m^[[92m       Fresh^[[0m serde v1.0.228
Test (windows-latest)	Run doc tests	2026-05-09T15:44:24.7966612Z ^[[1m^[[92m       Fresh^[[0m litemap v0.8.1
Test (windows-latest)	Run doc tests	2026-05-09T15:44:24.7967424Z ^[[1m^[[92m       Fresh^[[0m autocfg v1.5.0
Test (windows-latest)	Run doc tests	2026-05-09T15:44:24.7968292Z ^[[1m^[[92m       Fresh^[[0m potential_utf v0.1.4
Test (windows-latest)	Run doc tests	2026-05-09T15:44:24.7970220Z ^[[1m^[[92m       Fresh^[[0m icu_locale_core v2.1.1
Test (windows-latest)	Run doc tests	2026-05-09T15:44:24.7971058Z ^[[1m^[[92m       Fresh^[[0m zerotrie v0.2.3
Test (windows-latest)	Run doc tests	2026-05-09T15:44:24.7971888Z ^[[1m^[[92m       Fresh^[[0m futures-macro v0.3.32
Test (windows-latest)	Run doc tests	2026-05-09T15:44:24.7974627Z ^[[1m^[[92m       Fresh^[[0m version_check v0.9.5
Test (windows-latest)	Run doc tests	2026-05-09T15:44:24.7975046Z ^[[1m^[[92m       Fresh^[[0m tower-service v0.3.3
Test (windows-latest)	Run doc tests	2026-05-09T15:44:24.7975974Z ^[[1m^[[92m       Fresh^[[0m futures-sink v0.3.32
Test (windows-latest)	Run doc tests	2026-05-09T15:44:24.7979187Z ^[[1m^[[92m       Fresh^[[0m equivalent v1.0.2
Test (windows-latest)	Run doc tests	2026-05-09T15:44:24.7981183Z ^[[1m^[[92m       Fresh^[[0m percent-encoding v2.3.2
Test (windows-latest)	Run doc tests	2026-05-09T15:44:24.7982933Z ^[[1m^[[92m       Fresh^[[0m hashbrown v0.16.1
Test (windows-latest)	Run doc tests	2026-05-09T15:44:24.7983765Z ^[[1m^[[92m       Fresh^[[0m futures-task v0.3.32
Test (windows-latest)	Run doc tests	2026-05-09T15:44:24.7984843Z ^[[1m^[[92m       Fresh^[[0m futures-util v0.3.32
Test (windows-latest)	Run doc tests	2026-05-09T15:44:24.7985280Z ^[[1m^[[92m       Fresh^[[0m indexmap v2.13.0
Test (windows-latest)	Run doc tests	2026-05-09T15:44:24.7986482Z ^[[1m^[[92m       Fresh^[[0m tokio-util v0.7.18
Test (windows-latest)	Run doc tests	2026-05-09T15:44:24.7988845Z ^[[1m^[[92m       Fresh^[[0m icu_provider v2.1.1
Test (windows-latest)	Run doc tests	2026-05-09T15:44:24.7989570Z ^[[1m^[[92m       Fresh^[[0m icu_collections v2.1.1
Test (windows-latest)	Run doc tests	2026-05-09T15:44:24.7990500Z ^[[1m^[[92m       Fresh^[[0m try-lock v0.2.5
Test (windows-latest)	Run doc tests	2026-05-09T15:44:24.7990990Z ^[[1m^[[92m       Fresh^[[0m fnv v1.0.7
Test (windows-latest)	Run doc tests	2026-05-09T15:44:24.7992219Z ^[[1m^[[92m       Fresh^[[0m atomic-waker v1.1.2
Test (windows-latest)	Run doc tests	2026-05-09T15:44:24.7993863Z ^[[1m^[[92m       Fresh^[[0m base64 v0.22.1
Test (windows-latest)	Run doc tests	2026-05-09T15:44:24.7996357Z ^[[1m^[[92m       Fresh^[[0m h2 v0.4.13
Test (windows-latest)	Run doc tests	2026-05-09T15:44:24.7997134Z ^[[1m^[[92m       Fresh^[[0m want v0.3.1
Test (windows-latest)	Run doc tests	2026-05-09T15:44:24.7998053Z ^[[1m^[[92m       Fresh^[[0m icu_properties_data v2.1.2
Test (windows-latest)	Run doc tests	2026-05-09T15:44:24.7998493Z ^[[1m^[[92m       Fresh^[[0m num-traits v0.2.19
Test (windows-latest)	Run doc tests	2026-05-09T15:44:24.7999402Z ^[[1m^[[92m       Fresh^[[0m httparse v1.10.1
Test (windows-latest)	Run doc tests	2026-05-09T15:44:24.8000129Z ^[[1m^[[92m       Fresh^[[0m zmij v1.0.21
Test (windows-latest)	Run doc tests	2026-05-09T15:44:24.8001012Z ^[[1m^[[92m       Fresh^[[0m icu_normalizer_data v2.1.1
Test (windows-latest)	Run doc tests	2026-05-09T15:44:24.8001463Z ^[[1m^[[92m       Fresh^[[0m sync_wrapper v1.0.2
Test (windows-latest)	Run doc tests	2026-05-09T15:44:24.8002521Z ^[[1m^[[92m       Fresh^[[0m futures-channel v0.3.32
Test (windows-latest)	Run doc tests	2026-05-09T15:44:24.8003284Z ^[[1m^[[92m       Fresh^[[0m windows-strings v0.5.1
Test (windows-latest)	Run doc tests	2026-05-09T15:44:24.8004223Z ^[[1m^[[92m       Fresh^[[0m windows-result v0.4.1
Test (windows-latest)	Run doc tests	2026-05-09T15:44:24.8004711Z ^[[1m^[[92m       Fresh^[[0m memchr v2.8.0
Test (windows-latest)	Run doc tests	2026-05-09T15:44:24.8005663Z ^[[1m^[[92m       Fresh^[[0m tower-layer v0.3.3
Test (windows-latest)	Run doc tests	2026-05-09T15:44:24.8006370Z ^[[1m^[[92m       Fresh^[[0m anstyle v1.0.14
Test (windows-latest)	Run doc tests	2026-05-09T15:44:24.8007693Z ^[[1m^[[92m       Fresh^[[0m pin-utils v0.1.0
Test (windows-latest)	Run doc tests	2026-05-09T15:44:24.8008339Z ^[[1m^[[92m       Fresh^[[0m typenum v1.20.0
Test (windows-latest)	Run doc tests	2026-05-09T15:44:24.8010305Z ^[[1m^[[92m       Fresh^[[0m once_cell_polyfill v1.70.2
Test (windows-latest)	Run doc tests	2026-05-09T15:44:24.8010984Z ^[[1m^[[92m       Fresh^[[0m shlex v1.3.0
Test (windows-latest)	Run doc tests	2026-05-09T15:44:24.8011785Z ^[[1m^[[92m       Fresh^[[0m find-msvc-tools v0.1.9
Test (windows-latest)	Run doc tests	2026-05-09T15:44:24.8012408Z ^[[1m^[[92m       Fresh^[[0m httpdate v1.0.3
Test (windows-latest)	Run doc tests	2026-05-09T15:44:24.8013438Z ^[[1m^[[92m       Fresh^[[0m utf8parse v0.2.2
Test (windows-latest)	Run doc tests	2026-05-09T15:44:24.8013902Z ^[[1m^[[92m       Fresh^[[0m cc v1.2.57
Test (windows-latest)	Run doc tests	2026-05-09T15:44:24.8014886Z ^[[1m^[[92m       Fresh^[[0m anstyle-wincon v3.0.11
Test (windows-latest)	Run doc tests	2026-05-09T15:44:24.8015579Z ^[[1m^[[92m       Fresh^[[0m hyper v1.8.1
Test (windows-latest)	Run doc tests	2026-05-09T15:44:24.8016619Z ^[[1m^[[92m       Fresh^[[0m anstyle-parse v0.2.7
Test (windows-latest)	Run doc tests	2026-05-09T15:44:24.8017368Z ^[[1m^[[92m       Fresh^[[0m generic-array v0.14.7
Test (windows-latest)	Run doc tests	2026-05-09T15:44:24.8018155Z ^[[1m^[[92m       Fresh^[[0m serde_json v1.0.149
Test (windows-latest)	Run doc tests	2026-05-09T15:44:24.8019201Z ^[[1m^[[92m       Fresh^[[0m windows-registry v0.6.1
Test (windows-latest)	Run doc tests	2026-05-09T15:44:24.8020017Z ^[[1m^[[92m       Fresh^[[0m icu_normalizer v2.1.1
Test (windows-latest)	Run doc tests	2026-05-09T15:44:24.8020965Z ^[[1m^[[92m       Fresh^[[0m icu_properties v2.1.2
Test (windows-latest)	Run doc tests	2026-05-09T15:44:24.8021407Z ^[[1m^[[92m       Fresh^[[0m libc v0.2.183
Test (windows-latest)	Run doc tests	2026-05-09T15:44:24.8022515Z ^[[1m^[[92m       Fresh^[[0m form_urlencoded v1.2.2
Test (windows-latest)	Run doc tests	2026-05-09T15:44:24.8023210Z ^[[1m^[[92m       Fresh^[[0m http-body-util v0.1.3
Test (windows-latest)	Run doc tests	2026-05-09T15:44:24.8024054Z ^[[1m^[[92m       Fresh^[[0m anstyle-query v1.1.5
Test (windows-latest)	Run doc tests	2026-05-09T15:44:24.8025070Z ^[[1m^[[92m       Fresh^[[0m schannel v0.1.29
Test (windows-latest)	Run doc tests	2026-05-09T15:44:24.8025457Z ^[[1m^[[92m       Fresh^[[0m powerfmt v0.2.0
Test (windows-latest)	Run doc tests	2026-05-09T15:44:24.8027824Z ^[[1m^[[92m       Fresh^[[0m ipnet v2.12.0
Test (windows-latest)	Run doc tests	2026-05-09T15:44:24.8028603Z ^[[1m^[[92m       Fresh^[[0m is_terminal_polyfill v1.70.2
Test (windows-latest)	Run doc tests	2026-05-09T15:44:24.8029504Z ^[[1m^[[92m       Fresh^[[0m num-conv v0.2.0
Test (windows-latest)	Run doc tests	2026-05-09T15:44:24.8030101Z ^[[1m^[[92m       Fresh^[[0m time-core v0.1.8
Test (windows-latest)	Run doc tests	2026-05-09T15:44:24.8032053Z ^[[1m^[[92m       Fresh^[[0m colorchoice v1.0.5
Test (windows-latest)	Run doc tests	2026-05-09T15:44:24.8033821Z ^[[1m^[[92m       Fresh^[[0m time-macros v0.2.27
Test (windows-latest)	Run doc tests	2026-05-09T15:44:24.8034226Z ^[[1m^[[92m       Fresh^[[0m anstream v0.6.21
Test (windows-latest)	Run doc tests	2026-05-09T15:44:24.8035318Z ^[[1m^[[92m       Fresh^[[0m deranged v0.5.8
Test (windows-latest)	Run doc tests	2026-05-09T15:44:24.8036060Z ^[[1m^[[92m       Fresh^[[0m hyper-util v0.1.20
Test (windows-latest)	Run doc tests	2026-05-09T15:44:24.8037082Z ^[[1m^[[92m       Fresh^[[0m native-tls v0.2.18
Test (windows-latest)	Run doc tests	2026-05-09T15:44:24.8037750Z ^[[1m^[[92m       Fresh^[[0m idna_adapter v1.2.1
Test (windows-latest)	Run doc tests	2026-05-09T15:44:24.8039821Z ^[[1m^[[92m       Fresh^[[0m tower v0.5.3
Test (windows-latest)	Run doc tests	2026-05-09T15:44:24.8040645Z ^[[1m^[[92m       Fresh^[[0m num-integer v0.1.46
Test (windows-latest)	Run doc tests	2026-05-09T15:44:24.8041430Z ^[[1m^[[92m       Fresh^[[0m thiserror-impl v2.0.18
Test (windows-latest)	Run doc tests	2026-05-09T15:44:24.8042595Z ^[[1m^[[92m       Fresh^[[0m ryu v1.0.23
Test (windows-latest)	Run doc tests	2026-05-09T15:44:24.8043325Z ^[[1m^[[92m       Fresh^[[0m strsim v0.11.1
Test (windows-latest)	Run doc tests	2026-05-09T15:44:24.8044298Z ^[[1m^[[92m       Fresh^[[0m dtor-proc-macro v0.0.5
Test (windows-latest)	Run doc tests	2026-05-09T15:44:24.8046251Z ^[[1m^[[92m       Fresh^[[0m utf8_iter v1.0.4
Test (windows-latest)	Run doc tests	2026-05-09T15:44:24.8046660Z ^[[1m^[[92m       Fresh^[[0m clap_lex v1.1.0
Test (windows-latest)	Run doc tests	2026-05-09T15:44:24.8047984Z ^[[1m^[[92m       Fresh^[[0m regex-syntax v0.8.10
Test (windows-latest)	Run doc tests	2026-05-09T15:44:24.8048627Z ^[[1m^[[92m       Fresh^[[0m heck v0.5.0
Test (windows-latest)	Run doc tests	2026-05-09T15:44:24.8049463Z ^[[1m^[[92m       Fresh^[[0m mime v0.3.17
Test (windows-latest)	Run doc tests	2026-05-09T15:44:24.8050079Z ^[[1m^[[92m       Fresh^[[0m idna v1.1.0
Test (windows-latest)	Run doc tests	2026-05-09T15:44:24.8050888Z ^[[1m^[[92m       Fresh^[[0m clap_derive v4.5.55
Test (windows-latest)	Run doc tests	2026-05-09T15:44:24.8052118Z ^[[1m^[[92m       Fresh^[[0m regex-automata v0.4.14
Test (windows-latest)	Run doc tests	2026-05-09T15:44:24.8053304Z ^[[1m^[[92m       Fresh^[[0m clap_builder v4.5.60
Test (windows-latest)	Run doc tests	2026-05-09T15:44:24.8054428Z ^[[1m^[[92m       Fresh^[[0m serde_urlencoded v0.7.1
Test (windows-latest)	Run doc tests	2026-05-09T15:44:24.8055269Z ^[[1m^[[92m       Fresh^[[0m dtor v0.0.6
Test (windows-latest)	Run doc tests	2026-05-09T15:44:24.8056581Z ^[[1m^[[92m       Fresh^[[0m thiserror v2.0.18
Test (windows-latest)	Run doc tests	2026-05-09T15:44:24.8058155Z ^[[1m^[[92m       Fresh^[[0m num-bigint v0.4.6
Test (windows-latest)	Run doc tests	2026-05-09T15:44:24.8059350Z ^[[1m^[[92m       Fresh^[[0m tokio-native-tls v0.3.1
Test (windows-latest)	Run doc tests	2026-05-09T15:44:24.8060141Z ^[[1m^[[92m       Fresh^[[0m getrandom v0.4.2
Test (windows-latest)	Run doc tests	2026-05-09T15:44:24.8061319Z ^[[1m^[[92m       Fresh^[[0m time v0.3.47
Test (windows-latest)	Run doc tests	2026-05-09T15:44:24.8062175Z ^[[1m^[[92m       Fresh^[[0m block-buffer v0.10.4
Test (windows-latest)	Run doc tests	2026-05-09T15:44:24.8062915Z ^[[1m^[[92m       Fresh^[[0m crypto-common v0.1.7
Test (windows-latest)	Run doc tests	2026-05-09T15:44:24.8063811Z ^[[1m^[[92m       Fresh^[[0m getrandom v0.2.17
Test (windows-latest)	Run doc tests	2026-05-09T15:44:24.8064510Z ^[[1m^[[92m       Fresh^[[0m thiserror-impl v1.0.69
Test (windows-latest)	Run doc tests	2026-05-09T15:44:24.8065615Z ^[[1m^[[92m       Fresh^[[0m ctor-proc-macro v0.0.6
Test (windows-latest)	Run doc tests	2026-05-09T15:44:24.8066471Z ^[[1m^[[92m       Fresh^[[0m zeroize v1.8.2
Test (windows-latest)	Run doc tests	2026-05-09T15:44:24.8067177Z ^[[1m^[[92m       Fresh^[[0m lazy_static v1.5.0
Test (windows-latest)	Run doc tests	2026-05-09T15:44:24.8068016Z ^[[1m^[[92m       Fresh^[[0m iri-string v0.7.10
Test (windows-latest)	Run doc tests	2026-05-09T15:44:24.8068894Z ^[[1m^[[92m       Fresh^[[0m untrusted v0.9.0
Test (windows-latest)	Run doc tests	2026-05-09T15:44:24.8069321Z ^[[1m^[[92m       Fresh^[[0m bitflags v2.11.0
Test (windows-latest)	Run doc tests	2026-05-09T15:44:24.8070321Z ^[[1m^[[92m       Fresh^[[0m ring v0.17.14
Test (windows-latest)	Run doc tests	2026-05-09T15:44:24.8071103Z ^[[1m^[[92m       Fresh^[[0m tower-http v0.6.8
Test (windows-latest)	Run doc tests	2026-05-09T15:44:24.8072059Z ^[[1m^[[92m       Fresh^[[0m sharded-slab v0.1.7
Test (windows-latest)	Run doc tests	2026-05-09T15:44:24.8072835Z ^[[1m^[[92m       Fresh^[[0m rustls-pki-types v1.14.0
Test (windows-latest)	Run doc tests	2026-05-09T15:44:24.8073692Z ^[[1m^[[92m       Fresh^[[0m thiserror v1.0.69
Test (windows-latest)	Run doc tests	2026-05-09T15:44:24.8074545Z ^[[1m^[[92m       Fresh^[[0m ctor v0.4.3
Test (windows-latest)	Run doc tests	2026-05-09T15:44:24.8075092Z ^[[1m^[[92m       Fresh^[[0m simple_asn1 v0.6.4
Test (windows-latest)	Run doc tests	2026-05-09T15:44:24.8075874Z ^[[1m^[[92m       Fresh^[[0m digest v0.10.7
Test (windows-latest)	Run doc tests	2026-05-09T15:44:24.8076759Z ^[[1m^[[92m       Fresh^[[0m hyper-tls v0.6.0
Test (windows-latest)	Run doc tests	2026-05-09T15:44:24.8077631Z ^[[1m^[[92m       Fresh^[[0m clap v4.5.60
Test (windows-latest)	Run doc tests	2026-05-09T15:44:24.8079002Z ^[[1m^[[92m       Fresh^[[0m matchers v0.2.0
Test (windows-latest)	Run doc tests	2026-05-09T15:44:24.8079585Z ^[[1m^[[92m       Fresh^[[0m url v2.5.8
Test (windows-latest)	Run doc tests	2026-05-09T15:44:24.8080553Z ^[[1m^[[92m       Fresh^[[0m axum-core v0.5.6
Test (windows-latest)	Run doc tests	2026-05-09T15:44:24.8081418Z ^[[1m^[[92m       Fresh^[[0m pem v3.0.6
Test (windows-latest)	Run doc tests	2026-05-09T15:44:24.8082345Z ^[[1m^[[92m       Fresh^[[0m tracing-serde v0.2.0
Test (windows-latest)	Run doc tests	2026-05-09T15:44:24.8082825Z ^[[1m^[[92m       Fresh^[[0m encoding_rs v0.8.35
Test (windows-latest)	Run doc tests	2026-05-09T15:44:24.8083799Z ^[[1m^[[92m       Fresh^[[0m thread_local v1.1.9
Test (windows-latest)	Run doc tests	2026-05-09T15:44:24.8084297Z ^[[1m^[[92m       Fresh^[[0m serde_path_to_error v0.1.20
Test (windows-latest)	Run doc tests	2026-05-09T15:44:24.8085262Z ^[[1m^[[92m       Fresh^[[0m tracing-log v0.2.0
Test (windows-latest)	Run doc tests	2026-05-09T15:44:24.8086064Z ^[[1m^[[92m       Fresh^[[0m axum-macros v0.5.0
Test (windows-latest)	Run doc tests	2026-05-09T15:44:24.8087513Z ^[[1m^[[92m       Fresh^[[0m async-stream-impl v0.3.6
Test (windows-latest)	Run doc tests	2026-05-09T15:44:24.8088384Z ^[[1m^[[92m       Fresh^[[0m nu-ansi-term v0.50.3
Test (windows-latest)	Run doc tests	2026-05-09T15:44:24.8088875Z ^[[1m^[[92m       Fresh^[[0m cpufeatures v0.2.17
Test (windows-latest)	Run doc tests	2026-05-09T15:44:24.8089744Z ^[[1m^[[92m       Fresh^[[0m lino-env v0.1.0
Test (windows-latest)	Run doc tests	2026-05-09T15:44:24.8090450Z ^[[1m^[[92m       Fresh^[[0m matchit v0.8.4
Test (windows-latest)	Run doc tests	2026-05-09T15:44:24.8091308Z ^[[1m^[[92m       Fresh^[[0m dotenvy v0.15.7
Test (windows-latest)	Run doc tests	2026-05-09T15:44:24.8091792Z ^[[1m^[[92m       Fresh^[[0m tracing-subscriber v0.3.23
Test (windows-latest)	Run doc tests	2026-05-09T15:44:24.8092900Z ^[[1m^[[92m       Fresh^[[0m sha2 v0.10.9
Test (windows-latest)	Run doc tests	2026-05-09T15:44:24.8093317Z ^[[1m^[[92m       Fresh^[[0m axum v0.8.8
Test (windows-latest)	Run doc tests	2026-05-09T15:44:24.8094770Z ^[[1m^[[92m       Fresh^[[0m lino-arguments v0.3.0
Test (windows-latest)	Run doc tests	2026-05-09T15:44:24.8095254Z ^[[1m^[[92m       Fresh^[[0m async-stream v0.3.6
Test (windows-latest)	Run doc tests	2026-05-09T15:44:24.8096134Z ^[[1m^[[92m       Fresh^[[0m jsonwebtoken v9.3.1
Test (windows-latest)	Run doc tests	2026-05-09T15:44:24.8096864Z ^[[1m^[[92m       Fresh^[[0m reqwest v0.12.28
Test (windows-latest)	Run doc tests	2026-05-09T15:44:24.8098430Z ^[[1m^[[92m       Fresh^[[0m uuid v1.22.0
Test (windows-latest)	Run doc tests	2026-05-09T15:44:24.8099306Z ^[[1m^[[92m       Fresh^[[0m chrono v0.4.44
Test (windows-latest)	Run doc tests	2026-05-09T15:44:24.8100317Z ^[[1m^[[92m       Fresh^[[0m tokio-stream v0.1.17
Test (windows-latest)	Run doc tests	2026-05-09T15:44:24.8101016Z ^[[1m^[[92m       Fresh^[[0m async-trait v0.1.89
Test (windows-latest)	Run doc tests	2026-05-09T15:44:24.8102210Z ^[[1m^[[92m       Fresh^[[0m log-lazy v0.1.0
Test (windows-latest)	Run doc tests	2026-05-09T15:44:24.8102670Z ^[[1m^[[92m       Fresh^[[0m fastrand v2.3.0
Test (windows-latest)	Run doc tests	2026-05-09T15:44:24.8103600Z ^[[1m^[[92m       Fresh^[[0m hex v0.4.3
Test (windows-latest)	Run doc tests	2026-05-09T15:44:24.8107478Z ^[[1m^[[92m       Fresh^[[0m tempfile v3.27.0
Test (windows-latest)	Run doc tests	2026-05-09T15:44:24.8108261Z ^[[1m^[[92m       Fresh^[[0m tokio-test v0.4.4
Test (windows-latest)	Run doc tests	2026-05-09T15:44:24.8109435Z ^[[1m^[[92m       Fresh^[[0m link-assistant-router v0.13.0 (D:\a\router\router)
Test (windows-latest)	Run doc tests	2026-05-09T15:44:24.8110496Z ^[[1m^[[92m    Finished^[[0m `test` profile [unoptimized + debuginfo] target(s) in 0.22s
Test (windows-latest)	Run doc tests	2026-05-09T15:44:24.8249947Z ^[[1m^[[92m   Doc-tests^[[0m link_assistant_router
Test (windows-latest)	Run doc tests	2026-05-09T15:44:24.8264275Z ^[[1m^[[92m     Running^[[0m `C:\Users\runneradmin\.rustup\toolchains\stable-x86_64-pc-windows-msvc\bin\rustdoc.exe --edition=2021 --crate-type lib --color always --crate-name link_assistant_router --test src\lib.rs --test-run-directory D:\a\router\router -L native=D:\a\router\router\target\debug\build\ring-fa7904eea9a6bf49\out --warn=clippy::pedantic --warn=clippy::nursery --warn=clippy::all --forbid=unsafe_code --allow=clippy::too_many_lines --allow=clippy::module_name_repetitions --allow=clippy::missing_panics_doc --allow=clippy::missing_errors_doc --extern async_trait=D:\a\router\router\target\debug\deps\async_trait-ef00f149e0c4ef7f.dll --extern axum=D:\a\router\router\target\debug\deps\libaxum-044ff394cb4827c4.rlib --extern base64=D:\a\router\router\target\debug\deps\libbase64-19c0972e70d576e3.rlib --extern bytes=D:\a\router\router\target\debug\deps\libbytes-0049804197eeee46.rlib --extern chrono=D:\a\router\router\target\debug\deps\libchrono-c81983bc7d6c2655.rlib --extern clap=D:\a\router\router\target\debug\deps\libclap-e7a51dfa56f6cf4e.rlib --extern futures_util=D:\a\router\router\target\debug\deps\libfutures_util-be5ddbcac4ba05ad.rlib --extern hex=D:\a\router\router\target\debug\deps\libhex-c2b7bb54df207237.rlib --extern http=D:\a\router\router\target\debug\deps\libhttp-f4e453de23c07076.rlib --extern http_body_util=D:\a\router\router\target\debug\deps\libhttp_body_util-3a1fe3be55988cce.rlib --extern hyper=D:\a\router\router\target\debug\deps\libhyper-a3ad4c450da3713b.rlib --extern hyper_util=D:\a\router\router\target\debug\deps\libhyper_util-8e17a9eab3c7ddf9.rlib --extern jsonwebtoken=D:\a\router\router\target\debug\deps\libjsonwebtoken-419c31de5b8dd0c9.rlib --extern link_assistant_router=D:\a\router\router\target\debug\deps\liblink_assistant_router-67b362fb3fd1e833.rlib --extern lino_arguments=D:\a\router\router\target\debug\deps\liblino_arguments-921722d47890633a.rlib --extern log_lazy=D:\a\router\router\target\debug\deps\liblog_lazy-68e1cf4d39668084.rlib --extern reqwest=D:\a\router\router\target\debug\deps\libreqwest-ec27e77615f8dd30.rlib --extern serde=D:\a\router\router\target\debug\deps\libserde-f9b3dc43bd15d0dc.rlib --extern serde_json=D:\a\router\router\target\debug\deps\libserde_json-e5ea8f73bcd10893.rlib --extern sha2=D:\a\router\router\target\debug\deps\libsha2-6d8e02b2db3cd05d.rlib --extern tempfile=D:\a\router\router\target\debug\deps\libtempfile-37237b10ea14254e.rlib --extern tokio=D:\a\router\router\target\debug\deps\libtokio-873f32c997ee07c7.rlib --extern tokio_test=D:\a\router\router\target\debug\deps\libtokio_test-f2c9f198e74c485a.rlib --extern tower=D:\a\router\router\target\debug\deps\libtower-dc2dcebe0dd6a269.rlib --extern tower_http=D:\a\router\router\target\debug\deps\libtower_http-77d6c52ab3246d0f.rlib --extern tracing=D:\a\router\router\target\debug\deps\libtracing-b0f77ce5a7c3fbd7.rlib --extern tracing_subscriber=D:\a\router\router\target\debug\deps\libtracing_subscriber-94cdab4d4653adfb.rlib --extern uuid=D:\a\router\router\target\debug\deps\libuuid-cd037cbf6b0e6463.rlib -L dependency=D:\a\router\router\target\debug\deps -C embed-bitcode=no --check-cfg cfg(docsrs,test) --check-cfg "cfg(feature, values())" --error-format human`
Test (windows-latest)	Run doc tests	2026-05-09T15:44:25.0575602Z
Test (windows-latest)	Run doc tests	2026-05-09T15:44:25.0576025Z running 0 tests
Test (windows-latest)	Run doc tests	2026-05-09T15:44:25.0576214Z
Test (windows-latest)	Run doc tests	2026-05-09T15:44:25.0576482Z test result: ok. 0 passed; 0 failed; 0 ignored; 0 measured; 0 filtered out; finished in 0.00s
Test (windows-latest)	Run doc tests	2026-05-09T15:44:25.0576835Z
Test (windows-latest)	Post Cache cargo registry	﻿2026-05-09T15:44:25.6449385Z Post job cleanup.
Test (windows-latest)	Post Cache cargo registry	2026-05-09T15:44:25.8260875Z Cache hit occurred on the primary key Windows-cargo-aa8db31321df8cca284683837fcf45f562c4202da0a5e8bbc7a82588d0ec3230, not saving cache.
Test (windows-latest)	Post Run actions/checkout@v4	﻿2026-05-09T15:44:25.8504131Z Post job cleanup.
Test (windows-latest)	Post Run actions/checkout@v4	2026-05-09T15:44:26.0463542Z [command]"C:\Program Files\Git\bin\git.exe" version
Test (windows-latest)	Post Run actions/checkout@v4	2026-05-09T15:44:26.0735258Z git version 2.54.0.windows.1
Test (windows-latest)	Post Run actions/checkout@v4	2026-05-09T15:44:26.0807052Z Temporarily overriding HOME='D:\a\_temp\fbf3531c-aafb-4f06-b685-dde0b1676f92' before making global git config changes
Test (windows-latest)	Post Run actions/checkout@v4	2026-05-09T15:44:26.0807814Z Adding repository directory to the temporary git global config as a safe directory
Test (windows-latest)	Post Run actions/checkout@v4	2026-05-09T15:44:26.0818927Z [command]"C:\Program Files\Git\bin\git.exe" config --global --add safe.directory D:\a\router\router
Test (windows-latest)	Post Run actions/checkout@v4	2026-05-09T15:44:26.1120470Z [command]"C:\Program Files\Git\bin\git.exe" config --local --name-only --get-regexp core\.sshCommand
Test (windows-latest)	Post Run actions/checkout@v4	2026-05-09T15:44:26.1480056Z [command]"C:\Program Files\Git\bin\git.exe" submodule foreach --recursive "sh -c \"git config --local --name-only --get-regexp 'core\.sshCommand' && git config --local --unset-all 'core.sshCommand' || :\""
Test (windows-latest)	Post Run actions/checkout@v4	2026-05-09T15:44:26.6930322Z [command]"C:\Program Files\Git\bin\git.exe" config --local --name-only --get-regexp http\.https\:\/\/github\.com\/\.extraheader
Test (windows-latest)	Post Run actions/checkout@v4	2026-05-09T15:44:26.7185399Z http.https://github.com/.extraheader
Test (windows-latest)	Post Run actions/checkout@v4	2026-05-09T15:44:26.7241112Z [command]"C:\Program Files\Git\bin\git.exe" config --local --unset-all http.https://github.com/.extraheader
Test (windows-latest)	Post Run actions/checkout@v4	2026-05-09T15:44:26.7538742Z [command]"C:\Program Files\Git\bin\git.exe" submodule foreach --recursive "sh -c \"git config --local --name-only --get-regexp 'http\.https\:\/\/github\.com\/\.extraheader' && git config --local --unset-all 'http.https://github.com/.extraheader' || :\""
Test (windows-latest)	Post Run actions/checkout@v4	2026-05-09T15:44:27.2657800Z [command]"C:\Program Files\Git\bin\git.exe" config --local --name-only --get-regexp ^includeIf\.gitdir:
Test (windows-latest)	Post Run actions/checkout@v4	2026-05-09T15:44:27.2956087Z [command]"C:\Program Files\Git\bin\git.exe" submodule foreach --recursive "git config --local --show-origin --name-only --get-regexp remote.origin.url"
Test (windows-latest)	Complete job	﻿2026-05-09T15:44:27.8495628Z Cleaning up orphan processes
Test (windows-latest)	Complete job	2026-05-09T15:44:27.8704585Z Terminate orphan process: pid (10016) (vctip)
Test (windows-latest)	Complete job	2026-05-09T15:44:27.8730440Z ##[warning]Node.js 20 actions are deprecated. The following actions are running on Node.js 20 and may not work as expected: actions/cache@v4, actions/checkout@v4. Actions will be forced to run with Node.js 24 by default starting June 2nd, 2026. Node.js 20 will be removed from the runner on September 16th, 2026. Please check if updated versions of these actions are available that support Node.js 24. To opt into Node.js 24 now, set the FORCE_JAVASCRIPT_ACTIONS_TO_NODE24=true environment variable on the runner or in your workflow file. Once Node.js 24 becomes the default, you can temporarily opt out by setting ACTIONS_ALLOW_USE_UNSECURE_NODE_VERSION=true. For more information see: https://github.blog/changelog/2025-09-19-deprecation-of-node-20-on-github-actions-runners/
Build Package	Set up job	﻿2026-05-09T15:44:32.4878762Z Current runner version: '2.334.0'
Build Package	Set up job	2026-05-09T15:44:32.4905042Z ##[group]Runner Image Provisioner
Build Package	Set up job	2026-05-09T15:44:32.4905850Z Hosted Compute Agent
Build Package	Set up job	2026-05-09T15:44:32.4906372Z Version: 20260213.493
Build Package	Set up job	2026-05-09T15:44:32.4906915Z Commit: 5c115507f6dd24b8de37d8bbe0bb4509d0cc0fa3
Build Package	Set up job	2026-05-09T15:44:32.4907583Z Build Date: 2026-02-13T00:28:41Z
Build Package	Set up job	2026-05-09T15:44:32.4908179Z Worker ID: {8355b09d-a0ae-4b2d-8d8d-5d42341fb997}
Build Package	Set up job	2026-05-09T15:44:32.4908784Z Azure Region: northcentralus
Build Package	Set up job	2026-05-09T15:44:32.4909366Z ##[endgroup]
Build Package	Set up job	2026-05-09T15:44:32.4910751Z ##[group]Operating System
Build Package	Set up job	2026-05-09T15:44:32.4911315Z Ubuntu
Build Package	Set up job	2026-05-09T15:44:32.4911802Z 24.04.4
Build Package	Set up job	2026-05-09T15:44:32.4912211Z LTS
Build Package	Set up job	2026-05-09T15:44:32.4912670Z ##[endgroup]
Build Package	Set up job	2026-05-09T15:44:32.4913180Z ##[group]Runner Image
Build Package	Set up job	2026-05-09T15:44:32.4913665Z Image: ubuntu-24.04
Build Package	Set up job	2026-05-09T15:44:32.4914133Z Version: 20260413.86.1
Build Package	Set up job	2026-05-09T15:44:32.4915048Z Included Software: https://github.com/actions/runner-images/blob/ubuntu24/20260413.86/images/ubuntu/Ubuntu2404-Readme.md
Build Package	Set up job	2026-05-09T15:44:32.4916525Z Image Release: https://github.com/actions/runner-images/releases/tag/ubuntu24%2F20260413.86
Build Package	Set up job	2026-05-09T15:44:32.4917307Z ##[endgroup]
Build Package	Set up job	2026-05-09T15:44:32.4919763Z ##[group]GITHUB_TOKEN Permissions
Build Package	Set up job	2026-05-09T15:44:32.4922246Z Actions: write
Build Package	Set up job	2026-05-09T15:44:32.4922777Z ArtifactMetadata: write
Build Package	Set up job	2026-05-09T15:44:32.4923327Z Attestations: write
Build Package	Set up job	2026-05-09T15:44:32.4923790Z Checks: write
Build Package	Set up job	2026-05-09T15:44:32.4924254Z Contents: write
Build Package	Set up job	2026-05-09T15:44:32.4924743Z Deployments: write
Build Package	Set up job	2026-05-09T15:44:32.4925231Z Discussions: write
Build Package	Set up job	2026-05-09T15:44:32.4925711Z Issues: write
Build Package	Set up job	2026-05-09T15:44:32.4926131Z Metadata: read
Build Package	Set up job	2026-05-09T15:44:32.4926624Z Models: read
Build Package	Set up job	2026-05-09T15:44:32.4927089Z Packages: write
Build Package	Set up job	2026-05-09T15:44:32.4927534Z Pages: write
Build Package	Set up job	2026-05-09T15:44:32.4928297Z PullRequests: write
Build Package	Set up job	2026-05-09T15:44:32.4928818Z RepositoryProjects: write
Build Package	Set up job	2026-05-09T15:44:32.4929378Z SecurityEvents: write
Build Package	Set up job	2026-05-09T15:44:32.4929918Z Statuses: write
Build Package	Set up job	2026-05-09T15:44:32.4930378Z VulnerabilityAlerts: read
Build Package	Set up job	2026-05-09T15:44:32.4931208Z ##[endgroup]
Build Package	Set up job	2026-05-09T15:44:32.4933338Z Secret source: Actions
Build Package	Set up job	2026-05-09T15:44:32.4933994Z Prepare workflow directory
Build Package	Set up job	2026-05-09T15:44:32.5436924Z Prepare all required actions
Build Package	Set up job	2026-05-09T15:44:32.5477057Z Getting action download info
Build Package	Set up job	2026-05-09T15:44:32.8984909Z Download action repository 'actions/checkout@v4' (SHA:34e114876b0b11c390a56381ad16ebd13914f8d5)
Build Package	Set up job	2026-05-09T15:44:32.9812385Z Download action repository 'dtolnay/rust-toolchain@stable' (SHA:29eef336d9b2848a0b548edc03f92a220660cdb8)
Build Package	Set up job	2026-05-09T15:44:33.1298076Z Download action repository 'actions/cache@v4' (SHA:0057852bfaa89a56745cba8c7296529d2fc39830)
Build Package	Set up job	2026-05-09T15:44:33.5399805Z Complete job name: Build Package
Build Package	Run actions/checkout@v4	﻿2026-05-09T15:44:33.6229848Z ##[group]Run actions/checkout@v4
Build Package	Run actions/checkout@v4	2026-05-09T15:44:33.6231397Z with:
Build Package	Run actions/checkout@v4	2026-05-09T15:44:33.6232134Z   repository: link-assistant/router
Build Package	Run actions/checkout@v4	2026-05-09T15:44:33.6233353Z   token: ***
Build Package	Run actions/checkout@v4	2026-05-09T15:44:33.6234031Z   ssh-strict: true
Build Package	Run actions/checkout@v4	2026-05-09T15:44:33.6234767Z   ssh-user: git
Build Package	Run actions/checkout@v4	2026-05-09T15:44:33.6235512Z   persist-credentials: true
Build Package	Run actions/checkout@v4	2026-05-09T15:44:33.6236328Z   clean: true
Build Package	Run actions/checkout@v4	2026-05-09T15:44:33.6237040Z   sparse-checkout-cone-mode: true
Build Package	Run actions/checkout@v4	2026-05-09T15:44:33.6237882Z   fetch-depth: 1
Build Package	Run actions/checkout@v4	2026-05-09T15:44:33.6238575Z   fetch-tags: false
Build Package	Run actions/checkout@v4	2026-05-09T15:44:33.6239293Z   show-progress: true
Build Package	Run actions/checkout@v4	2026-05-09T15:44:33.6240004Z   lfs: false
Build Package	Run actions/checkout@v4	2026-05-09T15:44:33.6240816Z   submodules: false
Build Package	Run actions/checkout@v4	2026-05-09T15:44:33.6241554Z   set-safe-directory: true
Build Package	Run actions/checkout@v4	2026-05-09T15:44:33.6242588Z env:
Build Package	Run actions/checkout@v4	2026-05-09T15:44:33.6243227Z   CARGO_TERM_COLOR: always
Build Package	Run actions/checkout@v4	2026-05-09T15:44:33.6244030Z   RUSTFLAGS: -Dwarnings
Build Package	Run actions/checkout@v4	2026-05-09T15:44:33.6245063Z   CARGO_REGISTRY_TOKEN: ***
Build Package	Run actions/checkout@v4	2026-05-09T15:44:33.6245941Z   DOCKERHUB_IMAGE: konard/link-assistant-router
Build Package	Run actions/checkout@v4	2026-05-09T15:44:33.6246942Z ##[endgroup]
Build Package	Run actions/checkout@v4	2026-05-09T15:44:33.7342079Z Syncing repository: link-assistant/router
Build Package	Run actions/checkout@v4	2026-05-09T15:44:33.7344917Z ##[group]Getting Git version info
Build Package	Run actions/checkout@v4	2026-05-09T15:44:33.7346055Z Working directory is '/home/runner/work/router/router'
Build Package	Run actions/checkout@v4	2026-05-09T15:44:33.7347630Z [command]/usr/bin/git version
Build Package	Run actions/checkout@v4	2026-05-09T15:44:33.7376182Z git version 2.53.0
Build Package	Run actions/checkout@v4	2026-05-09T15:44:33.7400937Z ##[endgroup]
Build Package	Run actions/checkout@v4	2026-05-09T15:44:33.7415018Z Temporarily overriding HOME='/home/runner/work/_temp/6891140d-b8fa-45eb-9ce1-c25d3f11ed09' before making global git config changes
Build Package	Run actions/checkout@v4	2026-05-09T15:44:33.7417357Z Adding repository directory to the temporary git global config as a safe directory
Build Package	Run actions/checkout@v4	2026-05-09T15:44:33.7419467Z [command]/usr/bin/git config --global --add safe.directory /home/runner/work/router/router
Build Package	Run actions/checkout@v4	2026-05-09T15:44:33.7448333Z Deleting the contents of '/home/runner/work/router/router'
Build Package	Run actions/checkout@v4	2026-05-09T15:44:33.7451661Z ##[group]Initializing the repository
Build Package	Run actions/checkout@v4	2026-05-09T15:44:33.7455384Z [command]/usr/bin/git init /home/runner/work/router/router
Build Package	Run actions/checkout@v4	2026-05-09T15:44:33.7517896Z hint: Using 'master' as the name for the initial branch. This default branch name
Build Package	Run actions/checkout@v4	2026-05-09T15:44:33.7521039Z hint: will change to "main" in Git 3.0. To configure the initial branch name
Build Package	Run actions/checkout@v4	2026-05-09T15:44:33.7523817Z hint: to use in all of your new repositories, which will suppress this warning,
Build Package	Run actions/checkout@v4	2026-05-09T15:44:33.7525959Z hint: call:
Build Package	Run actions/checkout@v4	2026-05-09T15:44:33.7527052Z hint:
Build Package	Run actions/checkout@v4	2026-05-09T15:44:33.7528388Z hint: 	git config --global init.defaultBranch <name>
Build Package	Run actions/checkout@v4	2026-05-09T15:44:33.7530014Z hint:
Build Package	Run actions/checkout@v4	2026-05-09T15:44:33.7531731Z hint: Names commonly chosen instead of 'master' are 'main', 'trunk' and
Build Package	Run actions/checkout@v4	2026-05-09T15:44:33.7534443Z hint: 'development'. The just-created branch can be renamed via this command:
Build Package	Run actions/checkout@v4	2026-05-09T15:44:33.7536382Z hint:
Build Package	Run actions/checkout@v4	2026-05-09T15:44:33.7537503Z hint: 	git branch -m <name>
Build Package	Run actions/checkout@v4	2026-05-09T15:44:33.7538979Z hint:
Build Package	Run actions/checkout@v4	2026-05-09T15:44:33.7540035Z hint: Disable this message with "git config set advice.defaultBranchName false"
Build Package	Run actions/checkout@v4	2026-05-09T15:44:33.7541871Z Initialized empty Git repository in /home/runner/work/router/router/.git/
Build Package	Run actions/checkout@v4	2026-05-09T15:44:33.7545675Z [command]/usr/bin/git remote add origin https://github.com/link-assistant/router
Build Package	Run actions/checkout@v4	2026-05-09T15:44:33.7562614Z ##[endgroup]
Build Package	Run actions/checkout@v4	2026-05-09T15:44:33.7564749Z ##[group]Disabling automatic garbage collection
Build Package	Run actions/checkout@v4	2026-05-09T15:44:33.7566695Z [command]/usr/bin/git config --local gc.auto 0
Build Package	Run actions/checkout@v4	2026-05-09T15:44:33.7594985Z ##[endgroup]
Build Package	Run actions/checkout@v4	2026-05-09T15:44:33.7597438Z ##[group]Setting up auth
Build Package	Run actions/checkout@v4	2026-05-09T15:44:33.7601725Z [command]/usr/bin/git config --local --name-only --get-regexp core\.sshCommand
Build Package	Run actions/checkout@v4	2026-05-09T15:44:33.7627204Z [command]/usr/bin/git submodule foreach --recursive sh -c "git config --local --name-only --get-regexp 'core\.sshCommand' && git config --local --unset-all 'core.sshCommand' || :"
Build Package	Run actions/checkout@v4	2026-05-09T15:44:33.7863224Z [command]/usr/bin/git config --local --name-only --get-regexp http\.https\:\/\/github\.com\/\.extraheader
Build Package	Run actions/checkout@v4	2026-05-09T15:44:33.7891289Z [command]/usr/bin/git submodule foreach --recursive sh -c "git config --local --name-only --get-regexp 'http\.https\:\/\/github\.com\/\.extraheader' && git config --local --unset-all 'http.https://github.com/.extraheader' || :"
Build Package	Run actions/checkout@v4	2026-05-09T15:44:33.8074825Z [command]/usr/bin/git config --local --name-only --get-regexp ^includeIf\.gitdir:
Build Package	Run actions/checkout@v4	2026-05-09T15:44:33.8101233Z [command]/usr/bin/git submodule foreach --recursive git config --local --show-origin --name-only --get-regexp remote.origin.url
Build Package	Run actions/checkout@v4	2026-05-09T15:44:33.8278615Z [command]/usr/bin/git config --local http.https://github.com/.extraheader AUTHORIZATION: basic ***
Build Package	Run actions/checkout@v4	2026-05-09T15:44:33.8308591Z ##[endgroup]
Build Package	Run actions/checkout@v4	2026-05-09T15:44:33.8309873Z ##[group]Fetching the repository
Build Package	Run actions/checkout@v4	2026-05-09T15:44:33.8318067Z [command]/usr/bin/git -c protocol.version=2 fetch --no-tags --prune --no-recurse-submodules --depth=1 origin +ba32e82dc793d7f93a9953448b25cb6ac18c737d:refs/remotes/pull/26/merge
Build Package	Run actions/checkout@v4	2026-05-09T15:44:34.2172033Z From https://github.com/link-assistant/router
Build Package	Run actions/checkout@v4	2026-05-09T15:44:34.2173534Z  * [new ref]         ba32e82dc793d7f93a9953448b25cb6ac18c737d -> pull/26/merge
Build Package	Run actions/checkout@v4	2026-05-09T15:44:34.2197387Z ##[endgroup]
Build Package	Run actions/checkout@v4	2026-05-09T15:44:34.2199363Z ##[group]Determining the checkout info
Build Package	Run actions/checkout@v4	2026-05-09T15:44:34.2201783Z ##[endgroup]
Build Package	Run actions/checkout@v4	2026-05-09T15:44:34.2205148Z [command]/usr/bin/git sparse-checkout disable
Build Package	Run actions/checkout@v4	2026-05-09T15:44:34.2239271Z [command]/usr/bin/git config --local --unset-all extensions.worktreeConfig
Build Package	Run actions/checkout@v4	2026-05-09T15:44:34.2262908Z ##[group]Checking out the ref
Build Package	Run actions/checkout@v4	2026-05-09T15:44:34.2268358Z [command]/usr/bin/git checkout --progress --force refs/remotes/pull/26/merge
Build Package	Run actions/checkout@v4	2026-05-09T15:44:34.2432853Z Note: switching to 'refs/remotes/pull/26/merge'.
Build Package	Run actions/checkout@v4	2026-05-09T15:44:34.2433994Z
Build Package	Run actions/checkout@v4	2026-05-09T15:44:34.2435012Z You are in 'detached HEAD' state. You can look around, make experimental
Build Package	Run actions/checkout@v4	2026-05-09T15:44:34.2437397Z changes and commit them, and you can discard any commits you make in this
Build Package	Run actions/checkout@v4	2026-05-09T15:44:34.2439573Z state without impacting any branches by switching back to a branch.
Build Package	Run actions/checkout@v4	2026-05-09T15:44:34.2441177Z
Build Package	Run actions/checkout@v4	2026-05-09T15:44:34.2442143Z If you want to create a new branch to retain commits you create, you may
Build Package	Run actions/checkout@v4	2026-05-09T15:44:34.2444472Z do so (now or later) by using -c with the switch command. Example:
Build Package	Run actions/checkout@v4	2026-05-09T15:44:34.2445725Z
Build Package	Run actions/checkout@v4	2026-05-09T15:44:34.2446317Z   git switch -c <new-branch-name>
Build Package	Run actions/checkout@v4	2026-05-09T15:44:34.2447256Z
Build Package	Run actions/checkout@v4	2026-05-09T15:44:34.2447796Z Or undo this operation with:
Build Package	Run actions/checkout@v4	2026-05-09T15:44:34.2448606Z
Build Package	Run actions/checkout@v4	2026-05-09T15:44:34.2449042Z   git switch -
Build Package	Run actions/checkout@v4	2026-05-09T15:44:34.2449664Z
Build Package	Run actions/checkout@v4	2026-05-09T15:44:34.2451005Z Turn off this advice by setting config variable advice.detachedHead to false
Build Package	Run actions/checkout@v4	2026-05-09T15:44:34.2452744Z
Build Package	Run actions/checkout@v4	2026-05-09T15:44:34.2453921Z HEAD is now at ba32e82 Merge d9869a554093bc9d7c450f42308aef4b391f307b into 32be51c7464978cfb12e66692bfe04b8849db236
Build Package	Run actions/checkout@v4	2026-05-09T15:44:34.2456979Z ##[endgroup]
Build Package	Run actions/checkout@v4	2026-05-09T15:44:34.2478983Z [command]/usr/bin/git log -1 --format=%H
Build Package	Run actions/checkout@v4	2026-05-09T15:44:34.2499546Z ba32e82dc793d7f93a9953448b25cb6ac18c737d
Build Package	Setup Rust	﻿2026-05-09T15:44:34.2952846Z ##[group]Run dtolnay/rust-toolchain@stable
Build Package	Setup Rust	2026-05-09T15:44:34.2953804Z with:
Build Package	Setup Rust	2026-05-09T15:44:34.2954399Z   toolchain: stable
Build Package	Setup Rust	2026-05-09T15:44:34.2955055Z env:
Build Package	Setup Rust	2026-05-09T15:44:34.2955628Z   CARGO_TERM_COLOR: always
Build Package	Setup Rust	2026-05-09T15:44:34.2956364Z   RUSTFLAGS: -Dwarnings
Build Package	Setup Rust	2026-05-09T15:44:34.2957423Z   CARGO_REGISTRY_TOKEN: ***
Build Package	Setup Rust	2026-05-09T15:44:34.2958248Z   DOCKERHUB_IMAGE: konard/link-assistant-router
Build Package	Setup Rust	2026-05-09T15:44:34.2959173Z ##[endgroup]
Build Package	Setup Rust	2026-05-09T15:44:34.3111804Z ##[group]Run : parse toolchain version
Build Package	Setup Rust	2026-05-09T15:44:34.3112914Z ^[[36;1m: parse toolchain version^[[0m
Build Package	Setup Rust	2026-05-09T15:44:34.3113777Z ^[[36;1mif [[ -z $toolchain ]]; then^[[0m
Build Package	Setup Rust	2026-05-09T15:44:34.3115272Z ^[[36;1m  # GitHub does not enforce `required: true` inputs itself. https://github.com/actions/runner/issues/1070^[[0m
Build Package	Setup Rust	2026-05-09T15:44:34.3116879Z ^[[36;1m  echo "'toolchain' is a required input" >&2^[[0m
Build Package	Setup Rust	2026-05-09T15:44:34.3117792Z ^[[36;1m  exit 1^[[0m
Build Package	Setup Rust	2026-05-09T15:44:34.3118782Z ^[[36;1melif [[ $toolchain =~ ^stable' '[0-9]+' '(year|month|week|day)s?' 'ago$ ]]; then^[[0m
Build Package	Setup Rust	2026-05-09T15:44:34.3120077Z ^[[36;1m  if [[ Linux == macOS ]]; then^[[0m
Build Package	Setup Rust	2026-05-09T15:44:34.3121778Z ^[[36;1m    echo "toolchain=1.$((($(date -v-$(sed 's/stable \([0-9]*\) \(.\).*/\1\2/' <<< $toolchain) +%s)/60/60/24-16569)/7/6))" >> $GITHUB_OUTPUT^[[0m
Build Package	Setup Rust	2026-05-09T15:44:34.3123288Z ^[[36;1m  else^[[0m
Build Package	Setup Rust	2026-05-09T15:44:34.3124480Z ^[[36;1m    echo "toolchain=1.$((($(date --date "${toolchain#stable }" +%s)/60/60/24-16569)/7/6))" >> $GITHUB_OUTPUT^[[0m
Build Package	Setup Rust	2026-05-09T15:44:34.3125890Z ^[[36;1m  fi^[[0m
Build Package	Setup Rust	2026-05-09T15:44:34.3126795Z ^[[36;1melif [[ $toolchain =~ ^stable' 'minus' '[0-9]+' 'releases?$ ]]; then^[[0m
Build Package	Setup Rust	2026-05-09T15:44:34.3128352Z ^[[36;1m  echo "toolchain=1.$((($(date +%s)/60/60/24-16569)/7/6-${toolchain//[^0-9]/}))" >> $GITHUB_OUTPUT^[[0m
Build Package	Setup Rust	2026-05-09T15:44:34.3129759Z ^[[36;1melif [[ $toolchain =~ ^1\.[0-9]+$ ]]; then^[[0m
Build Package	Setup Rust	2026-05-09T15:44:34.3131388Z ^[[36;1m  echo "toolchain=1.$((i=${toolchain#1.}, c=($(date +%s)/60/60/24-16569)/7/6, i+9*i*(10*i<=c)+90*i*(100*i<=c)))" >> $GITHUB_OUTPUT^[[0m
Build Package	Setup Rust	2026-05-09T15:44:34.3132860Z ^[[36;1melse^[[0m
Build Package	Setup Rust	2026-05-09T15:44:34.3133645Z ^[[36;1m  echo "toolchain=$toolchain" >> $GITHUB_OUTPUT^[[0m
Build Package	Setup Rust	2026-05-09T15:44:34.3134568Z ^[[36;1mfi^[[0m
Build Package	Setup Rust	2026-05-09T15:44:34.3153813Z shell: /usr/bin/bash --noprofile --norc -e -o pipefail {0}
Build Package	Setup Rust	2026-05-09T15:44:34.3154850Z env:
Build Package	Setup Rust	2026-05-09T15:44:34.3155457Z   CARGO_TERM_COLOR: always
Build Package	Setup Rust	2026-05-09T15:44:34.3156198Z   RUSTFLAGS: -Dwarnings
Build Package	Setup Rust	2026-05-09T15:44:34.3157521Z   CARGO_REGISTRY_TOKEN: ***
Build Package	Setup Rust	2026-05-09T15:44:34.3158376Z   DOCKERHUB_IMAGE: konard/link-assistant-router
Build Package	Setup Rust	2026-05-09T15:44:34.3159261Z   toolchain: stable
Build Package	Setup Rust	2026-05-09T15:44:34.3159918Z ##[endgroup]
Build Package	Setup Rust	2026-05-09T15:44:34.3311964Z ##[group]Run : construct rustup command line
Build Package	Setup Rust	2026-05-09T15:44:34.3312991Z ^[[36;1m: construct rustup command line^[[0m
Build Package	Setup Rust	2026-05-09T15:44:34.3314333Z ^[[36;1mecho "targets=$(for t in ${targets//,/ }; do echo -n ' --target' $t; done)" >> $GITHUB_OUTPUT^[[0m
Build Package	Setup Rust	2026-05-09T15:44:34.3316188Z ^[[36;1mecho "components=$(for c in ${components//,/ }; do echo -n ' --component' $c; done)" >> $GITHUB_OUTPUT^[[0m
Build Package	Setup Rust	2026-05-09T15:44:34.3317677Z ^[[36;1mecho "downgrade=" >> $GITHUB_OUTPUT^[[0m
Build Package	Setup Rust	2026-05-09T15:44:34.3332341Z shell: /usr/bin/bash --noprofile --norc -e -o pipefail {0}
Build Package	Setup Rust	2026-05-09T15:44:34.3333369Z env:
Build Package	Setup Rust	2026-05-09T15:44:34.3333985Z   CARGO_TERM_COLOR: always
Build Package	Setup Rust	2026-05-09T15:44:34.3334730Z   RUSTFLAGS: -Dwarnings
Build Package	Setup Rust	2026-05-09T15:44:34.3335792Z   CARGO_REGISTRY_TOKEN: ***
Build Package	Setup Rust	2026-05-09T15:44:34.3336638Z   DOCKERHUB_IMAGE: konard/link-assistant-router
Build Package	Setup Rust	2026-05-09T15:44:34.3337592Z   targets:
Build Package	Setup Rust	2026-05-09T15:44:34.3338210Z   components:
Build Package	Setup Rust	2026-05-09T15:44:34.3338846Z ##[endgroup]
Build Package	Setup Rust	2026-05-09T15:44:34.3434283Z ##[group]Run : set $CARGO_HOME
Build Package	Setup Rust	2026-05-09T15:44:34.3435256Z ^[[36;1m: set $CARGO_HOME^[[0m
Build Package	Setup Rust	2026-05-09T15:44:34.3436256Z ^[[36;1mecho CARGO_HOME=${CARGO_HOME:-"$HOME/.cargo"} >> $GITHUB_ENV^[[0m
Build Package	Setup Rust	2026-05-09T15:44:34.3451197Z shell: /usr/bin/bash --noprofile --norc -e -o pipefail {0}
Build Package	Setup Rust	2026-05-09T15:44:34.3452214Z env:
Build Package	Setup Rust	2026-05-09T15:44:34.3452838Z   CARGO_TERM_COLOR: always
Build Package	Setup Rust	2026-05-09T15:44:34.3453616Z   RUSTFLAGS: -Dwarnings
Build Package	Setup Rust	2026-05-09T15:44:34.3454862Z   CARGO_REGISTRY_TOKEN: ***
Build Package	Setup Rust	2026-05-09T15:44:34.3455713Z   DOCKERHUB_IMAGE: konard/link-assistant-router
Build Package	Setup Rust	2026-05-09T15:44:34.3456598Z ##[endgroup]
Build Package	Setup Rust	2026-05-09T15:44:34.3556884Z ##[group]Run : install rustup if needed
Build Package	Setup Rust	2026-05-09T15:44:34.3557905Z ^[[36;1m: install rustup if needed^[[0m
Build Package	Setup Rust	2026-05-09T15:44:34.3558835Z ^[[36;1mif ! command -v rustup &>/dev/null; then^[[0m
Build Package	Setup Rust	2026-05-09T15:44:34.3561075Z ^[[36;1m  curl --proto '=https' --tlsv1.2 --retry 10 --retry-connrefused --location --silent --show-error --fail https://sh.rustup.rs | sh -s -- --default-toolchain none -y^[[0m
Build Package	Setup Rust	2026-05-09T15:44:34.3563232Z ^[[36;1m  echo "$CARGO_HOME/bin" >> $GITHUB_PATH^[[0m
Build Package	Setup Rust	2026-05-09T15:44:34.3564141Z ^[[36;1mfi^[[0m
Build Package	Setup Rust	2026-05-09T15:44:34.3578812Z shell: /usr/bin/bash --noprofile --norc -e -o pipefail {0}
Build Package	Setup Rust	2026-05-09T15:44:34.3579825Z env:
Build Package	Setup Rust	2026-05-09T15:44:34.3580451Z   CARGO_TERM_COLOR: always
Build Package	Setup Rust	2026-05-09T15:44:34.3581302Z   RUSTFLAGS: -Dwarnings
Build Package	Setup Rust	2026-05-09T15:44:34.3582374Z   CARGO_REGISTRY_TOKEN: ***
Build Package	Setup Rust	2026-05-09T15:44:34.3583251Z   DOCKERHUB_IMAGE: konard/link-assistant-router
Build Package	Setup Rust	2026-05-09T15:44:34.3584197Z   CARGO_HOME: /home/runner/.cargo
Build Package	Setup Rust	2026-05-09T15:44:34.3584984Z ##[endgroup]
Build Package	Setup Rust	2026-05-09T15:44:34.3687670Z ##[group]Run rustup toolchain install stable --profile minimal --no-self-update
Build Package	Setup Rust	2026-05-09T15:44:34.3689286Z ^[[36;1mrustup toolchain install stable --profile minimal --no-self-update^[[0m
Build Package	Setup Rust	2026-05-09T15:44:34.3704299Z shell: /usr/bin/bash --noprofile --norc -e -o pipefail {0}
Build Package	Setup Rust	2026-05-09T15:44:34.3705302Z env:
Build Package	Setup Rust	2026-05-09T15:44:34.3705904Z   CARGO_TERM_COLOR: always
Build Package	Setup Rust	2026-05-09T15:44:34.3706657Z   RUSTFLAGS: -Dwarnings
Build Package	Setup Rust	2026-05-09T15:44:34.3707717Z   CARGO_REGISTRY_TOKEN: ***
Build Package	Setup Rust	2026-05-09T15:44:34.3708576Z   DOCKERHUB_IMAGE: konard/link-assistant-router
Build Package	Setup Rust	2026-05-09T15:44:34.3709517Z   CARGO_HOME: /home/runner/.cargo
Build Package	Setup Rust	2026-05-09T15:44:34.3710321Z   RUSTUP_PERMIT_COPY_RENAME: 1
Build Package	Setup Rust	2026-05-09T15:44:34.3711288Z ##[endgroup]
Build Package	Setup Rust	2026-05-09T15:44:34.5291472Z info: syncing channel updates for stable-x86_64-unknown-linux-gnu
Build Package	Setup Rust	2026-05-09T15:44:34.6097177Z info: latest update on 2026-04-16 for version 1.95.0 (59807616e 2026-04-14)
Build Package	Setup Rust	2026-05-09T15:44:34.6279897Z info: removing previous version of component clippy
Build Package	Setup Rust	2026-05-09T15:44:34.6344240Z info: removing previous version of component rustfmt
Build Package	Setup Rust	2026-05-09T15:44:34.6351340Z info: removing previous version of component cargo
Build Package	Setup Rust	2026-05-09T15:44:34.6378117Z info: removing previous version of component rust-std
Build Package	Setup Rust	2026-05-09T15:44:34.6401645Z info: removing previous version of component rustc
Build Package	Setup Rust	2026-05-09T15:44:34.6427246Z info: downloading 5 components
Build Package	Setup Rust	2026-05-09T15:44:43.6624618Z
Build Package	Setup Rust	2026-05-09T15:44:43.6707914Z   stable-x86_64-unknown-linux-gnu updated - rustc 1.95.0 (59807616e 2026-04-14) (from rustc 1.94.1 (e408947bf 2026-03-25))
Build Package	Setup Rust	2026-05-09T15:44:43.6708899Z
Build Package	Setup Rust	2026-05-09T15:44:43.6780378Z ##[group]Run rustup default stable
Build Package	Setup Rust	2026-05-09T15:44:43.6781193Z ^[[36;1mrustup default stable^[[0m
Build Package	Setup Rust	2026-05-09T15:44:43.6796189Z shell: /usr/bin/bash --noprofile --norc -e -o pipefail {0}
Build Package	Setup Rust	2026-05-09T15:44:43.6796579Z env:
Build Package	Setup Rust	2026-05-09T15:44:43.6796826Z   CARGO_TERM_COLOR: always
Build Package	Setup Rust	2026-05-09T15:44:43.6797104Z   RUSTFLAGS: -Dwarnings
Build Package	Setup Rust	2026-05-09T15:44:43.6797780Z   CARGO_REGISTRY_TOKEN: ***
Build Package	Setup Rust	2026-05-09T15:44:43.6798092Z   DOCKERHUB_IMAGE: konard/link-assistant-router
Build Package	Setup Rust	2026-05-09T15:44:43.6798417Z   CARGO_HOME: /home/runner/.cargo
Build Package	Setup Rust	2026-05-09T15:44:43.6798697Z ##[endgroup]
Build Package	Setup Rust	2026-05-09T15:44:43.6882555Z info: using existing install for stable-x86_64-unknown-linux-gnu
Build Package	Setup Rust	2026-05-09T15:44:43.6888820Z info: default toolchain set to stable-x86_64-unknown-linux-gnu
Build Package	Setup Rust	2026-05-09T15:44:43.6889575Z
Build Package	Setup Rust	2026-05-09T15:44:43.6957368Z   stable-x86_64-unknown-linux-gnu unchanged - rustc 1.95.0 (59807616e 2026-04-14)
Build Package	Setup Rust	2026-05-09T15:44:43.6957948Z
Build Package	Setup Rust	2026-05-09T15:44:43.7000457Z ##[group]Run : create cachekey
Build Package	Setup Rust	2026-05-09T15:44:43.7001161Z ^[[36;1m: create cachekey^[[0m
Build Package	Setup Rust	2026-05-09T15:44:43.7001749Z ^[[36;1mDATE=$(rustc +stable --version --verbose | sed -ne 's/^commit-date: \(20[0-9][0-9]\)-\([01][0-9]\)-\([0-3][0-9]\)$/\1\2\3/p')^[[0m
Build Package	Setup Rust	2026-05-09T15:44:43.7002743Z ^[[36;1mHASH=$(rustc +stable --version --verbose | sed -ne 's/^commit-hash: //p')^[[0m
Build Package	Setup Rust	2026-05-09T15:44:43.7003306Z ^[[36;1mecho "cachekey=$(echo $DATE$HASH | head -c12)" >> $GITHUB_OUTPUT^[[0m
Build Package	Setup Rust	2026-05-09T15:44:43.7018186Z shell: /usr/bin/bash --noprofile --norc -e -o pipefail {0}
Build Package	Setup Rust	2026-05-09T15:44:43.7018585Z env:
Build Package	Setup Rust	2026-05-09T15:44:43.7018821Z   CARGO_TERM_COLOR: always
Build Package	Setup Rust	2026-05-09T15:44:43.7019107Z   RUSTFLAGS: -Dwarnings
Build Package	Setup Rust	2026-05-09T15:44:43.7019583Z   CARGO_REGISTRY_TOKEN: ***
Build Package	Setup Rust	2026-05-09T15:44:43.7019891Z   DOCKERHUB_IMAGE: konard/link-assistant-router
Build Package	Setup Rust	2026-05-09T15:44:43.7020289Z   CARGO_HOME: /home/runner/.cargo
Build Package	Setup Rust	2026-05-09T15:44:43.7020851Z ##[endgroup]
Build Package	Setup Rust	2026-05-09T15:44:43.7351977Z ##[group]Run : disable incremental compilation
Build Package	Setup Rust	2026-05-09T15:44:43.7352454Z ^[[36;1m: disable incremental compilation^[[0m
Build Package	Setup Rust	2026-05-09T15:44:43.7352838Z ^[[36;1mif [ -z "${CARGO_INCREMENTAL+set}" ]; then^[[0m
Build Package	Setup Rust	2026-05-09T15:44:43.7353276Z ^[[36;1m  echo CARGO_INCREMENTAL=0 >> $GITHUB_ENV^[[0m
Build Package	Setup Rust	2026-05-09T15:44:43.7353616Z ^[[36;1mfi^[[0m
Build Package	Setup Rust	2026-05-09T15:44:43.7368023Z shell: /usr/bin/bash --noprofile --norc -e -o pipefail {0}
Build Package	Setup Rust	2026-05-09T15:44:43.7368419Z env:
Build Package	Setup Rust	2026-05-09T15:44:43.7368662Z   CARGO_TERM_COLOR: always
Build Package	Setup Rust	2026-05-09T15:44:43.7368950Z   RUSTFLAGS: -Dwarnings
Build Package	Setup Rust	2026-05-09T15:44:43.7369408Z   CARGO_REGISTRY_TOKEN: ***
Build Package	Setup Rust	2026-05-09T15:44:43.7369740Z   DOCKERHUB_IMAGE: konard/link-assistant-router
Build Package	Setup Rust	2026-05-09T15:44:43.7370105Z   CARGO_HOME: /home/runner/.cargo
Build Package	Setup Rust	2026-05-09T15:44:43.7370405Z ##[endgroup]
Build Package	Setup Rust	2026-05-09T15:44:43.7525418Z ##[group]Run : enable colors in Cargo output
Build Package	Setup Rust	2026-05-09T15:44:43.7525842Z ^[[36;1m: enable colors in Cargo output^[[0m
Build Package	Setup Rust	2026-05-09T15:44:43.7526220Z ^[[36;1mif [ -z "${CARGO_TERM_COLOR+set}" ]; then^[[0m
Build Package	Setup Rust	2026-05-09T15:44:43.7526609Z ^[[36;1m  echo CARGO_TERM_COLOR=always >> $GITHUB_ENV^[[0m
Build Package	Setup Rust	2026-05-09T15:44:43.7526934Z ^[[36;1mfi^[[0m
Build Package	Setup Rust	2026-05-09T15:44:43.7541629Z shell: /usr/bin/bash --noprofile --norc -e -o pipefail {0}
Build Package	Setup Rust	2026-05-09T15:44:43.7542031Z env:
Build Package	Setup Rust	2026-05-09T15:44:43.7542267Z   CARGO_TERM_COLOR: always
Build Package	Setup Rust	2026-05-09T15:44:43.7542568Z   RUSTFLAGS: -Dwarnings
Build Package	Setup Rust	2026-05-09T15:44:43.7543053Z   CARGO_REGISTRY_TOKEN: ***
Build Package	Setup Rust	2026-05-09T15:44:43.7543369Z   DOCKERHUB_IMAGE: konard/link-assistant-router
Build Package	Setup Rust	2026-05-09T15:44:43.7543726Z   CARGO_HOME: /home/runner/.cargo
Build Package	Setup Rust	2026-05-09T15:44:43.7544016Z   CARGO_INCREMENTAL: 0
Build Package	Setup Rust	2026-05-09T15:44:43.7544273Z ##[endgroup]
Build Package	Setup Rust	2026-05-09T15:44:43.7614343Z ##[group]Run : enable Cargo sparse registry
Build Package	Setup Rust	2026-05-09T15:44:43.7614782Z ^[[36;1m: enable Cargo sparse registry^[[0m
Build Package	Setup Rust	2026-05-09T15:44:43.7615332Z ^[[36;1m# implemented in 1.66, stabilized in 1.68, made default in 1.70^[[0m
Build Package	Setup Rust	2026-05-09T15:44:43.7616106Z ^[[36;1mif [ -z "${CARGO_REGISTRIES_CRATES_IO_PROTOCOL+set}" -o -f "/home/runner/work/_temp"/.implicit_cargo_registries_crates_io_protocol ]; then^[[0m
Build Package	Setup Rust	2026-05-09T15:44:43.7616897Z ^[[36;1m  if rustc +stable --version --verbose | grep -q '^release: 1\.6[89]\.'; then^[[0m
Build Package	Setup Rust	2026-05-09T15:44:43.7617540Z ^[[36;1m    touch "/home/runner/work/_temp"/.implicit_cargo_registries_crates_io_protocol || true^[[0m
Build Package	Setup Rust	2026-05-09T15:44:43.7618156Z ^[[36;1m    echo CARGO_REGISTRIES_CRATES_IO_PROTOCOL=sparse >> $GITHUB_ENV^[[0m
Build Package	Setup Rust	2026-05-09T15:44:43.7618714Z ^[[36;1m  elif rustc +stable --version --verbose | grep -q '^release: 1\.6[67]\.'; then^[[0m
Build Package	Setup Rust	2026-05-09T15:44:43.7619355Z ^[[36;1m    touch "/home/runner/work/_temp"/.implicit_cargo_registries_crates_io_protocol || true^[[0m
Build Package	Setup Rust	2026-05-09T15:44:43.7619945Z ^[[36;1m    echo CARGO_REGISTRIES_CRATES_IO_PROTOCOL=git >> $GITHUB_ENV^[[0m
Build Package	Setup Rust	2026-05-09T15:44:43.7620335Z ^[[36;1m  fi^[[0m
Build Package	Setup Rust	2026-05-09T15:44:43.7620716Z ^[[36;1mfi^[[0m
Build Package	Setup Rust	2026-05-09T15:44:43.7635292Z shell: /usr/bin/bash --noprofile --norc -e -o pipefail {0}
Build Package	Setup Rust	2026-05-09T15:44:43.7635690Z env:
Build Package	Setup Rust	2026-05-09T15:44:43.7635958Z   CARGO_TERM_COLOR: always
Build Package	Setup Rust	2026-05-09T15:44:43.7636257Z   RUSTFLAGS: -Dwarnings
Build Package	Setup Rust	2026-05-09T15:44:43.7636716Z   CARGO_REGISTRY_TOKEN: ***
Build Package	Setup Rust	2026-05-09T15:44:43.7637059Z   DOCKERHUB_IMAGE: konard/link-assistant-router
Build Package	Setup Rust	2026-05-09T15:44:43.7637434Z   CARGO_HOME: /home/runner/.cargo
Build Package	Setup Rust	2026-05-09T15:44:43.7637739Z   CARGO_INCREMENTAL: 0
Build Package	Setup Rust	2026-05-09T15:44:43.7638153Z ##[endgroup]
Build Package	Setup Rust	2026-05-09T15:44:43.7945557Z ##[group]Run : work around spurious network errors in curl 8.0
Build Package	Setup Rust	2026-05-09T15:44:43.7946110Z ^[[36;1m: work around spurious network errors in curl 8.0^[[0m
Build Package	Setup Rust	2026-05-09T15:44:43.7946923Z ^[[36;1m# https://rust-lang.zulipchat.com/#narrow/stream/246057-t-cargo/topic/timeout.20investigation^[[0m
Build Package	Setup Rust	2026-05-09T15:44:43.7947614Z ^[[36;1mif rustc +stable --version --verbose | grep -q '^release: 1\.7[01]\.'; then^[[0m
Build Package	Setup Rust	2026-05-09T15:44:43.7948155Z ^[[36;1m  echo CARGO_HTTP_MULTIPLEXING=false >> $GITHUB_ENV^[[0m
Build Package	Setup Rust	2026-05-09T15:44:43.7948518Z ^[[36;1mfi^[[0m
Build Package	Setup Rust	2026-05-09T15:44:43.7964089Z shell: /usr/bin/bash --noprofile --norc -e -o pipefail {0}
Build Package	Setup Rust	2026-05-09T15:44:43.7964485Z env:
Build Package	Setup Rust	2026-05-09T15:44:43.7964747Z   CARGO_TERM_COLOR: always
Build Package	Setup Rust	2026-05-09T15:44:43.7965061Z   RUSTFLAGS: -Dwarnings
Build Package	Setup Rust	2026-05-09T15:44:43.7965559Z   CARGO_REGISTRY_TOKEN: ***
Build Package	Setup Rust	2026-05-09T15:44:43.7965891Z   DOCKERHUB_IMAGE: konard/link-assistant-router
Build Package	Setup Rust	2026-05-09T15:44:43.7966266Z   CARGO_HOME: /home/runner/.cargo
Build Package	Setup Rust	2026-05-09T15:44:43.7966602Z   CARGO_INCREMENTAL: 0
Build Package	Setup Rust	2026-05-09T15:44:43.7966870Z ##[endgroup]
Build Package	Setup Rust	2026-05-09T15:44:43.8159203Z ##[group]Run rustc +stable --version --verbose
Build Package	Setup Rust	2026-05-09T15:44:43.8159633Z ^[[36;1mrustc +stable --version --verbose^[[0m
Build Package	Setup Rust	2026-05-09T15:44:43.8175441Z shell: /usr/bin/bash --noprofile --norc -e -o pipefail {0}
Build Package	Setup Rust	2026-05-09T15:44:43.8175859Z env:
Build Package	Setup Rust	2026-05-09T15:44:43.8176119Z   CARGO_TERM_COLOR: always
Build Package	Setup Rust	2026-05-09T15:44:43.8176444Z   RUSTFLAGS: -Dwarnings
Build Package	Setup Rust	2026-05-09T15:44:43.8176924Z   CARGO_REGISTRY_TOKEN: ***
Build Package	Setup Rust	2026-05-09T15:44:43.8177260Z   DOCKERHUB_IMAGE: konard/link-assistant-router
Build Package	Setup Rust	2026-05-09T15:44:43.8177637Z   CARGO_HOME: /home/runner/.cargo
Build Package	Setup Rust	2026-05-09T15:44:43.8177956Z   CARGO_INCREMENTAL: 0
Build Package	Setup Rust	2026-05-09T15:44:43.8178224Z ##[endgroup]
Build Package	Setup Rust	2026-05-09T15:44:43.8321408Z rustc 1.95.0 (59807616e 2026-04-14)
Build Package	Setup Rust	2026-05-09T15:44:43.8322177Z binary: rustc
Build Package	Setup Rust	2026-05-09T15:44:43.8322706Z commit-hash: 59807616e1fa2540724bfbac14d7976d7e4a3860
Build Package	Setup Rust	2026-05-09T15:44:43.8323315Z commit-date: 2026-04-14
Build Package	Setup Rust	2026-05-09T15:44:43.8323752Z host: x86_64-unknown-linux-gnu
Build Package	Setup Rust	2026-05-09T15:44:43.8324245Z release: 1.95.0
Build Package	Setup Rust	2026-05-09T15:44:43.8324647Z LLVM version: 22.1.2
Build Package	Cache cargo registry	﻿2026-05-09T15:44:43.9165816Z ##[group]Run actions/cache@v4
Build Package	Cache cargo registry	2026-05-09T15:44:43.9166177Z with:
Build Package	Cache cargo registry	2026-05-09T15:44:43.9166465Z   path: ~/.cargo/registry
Build Package	Cache cargo registry	~/.cargo/git
Build Package	Cache cargo registry	target
Build Package	Cache cargo registry
Build Package	Cache cargo registry	2026-05-09T15:44:43.9167030Z   key: Linux-cargo-build-ac0211d997d3e826656b655bf41293f81ab5b7c9a34b27fad7ce87479ad874c5
Build Package	Cache cargo registry	2026-05-09T15:44:43.9167686Z   restore-keys: Linux-cargo-build-
Build Package	Cache cargo registry
Build Package	Cache cargo registry	2026-05-09T15:44:43.9168034Z   enableCrossOsArchive: false
Build Package	Cache cargo registry	2026-05-09T15:44:43.9168344Z   fail-on-cache-miss: false
Build Package	Cache cargo registry	2026-05-09T15:44:43.9168620Z   lookup-only: false
Build Package	Cache cargo registry	2026-05-09T15:44:43.9168886Z   save-always: false
Build Package	Cache cargo registry	2026-05-09T15:44:43.9169129Z env:
Build Package	Cache cargo registry	2026-05-09T15:44:43.9169355Z   CARGO_TERM_COLOR: always
Build Package	Cache cargo registry	2026-05-09T15:44:43.9169640Z   RUSTFLAGS: -Dwarnings
Build Package	Cache cargo registry	2026-05-09T15:44:43.9170105Z   CARGO_REGISTRY_TOKEN: ***
Build Package	Cache cargo registry	2026-05-09T15:44:43.9170433Z   DOCKERHUB_IMAGE: konard/link-assistant-router
Build Package	Cache cargo registry	2026-05-09T15:44:43.9170983Z   CARGO_HOME: /home/runner/.cargo
Build Package	Cache cargo registry	2026-05-09T15:44:43.9171280Z   CARGO_INCREMENTAL: 0
Build Package	Cache cargo registry	2026-05-09T15:44:43.9171536Z ##[endgroup]
Build Package	Cache cargo registry	2026-05-09T15:44:44.1730405Z Cache hit for: Linux-cargo-build-ac0211d997d3e826656b655bf41293f81ab5b7c9a34b27fad7ce87479ad874c5
Build Package	Cache cargo registry	2026-05-09T15:44:45.2695286Z Received 159383552 of 185352442 (86.0%), 151.7 MBs/sec
Build Package	Cache cargo registry	2026-05-09T15:44:45.3484944Z Received 185352442 of 185352442 (100.0%), 163.4 MBs/sec
Build Package	Cache cargo registry	2026-05-09T15:44:45.3485525Z Cache Size: ~177 MB (185352442 B)
Build Package	Cache cargo registry	2026-05-09T15:44:45.3602263Z [command]/usr/bin/tar -xf /home/runner/work/_temp/e610a62e-86ee-4a9c-9cc6-925d430d25b8/cache.tzst -P -C /home/runner/work/router/router --use-compress-program unzstd
Build Package	Cache cargo registry	2026-05-09T15:44:46.2240842Z Cache restored successfully
Build Package	Cache cargo registry	2026-05-09T15:44:46.2396716Z Cache restored from key: Linux-cargo-build-ac0211d997d3e826656b655bf41293f81ab5b7c9a34b27fad7ce87479ad874c5
Build Package	Build release	﻿2026-05-09T15:44:46.2462645Z ##[group]Run cargo build --release --verbose
Build Package	Build release	2026-05-09T15:44:46.2462978Z ^[[36;1mcargo build --release --verbose^[[0m
Build Package	Build release	2026-05-09T15:44:46.2477456Z shell: /usr/bin/bash -e {0}
Build Package	Build release	2026-05-09T15:44:46.2477701Z env:
Build Package	Build release	2026-05-09T15:44:46.2477886Z   CARGO_TERM_COLOR: always
Build Package	Build release	2026-05-09T15:44:46.2478098Z   RUSTFLAGS: -Dwarnings
Build Package	Build release	2026-05-09T15:44:46.2478464Z   CARGO_REGISTRY_TOKEN: ***
Build Package	Build release	2026-05-09T15:44:46.2478704Z   DOCKERHUB_IMAGE: konard/link-assistant-router
Build Package	Build release	2026-05-09T15:44:46.2478982Z   CARGO_HOME: /home/runner/.cargo
Build Package	Build release	2026-05-09T15:44:46.2479217Z   CARGO_INCREMENTAL: 0
Build Package	Build release	2026-05-09T15:44:46.2479430Z ##[endgroup]
Build Package	Build release	2026-05-09T15:44:46.4004761Z ^[[1m^[[92m       Fresh^[[0m unicode-ident v1.0.22
Build Package	Build release	2026-05-09T15:44:46.4005539Z ^[[1m^[[92m       Fresh^[[0m proc-macro2 v1.0.103
Build Package	Build release	2026-05-09T15:44:46.4006105Z ^[[1m^[[92m       Fresh^[[0m itoa v1.0.17
Build Package	Build release	2026-05-09T15:44:46.4006541Z ^[[1m^[[92m       Fresh^[[0m quote v1.0.42
Build Package	Build release	2026-05-09T15:44:46.4007013Z ^[[1m^[[92m       Fresh^[[0m libc v0.2.183
Build Package	Build release	2026-05-09T15:44:46.4007384Z ^[[1m^[[92m       Fresh^[[0m once_cell v1.21.4
Build Package	Build release	2026-05-09T15:44:46.4007915Z ^[[1m^[[92m       Fresh^[[0m pin-project-lite v0.2.16
Build Package	Build release	2026-05-09T15:44:46.4008374Z ^[[1m^[[92m       Fresh^[[0m syn v2.0.111
Build Package	Build release	2026-05-09T15:44:46.4008898Z ^[[1m^[[92m       Fresh^[[0m find-msvc-tools v0.1.9
Build Package	Build release	2026-05-09T15:44:46.4009417Z ^[[1m^[[92m       Fresh^[[0m bytes v1.11.0
Build Package	Build release	2026-05-09T15:44:46.4009902Z ^[[1m^[[92m       Fresh^[[0m shlex v1.3.0
Build Package	Build release	2026-05-09T15:44:46.4010397Z ^[[1m^[[92m       Fresh^[[0m synstructure v0.13.2
Build Package	Build release	2026-05-09T15:44:46.4011044Z ^[[1m^[[92m       Fresh^[[0m cc v1.2.57
Build Package	Build release	2026-05-09T15:44:46.4011564Z ^[[1m^[[92m       Fresh^[[0m futures-core v0.3.32
Build Package	Build release	2026-05-09T15:44:46.4012090Z ^[[1m^[[92m       Fresh^[[0m log v0.4.29
Build Package	Build release	2026-05-09T15:44:46.4012608Z ^[[1m^[[92m       Fresh^[[0m zerofrom-derive v0.1.6
Build Package	Build release	2026-05-09T15:44:46.4013162Z ^[[1m^[[92m       Fresh^[[0m yoke-derive v0.8.1
Build Package	Build release	2026-05-09T15:44:46.4013738Z ^[[1m^[[92m       Fresh^[[0m stable_deref_trait v1.2.1
Build Package	Build release	2026-05-09T15:44:46.4014261Z ^[[1m^[[92m       Fresh^[[0m cfg-if v1.0.4
Build Package	Build release	2026-05-09T15:44:46.4014762Z ^[[1m^[[92m       Fresh^[[0m zerofrom v0.1.6
Build Package	Build release	2026-05-09T15:44:46.4015296Z ^[[1m^[[92m       Fresh^[[0m tracing-core v0.1.36
Build Package	Build release	2026-05-09T15:44:46.4015852Z ^[[1m^[[92m       Fresh^[[0m zerovec-derive v0.11.2
Build Package	Build release	2026-05-09T15:44:46.4016361Z ^[[1m^[[92m       Fresh^[[0m yoke v0.8.1
Build Package	Build release	2026-05-09T15:44:46.4016851Z ^[[1m^[[92m       Fresh^[[0m errno v0.3.14
Build Package	Build release	2026-05-09T15:44:46.4017347Z ^[[1m^[[92m       Fresh^[[0m tokio-macros v2.6.0
Build Package	Build release	2026-05-09T15:44:46.4017861Z ^[[1m^[[92m       Fresh^[[0m zerovec v0.11.5
Build Package	Build release	2026-05-09T15:44:46.4018419Z ^[[1m^[[92m       Fresh^[[0m signal-hook-registry v1.4.8
Build Package	Build release	2026-05-09T15:44:46.4018989Z ^[[1m^[[92m       Fresh^[[0m serde_core v1.0.228
Build Package	Build release	2026-05-09T15:44:46.4019922Z ^[[1m^[[92m       Fresh^[[0m tracing-attributes v0.1.31
Build Package	Build release	2026-05-09T15:44:46.4020494Z ^[[1m^[[92m       Fresh^[[0m displaydoc v0.2.5
Build Package	Build release	2026-05-09T15:44:46.4021103Z ^[[1m^[[92m       Fresh^[[0m mio v1.1.1
Build Package	Build release	2026-05-09T15:44:46.4021592Z ^[[1m^[[92m       Fresh^[[0m socket2 v0.6.3
Build Package	Build release	2026-05-09T15:44:46.4022094Z ^[[1m^[[92m       Fresh^[[0m tracing v0.1.44
Build Package	Build release	2026-05-09T15:44:46.4022602Z ^[[1m^[[92m       Fresh^[[0m tokio v1.48.0
Build Package	Build release	2026-05-09T15:44:46.4023104Z ^[[1m^[[92m       Fresh^[[0m http v1.4.0
Build Package	Build release	2026-05-09T15:44:46.4023617Z ^[[1m^[[92m       Fresh^[[0m smallvec v1.15.1
Build Package	Build release	2026-05-09T15:44:46.4024126Z ^[[1m^[[92m       Fresh^[[0m vcpkg v0.2.15
Build Package	Build release	2026-05-09T15:44:46.4024619Z ^[[1m^[[92m       Fresh^[[0m pkg-config v0.3.32
Build Package	Build release	2026-05-09T15:44:46.4025162Z ^[[1m^[[92m       Fresh^[[0m serde_derive v1.0.228
Build Package	Build release	2026-05-09T15:44:46.4025688Z ^[[1m^[[92m       Fresh^[[0m slab v0.4.12
Build Package	Build release	2026-05-09T15:44:46.4026062Z ^[[1m^[[92m       Fresh^[[0m serde v1.0.228
Build Package	Build release	2026-05-09T15:44:46.4026547Z ^[[1m^[[92m       Fresh^[[0m http-body v1.0.1
Build Package	Build release	2026-05-09T15:44:46.4027059Z ^[[1m^[[92m       Fresh^[[0m tinystr v0.8.2
Build Package	Build release	2026-05-09T15:44:46.4027563Z ^[[1m^[[92m       Fresh^[[0m autocfg v1.5.0
Build Package	Build release	2026-05-09T15:44:46.4028061Z ^[[1m^[[92m       Fresh^[[0m writeable v0.6.2
Build Package	Build release	2026-05-09T15:44:46.4028555Z ^[[1m^[[92m       Fresh^[[0m litemap v0.8.1
Build Package	Build release	2026-05-09T15:44:46.4029057Z ^[[1m^[[92m       Fresh^[[0m zerotrie v0.2.3
Build Package	Build release	2026-05-09T15:44:46.4029582Z ^[[1m^[[92m       Fresh^[[0m potential_utf v0.1.4
Build Package	Build release	2026-05-09T15:44:46.4030406Z ^[[1m^[[92m       Fresh^[[0m icu_locale_core v2.1.1
Build Package	Build release	2026-05-09T15:44:46.4031063Z ^[[1m^[[92m       Fresh^[[0m futures-macro v0.3.32
Build Package	Build release	2026-05-09T15:44:46.4031601Z ^[[1m^[[92m       Fresh^[[0m hashbrown v0.16.1
Build Package	Build release	2026-05-09T15:44:46.4032135Z ^[[1m^[[92m       Fresh^[[0m tower-service v0.3.3
Build Package	Build release	2026-05-09T15:44:46.4032709Z ^[[1m^[[92m       Fresh^[[0m percent-encoding v2.3.2
Build Package	Build release	2026-05-09T15:44:46.4033269Z ^[[1m^[[92m       Fresh^[[0m version_check v0.9.5
Build Package	Build release	2026-05-09T15:44:46.4033811Z ^[[1m^[[92m       Fresh^[[0m futures-sink v0.3.32
Build Package	Build release	2026-05-09T15:44:46.4034380Z ^[[1m^[[92m       Fresh^[[0m futures-task v0.3.32
Build Package	Build release	2026-05-09T15:44:46.4034917Z ^[[1m^[[92m       Fresh^[[0m equivalent v1.0.2
Build Package	Build release	2026-05-09T15:44:46.4035439Z ^[[1m^[[92m       Fresh^[[0m tokio-util v0.7.18
Build Package	Build release	2026-05-09T15:44:46.4035970Z ^[[1m^[[92m       Fresh^[[0m futures-util v0.3.32
Build Package	Build release	2026-05-09T15:44:46.4036495Z ^[[1m^[[92m       Fresh^[[0m indexmap v2.13.0
Build Package	Build release	2026-05-09T15:44:46.4037058Z ^[[1m^[[92m       Fresh^[[0m icu_provider v2.1.1
Build Package	Build release	2026-05-09T15:44:46.4037614Z ^[[1m^[[92m       Fresh^[[0m icu_collections v2.1.1
Build Package	Build release	2026-05-09T15:44:46.4038145Z ^[[1m^[[92m       Fresh^[[0m base64 v0.22.1
Build Package	Build release	2026-05-09T15:44:46.4038702Z ^[[1m^[[92m       Fresh^[[0m foreign-types-shared v0.1.1
Build Package	Build release	2026-05-09T15:44:46.4039261Z ^[[1m^[[92m       Fresh^[[0m try-lock v0.2.5
Build Package	Build release	2026-05-09T15:44:46.4039749Z ^[[1m^[[92m       Fresh^[[0m fnv v1.0.7
Build Package	Build release	2026-05-09T15:44:46.4040255Z ^[[1m^[[92m       Fresh^[[0m atomic-waker v1.1.2
Build Package	Build release	2026-05-09T15:44:46.4040878Z ^[[1m^[[92m       Fresh^[[0m bitflags v2.11.0
Build Package	Build release	2026-05-09T15:44:46.4041362Z ^[[1m^[[92m       Fresh^[[0m h2 v0.4.13
Build Package	Build release	2026-05-09T15:44:46.4041831Z ^[[1m^[[92m       Fresh^[[0m want v0.3.1
Build Package	Build release	2026-05-09T15:44:46.4042361Z ^[[1m^[[92m       Fresh^[[0m foreign-types v0.3.2
Build Package	Build release	2026-05-09T15:44:46.4042894Z ^[[1m^[[92m       Fresh^[[0m num-traits v0.2.19
Build Package	Build release	2026-05-09T15:44:46.4043473Z ^[[1m^[[92m       Fresh^[[0m icu_properties_data v2.1.2
Build Package	Build release	2026-05-09T15:44:46.4044091Z ^[[1m^[[92m       Fresh^[[0m icu_normalizer_data v2.1.1
Build Package	Build release	2026-05-09T15:44:46.4044661Z ^[[1m^[[92m       Fresh^[[0m httparse v1.10.1
Build Package	Build release	2026-05-09T15:44:46.4045154Z ^[[1m^[[92m       Fresh^[[0m zmij v1.0.21
Build Package	Build release	2026-05-09T15:44:46.4045681Z ^[[1m^[[92m       Fresh^[[0m openssl-sys v0.9.112
Build Package	Build release	2026-05-09T15:44:46.4046228Z ^[[1m^[[92m       Fresh^[[0m futures-channel v0.3.32
Build Package	Build release	2026-05-09T15:44:46.4046780Z ^[[1m^[[92m       Fresh^[[0m sync_wrapper v1.0.2
Build Package	Build release	2026-05-09T15:44:46.4047317Z ^[[1m^[[92m       Fresh^[[0m openssl-macros v0.1.1
Build Package	Build release	2026-05-09T15:44:46.4047840Z ^[[1m^[[92m       Fresh^[[0m typenum v1.20.0
Build Package	Build release	2026-05-09T15:44:46.4048354Z ^[[1m^[[92m       Fresh^[[0m httpdate v1.0.3
Build Package	Build release	2026-05-09T15:44:46.4048852Z ^[[1m^[[92m       Fresh^[[0m pin-utils v0.1.0
Build Package	Build release	2026-05-09T15:44:46.4049544Z ^[[1m^[[92m       Fresh^[[0m tower-layer v0.3.3
Build Package	Build release	2026-05-09T15:44:46.4050063Z ^[[1m^[[92m       Fresh^[[0m utf8parse v0.2.2
Build Package	Build release	2026-05-09T15:44:46.4050642Z ^[[1m^[[92m       Fresh^[[0m memchr v2.8.0
Build Package	Build release	2026-05-09T15:44:46.4051135Z ^[[1m^[[92m       Fresh^[[0m hyper v1.8.1
Build Package	Build release	2026-05-09T15:44:46.4051632Z ^[[1m^[[92m       Fresh^[[0m serde_json v1.0.149
Build Package	Build release	2026-05-09T15:44:46.4052176Z ^[[1m^[[92m       Fresh^[[0m anstyle-parse v0.2.7
Build Package	Build release	2026-05-09T15:44:46.4052738Z ^[[1m^[[92m       Fresh^[[0m generic-array v0.14.7
Build Package	Build release	2026-05-09T15:44:46.4053272Z ^[[1m^[[92m       Fresh^[[0m openssl v0.10.76
Build Package	Build release	2026-05-09T15:44:46.4053800Z ^[[1m^[[92m       Fresh^[[0m icu_normalizer v2.1.1
Build Package	Build release	2026-05-09T15:44:46.4054353Z ^[[1m^[[92m       Fresh^[[0m icu_properties v2.1.2
Build Package	Build release	2026-05-09T15:44:46.4054919Z ^[[1m^[[92m       Fresh^[[0m form_urlencoded v1.2.2
Build Package	Build release	2026-05-09T15:44:46.4055474Z ^[[1m^[[92m       Fresh^[[0m http-body-util v0.1.3
Build Package	Build release	2026-05-09T15:44:46.4056073Z ^[[1m^[[92m       Fresh^[[0m is_terminal_polyfill v1.70.2
Build Package	Build release	2026-05-09T15:44:46.4056644Z ^[[1m^[[92m       Fresh^[[0m powerfmt v0.2.0
Build Package	Build release	2026-05-09T15:44:46.4057163Z ^[[1m^[[92m       Fresh^[[0m anstyle v1.0.14
Build Package	Build release	2026-05-09T15:44:46.4057687Z ^[[1m^[[92m       Fresh^[[0m openssl-probe v0.2.1
Build Package	Build release	2026-05-09T15:44:46.4058221Z ^[[1m^[[92m       Fresh^[[0m colorchoice v1.0.5
Build Package	Build release	2026-05-09T15:44:46.4058715Z ^[[1m^[[92m       Fresh^[[0m ipnet v2.12.0
Build Package	Build release	2026-05-09T15:44:46.4059236Z ^[[1m^[[92m       Fresh^[[0m anstyle-query v1.1.5
Build Package	Build release	2026-05-09T15:44:46.4059779Z ^[[1m^[[92m       Fresh^[[0m time-macros v0.2.27
Build Package	Build release	2026-05-09T15:44:46.4060448Z ^[[1m^[[92m       Fresh^[[0m hyper-util v0.1.20
Build Package	Build release	2026-05-09T15:44:46.4061034Z ^[[1m^[[92m       Fresh^[[0m anstream v0.6.21
Build Package	Build release	2026-05-09T15:44:46.4061552Z ^[[1m^[[92m       Fresh^[[0m native-tls v0.2.18
Build Package	Build release	2026-05-09T15:44:46.4062063Z ^[[1m^[[92m       Fresh^[[0m deranged v0.5.8
Build Package	Build release	2026-05-09T15:44:46.4062606Z ^[[1m^[[92m       Fresh^[[0m idna_adapter v1.2.1
Build Package	Build release	2026-05-09T15:44:46.4063136Z ^[[1m^[[92m       Fresh^[[0m tower v0.5.3
Build Package	Build release	2026-05-09T15:44:46.4063651Z ^[[1m^[[92m       Fresh^[[0m num-integer v0.1.46
Build Package	Build release	2026-05-09T15:44:46.4064213Z ^[[1m^[[92m       Fresh^[[0m thiserror-impl v2.0.18
Build Package	Build release	2026-05-09T15:44:46.4064763Z ^[[1m^[[92m       Fresh^[[0m time-core v0.1.8
Build Package	Build release	2026-05-09T15:44:46.4065274Z ^[[1m^[[92m       Fresh^[[0m strsim v0.11.1
Build Package	Build release	2026-05-09T15:44:46.4065788Z ^[[1m^[[92m       Fresh^[[0m clap_lex v1.1.0
Build Package	Build release	2026-05-09T15:44:46.4066298Z ^[[1m^[[92m       Fresh^[[0m utf8_iter v1.0.4
Build Package	Build release	2026-05-09T15:44:46.4066766Z ^[[1m^[[92m       Fresh^[[0m ryu v1.0.23
Build Package	Build release	2026-05-09T15:44:46.4067122Z ^[[1m^[[92m       Fresh^[[0m dtor-proc-macro v0.0.5
Build Package	Build release	2026-05-09T15:44:46.4067432Z ^[[1m^[[92m       Fresh^[[0m regex-syntax v0.8.10
Build Package	Build release	2026-05-09T15:44:46.4067719Z ^[[1m^[[92m       Fresh^[[0m mime v0.3.17
Build Package	Build release	2026-05-09T15:44:46.4067997Z ^[[1m^[[92m       Fresh^[[0m num-conv v0.2.0
Build Package	Build release	2026-05-09T15:44:46.4068278Z ^[[1m^[[92m       Fresh^[[0m heck v0.5.0
Build Package	Build release	2026-05-09T15:44:46.4068562Z ^[[1m^[[92m       Fresh^[[0m regex-automata v0.4.14
Build Package	Build release	2026-05-09T15:44:46.4068864Z ^[[1m^[[92m       Fresh^[[0m dtor v0.0.6
Build Package	Build release	2026-05-09T15:44:46.4069131Z ^[[1m^[[92m       Fresh^[[0m time v0.3.47
Build Package	Build release	2026-05-09T15:44:46.4069412Z ^[[1m^[[92m       Fresh^[[0m clap_derive v4.5.55
Build Package	Build release	2026-05-09T15:44:46.4069717Z ^[[1m^[[92m       Fresh^[[0m serde_urlencoded v0.7.1
Build Package	Build release	2026-05-09T15:44:46.4070007Z ^[[1m^[[92m       Fresh^[[0m idna v1.1.0
Build Package	Build release	2026-05-09T15:44:46.4070299Z ^[[1m^[[92m       Fresh^[[0m clap_builder v4.5.60
Build Package	Build release	2026-05-09T15:44:46.4070751Z ^[[1m^[[92m       Fresh^[[0m thiserror v2.0.18
Build Package	Build release	2026-05-09T15:44:46.4071475Z ^[[1m^[[92m       Fresh^[[0m num-bigint v0.4.6
Build Package	Build release	2026-05-09T15:44:46.4072080Z ^[[1m^[[92m       Fresh^[[0m tokio-native-tls v0.3.1
Build Package	Build release	2026-05-09T15:44:46.4072645Z ^[[1m^[[92m       Fresh^[[0m crypto-common v0.1.7
Build Package	Build release	2026-05-09T15:44:46.4073164Z ^[[1m^[[92m       Fresh^[[0m block-buffer v0.10.4
Build Package	Build release	2026-05-09T15:44:46.4073608Z ^[[1m^[[92m       Fresh^[[0m getrandom v0.2.17
Build Package	Build release	2026-05-09T15:44:46.4074251Z ^[[1m^[[92m       Fresh^[[0m thiserror-impl v1.0.69
Build Package	Build release	2026-05-09T15:44:46.4074899Z ^[[1m^[[92m       Fresh^[[0m ctor-proc-macro v0.0.6
Build Package	Build release	2026-05-09T15:44:46.4075456Z ^[[1m^[[92m       Fresh^[[0m zeroize v1.8.2
Build Package	Build release	2026-05-09T15:44:46.4076075Z ^[[1m^[[92m       Fresh^[[0m iri-string v0.7.10
Build Package	Build release	2026-05-09T15:44:46.4076665Z ^[[1m^[[92m       Fresh^[[0m untrusted v0.9.0
Build Package	Build release	2026-05-09T15:44:46.4077483Z ^[[1m^[[92m       Fresh^[[0m lazy_static v1.5.0
Build Package	Build release	2026-05-09T15:44:46.4078041Z ^[[1m^[[92m       Fresh^[[0m thiserror v1.0.69
Build Package	Build release	2026-05-09T15:44:46.4078540Z ^[[1m^[[92m       Fresh^[[0m ring v0.17.14
Build Package	Build release	2026-05-09T15:44:46.4079122Z ^[[1m^[[92m       Fresh^[[0m sharded-slab v0.1.7
Build Package	Build release	2026-05-09T15:44:46.4079687Z ^[[1m^[[92m       Fresh^[[0m tower-http v0.6.8
Build Package	Build release	2026-05-09T15:44:46.4080303Z ^[[1m^[[92m       Fresh^[[0m rustls-pki-types v1.14.0
Build Package	Build release	2026-05-09T15:44:46.4081202Z ^[[1m^[[92m       Fresh^[[0m ctor v0.4.3
Build Package	Build release	2026-05-09T15:44:46.4081619Z ^[[1m^[[92m       Fresh^[[0m digest v0.10.7
Build Package	Build release	2026-05-09T15:44:46.4081905Z ^[[1m^[[92m       Fresh^[[0m hyper-tls v0.6.0
Build Package	Build release	2026-05-09T15:44:46.4082193Z ^[[1m^[[92m       Fresh^[[0m simple_asn1 v0.6.4
Build Package	Build release	2026-05-09T15:44:46.4082483Z ^[[1m^[[92m       Fresh^[[0m clap v4.5.60
Build Package	Build release	2026-05-09T15:44:46.4082870Z ^[[1m^[[92m       Fresh^[[0m getrandom v0.4.2
Build Package	Build release	2026-05-09T15:44:46.4083237Z ^[[1m^[[92m       Fresh^[[0m url v2.5.8
Build Package	Build release	2026-05-09T15:44:46.4083841Z ^[[1m^[[92m       Fresh^[[0m matchers v0.2.0
Build Package	Build release	2026-05-09T15:44:46.4084402Z ^[[1m^[[92m       Fresh^[[0m axum-core v0.5.6
Build Package	Build release	2026-05-09T15:44:46.4084900Z ^[[1m^[[92m       Fresh^[[0m pem v3.0.6
Build Package	Build release	2026-05-09T15:44:46.4085333Z ^[[1m^[[92m       Fresh^[[0m tracing-serde v0.2.0
Build Package	Build release	2026-05-09T15:44:46.4085649Z ^[[1m^[[92m       Fresh^[[0m serde_path_to_error v0.1.20
Build Package	Build release	2026-05-09T15:44:46.4085964Z ^[[1m^[[92m       Fresh^[[0m tracing-log v0.2.0
Build Package	Build release	2026-05-09T15:44:46.4086268Z ^[[1m^[[92m       Fresh^[[0m thread_local v1.1.9
Build Package	Build release	2026-05-09T15:44:46.4086574Z ^[[1m^[[92m       Fresh^[[0m encoding_rs v0.8.35
Build Package	Build release	2026-05-09T15:44:46.4087010Z ^[[1m^[[92m       Fresh^[[0m axum-macros v0.5.0
Build Package	Build release	2026-05-09T15:44:46.4087302Z ^[[1m^[[92m       Fresh^[[0m nu-ansi-term v0.50.3
Build Package	Build release	2026-05-09T15:44:46.4087598Z ^[[1m^[[92m       Fresh^[[0m matchit v0.8.4
Build Package	Build release	2026-05-09T15:44:46.4087889Z ^[[1m^[[92m       Fresh^[[0m cpufeatures v0.2.17
Build Package	Build release	2026-05-09T15:44:46.4088199Z ^[[1m^[[92m       Fresh^[[0m iana-time-zone v0.1.65
Build Package	Build release	2026-05-09T15:44:46.4088488Z ^[[1m^[[92m       Fresh^[[0m lino-env v0.1.0
Build Package	Build release	2026-05-09T15:44:46.4088772Z ^[[1m^[[92m       Fresh^[[0m dotenvy v0.15.7
Build Package	Build release	2026-05-09T15:44:46.4089053Z ^[[1m^[[92m       Fresh^[[0m chrono v0.4.44
Build Package	Build release	2026-05-09T15:44:46.4089332Z ^[[1m^[[92m       Fresh^[[0m sha2 v0.10.9
Build Package	Build release	2026-05-09T15:44:46.4089610Z ^[[1m^[[92m       Fresh^[[0m lino-arguments v0.3.0
Build Package	Build release	2026-05-09T15:44:46.4089933Z ^[[1m^[[92m       Fresh^[[0m tracing-subscriber v0.3.23
Build Package	Build release	2026-05-09T15:44:46.4090231Z ^[[1m^[[92m       Fresh^[[0m axum v0.8.8
Build Package	Build release	2026-05-09T15:44:46.4090506Z ^[[1m^[[92m       Fresh^[[0m reqwest v0.12.28
Build Package	Build release	2026-05-09T15:44:46.4091257Z ^[[1m^[[92m       Fresh^[[0m jsonwebtoken v9.3.1
Build Package	Build release	2026-05-09T15:44:46.4091567Z ^[[1m^[[92m       Fresh^[[0m uuid v1.22.0
Build Package	Build release	2026-05-09T15:44:46.4091857Z ^[[1m^[[92m       Fresh^[[0m async-trait v0.1.89
Build Package	Build release	2026-05-09T15:44:46.4092142Z ^[[1m^[[92m       Fresh^[[0m hex v0.4.3
Build Package	Build release	2026-05-09T15:44:46.4092404Z ^[[1m^[[92m       Fresh^[[0m log-lazy v0.1.0
Build Package	Build release	2026-05-09T15:44:46.4092864Z ^[[1m^[[92m   Compiling^[[0m link-assistant-router v0.13.0 (/home/runner/work/router/router)
Build Package	Build release	2026-05-09T15:44:46.4112130Z ^[[1m^[[92m     Running^[[0m `/home/runner/.rustup/toolchains/stable-x86_64-unknown-linux-gnu/bin/rustc --crate-name link_assistant_router --edition=2021 src/lib.rs --error-format=json --json=diagnostic-rendered-ansi,artifacts,future-incompat --crate-type lib --emit=dep-info,metadata,link -C opt-level=3 -C linker-plugin-lto -C codegen-units=1 '--warn=clippy::pedantic' '--warn=clippy::nursery' '--warn=clippy::all' --forbid=unsafe_code '--allow=clippy::too_many_lines' '--allow=clippy::module_name_repetitions' '--allow=clippy::missing_panics_doc' '--allow=clippy::missing_errors_doc' --check-cfg 'cfg(docsrs,test)' --check-cfg 'cfg(feature, values())' -C metadata=95b261ef6a6a39cc -C extra-filename=-981d57978c1eb59c --out-dir /home/runner/work/router/router/target/release/deps -C strip=symbols -L dependency=/home/runner/work/router/router/target/release/deps --extern async_trait=/home/runner/work/router/router/target/release/deps/libasync_trait-6626420028c301b3.so --extern axum=/home/runner/work/router/router/target/release/deps/libaxum-1c5a5243b13a35be.rmeta --extern base64=/home/runner/work/router/router/target/release/deps/libbase64-413bf43ce2416e05.rmeta --extern bytes=/home/runner/work/router/router/target/release/deps/libbytes-223bdf50e201b0d6.rmeta --extern chrono=/home/runner/work/router/router/target/release/deps/libchrono-d705d2fd4d828117.rmeta --extern clap=/home/runner/work/router/router/target/release/deps/libclap-5b261a3af9028bb1.rmeta --extern futures_util=/home/runner/work/router/router/target/release/deps/libfutures_util-916ce062b2b56c82.rmeta --extern hex=/home/runner/work/router/router/target/release/deps/libhex-f7f1f94435aab407.rmeta --extern http=/home/runner/work/router/router/target/release/deps/libhttp-092e5c55a239fabb.rmeta --extern http_body_util=/home/runner/work/router/router/target/release/deps/libhttp_body_util-9554fb039af36962.rmeta --extern hyper=/home/runner/work/router/router/target/release/deps/libhyper-a725bf333d61f657.rmeta --extern hyper_util=/home/runner/work/router/router/target/release/deps/libhyper_util-b1cb8c268fc72c09.rmeta --extern jsonwebtoken=/home/runner/work/router/router/target/release/deps/libjsonwebtoken-a7490a40a6f39ea4.rmeta --extern lino_arguments=/home/runner/work/router/router/target/release/deps/liblino_arguments-fcbb9b7567217d27.rmeta --extern log_lazy=/home/runner/work/router/router/target/release/deps/liblog_lazy-044975858acb7193.rmeta --extern reqwest=/home/runner/work/router/router/target/release/deps/libreqwest-972e4766ca4e1fbc.rmeta --extern serde=/home/runner/work/router/router/target/release/deps/libserde-93ce80271c13de41.rmeta --extern serde_json=/home/runner/work/router/router/target/release/deps/libserde_json-70b55be4f5a17ea8.rmeta --extern sha2=/home/runner/work/router/router/target/release/deps/libsha2-38b33dbd124b984f.rmeta --extern tokio=/home/runner/work/router/router/target/release/deps/libtokio-9c3307249ad1d922.rmeta --extern tower=/home/runner/work/router/router/target/release/deps/libtower-c356ba737dffc42f.rmeta --extern tower_http=/home/runner/work/router/router/target/release/deps/libtower_http-780e8d2d41a4f5af.rmeta --extern tracing=/home/runner/work/router/router/target/release/deps/libtracing-8c0e2de939f6b135.rmeta --extern tracing_subscriber=/home/runner/work/router/router/target/release/deps/libtracing_subscriber-ab03b927b7c5a334.rmeta --extern uuid=/home/runner/work/router/router/target/release/deps/libuuid-8ca954217bd6ff54.rmeta -Dwarnings -L native=/home/runner/work/router/router/target/release/build/ring-8146f145bdd35288/out`
Build Package	Build release	2026-05-09T15:44:51.4444216Z ^[[1m^[[92m     Running^[[0m `/home/runner/.rustup/toolchains/stable-x86_64-unknown-linux-gnu/bin/rustc --crate-name link_assistant_router --edition=2021 src/main.rs --error-format=json --json=diagnostic-rendered-ansi,artifacts,future-incompat --crate-type bin --emit=dep-info,link -C opt-level=3 -C lto -C codegen-units=1 '--warn=clippy::pedantic' '--warn=clippy::nursery' '--warn=clippy::all' --forbid=unsafe_code '--allow=clippy::too_many_lines' '--allow=clippy::module_name_repetitions' '--allow=clippy::missing_panics_doc' '--allow=clippy::missing_errors_doc' --check-cfg 'cfg(docsrs,test)' --check-cfg 'cfg(feature, values())' -C metadata=39b2d9d6b761e0a4 -C extra-filename=-b4b6e458550de9f3 --out-dir /home/runner/work/router/router/target/release/deps -C strip=symbols -L dependency=/home/runner/work/router/router/target/release/deps --extern async_trait=/home/runner/work/router/router/target/release/deps/libasync_trait-6626420028c301b3.so --extern axum=/home/runner/work/router/router/target/release/deps/libaxum-1c5a5243b13a35be.rlib --extern base64=/home/runner/work/router/router/target/release/deps/libbase64-413bf43ce2416e05.rlib --extern bytes=/home/runner/work/router/router/target/release/deps/libbytes-223bdf50e201b0d6.rlib --extern chrono=/home/runner/work/router/router/target/release/deps/libchrono-d705d2fd4d828117.rlib --extern clap=/home/runner/work/router/router/target/release/deps/libclap-5b261a3af9028bb1.rlib --extern futures_util=/home/runner/work/router/router/target/release/deps/libfutures_util-916ce062b2b56c82.rlib --extern hex=/home/runner/work/router/router/target/release/deps/libhex-f7f1f94435aab407.rlib --extern http=/home/runner/work/router/router/target/release/deps/libhttp-092e5c55a239fabb.rlib --extern http_body_util=/home/runner/work/router/router/target/release/deps/libhttp_body_util-9554fb039af36962.rlib --extern hyper=/home/runner/work/router/router/target/release/deps/libhyper-a725bf333d61f657.rlib --extern hyper_util=/home/runner/work/router/router/target/release/deps/libhyper_util-b1cb8c268fc72c09.rlib --extern jsonwebtoken=/home/runner/work/router/router/target/release/deps/libjsonwebtoken-a7490a40a6f39ea4.rlib --extern link_assistant_router=/home/runner/work/router/router/target/release/deps/liblink_assistant_router-981d57978c1eb59c.rlib --extern lino_arguments=/home/runner/work/router/router/target/release/deps/liblino_arguments-fcbb9b7567217d27.rlib --extern log_lazy=/home/runner/work/router/router/target/release/deps/liblog_lazy-044975858acb7193.rlib --extern reqwest=/home/runner/work/router/router/target/release/deps/libreqwest-972e4766ca4e1fbc.rlib --extern serde=/home/runner/work/router/router/target/release/deps/libserde-93ce80271c13de41.rlib --extern serde_json=/home/runner/work/router/router/target/release/deps/libserde_json-70b55be4f5a17ea8.rlib --extern sha2=/home/runner/work/router/router/target/release/deps/libsha2-38b33dbd124b984f.rlib --extern tokio=/home/runner/work/router/router/target/release/deps/libtokio-9c3307249ad1d922.rlib --extern tower=/home/runner/work/router/router/target/release/deps/libtower-c356ba737dffc42f.rlib --extern tower_http=/home/runner/work/router/router/target/release/deps/libtower_http-780e8d2d41a4f5af.rlib --extern tracing=/home/runner/work/router/router/target/release/deps/libtracing-8c0e2de939f6b135.rlib --extern tracing_subscriber=/home/runner/work/router/router/target/release/deps/libtracing_subscriber-ab03b927b7c5a334.rlib --extern uuid=/home/runner/work/router/router/target/release/deps/libuuid-8ca954217bd6ff54.rlib -Dwarnings -L native=/home/runner/work/router/router/target/release/build/ring-8146f145bdd35288/out`
Build Package	Build release	2026-05-09T15:45:36.3655731Z ^[[1m^[[92m    Finished^[[0m `release` profile [optimized] target(s) in 50.10s
Build Package	Check package	﻿2026-05-09T15:45:36.3812509Z ##[group]Run cargo package --list
Build Package	Check package	2026-05-09T15:45:36.3812847Z ^[[36;1mcargo package --list^[[0m
Build Package	Check package	2026-05-09T15:45:36.3825696Z shell: /usr/bin/bash -e {0}
Build Package	Check package	2026-05-09T15:45:36.3825937Z env:
Build Package	Check package	2026-05-09T15:45:36.3826110Z   CARGO_TERM_COLOR: always
Build Package	Check package	2026-05-09T15:45:36.3826327Z   RUSTFLAGS: -Dwarnings
Build Package	Check package	2026-05-09T15:45:36.3826702Z   CARGO_REGISTRY_TOKEN: ***
Build Package	Check package	2026-05-09T15:45:36.3826958Z   DOCKERHUB_IMAGE: konard/link-assistant-router
Build Package	Check package	2026-05-09T15:45:36.3827249Z   CARGO_HOME: /home/runner/.cargo
Build Package	Check package	2026-05-09T15:45:36.3827475Z   CARGO_INCREMENTAL: 0
Build Package	Check package	2026-05-09T15:45:36.3827679Z ##[endgroup]
Build Package	Check package	2026-05-09T15:45:36.4501230Z ^[[1m^[[91merror^[[0m: 1 files in the working directory contain changes that were not yet committed into git:
Build Package	Check package	2026-05-09T15:45:36.4501809Z
Build Package	Check package	2026-05-09T15:45:36.4501943Z Cargo.lock
Build Package	Check package	2026-05-09T15:45:36.4502089Z
Build Package	Check package	2026-05-09T15:45:36.4502499Z to proceed despite this and include the uncommitted changes, pass the `--allow-dirty` flag
Build Package	Check package	2026-05-09T15:45:36.4535664Z ##[error]Process completed with exit code 101.
Build Package	Post Run actions/checkout@v4	﻿2026-05-09T15:45:36.4617304Z Post job cleanup.
Build Package	Post Run actions/checkout@v4	2026-05-09T15:45:36.5547913Z [command]/usr/bin/git version
Build Package	Post Run actions/checkout@v4	2026-05-09T15:45:36.5589915Z git version 2.53.0
Build Package	Post Run actions/checkout@v4	2026-05-09T15:45:36.5629597Z Temporarily overriding HOME='/home/runner/work/_temp/4d563f32-0987-4317-b75f-5848265baa6d' before making global git config changes
Build Package	Post Run actions/checkout@v4	2026-05-09T15:45:36.5630914Z Adding repository directory to the temporary git global config as a safe directory
Build Package	Post Run actions/checkout@v4	2026-05-09T15:45:36.5634795Z [command]/usr/bin/git config --global --add safe.directory /home/runner/work/router/router
Build Package	Post Run actions/checkout@v4	2026-05-09T15:45:36.5668029Z [command]/usr/bin/git config --local --name-only --get-regexp core\.sshCommand
Build Package	Post Run actions/checkout@v4	2026-05-09T15:45:36.5698609Z [command]/usr/bin/git submodule foreach --recursive sh -c "git config --local --name-only --get-regexp 'core\.sshCommand' && git config --local --unset-all 'core.sshCommand' || :"
Build Package	Post Run actions/checkout@v4	2026-05-09T15:45:36.5883131Z [command]/usr/bin/git config --local --name-only --get-regexp http\.https\:\/\/github\.com\/\.extraheader
Build Package	Post Run actions/checkout@v4	2026-05-09T15:45:36.5903946Z http.https://github.com/.extraheader
Build Package	Post Run actions/checkout@v4	2026-05-09T15:45:36.5915849Z [command]/usr/bin/git config --local --unset-all http.https://github.com/.extraheader
Build Package	Post Run actions/checkout@v4	2026-05-09T15:45:36.5946298Z [command]/usr/bin/git submodule foreach --recursive sh -c "git config --local --name-only --get-regexp 'http\.https\:\/\/github\.com\/\.extraheader' && git config --local --unset-all 'http.https://github.com/.extraheader' || :"
Build Package	Post Run actions/checkout@v4	2026-05-09T15:45:36.6133159Z [command]/usr/bin/git config --local --name-only --get-regexp ^includeIf\.gitdir:
Build Package	Post Run actions/checkout@v4	2026-05-09T15:45:36.6163918Z [command]/usr/bin/git submodule foreach --recursive git config --local --show-origin --name-only --get-regexp remote.origin.url
Build Package	Complete job	﻿2026-05-09T15:45:36.6462939Z Cleaning up orphan processes
Build Package	Complete job	2026-05-09T15:45:36.6693272Z ##[warning]Node.js 20 actions are deprecated. The following actions are running on Node.js 20 and may not work as expected: actions/cache@v4, actions/checkout@v4. Actions will be forced to run with Node.js 24 by default starting June 2nd, 2026. Node.js 20 will be removed from the runner on September 16th, 2026. Please check if updated versions of these actions are available that support Node.js 24. To opt into Node.js 24 now, set the FORCE_JAVASCRIPT_ACTIONS_TO_NODE24=true environment variable on the runner or in your workflow file. Once Node.js 24 becomes the default, you can temporarily opt out by setting ACTIONS_ALLOW_USE_UNSECURE_NODE_VERSION=true. For more information see: https://github.blog/changelog/2025-09-19-deprecation-of-node-20-on-github-actions-runners/
