Detect Changes	Set up job	﻿2026-05-09T15:55:20.0536114Z Current runner version: '2.334.0'
Detect Changes	Set up job	2026-05-09T15:55:20.0571494Z ##[group]Runner Image Provisioner
Detect Changes	Set up job	2026-05-09T15:55:20.0572736Z Hosted Compute Agent
Detect Changes	Set up job	2026-05-09T15:55:20.0573667Z Version: 20260213.493
Detect Changes	Set up job	2026-05-09T15:55:20.0574555Z Commit: 5c115507f6dd24b8de37d8bbe0bb4509d0cc0fa3
Detect Changes	Set up job	2026-05-09T15:55:20.0575941Z Build Date: 2026-02-13T00:28:41Z
Detect Changes	Set up job	2026-05-09T15:55:20.0577018Z Worker ID: {2bd97805-b2cf-4a81-80c3-20e084dae955}
Detect Changes	Set up job	2026-05-09T15:55:20.0578084Z Azure Region: northcentralus
Detect Changes	Set up job	2026-05-09T15:55:20.0579122Z ##[endgroup]
Detect Changes	Set up job	2026-05-09T15:55:20.0581063Z ##[group]Operating System
Detect Changes	Set up job	2026-05-09T15:55:20.0581941Z Ubuntu
Detect Changes	Set up job	2026-05-09T15:55:20.0582751Z 24.04.4
Detect Changes	Set up job	2026-05-09T15:55:20.0583391Z LTS
Detect Changes	Set up job	2026-05-09T15:55:20.0584151Z ##[endgroup]
Detect Changes	Set up job	2026-05-09T15:55:20.0585216Z ##[group]Runner Image
Detect Changes	Set up job	2026-05-09T15:55:20.0586045Z Image: ubuntu-24.04
Detect Changes	Set up job	2026-05-09T15:55:20.0586840Z Version: 20260413.86.1
Detect Changes	Set up job	2026-05-09T15:55:20.0588517Z Included Software: https://github.com/actions/runner-images/blob/ubuntu24/20260413.86/images/ubuntu/Ubuntu2404-Readme.md
Detect Changes	Set up job	2026-05-09T15:55:20.0591123Z Image Release: https://github.com/actions/runner-images/releases/tag/ubuntu24%2F20260413.86
Detect Changes	Set up job	2026-05-09T15:55:20.0592721Z ##[endgroup]
Detect Changes	Set up job	2026-05-09T15:55:20.0597324Z ##[group]GITHUB_TOKEN Permissions
Detect Changes	Set up job	2026-05-09T15:55:20.0600463Z Actions: write
Detect Changes	Set up job	2026-05-09T15:55:20.0601317Z ArtifactMetadata: write
Detect Changes	Set up job	2026-05-09T15:55:20.0602191Z Attestations: write
Detect Changes	Set up job	2026-05-09T15:55:20.0603118Z Checks: write
Detect Changes	Set up job	2026-05-09T15:55:20.0603931Z Contents: write
Detect Changes	Set up job	2026-05-09T15:55:20.0604969Z Deployments: write
Detect Changes	Set up job	2026-05-09T15:55:20.0605785Z Discussions: write
Detect Changes	Set up job	2026-05-09T15:55:20.0606547Z Issues: write
Detect Changes	Set up job	2026-05-09T15:55:20.0607078Z Metadata: read
Detect Changes	Set up job	2026-05-09T15:55:20.0607586Z Models: read
Detect Changes	Set up job	2026-05-09T15:55:20.0608121Z Packages: write
Detect Changes	Set up job	2026-05-09T15:55:20.0608602Z Pages: write
Detect Changes	Set up job	2026-05-09T15:55:20.0609248Z PullRequests: write
Detect Changes	Set up job	2026-05-09T15:55:20.0609857Z RepositoryProjects: write
Detect Changes	Set up job	2026-05-09T15:55:20.0610393Z SecurityEvents: write
Detect Changes	Set up job	2026-05-09T15:55:20.0610955Z Statuses: write
Detect Changes	Set up job	2026-05-09T15:55:20.0611512Z VulnerabilityAlerts: read
Detect Changes	Set up job	2026-05-09T15:55:20.0612057Z ##[endgroup]
Detect Changes	Set up job	2026-05-09T15:55:20.0614188Z Secret source: Actions
Detect Changes	Set up job	2026-05-09T15:55:20.0615491Z Prepare workflow directory
Detect Changes	Set up job	2026-05-09T15:55:20.1282117Z Prepare all required actions
Detect Changes	Set up job	2026-05-09T15:55:20.1336443Z Getting action download info
Detect Changes	Set up job	2026-05-09T15:55:20.4603406Z Download action repository 'actions/checkout@v4' (SHA:34e114876b0b11c390a56381ad16ebd13914f8d5)
Detect Changes	Set up job	2026-05-09T15:55:20.5797096Z Download action repository 'dtolnay/rust-toolchain@stable' (SHA:29eef336d9b2848a0b548edc03f92a220660cdb8)
Detect Changes	Set up job	2026-05-09T15:55:20.8390902Z Complete job name: Detect Changes
Detect Changes	Run actions/checkout@v4	﻿2026-05-09T15:55:20.9047204Z ##[group]Run actions/checkout@v4
Detect Changes	Run actions/checkout@v4	2026-05-09T15:55:20.9048049Z with:
Detect Changes	Run actions/checkout@v4	2026-05-09T15:55:20.9048458Z   fetch-depth: 0
Detect Changes	Run actions/checkout@v4	2026-05-09T15:55:20.9048918Z   repository: link-assistant/router
Detect Changes	Run actions/checkout@v4	2026-05-09T15:55:20.9049645Z   token: ***
Detect Changes	Run actions/checkout@v4	2026-05-09T15:55:20.9050060Z   ssh-strict: true
Detect Changes	Run actions/checkout@v4	2026-05-09T15:55:20.9050490Z   ssh-user: git
Detect Changes	Run actions/checkout@v4	2026-05-09T15:55:20.9050926Z   persist-credentials: true
Detect Changes	Run actions/checkout@v4	2026-05-09T15:55:20.9051431Z   clean: true
Detect Changes	Run actions/checkout@v4	2026-05-09T15:55:20.9051899Z   sparse-checkout-cone-mode: true
Detect Changes	Run actions/checkout@v4	2026-05-09T15:55:20.9052424Z   fetch-tags: false
Detect Changes	Run actions/checkout@v4	2026-05-09T15:55:20.9052867Z   show-progress: true
Detect Changes	Run actions/checkout@v4	2026-05-09T15:55:20.9053320Z   lfs: false
Detect Changes	Run actions/checkout@v4	2026-05-09T15:55:20.9053720Z   submodules: false
Detect Changes	Run actions/checkout@v4	2026-05-09T15:55:20.9054159Z   set-safe-directory: true
Detect Changes	Run actions/checkout@v4	2026-05-09T15:55:20.9054985Z env:
Detect Changes	Run actions/checkout@v4	2026-05-09T15:55:20.9055404Z   CARGO_TERM_COLOR: always
Detect Changes	Run actions/checkout@v4	2026-05-09T15:55:20.9055899Z   RUSTFLAGS: -Dwarnings
Detect Changes	Run actions/checkout@v4	2026-05-09T15:55:20.9056530Z   CARGO_REGISTRY_TOKEN: ***
Detect Changes	Run actions/checkout@v4	2026-05-09T15:55:20.9057087Z   DOCKERHUB_IMAGE: konard/link-assistant-router
Detect Changes	Run actions/checkout@v4	2026-05-09T15:55:20.9057716Z ##[endgroup]
Detect Changes	Run actions/checkout@v4	2026-05-09T15:55:21.0208526Z Syncing repository: link-assistant/router
Detect Changes	Run actions/checkout@v4	2026-05-09T15:55:21.0210816Z ##[group]Getting Git version info
Detect Changes	Run actions/checkout@v4	2026-05-09T15:55:21.0211639Z Working directory is '/home/runner/work/router/router'
Detect Changes	Run actions/checkout@v4	2026-05-09T15:55:21.0212721Z [command]/usr/bin/git version
Detect Changes	Run actions/checkout@v4	2026-05-09T15:55:21.0252846Z git version 2.53.0
Detect Changes	Run actions/checkout@v4	2026-05-09T15:55:21.0288991Z ##[endgroup]
Detect Changes	Run actions/checkout@v4	2026-05-09T15:55:21.0306220Z Temporarily overriding HOME='/home/runner/work/_temp/a663aaa1-b800-4c87-9877-9bdcbfefbe00' before making global git config changes
Detect Changes	Run actions/checkout@v4	2026-05-09T15:55:21.0308051Z Adding repository directory to the temporary git global config as a safe directory
Detect Changes	Run actions/checkout@v4	2026-05-09T15:55:21.0313360Z [command]/usr/bin/git config --global --add safe.directory /home/runner/work/router/router
Detect Changes	Run actions/checkout@v4	2026-05-09T15:55:21.0351723Z Deleting the contents of '/home/runner/work/router/router'
Detect Changes	Run actions/checkout@v4	2026-05-09T15:55:21.0356481Z ##[group]Initializing the repository
Detect Changes	Run actions/checkout@v4	2026-05-09T15:55:21.0361533Z [command]/usr/bin/git init /home/runner/work/router/router
Detect Changes	Run actions/checkout@v4	2026-05-09T15:55:21.0444040Z hint: Using 'master' as the name for the initial branch. This default branch name
Detect Changes	Run actions/checkout@v4	2026-05-09T15:55:21.0446059Z hint: will change to "main" in Git 3.0. To configure the initial branch name
Detect Changes	Run actions/checkout@v4	2026-05-09T15:55:21.0447689Z hint: to use in all of your new repositories, which will suppress this warning,
Detect Changes	Run actions/checkout@v4	2026-05-09T15:55:21.0448973Z hint: call:
Detect Changes	Run actions/checkout@v4	2026-05-09T15:55:21.0449632Z hint:
Detect Changes	Run actions/checkout@v4	2026-05-09T15:55:21.0450498Z hint: 	git config --global init.defaultBranch <name>
Detect Changes	Run actions/checkout@v4	2026-05-09T15:55:21.0451559Z hint:
Detect Changes	Run actions/checkout@v4	2026-05-09T15:55:21.0452520Z hint: Names commonly chosen instead of 'master' are 'main', 'trunk' and
Detect Changes	Run actions/checkout@v4	2026-05-09T15:55:21.0454110Z hint: 'development'. The just-created branch can be renamed via this command:
Detect Changes	Run actions/checkout@v4	2026-05-09T15:55:21.0455710Z hint:
Detect Changes	Run actions/checkout@v4	2026-05-09T15:55:21.0456419Z hint: 	git branch -m <name>
Detect Changes	Run actions/checkout@v4	2026-05-09T15:55:21.0457237Z hint:
Detect Changes	Run actions/checkout@v4	2026-05-09T15:55:21.0458310Z hint: Disable this message with "git config set advice.defaultBranchName false"
Detect Changes	Run actions/checkout@v4	2026-05-09T15:55:21.0459980Z Initialized empty Git repository in /home/runner/work/router/router/.git/
Detect Changes	Run actions/checkout@v4	2026-05-09T15:55:21.0462671Z [command]/usr/bin/git remote add origin https://github.com/link-assistant/router
Detect Changes	Run actions/checkout@v4	2026-05-09T15:55:21.0489628Z ##[endgroup]
Detect Changes	Run actions/checkout@v4	2026-05-09T15:55:21.0490918Z ##[group]Disabling automatic garbage collection
Detect Changes	Run actions/checkout@v4	2026-05-09T15:55:21.0494557Z [command]/usr/bin/git config --local gc.auto 0
Detect Changes	Run actions/checkout@v4	2026-05-09T15:55:21.0524554Z ##[endgroup]
Detect Changes	Run actions/checkout@v4	2026-05-09T15:55:21.0525573Z ##[group]Setting up auth
Detect Changes	Run actions/checkout@v4	2026-05-09T15:55:21.0533197Z [command]/usr/bin/git config --local --name-only --get-regexp core\.sshCommand
Detect Changes	Run actions/checkout@v4	2026-05-09T15:55:21.0565274Z [command]/usr/bin/git submodule foreach --recursive sh -c "git config --local --name-only --get-regexp 'core\.sshCommand' && git config --local --unset-all 'core.sshCommand' || :"
Detect Changes	Run actions/checkout@v4	2026-05-09T15:55:21.0883197Z [command]/usr/bin/git config --local --name-only --get-regexp http\.https\:\/\/github\.com\/\.extraheader
Detect Changes	Run actions/checkout@v4	2026-05-09T15:55:21.0917841Z [command]/usr/bin/git submodule foreach --recursive sh -c "git config --local --name-only --get-regexp 'http\.https\:\/\/github\.com\/\.extraheader' && git config --local --unset-all 'http.https://github.com/.extraheader' || :"
Detect Changes	Run actions/checkout@v4	2026-05-09T15:55:21.1184459Z [command]/usr/bin/git config --local --name-only --get-regexp ^includeIf\.gitdir:
Detect Changes	Run actions/checkout@v4	2026-05-09T15:55:21.1215929Z [command]/usr/bin/git submodule foreach --recursive git config --local --show-origin --name-only --get-regexp remote.origin.url
Detect Changes	Run actions/checkout@v4	2026-05-09T15:55:21.1448889Z [command]/usr/bin/git config --local http.https://github.com/.extraheader AUTHORIZATION: basic ***
Detect Changes	Run actions/checkout@v4	2026-05-09T15:55:21.1483316Z ##[endgroup]
Detect Changes	Run actions/checkout@v4	2026-05-09T15:55:21.1485122Z ##[group]Fetching the repository
Detect Changes	Run actions/checkout@v4	2026-05-09T15:55:21.1494213Z [command]/usr/bin/git -c protocol.version=2 fetch --prune --no-recurse-submodules origin +refs/heads/*:refs/remotes/origin/* +refs/tags/*:refs/tags/* +e9692c509449e98bfd3bc6c9ad427480ee4f6de9:refs/remotes/pull/26/merge
Detect Changes	Run actions/checkout@v4	2026-05-09T15:55:21.6473779Z From https://github.com/link-assistant/router
Detect Changes	Run actions/checkout@v4	2026-05-09T15:55:21.6476233Z  * [new branch]      issue-1-1bf9ef21c1ac                     -> origin/issue-1-1bf9ef21c1ac
Detect Changes	Run actions/checkout@v4	2026-05-09T15:55:21.6477774Z  * [new branch]      issue-11-0f880923289a                    -> origin/issue-11-0f880923289a
Detect Changes	Run actions/checkout@v4	2026-05-09T15:55:21.6479162Z  * [new branch]      issue-13-2606f9974b11                    -> origin/issue-13-2606f9974b11
Detect Changes	Run actions/checkout@v4	2026-05-09T15:55:21.6480543Z  * [new branch]      issue-15-8f76cb08364a                    -> origin/issue-15-8f76cb08364a
Detect Changes	Run actions/checkout@v4	2026-05-09T15:55:21.6482399Z  * [new branch]      issue-17-eb0edbddcdb5                    -> origin/issue-17-eb0edbddcdb5
Detect Changes	Run actions/checkout@v4	2026-05-09T15:55:21.6484092Z  * [new branch]      issue-18-aafa1060453e                    -> origin/issue-18-aafa1060453e
Detect Changes	Run actions/checkout@v4	2026-05-09T15:55:21.6486091Z  * [new branch]      issue-21-4e3dd79ebb0a                    -> origin/issue-21-4e3dd79ebb0a
Detect Changes	Run actions/checkout@v4	2026-05-09T15:55:21.6487873Z  * [new branch]      issue-23-c4c21ed11eba                    -> origin/issue-23-c4c21ed11eba
Detect Changes	Run actions/checkout@v4	2026-05-09T15:55:21.6489610Z  * [new branch]      issue-25-cee894a7a764                    -> origin/issue-25-cee894a7a764
Detect Changes	Run actions/checkout@v4	2026-05-09T15:55:21.6491318Z  * [new branch]      issue-3-105675fe4cc7                     -> origin/issue-3-105675fe4cc7
Detect Changes	Run actions/checkout@v4	2026-05-09T15:55:21.6493213Z  * [new branch]      issue-5-5a51161efdc8                     -> origin/issue-5-5a51161efdc8
Detect Changes	Run actions/checkout@v4	2026-05-09T15:55:21.6495362Z  * [new branch]      issue-7-080001720a10                     -> origin/issue-7-080001720a10
Detect Changes	Run actions/checkout@v4	2026-05-09T15:55:21.6497308Z  * [new branch]      issue-9-d545a925a750                     -> origin/issue-9-d545a925a750
Detect Changes	Run actions/checkout@v4	2026-05-09T15:55:21.6499096Z  * [new branch]      main                                     -> origin/main
Detect Changes	Run actions/checkout@v4	2026-05-09T15:55:21.6500725Z  * [new tag]         v0.10.0                                  -> v0.10.0
Detect Changes	Run actions/checkout@v4	2026-05-09T15:55:21.6502377Z  * [new tag]         v0.11.0                                  -> v0.11.0
Detect Changes	Run actions/checkout@v4	2026-05-09T15:55:21.6503939Z  * [new tag]         v0.12.0                                  -> v0.12.0
Detect Changes	Run actions/checkout@v4	2026-05-09T15:55:21.6505761Z  * [new tag]         v0.13.0                                  -> v0.13.0
Detect Changes	Run actions/checkout@v4	2026-05-09T15:55:21.6507324Z  * [new tag]         v0.3.0                                   -> v0.3.0
Detect Changes	Run actions/checkout@v4	2026-05-09T15:55:21.6508852Z  * [new tag]         v0.4.0                                   -> v0.4.0
Detect Changes	Run actions/checkout@v4	2026-05-09T15:55:21.6510369Z  * [new tag]         v0.5.0                                   -> v0.5.0
Detect Changes	Run actions/checkout@v4	2026-05-09T15:55:21.6511866Z  * [new tag]         v0.6.0                                   -> v0.6.0
Detect Changes	Run actions/checkout@v4	2026-05-09T15:55:21.6513376Z  * [new tag]         v0.7.0                                   -> v0.7.0
Detect Changes	Run actions/checkout@v4	2026-05-09T15:55:21.6515094Z  * [new tag]         v0.8.0                                   -> v0.8.0
Detect Changes	Run actions/checkout@v4	2026-05-09T15:55:21.6516640Z  * [new tag]         v0.9.0                                   -> v0.9.0
Detect Changes	Run actions/checkout@v4	2026-05-09T15:55:21.6518638Z  * [new ref]         e9692c509449e98bfd3bc6c9ad427480ee4f6de9 -> pull/26/merge
Detect Changes	Run actions/checkout@v4	2026-05-09T15:55:21.6532757Z ##[endgroup]
Detect Changes	Run actions/checkout@v4	2026-05-09T15:55:21.6534544Z ##[group]Determining the checkout info
Detect Changes	Run actions/checkout@v4	2026-05-09T15:55:21.6536838Z ##[endgroup]
Detect Changes	Run actions/checkout@v4	2026-05-09T15:55:21.6539870Z [command]/usr/bin/git sparse-checkout disable
Detect Changes	Run actions/checkout@v4	2026-05-09T15:55:21.6579051Z [command]/usr/bin/git config --local --unset-all extensions.worktreeConfig
Detect Changes	Run actions/checkout@v4	2026-05-09T15:55:21.6606896Z ##[group]Checking out the ref
Detect Changes	Run actions/checkout@v4	2026-05-09T15:55:21.6609501Z [command]/usr/bin/git checkout --progress --force refs/remotes/pull/26/merge
Detect Changes	Run actions/checkout@v4	2026-05-09T15:55:21.6839268Z Note: switching to 'refs/remotes/pull/26/merge'.
Detect Changes	Run actions/checkout@v4	2026-05-09T15:55:21.6840769Z
Detect Changes	Run actions/checkout@v4	2026-05-09T15:55:21.6842022Z You are in 'detached HEAD' state. You can look around, make experimental
Detect Changes	Run actions/checkout@v4	2026-05-09T15:55:21.6845243Z changes and commit them, and you can discard any commits you make in this
Detect Changes	Run actions/checkout@v4	2026-05-09T15:55:21.6848344Z state without impacting any branches by switching back to a branch.
Detect Changes	Run actions/checkout@v4	2026-05-09T15:55:21.6850226Z
Detect Changes	Run actions/checkout@v4	2026-05-09T15:55:21.6851425Z If you want to create a new branch to retain commits you create, you may
Detect Changes	Run actions/checkout@v4	2026-05-09T15:55:21.6854345Z do so (now or later) by using -c with the switch command. Example:
Detect Changes	Run actions/checkout@v4	2026-05-09T15:55:21.6856260Z
Detect Changes	Run actions/checkout@v4	2026-05-09T15:55:21.6856946Z   git switch -c <new-branch-name>
Detect Changes	Run actions/checkout@v4	2026-05-09T15:55:21.6858110Z
Detect Changes	Run actions/checkout@v4	2026-05-09T15:55:21.6858740Z Or undo this operation with:
Detect Changes	Run actions/checkout@v4	2026-05-09T15:55:21.6859856Z
Detect Changes	Run actions/checkout@v4	2026-05-09T15:55:21.6860673Z   git switch -
Detect Changes	Run actions/checkout@v4	2026-05-09T15:55:21.6861272Z
Detect Changes	Run actions/checkout@v4	2026-05-09T15:55:21.6862210Z Turn off this advice by setting config variable advice.detachedHead to false
Detect Changes	Run actions/checkout@v4	2026-05-09T15:55:21.6863594Z
Detect Changes	Run actions/checkout@v4	2026-05-09T15:55:21.6865395Z HEAD is now at e9692c5 Merge 79b6dd6bc499c0effbb7d27f0eb02d74f41a4a07 into 32be51c7464978cfb12e66692bfe04b8849db236
Detect Changes	Run actions/checkout@v4	2026-05-09T15:55:21.6871357Z ##[endgroup]
Detect Changes	Run actions/checkout@v4	2026-05-09T15:55:21.6889028Z [command]/usr/bin/git log -1 --format=%H
Detect Changes	Run actions/checkout@v4	2026-05-09T15:55:21.6912261Z e9692c509449e98bfd3bc6c9ad427480ee4f6de9
Detect Changes	Setup Rust	﻿2026-05-09T15:55:21.7468908Z ##[group]Run dtolnay/rust-toolchain@stable
Detect Changes	Setup Rust	2026-05-09T15:55:21.7470023Z with:
Detect Changes	Setup Rust	2026-05-09T15:55:21.7470761Z   toolchain: stable
Detect Changes	Setup Rust	2026-05-09T15:55:21.7471547Z env:
Detect Changes	Setup Rust	2026-05-09T15:55:21.7472291Z   CARGO_TERM_COLOR: always
Detect Changes	Setup Rust	2026-05-09T15:55:21.7473218Z   RUSTFLAGS: -Dwarnings
Detect Changes	Setup Rust	2026-05-09T15:55:21.7474788Z   CARGO_REGISTRY_TOKEN: ***
Detect Changes	Setup Rust	2026-05-09T15:55:21.7475850Z   DOCKERHUB_IMAGE: konard/link-assistant-router
Detect Changes	Setup Rust	2026-05-09T15:55:21.7476977Z ##[endgroup]
Detect Changes	Setup Rust	2026-05-09T15:55:21.7707546Z ##[group]Run : parse toolchain version
Detect Changes	Setup Rust	2026-05-09T15:55:21.7708797Z ^[[36;1m: parse toolchain version^[[0m
Detect Changes	Setup Rust	2026-05-09T15:55:21.7709872Z ^[[36;1mif [[ -z $toolchain ]]; then^[[0m
Detect Changes	Setup Rust	2026-05-09T15:55:21.7711779Z ^[[36;1m  # GitHub does not enforce `required: true` inputs itself. https://github.com/actions/runner/issues/1070^[[0m
Detect Changes	Setup Rust	2026-05-09T15:55:21.7713848Z ^[[36;1m  echo "'toolchain' is a required input" >&2^[[0m
Detect Changes	Setup Rust	2026-05-09T15:55:21.7715180Z ^[[36;1m  exit 1^[[0m
Detect Changes	Setup Rust	2026-05-09T15:55:21.7716444Z ^[[36;1melif [[ $toolchain =~ ^stable' '[0-9]+' '(year|month|week|day)s?' 'ago$ ]]; then^[[0m
Detect Changes	Setup Rust	2026-05-09T15:55:21.7718031Z ^[[36;1m  if [[ Linux == macOS ]]; then^[[0m
Detect Changes	Setup Rust	2026-05-09T15:55:21.7720062Z ^[[36;1m    echo "toolchain=1.$((($(date -v-$(sed 's/stable \([0-9]*\) \(.\).*/\1\2/' <<< $toolchain) +%s)/60/60/24-16569)/7/6))" >> $GITHUB_OUTPUT^[[0m
Detect Changes	Setup Rust	2026-05-09T15:55:21.7721993Z ^[[36;1m  else^[[0m
Detect Changes	Setup Rust	2026-05-09T15:55:21.7723506Z ^[[36;1m    echo "toolchain=1.$((($(date --date "${toolchain#stable }" +%s)/60/60/24-16569)/7/6))" >> $GITHUB_OUTPUT^[[0m
Detect Changes	Setup Rust	2026-05-09T15:55:21.7725361Z ^[[36;1m  fi^[[0m
Detect Changes	Setup Rust	2026-05-09T15:55:21.7726499Z ^[[36;1melif [[ $toolchain =~ ^stable' 'minus' '[0-9]+' 'releases?$ ]]; then^[[0m
Detect Changes	Setup Rust	2026-05-09T15:55:21.7728490Z ^[[36;1m  echo "toolchain=1.$((($(date +%s)/60/60/24-16569)/7/6-${toolchain//[^0-9]/}))" >> $GITHUB_OUTPUT^[[0m
Detect Changes	Setup Rust	2026-05-09T15:55:21.7730233Z ^[[36;1melif [[ $toolchain =~ ^1\.[0-9]+$ ]]; then^[[0m
Detect Changes	Setup Rust	2026-05-09T15:55:21.7732208Z ^[[36;1m  echo "toolchain=1.$((i=${toolchain#1.}, c=($(date +%s)/60/60/24-16569)/7/6, i+9*i*(10*i<=c)+90*i*(100*i<=c)))" >> $GITHUB_OUTPUT^[[0m
Detect Changes	Setup Rust	2026-05-09T15:55:21.7734117Z ^[[36;1melse^[[0m
Detect Changes	Setup Rust	2026-05-09T15:55:21.7735357Z ^[[36;1m  echo "toolchain=$toolchain" >> $GITHUB_OUTPUT^[[0m
Detect Changes	Setup Rust	2026-05-09T15:55:21.7736543Z ^[[36;1mfi^[[0m
Detect Changes	Setup Rust	2026-05-09T15:55:21.7764812Z shell: /usr/bin/bash --noprofile --norc -e -o pipefail {0}
Detect Changes	Setup Rust	2026-05-09T15:55:21.7766089Z env:
Detect Changes	Setup Rust	2026-05-09T15:55:21.7766838Z   CARGO_TERM_COLOR: always
Detect Changes	Setup Rust	2026-05-09T15:55:21.7767770Z   RUSTFLAGS: -Dwarnings
Detect Changes	Setup Rust	2026-05-09T15:55:21.7769003Z   CARGO_REGISTRY_TOKEN: ***
Detect Changes	Setup Rust	2026-05-09T15:55:21.7770050Z   DOCKERHUB_IMAGE: konard/link-assistant-router
Detect Changes	Setup Rust	2026-05-09T15:55:21.7771186Z   toolchain: stable
Detect Changes	Setup Rust	2026-05-09T15:55:21.7771982Z ##[endgroup]
Detect Changes	Setup Rust	2026-05-09T15:55:21.7988992Z ##[group]Run : construct rustup command line
Detect Changes	Setup Rust	2026-05-09T15:55:21.7990193Z ^[[36;1m: construct rustup command line^[[0m
Detect Changes	Setup Rust	2026-05-09T15:55:21.7991843Z ^[[36;1mecho "targets=$(for t in ${targets//,/ }; do echo -n ' --target' $t; done)" >> $GITHUB_OUTPUT^[[0m
Detect Changes	Setup Rust	2026-05-09T15:55:21.7994117Z ^[[36;1mecho "components=$(for c in ${components//,/ }; do echo -n ' --component' $c; done)" >> $GITHUB_OUTPUT^[[0m
Detect Changes	Setup Rust	2026-05-09T15:55:21.7996223Z ^[[36;1mecho "downgrade=" >> $GITHUB_OUTPUT^[[0m
Detect Changes	Setup Rust	2026-05-09T15:55:21.8019213Z shell: /usr/bin/bash --noprofile --norc -e -o pipefail {0}
Detect Changes	Setup Rust	2026-05-09T15:55:21.8020428Z env:
Detect Changes	Setup Rust	2026-05-09T15:55:21.8021143Z   CARGO_TERM_COLOR: always
Detect Changes	Setup Rust	2026-05-09T15:55:21.8022037Z   RUSTFLAGS: -Dwarnings
Detect Changes	Setup Rust	2026-05-09T15:55:21.8023209Z   CARGO_REGISTRY_TOKEN: ***
Detect Changes	Setup Rust	2026-05-09T15:55:21.8024202Z   DOCKERHUB_IMAGE: konard/link-assistant-router
Detect Changes	Setup Rust	2026-05-09T15:55:21.8025430Z   targets:
Detect Changes	Setup Rust	2026-05-09T15:55:21.8026151Z   components:
Detect Changes	Setup Rust	2026-05-09T15:55:21.8026905Z ##[endgroup]
Detect Changes	Setup Rust	2026-05-09T15:55:21.8140114Z ##[group]Run : set $CARGO_HOME
Detect Changes	Setup Rust	2026-05-09T15:55:21.8141076Z ^[[36;1m: set $CARGO_HOME^[[0m
Detect Changes	Setup Rust	2026-05-09T15:55:21.8142277Z ^[[36;1mecho CARGO_HOME=${CARGO_HOME:-"$HOME/.cargo"} >> $GITHUB_ENV^[[0m
Detect Changes	Setup Rust	2026-05-09T15:55:21.8165515Z shell: /usr/bin/bash --noprofile --norc -e -o pipefail {0}
Detect Changes	Setup Rust	2026-05-09T15:55:21.8166728Z env:
Detect Changes	Setup Rust	2026-05-09T15:55:21.8167452Z   CARGO_TERM_COLOR: always
Detect Changes	Setup Rust	2026-05-09T15:55:21.8168359Z   RUSTFLAGS: -Dwarnings
Detect Changes	Setup Rust	2026-05-09T15:55:21.8169748Z   CARGO_REGISTRY_TOKEN: ***
Detect Changes	Setup Rust	2026-05-09T15:55:21.8170754Z   DOCKERHUB_IMAGE: konard/link-assistant-router
Detect Changes	Setup Rust	2026-05-09T15:55:21.8171856Z ##[endgroup]
Detect Changes	Setup Rust	2026-05-09T15:55:21.8286094Z ##[group]Run : install rustup if needed
Detect Changes	Setup Rust	2026-05-09T15:55:21.8287182Z ^[[36;1m: install rustup if needed^[[0m
Detect Changes	Setup Rust	2026-05-09T15:55:21.8288288Z ^[[36;1mif ! command -v rustup &>/dev/null; then^[[0m
Detect Changes	Setup Rust	2026-05-09T15:55:21.8290842Z ^[[36;1m  curl --proto '=https' --tlsv1.2 --retry 10 --retry-connrefused --location --silent --show-error --fail https://sh.rustup.rs | sh -s -- --default-toolchain none -y^[[0m
Detect Changes	Setup Rust	2026-05-09T15:55:21.8293393Z ^[[36;1m  echo "$CARGO_HOME/bin" >> $GITHUB_PATH^[[0m
Detect Changes	Setup Rust	2026-05-09T15:55:21.8294465Z ^[[36;1mfi^[[0m
Detect Changes	Setup Rust	2026-05-09T15:55:21.8317130Z shell: /usr/bin/bash --noprofile --norc -e -o pipefail {0}
Detect Changes	Setup Rust	2026-05-09T15:55:21.8318344Z env:
Detect Changes	Setup Rust	2026-05-09T15:55:21.8319084Z   CARGO_TERM_COLOR: always
Detect Changes	Setup Rust	2026-05-09T15:55:21.8319987Z   RUSTFLAGS: -Dwarnings
Detect Changes	Setup Rust	2026-05-09T15:55:21.8321194Z   CARGO_REGISTRY_TOKEN: ***
Detect Changes	Setup Rust	2026-05-09T15:55:21.8322237Z   DOCKERHUB_IMAGE: konard/link-assistant-router
Detect Changes	Setup Rust	2026-05-09T15:55:21.8323372Z   CARGO_HOME: /home/runner/.cargo
Detect Changes	Setup Rust	2026-05-09T15:55:21.8324318Z ##[endgroup]
Detect Changes	Setup Rust	2026-05-09T15:55:21.8441082Z ##[group]Run rustup toolchain install stable --profile minimal --no-self-update
Detect Changes	Setup Rust	2026-05-09T15:55:21.8442954Z ^[[36;1mrustup toolchain install stable --profile minimal --no-self-update^[[0m
Detect Changes	Setup Rust	2026-05-09T15:55:21.8466148Z shell: /usr/bin/bash --noprofile --norc -e -o pipefail {0}
Detect Changes	Setup Rust	2026-05-09T15:55:21.8467328Z env:
Detect Changes	Setup Rust	2026-05-09T15:55:21.8468051Z   CARGO_TERM_COLOR: always
Detect Changes	Setup Rust	2026-05-09T15:55:21.8468930Z   RUSTFLAGS: -Dwarnings
Detect Changes	Setup Rust	2026-05-09T15:55:21.8470077Z   CARGO_REGISTRY_TOKEN: ***
Detect Changes	Setup Rust	2026-05-09T15:55:21.8471081Z   DOCKERHUB_IMAGE: konard/link-assistant-router
Detect Changes	Setup Rust	2026-05-09T15:55:21.8472227Z   CARGO_HOME: /home/runner/.cargo
Detect Changes	Setup Rust	2026-05-09T15:55:21.8473303Z   RUSTUP_PERMIT_COPY_RENAME: 1
Detect Changes	Setup Rust	2026-05-09T15:55:21.8474202Z ##[endgroup]
Detect Changes	Setup Rust	2026-05-09T15:55:23.6186953Z info: syncing channel updates for stable-x86_64-unknown-linux-gnu
Detect Changes	Setup Rust	2026-05-09T15:55:23.7494291Z info: latest update on 2026-04-16 for version 1.95.0 (59807616e 2026-04-14)
Detect Changes	Setup Rust	2026-05-09T15:55:23.7657277Z info: removing previous version of component clippy
Detect Changes	Setup Rust	2026-05-09T15:55:23.7821548Z info: removing previous version of component rustfmt
Detect Changes	Setup Rust	2026-05-09T15:55:23.7836894Z info: removing previous version of component cargo
Detect Changes	Setup Rust	2026-05-09T15:55:23.7973754Z info: removing previous version of component rust-std
Detect Changes	Setup Rust	2026-05-09T15:55:23.8105765Z info: removing previous version of component rustc
Detect Changes	Setup Rust	2026-05-09T15:55:23.8158348Z info: downloading 5 components
Detect Changes	Setup Rust	2026-05-09T15:55:32.5041731Z
Detect Changes	Setup Rust	2026-05-09T15:55:32.5138589Z   stable-x86_64-unknown-linux-gnu updated - rustc 1.95.0 (59807616e 2026-04-14) (from rustc 1.94.1 (e408947bf 2026-03-25))
Detect Changes	Setup Rust	2026-05-09T15:55:32.5139416Z
Detect Changes	Setup Rust	2026-05-09T15:55:32.5235498Z ##[group]Run rustup default stable
Detect Changes	Setup Rust	2026-05-09T15:55:32.5235850Z ^[[36;1mrustup default stable^[[0m
Detect Changes	Setup Rust	2026-05-09T15:55:32.5258143Z shell: /usr/bin/bash --noprofile --norc -e -o pipefail {0}
Detect Changes	Setup Rust	2026-05-09T15:55:32.5258530Z env:
Detect Changes	Setup Rust	2026-05-09T15:55:32.5258760Z   CARGO_TERM_COLOR: always
Detect Changes	Setup Rust	2026-05-09T15:55:32.5259001Z   RUSTFLAGS: -Dwarnings
Detect Changes	Setup Rust	2026-05-09T15:55:32.5259574Z   CARGO_REGISTRY_TOKEN: ***
Detect Changes	Setup Rust	2026-05-09T15:55:32.5259837Z   DOCKERHUB_IMAGE: konard/link-assistant-router
Detect Changes	Setup Rust	2026-05-09T15:55:32.5260155Z   CARGO_HOME: /home/runner/.cargo
Detect Changes	Setup Rust	2026-05-09T15:55:32.5260393Z ##[endgroup]
Detect Changes	Setup Rust	2026-05-09T15:55:32.5361485Z info: using existing install for stable-x86_64-unknown-linux-gnu
Detect Changes	Setup Rust	2026-05-09T15:55:32.5367665Z info: default toolchain set to stable-x86_64-unknown-linux-gnu
Detect Changes	Setup Rust	2026-05-09T15:55:32.5368018Z
Detect Changes	Setup Rust	2026-05-09T15:55:32.5440157Z   stable-x86_64-unknown-linux-gnu unchanged - rustc 1.95.0 (59807616e 2026-04-14)
Detect Changes	Setup Rust	2026-05-09T15:55:32.5440779Z
Detect Changes	Setup Rust	2026-05-09T15:55:32.5486494Z ##[group]Run : create cachekey
Detect Changes	Setup Rust	2026-05-09T15:55:32.5486956Z ^[[36;1m: create cachekey^[[0m
Detect Changes	Setup Rust	2026-05-09T15:55:32.5487457Z ^[[36;1mDATE=$(rustc +stable --version --verbose | sed -ne 's/^commit-date: \(20[0-9][0-9]\)-\([01][0-9]\)-\([0-3][0-9]\)$/\1\2\3/p')^[[0m
Detect Changes	Setup Rust	2026-05-09T15:55:32.5488305Z ^[[36;1mHASH=$(rustc +stable --version --verbose | sed -ne 's/^commit-hash: //p')^[[0m
Detect Changes	Setup Rust	2026-05-09T15:55:32.5488826Z ^[[36;1mecho "cachekey=$(echo $DATE$HASH | head -c12)" >> $GITHUB_OUTPUT^[[0m
Detect Changes	Setup Rust	2026-05-09T15:55:32.5511439Z shell: /usr/bin/bash --noprofile --norc -e -o pipefail {0}
Detect Changes	Setup Rust	2026-05-09T15:55:32.5511782Z env:
Detect Changes	Setup Rust	2026-05-09T15:55:32.5511977Z   CARGO_TERM_COLOR: always
Detect Changes	Setup Rust	2026-05-09T15:55:32.5512254Z   RUSTFLAGS: -Dwarnings
Detect Changes	Setup Rust	2026-05-09T15:55:32.5512644Z   CARGO_REGISTRY_TOKEN: ***
Detect Changes	Setup Rust	2026-05-09T15:55:32.5512914Z   DOCKERHUB_IMAGE: konard/link-assistant-router
Detect Changes	Setup Rust	2026-05-09T15:55:32.5513221Z   CARGO_HOME: /home/runner/.cargo
Detect Changes	Setup Rust	2026-05-09T15:55:32.5513469Z ##[endgroup]
Detect Changes	Setup Rust	2026-05-09T15:55:32.5891978Z ##[group]Run : disable incremental compilation
Detect Changes	Setup Rust	2026-05-09T15:55:32.5892412Z ^[[36;1m: disable incremental compilation^[[0m
Detect Changes	Setup Rust	2026-05-09T15:55:32.5892734Z ^[[36;1mif [ -z "${CARGO_INCREMENTAL+set}" ]; then^[[0m
Detect Changes	Setup Rust	2026-05-09T15:55:32.5893063Z ^[[36;1m  echo CARGO_INCREMENTAL=0 >> $GITHUB_ENV^[[0m
Detect Changes	Setup Rust	2026-05-09T15:55:32.5893345Z ^[[36;1mfi^[[0m
Detect Changes	Setup Rust	2026-05-09T15:55:32.5915774Z shell: /usr/bin/bash --noprofile --norc -e -o pipefail {0}
Detect Changes	Setup Rust	2026-05-09T15:55:32.5916117Z env:
Detect Changes	Setup Rust	2026-05-09T15:55:32.5916319Z   CARGO_TERM_COLOR: always
Detect Changes	Setup Rust	2026-05-09T15:55:32.5916546Z   RUSTFLAGS: -Dwarnings
Detect Changes	Setup Rust	2026-05-09T15:55:32.5916930Z   CARGO_REGISTRY_TOKEN: ***
Detect Changes	Setup Rust	2026-05-09T15:55:32.5917201Z   DOCKERHUB_IMAGE: konard/link-assistant-router
Detect Changes	Setup Rust	2026-05-09T15:55:32.5917494Z   CARGO_HOME: /home/runner/.cargo
Detect Changes	Setup Rust	2026-05-09T15:55:32.5917748Z ##[endgroup]
Detect Changes	Setup Rust	2026-05-09T15:55:32.5992277Z ##[group]Run : enable colors in Cargo output
Detect Changes	Setup Rust	2026-05-09T15:55:32.5992639Z ^[[36;1m: enable colors in Cargo output^[[0m
Detect Changes	Setup Rust	2026-05-09T15:55:32.5992970Z ^[[36;1mif [ -z "${CARGO_TERM_COLOR+set}" ]; then^[[0m
Detect Changes	Setup Rust	2026-05-09T15:55:32.5993318Z ^[[36;1m  echo CARGO_TERM_COLOR=always >> $GITHUB_ENV^[[0m
Detect Changes	Setup Rust	2026-05-09T15:55:32.5993637Z ^[[36;1mfi^[[0m
Detect Changes	Setup Rust	2026-05-09T15:55:32.6014399Z shell: /usr/bin/bash --noprofile --norc -e -o pipefail {0}
Detect Changes	Setup Rust	2026-05-09T15:55:32.6014929Z env:
Detect Changes	Setup Rust	2026-05-09T15:55:32.6015132Z   CARGO_TERM_COLOR: always
Detect Changes	Setup Rust	2026-05-09T15:55:32.6015390Z   RUSTFLAGS: -Dwarnings
Detect Changes	Setup Rust	2026-05-09T15:55:32.6015776Z   CARGO_REGISTRY_TOKEN: ***
Detect Changes	Setup Rust	2026-05-09T15:55:32.6016045Z   DOCKERHUB_IMAGE: konard/link-assistant-router
Detect Changes	Setup Rust	2026-05-09T15:55:32.6016360Z   CARGO_HOME: /home/runner/.cargo
Detect Changes	Setup Rust	2026-05-09T15:55:32.6016608Z   CARGO_INCREMENTAL: 0
Detect Changes	Setup Rust	2026-05-09T15:55:32.6016828Z ##[endgroup]
Detect Changes	Setup Rust	2026-05-09T15:55:32.6169177Z ##[group]Run : enable Cargo sparse registry
Detect Changes	Setup Rust	2026-05-09T15:55:32.6169560Z ^[[36;1m: enable Cargo sparse registry^[[0m
Detect Changes	Setup Rust	2026-05-09T15:55:32.6169926Z ^[[36;1m# implemented in 1.66, stabilized in 1.68, made default in 1.70^[[0m
Detect Changes	Setup Rust	2026-05-09T15:55:32.6170649Z ^[[36;1mif [ -z "${CARGO_REGISTRIES_CRATES_IO_PROTOCOL+set}" -o -f "/home/runner/work/_temp"/.implicit_cargo_registries_crates_io_protocol ]; then^[[0m
Detect Changes	Setup Rust	2026-05-09T15:55:32.6171369Z ^[[36;1m  if rustc +stable --version --verbose | grep -q '^release: 1\.6[89]\.'; then^[[0m
Detect Changes	Setup Rust	2026-05-09T15:55:32.6171946Z ^[[36;1m    touch "/home/runner/work/_temp"/.implicit_cargo_registries_crates_io_protocol || true^[[0m
Detect Changes	Setup Rust	2026-05-09T15:55:32.6172496Z ^[[36;1m    echo CARGO_REGISTRIES_CRATES_IO_PROTOCOL=sparse >> $GITHUB_ENV^[[0m
Detect Changes	Setup Rust	2026-05-09T15:55:32.6172969Z ^[[36;1m  elif rustc +stable --version --verbose | grep -q '^release: 1\.6[67]\.'; then^[[0m
Detect Changes	Setup Rust	2026-05-09T15:55:32.6173513Z ^[[36;1m    touch "/home/runner/work/_temp"/.implicit_cargo_registries_crates_io_protocol || true^[[0m
Detect Changes	Setup Rust	2026-05-09T15:55:32.6174017Z ^[[36;1m    echo CARGO_REGISTRIES_CRATES_IO_PROTOCOL=git >> $GITHUB_ENV^[[0m
Detect Changes	Setup Rust	2026-05-09T15:55:32.6174354Z ^[[36;1m  fi^[[0m
Detect Changes	Setup Rust	2026-05-09T15:55:32.6174548Z ^[[36;1mfi^[[0m
Detect Changes	Setup Rust	2026-05-09T15:55:32.6195795Z shell: /usr/bin/bash --noprofile --norc -e -o pipefail {0}
Detect Changes	Setup Rust	2026-05-09T15:55:32.6196131Z env:
Detect Changes	Setup Rust	2026-05-09T15:55:32.6196329Z   CARGO_TERM_COLOR: always
Detect Changes	Setup Rust	2026-05-09T15:55:32.6196570Z   RUSTFLAGS: -Dwarnings
Detect Changes	Setup Rust	2026-05-09T15:55:32.6197106Z   CARGO_REGISTRY_TOKEN: ***
Detect Changes	Setup Rust	2026-05-09T15:55:32.6197371Z   DOCKERHUB_IMAGE: konard/link-assistant-router
Detect Changes	Setup Rust	2026-05-09T15:55:32.6197680Z   CARGO_HOME: /home/runner/.cargo
Detect Changes	Setup Rust	2026-05-09T15:55:32.6197923Z   CARGO_INCREMENTAL: 0
Detect Changes	Setup Rust	2026-05-09T15:55:32.6198306Z ##[endgroup]
Detect Changes	Setup Rust	2026-05-09T15:55:32.6546408Z ##[group]Run : work around spurious network errors in curl 8.0
Detect Changes	Setup Rust	2026-05-09T15:55:32.6546906Z ^[[36;1m: work around spurious network errors in curl 8.0^[[0m
Detect Changes	Setup Rust	2026-05-09T15:55:32.6547675Z ^[[36;1m# https://rust-lang.zulipchat.com/#narrow/stream/246057-t-cargo/topic/timeout.20investigation^[[0m
Detect Changes	Setup Rust	2026-05-09T15:55:32.6548302Z ^[[36;1mif rustc +stable --version --verbose | grep -q '^release: 1\.7[01]\.'; then^[[0m
Detect Changes	Setup Rust	2026-05-09T15:55:32.6548769Z ^[[36;1m  echo CARGO_HTTP_MULTIPLEXING=false >> $GITHUB_ENV^[[0m
Detect Changes	Setup Rust	2026-05-09T15:55:32.6549079Z ^[[36;1mfi^[[0m
Detect Changes	Setup Rust	2026-05-09T15:55:32.6572137Z shell: /usr/bin/bash --noprofile --norc -e -o pipefail {0}
Detect Changes	Setup Rust	2026-05-09T15:55:32.6572496Z env:
Detect Changes	Setup Rust	2026-05-09T15:55:32.6572695Z   CARGO_TERM_COLOR: always
Detect Changes	Setup Rust	2026-05-09T15:55:32.6572952Z   RUSTFLAGS: -Dwarnings
Detect Changes	Setup Rust	2026-05-09T15:55:32.6573349Z   CARGO_REGISTRY_TOKEN: ***
Detect Changes	Setup Rust	2026-05-09T15:55:32.6573621Z   DOCKERHUB_IMAGE: konard/link-assistant-router
Detect Changes	Setup Rust	2026-05-09T15:55:32.6573922Z   CARGO_HOME: /home/runner/.cargo
Detect Changes	Setup Rust	2026-05-09T15:55:32.6574187Z   CARGO_INCREMENTAL: 0
Detect Changes	Setup Rust	2026-05-09T15:55:32.6574404Z ##[endgroup]
Detect Changes	Setup Rust	2026-05-09T15:55:32.6788437Z ##[group]Run rustc +stable --version --verbose
Detect Changes	Setup Rust	2026-05-09T15:55:32.6788829Z ^[[36;1mrustc +stable --version --verbose^[[0m
Detect Changes	Setup Rust	2026-05-09T15:55:32.6811641Z shell: /usr/bin/bash --noprofile --norc -e -o pipefail {0}
Detect Changes	Setup Rust	2026-05-09T15:55:32.6811985Z env:
Detect Changes	Setup Rust	2026-05-09T15:55:32.6812176Z   CARGO_TERM_COLOR: always
Detect Changes	Setup Rust	2026-05-09T15:55:32.6812418Z   RUSTFLAGS: -Dwarnings
Detect Changes	Setup Rust	2026-05-09T15:55:32.6812808Z   CARGO_REGISTRY_TOKEN: ***
Detect Changes	Setup Rust	2026-05-09T15:55:32.6813069Z   DOCKERHUB_IMAGE: konard/link-assistant-router
Detect Changes	Setup Rust	2026-05-09T15:55:32.6813378Z   CARGO_HOME: /home/runner/.cargo
Detect Changes	Setup Rust	2026-05-09T15:55:32.6813634Z   CARGO_INCREMENTAL: 0
Detect Changes	Setup Rust	2026-05-09T15:55:32.6813849Z ##[endgroup]
Detect Changes	Setup Rust	2026-05-09T15:55:32.6982705Z rustc 1.95.0 (59807616e 2026-04-14)
Detect Changes	Setup Rust	2026-05-09T15:55:32.6983145Z binary: rustc
Detect Changes	Setup Rust	2026-05-09T15:55:32.6983513Z commit-hash: 59807616e1fa2540724bfbac14d7976d7e4a3860
Detect Changes	Setup Rust	2026-05-09T15:55:32.6984013Z commit-date: 2026-04-14
Detect Changes	Setup Rust	2026-05-09T15:55:32.6984409Z host: x86_64-unknown-linux-gnu
Detect Changes	Setup Rust	2026-05-09T15:55:32.6984908Z release: 1.95.0
Detect Changes	Setup Rust	2026-05-09T15:55:32.6985423Z LLVM version: 22.1.2
Detect Changes	Install rust-script	﻿2026-05-09T15:55:32.7065198Z ##[group]Run cargo install rust-script
Detect Changes	Install rust-script	2026-05-09T15:55:32.7065623Z ^[[36;1mcargo install rust-script^[[0m
Detect Changes	Install rust-script	2026-05-09T15:55:32.7088938Z shell: /usr/bin/bash -e {0}
Detect Changes	Install rust-script	2026-05-09T15:55:32.7089209Z env:
Detect Changes	Install rust-script	2026-05-09T15:55:32.7089408Z   CARGO_TERM_COLOR: always
Detect Changes	Install rust-script	2026-05-09T15:55:32.7089647Z   RUSTFLAGS: -Dwarnings
Detect Changes	Install rust-script	2026-05-09T15:55:32.7090035Z   CARGO_REGISTRY_TOKEN: ***
Detect Changes	Install rust-script	2026-05-09T15:55:32.7090302Z   DOCKERHUB_IMAGE: konard/link-assistant-router
Detect Changes	Install rust-script	2026-05-09T15:55:32.7090599Z   CARGO_HOME: /home/runner/.cargo
Detect Changes	Install rust-script	2026-05-09T15:55:32.7090850Z   CARGO_INCREMENTAL: 0
Detect Changes	Install rust-script	2026-05-09T15:55:32.7091064Z ##[endgroup]
Detect Changes	Install rust-script	2026-05-09T15:55:32.7450556Z ^[[1m^[[92m    Updating^[[0m crates.io index
Detect Changes	Install rust-script	2026-05-09T15:55:32.7714808Z ^[[1m^[[92m Downloading^[[0m crates ...
Detect Changes	Install rust-script	2026-05-09T15:55:32.8019038Z ^[[1m^[[92m  Downloaded^[[0m rust-script v0.36.0
Detect Changes	Install rust-script	2026-05-09T15:55:32.8215161Z ^[[1m^[[92m  Installing^[[0m rust-script v0.36.0
Detect Changes	Install rust-script	2026-05-09T15:55:32.8378146Z ^[[1m^[[92m    Updating^[[0m crates.io index
Detect Changes	Install rust-script	2026-05-09T15:55:33.0911379Z ^[[1m^[[92m     Locking^[[0m 113 packages to latest compatible versions
Detect Changes	Install rust-script	2026-05-09T15:55:33.0971197Z ^[[1m^[[92m      Adding^[[0m generic-array v0.14.7 ^[[1m^[[33m(available: v0.14.9)^[[0m
Detect Changes	Install rust-script	2026-05-09T15:55:33.1116667Z ^[[1m^[[92m      Adding^[[0m sha1 v0.10.6 ^[[1m^[[33m(available: v0.11.0)^[[0m
Detect Changes	Install rust-script	2026-05-09T15:55:33.1139983Z ^[[1m^[[92m      Adding^[[0m toml v0.9.12+spec-1.1.0 ^[[1m^[[33m(available: v1.1.2+spec-1.1.0)^[[0m
Detect Changes	Install rust-script	2026-05-09T15:55:33.1170380Z ^[[1m^[[92m      Adding^[[0m winreg v0.55.0 ^[[1m^[[33m(available: v0.56.0)^[[0m
Detect Changes	Install rust-script	2026-05-09T15:55:33.1193281Z ^[[1m^[[92m Downloading^[[0m crates ...
Detect Changes	Install rust-script	2026-05-09T15:55:33.1580701Z ^[[1m^[[92m  Downloaded^[[0m anstyle-query v1.1.5
Detect Changes	Install rust-script	2026-05-09T15:55:33.1597001Z ^[[1m^[[92m  Downloaded^[[0m anstream v1.0.0
Detect Changes	Install rust-script	2026-05-09T15:55:33.1621800Z ^[[1m^[[92m  Downloaded^[[0m env_logger v0.11.10
Detect Changes	Install rust-script	2026-05-09T15:55:33.1647401Z ^[[1m^[[92m  Downloaded^[[0m dirs v6.0.0
Detect Changes	Install rust-script	2026-05-09T15:55:33.1662672Z ^[[1m^[[92m  Downloaded^[[0m anstyle-parse v1.0.0
Detect Changes	Install rust-script	2026-05-09T15:55:33.1682466Z ^[[1m^[[92m  Downloaded^[[0m strsim v0.11.1
Detect Changes	Install rust-script	2026-05-09T15:55:33.1700541Z ^[[1m^[[92m  Downloaded^[[0m shell-words v1.1.1
Detect Changes	Install rust-script	2026-05-09T15:55:33.1711676Z ^[[1m^[[92m  Downloaded^[[0m cpufeatures v0.2.17
Detect Changes	Install rust-script	2026-05-09T15:55:33.1727720Z ^[[1m^[[92m  Downloaded^[[0m pulldown-cmark-escape v0.11.0
Detect Changes	Install rust-script	2026-05-09T15:55:33.1739606Z ^[[1m^[[92m  Downloaded^[[0m crypto-common v0.1.7
Detect Changes	Install rust-script	2026-05-09T15:55:33.1750568Z ^[[1m^[[92m  Downloaded^[[0m option-ext v0.2.0
Detect Changes	Install rust-script	2026-05-09T15:55:33.1760600Z ^[[1m^[[92m  Downloaded^[[0m is_terminal_polyfill v1.70.2
Detect Changes	Install rust-script	2026-05-09T15:55:33.1773912Z ^[[1m^[[92m  Downloaded^[[0m serde_spanned v1.1.1
Detect Changes	Install rust-script	2026-05-09T15:55:33.1787498Z ^[[1m^[[92m  Downloaded^[[0m equivalent v1.0.2
Detect Changes	Install rust-script	2026-05-09T15:55:33.1800890Z ^[[1m^[[92m  Downloaded^[[0m utf8parse v0.2.2
Detect Changes	Install rust-script	2026-05-09T15:55:33.1811635Z ^[[1m^[[92m  Downloaded^[[0m clap_lex v1.1.0
Detect Changes	Install rust-script	2026-05-09T15:55:33.1824354Z ^[[1m^[[92m  Downloaded^[[0m toml_writer v1.1.1+spec-1.1.0
Detect Changes	Install rust-script	2026-05-09T15:55:33.1843491Z ^[[1m^[[92m  Downloaded^[[0m version_check v0.9.5
Detect Changes	Install rust-script	2026-05-09T15:55:33.1858083Z ^[[1m^[[92m  Downloaded^[[0m toml_datetime v0.7.5+spec-1.1.0
Detect Changes	Install rust-script	2026-05-09T15:55:33.1873184Z ^[[1m^[[92m  Downloaded^[[0m tempfile v3.27.0
Detect Changes	Install rust-script	2026-05-09T15:55:33.1901897Z ^[[1m^[[92m  Downloaded^[[0m once_cell v1.21.4
Detect Changes	Install rust-script	2026-05-09T15:55:33.1929725Z ^[[1m^[[92m  Downloaded^[[0m unicase v2.9.0
Detect Changes	Install rust-script	2026-05-09T15:55:33.1943696Z ^[[1m^[[92m  Downloaded^[[0m digest v0.10.7
Detect Changes	Install rust-script	2026-05-09T15:55:33.1964087Z ^[[1m^[[92m  Downloaded^[[0m toml_parser v1.1.2+spec-1.1.0
Detect Changes	Install rust-script	2026-05-09T15:55:33.1990084Z ^[[1m^[[92m  Downloaded^[[0m log v0.4.29
Detect Changes	Install rust-script	2026-05-09T15:55:33.2019025Z ^[[1m^[[92m  Downloaded^[[0m toml v0.9.12+spec-1.1.0
Detect Changes	Install rust-script	2026-05-09T15:55:33.2069521Z ^[[1m^[[92m  Downloaded^[[0m serde_core v1.0.228
Detect Changes	Install rust-script	2026-05-09T15:55:33.2104440Z ^[[1m^[[92m  Downloaded^[[0m getrandom v0.4.2
Detect Changes	Install rust-script	2026-05-09T15:55:33.2148154Z ^[[1m^[[92m  Downloaded^[[0m memchr v2.8.0
Detect Changes	Install rust-script	2026-05-09T15:55:33.2207341Z ^[[1m^[[92m  Downloaded^[[0m hashbrown v0.17.1
Detect Changes	Install rust-script	2026-05-09T15:55:33.2264518Z ^[[1m^[[92m  Downloaded^[[0m typenum v1.20.0
Detect Changes	Install rust-script	2026-05-09T15:55:33.2304896Z ^[[1m^[[92m  Downloaded^[[0m aho-corasick v1.1.4
Detect Changes	Install rust-script	2026-05-09T15:55:33.2364029Z ^[[1m^[[92m  Downloaded^[[0m indexmap v2.14.0
Detect Changes	Install rust-script	2026-05-09T15:55:33.2410512Z ^[[1m^[[92m  Downloaded^[[0m regex v1.12.3
Detect Changes	Install rust-script	2026-05-09T15:55:33.2467043Z ^[[1m^[[92m  Downloaded^[[0m winnow v1.0.2
Detect Changes	Install rust-script	2026-05-09T15:55:33.2565089Z ^[[1m^[[92m  Downloaded^[[0m winnow v0.7.15
Detect Changes	Install rust-script	2026-05-09T15:55:33.2662662Z ^[[1m^[[92m  Downloaded^[[0m clap_builder v4.6.0
Detect Changes	Install rust-script	2026-05-09T15:55:33.2727424Z ^[[1m^[[92m  Downloaded^[[0m pulldown-cmark v0.13.3
Detect Changes	Install rust-script	2026-05-09T15:55:33.2779985Z ^[[1m^[[92m  Downloaded^[[0m clap v4.6.1
Detect Changes	Install rust-script	2026-05-09T15:55:33.2876532Z ^[[1m^[[92m  Downloaded^[[0m getopts v0.2.24
Detect Changes	Install rust-script	2026-05-09T15:55:33.2894313Z ^[[1m^[[92m  Downloaded^[[0m unicode-width v0.2.2
Detect Changes	Install rust-script	2026-05-09T15:55:33.2952006Z ^[[1m^[[92m  Downloaded^[[0m fastrand v2.4.1
Detect Changes	Install rust-script	2026-05-09T15:55:33.2968963Z ^[[1m^[[92m  Downloaded^[[0m generic-array v0.14.7
Detect Changes	Install rust-script	2026-05-09T15:55:33.2984853Z ^[[1m^[[92m  Downloaded^[[0m errno v0.3.14
Detect Changes	Install rust-script	2026-05-09T15:55:33.3001819Z ^[[1m^[[92m  Downloaded^[[0m regex-syntax v0.8.10
Detect Changes	Install rust-script	2026-05-09T15:55:33.3071356Z ^[[1m^[[92m  Downloaded^[[0m rustix v1.1.4
Detect Changes	Install rust-script	2026-05-09T15:55:33.3394132Z ^[[1m^[[92m  Downloaded^[[0m cfg-if v1.0.4
Detect Changes	Install rust-script	2026-05-09T15:55:33.3409579Z ^[[1m^[[92m  Downloaded^[[0m sha1 v0.10.6
Detect Changes	Install rust-script	2026-05-09T15:55:33.3427203Z ^[[1m^[[92m  Downloaded^[[0m colorchoice v1.0.5
Detect Changes	Install rust-script	2026-05-09T15:55:33.3440185Z ^[[1m^[[92m  Downloaded^[[0m block-buffer v0.10.4
Detect Changes	Install rust-script	2026-05-09T15:55:33.3451399Z ^[[1m^[[92m  Downloaded^[[0m anstyle v1.0.14
Detect Changes	Install rust-script	2026-05-09T15:55:33.3466660Z ^[[1m^[[92m  Downloaded^[[0m bitflags v2.11.1
Detect Changes	Install rust-script	2026-05-09T15:55:33.3510225Z ^[[1m^[[92m  Downloaded^[[0m env_filter v1.0.1
Detect Changes	Install rust-script	2026-05-09T15:55:33.3524123Z ^[[1m^[[92m  Downloaded^[[0m dirs-sys v0.5.0
Detect Changes	Install rust-script	2026-05-09T15:55:33.3566961Z ^[[1m^[[92m  Downloaded^[[0m regex-automata v0.4.14
Detect Changes	Install rust-script	2026-05-09T15:55:33.3727320Z ^[[1m^[[92m  Downloaded^[[0m jiff v0.2.24
Detect Changes	Install rust-script	2026-05-09T15:55:33.3898534Z ^[[1m^[[92m  Downloaded^[[0m libc v0.2.186
Detect Changes	Install rust-script	2026-05-09T15:55:33.4447707Z ^[[1m^[[92m  Downloaded^[[0m linux-raw-sys v0.12.1
Detect Changes	Install rust-script	2026-05-09T15:55:33.6493489Z ^[[1m^[[92m   Compiling^[[0m version_check v0.9.5
Detect Changes	Install rust-script	2026-05-09T15:55:33.6494242Z ^[[1m^[[92m   Compiling^[[0m memchr v2.8.0
Detect Changes	Install rust-script	2026-05-09T15:55:33.6495313Z ^[[1m^[[92m   Compiling^[[0m libc v0.2.186
Detect Changes	Install rust-script	2026-05-09T15:55:33.6496059Z ^[[1m^[[92m   Compiling^[[0m utf8parse v0.2.2
Detect Changes	Install rust-script	2026-05-09T15:55:33.6991267Z ^[[1m^[[92m   Compiling^[[0m serde_core v1.0.228
Detect Changes	Install rust-script	2026-05-09T15:55:33.8700211Z ^[[1m^[[92m   Compiling^[[0m generic-array v0.14.7
Detect Changes	Install rust-script	2026-05-09T15:55:33.9730944Z ^[[1m^[[92m   Compiling^[[0m typenum v1.20.0
Detect Changes	Install rust-script	2026-05-09T15:55:33.9987529Z ^[[1m^[[92m   Compiling^[[0m anstyle-parse v1.0.0
Detect Changes	Install rust-script	2026-05-09T15:55:34.1157568Z ^[[1m^[[92m   Compiling^[[0m regex-syntax v0.8.10
Detect Changes	Install rust-script	2026-05-09T15:55:34.4919676Z ^[[1m^[[92m   Compiling^[[0m aho-corasick v1.1.4
Detect Changes	Install rust-script	2026-05-09T15:55:34.8765347Z ^[[1m^[[92m   Compiling^[[0m colorchoice v1.0.5
Detect Changes	Install rust-script	2026-05-09T15:55:34.9196168Z ^[[1m^[[92m   Compiling^[[0m is_terminal_polyfill v1.70.2
Detect Changes	Install rust-script	2026-05-09T15:55:34.9546577Z ^[[1m^[[92m   Compiling^[[0m anstyle v1.0.14
Detect Changes	Install rust-script	2026-05-09T15:55:35.1126000Z ^[[1m^[[92m   Compiling^[[0m anstyle-query v1.1.5
Detect Changes	Install rust-script	2026-05-09T15:55:35.1525951Z ^[[1m^[[92m   Compiling^[[0m anstream v1.0.0
Detect Changes	Install rust-script	2026-05-09T15:55:35.4512856Z ^[[1m^[[92m   Compiling^[[0m getrandom v0.4.2
Detect Changes	Install rust-script	2026-05-09T15:55:35.5545968Z ^[[1m^[[92m   Compiling^[[0m rustix v1.1.4
Detect Changes	Install rust-script	2026-05-09T15:55:35.7456022Z ^[[1m^[[92m   Compiling^[[0m bitflags v2.11.1
Detect Changes	Install rust-script	2026-05-09T15:55:35.9675197Z ^[[1m^[[92m   Compiling^[[0m regex-automata v0.4.14
Detect Changes	Install rust-script	2026-05-09T15:55:37.5705941Z ^[[1m^[[92m   Compiling^[[0m cfg-if v1.0.4
Detect Changes	Install rust-script	2026-05-09T15:55:37.6707010Z ^[[1m^[[92m   Compiling^[[0m crypto-common v0.1.7
Detect Changes	Install rust-script	2026-05-09T15:55:37.6939104Z ^[[1m^[[92m   Compiling^[[0m block-buffer v0.10.4
Detect Changes	Install rust-script	2026-05-09T15:55:37.7296103Z ^[[1m^[[92m   Compiling^[[0m linux-raw-sys v0.12.1
Detect Changes	Install rust-script	2026-05-09T15:55:37.7706125Z ^[[1m^[[92m   Compiling^[[0m pulldown-cmark v0.13.3
Detect Changes	Install rust-script	2026-05-09T15:55:37.8396116Z ^[[1m^[[92m   Compiling^[[0m option-ext v0.2.0
Detect Changes	Install rust-script	2026-05-09T15:55:37.8696316Z ^[[1m^[[92m   Compiling^[[0m unicode-width v0.2.2
Detect Changes	Install rust-script	2026-05-09T15:55:38.0410985Z ^[[1m^[[92m   Compiling^[[0m strsim v0.11.1
Detect Changes	Install rust-script	2026-05-09T15:55:38.0716464Z ^[[1m^[[92m   Compiling^[[0m winnow v1.0.2
Detect Changes	Install rust-script	2026-05-09T15:55:38.3006272Z ^[[1m^[[92m   Compiling^[[0m clap_lex v1.1.0
Detect Changes	Install rust-script	2026-05-09T15:55:38.4896536Z ^[[1m^[[92m   Compiling^[[0m regex v1.12.3
Detect Changes	Install rust-script	2026-05-09T15:55:38.4986572Z ^[[1m^[[92m   Compiling^[[0m log v0.4.29
Detect Changes	Install rust-script	2026-05-09T15:55:38.5109689Z ^[[1m^[[92m   Compiling^[[0m toml_parser v1.1.2+spec-1.1.0
Detect Changes	Install rust-script	2026-05-09T15:55:38.6426839Z ^[[1m^[[92m   Compiling^[[0m clap_builder v4.6.0
Detect Changes	Install rust-script	2026-05-09T15:55:39.2718963Z ^[[1m^[[92m   Compiling^[[0m env_filter v1.0.1
Detect Changes	Install rust-script	2026-05-09T15:55:39.4305930Z ^[[1m^[[92m   Compiling^[[0m getopts v0.2.24
Detect Changes	Install rust-script	2026-05-09T15:55:40.0446037Z ^[[1m^[[92m   Compiling^[[0m dirs-sys v0.5.0
Detect Changes	Install rust-script	2026-05-09T15:55:40.3167217Z ^[[1m^[[92m   Compiling^[[0m digest v0.10.7
Detect Changes	Install rust-script	2026-05-09T15:55:40.5778337Z ^[[1m^[[92m   Compiling^[[0m serde_spanned v1.1.1
Detect Changes	Install rust-script	2026-05-09T15:55:40.6506088Z ^[[1m^[[92m   Compiling^[[0m toml_datetime v0.7.5+spec-1.1.0
Detect Changes	Install rust-script	2026-05-09T15:55:40.9342195Z ^[[1m^[[92m   Compiling^[[0m jiff v0.2.24
Detect Changes	Install rust-script	2026-05-09T15:55:41.7586454Z ^[[1m^[[92m   Compiling^[[0m toml_writer v1.1.1+spec-1.1.0
Detect Changes	Install rust-script	2026-05-09T15:55:41.9277326Z ^[[1m^[[92m   Compiling^[[0m fastrand v2.4.1
Detect Changes	Install rust-script	2026-05-09T15:55:42.1076089Z ^[[1m^[[92m   Compiling^[[0m cpufeatures v0.2.17
Detect Changes	Install rust-script	2026-05-09T15:55:42.1386182Z ^[[1m^[[92m   Compiling^[[0m once_cell v1.21.4
Detect Changes	Install rust-script	2026-05-09T15:55:42.2945944Z ^[[1m^[[92m   Compiling^[[0m winnow v0.7.15
Detect Changes	Install rust-script	2026-05-09T15:55:42.3191862Z ^[[1m^[[92m   Compiling^[[0m unicase v2.9.0
Detect Changes	Install rust-script	2026-05-09T15:55:42.4702647Z ^[[1m^[[92m   Compiling^[[0m pulldown-cmark-escape v0.11.0
Detect Changes	Install rust-script	2026-05-09T15:55:44.1166506Z ^[[1m^[[92m   Compiling^[[0m toml v0.9.12+spec-1.1.0
Detect Changes	Install rust-script	2026-05-09T15:55:44.6096179Z ^[[1m^[[92m   Compiling^[[0m env_logger v0.11.10
Detect Changes	Install rust-script	2026-05-09T15:55:45.1766655Z ^[[1m^[[92m   Compiling^[[0m tempfile v3.27.0
Detect Changes	Install rust-script	2026-05-09T15:55:45.2567919Z ^[[1m^[[92m   Compiling^[[0m sha1 v0.10.6
Detect Changes	Install rust-script	2026-05-09T15:55:45.4407006Z ^[[1m^[[92m   Compiling^[[0m clap v4.6.1
Detect Changes	Install rust-script	2026-05-09T15:55:45.4686078Z ^[[1m^[[92m   Compiling^[[0m dirs v6.0.0
Detect Changes	Install rust-script	2026-05-09T15:55:45.5398386Z ^[[1m^[[92m   Compiling^[[0m shell-words v1.1.1
Detect Changes	Install rust-script	2026-05-09T15:55:46.2683233Z ^[[1m^[[92m   Compiling^[[0m rust-script v0.36.0
Detect Changes	Install rust-script	2026-05-09T15:56:07.6033273Z ^[[1m^[[92m    Finished^[[0m `release` profile [optimized] target(s) in 34.88s
Detect Changes	Install rust-script	2026-05-09T15:56:07.6342634Z ^[[1m^[[92m  Installing^[[0m /home/runner/.cargo/bin/rust-script
Detect Changes	Install rust-script	2026-05-09T15:56:07.6344517Z ^[[1m^[[92m   Installed^[[0m package `rust-script v0.36.0` (executable `rust-script`)
Detect Changes	Detect changes	﻿2026-05-09T15:56:07.6685537Z ##[group]Run rust-script scripts/detect-code-changes.rs
Detect Changes	Detect changes	2026-05-09T15:56:07.6685996Z ^[[36;1mrust-script scripts/detect-code-changes.rs^[[0m
Detect Changes	Detect changes	2026-05-09T15:56:07.6707307Z shell: /usr/bin/bash -e {0}
Detect Changes	Detect changes	2026-05-09T15:56:07.6707541Z env:
Detect Changes	Detect changes	2026-05-09T15:56:07.6707732Z   CARGO_TERM_COLOR: always
Detect Changes	Detect changes	2026-05-09T15:56:07.6707957Z   RUSTFLAGS: -Dwarnings
Detect Changes	Detect changes	2026-05-09T15:56:07.6708352Z   CARGO_REGISTRY_TOKEN: ***
Detect Changes	Detect changes	2026-05-09T15:56:07.6708615Z   DOCKERHUB_IMAGE: konard/link-assistant-router
Detect Changes	Detect changes	2026-05-09T15:56:07.6708915Z   CARGO_HOME: /home/runner/.cargo
Detect Changes	Detect changes	2026-05-09T15:56:07.6709160Z   CARGO_INCREMENTAL: 0
Detect Changes	Detect changes	2026-05-09T15:56:07.6709387Z   GITHUB_EVENT_NAME: pull_request
Detect Changes	Detect changes	2026-05-09T15:56:07.6709693Z   GITHUB_BASE_SHA: 32be51c7464978cfb12e66692bfe04b8849db236
Detect Changes	Detect changes	2026-05-09T15:56:07.6710050Z   GITHUB_HEAD_SHA: 79b6dd6bc499c0effbb7d27f0eb02d74f41a4a07
Detect Changes	Detect changes	2026-05-09T15:56:07.6710337Z ##[endgroup]
Detect Changes	Detect changes	2026-05-09T15:56:16.1541372Z Detecting file changes for CI/CD...
Detect Changes	Detect changes	2026-05-09T15:56:16.1541774Z
Detect Changes	Detect changes	2026-05-09T15:56:16.1543584Z Comparing PR: 32be51c7464978cfb12e66692bfe04b8849db236...79b6dd6bc499c0effbb7d27f0eb02d74f41a4a07
Detect Changes	Detect changes	2026-05-09T15:56:16.3709476Z Changed files:
Detect Changes	Detect changes	2026-05-09T15:56:16.3709883Z   Cargo.lock
Detect Changes	Detect changes	2026-05-09T15:56:16.3711344Z   Dockerfile
Detect Changes	Detect changes	2026-05-09T15:56:16.3712159Z   changelog.d/20260509_152500_fix_docker_builder_toolchain.md
Detect Changes	Detect changes	2026-05-09T15:56:16.3712966Z   docs/case-studies/issue-25/README.md
Detect Changes	Detect changes	2026-05-09T15:56:16.3713473Z   docs/case-studies/issue-25/ci-logs/ci-run-25604352544.log
Detect Changes	Detect changes	2026-05-09T15:56:16.3714119Z   docs/case-studies/issue-25/ci-logs/follow-up/ci-run-25605006038.log
Detect Changes	Detect changes	2026-05-09T15:56:16.3714907Z   docs/case-studies/issue-25/online-research.md
Detect Changes	Detect changes	2026-05-09T15:56:16.3715564Z   docs/case-studies/issue-25/raw/artifacts/link-assistant-router-XJESUT.dockerbuild
Detect Changes	Detect changes	2026-05-09T15:56:16.3716439Z   docs/case-studies/issue-25/raw/artifacts/link-assistant-router-XJESUT.dockerbuild.json
Detect Changes	Detect changes	2026-05-09T15:56:16.3717197Z   docs/case-studies/issue-25/raw/ci-run-25604352544.json
Detect Changes	Detect changes	2026-05-09T15:56:16.3717709Z   docs/case-studies/issue-25/raw/ci-run-25605006038.json
Detect Changes	Detect changes	2026-05-09T15:56:16.3718306Z   docs/case-studies/issue-25/raw/csharp-template-release.yml
Detect Changes	Detect changes	2026-05-09T15:56:16.3718898Z   docs/case-studies/issue-25/raw/csharp-template-tree.json
Detect Changes	Detect changes	2026-05-09T15:56:16.3719543Z   docs/case-studies/issue-25/raw/docker-official-rust-image-tags.txt
Detect Changes	Detect changes	2026-05-09T15:56:16.3720093Z   docs/case-studies/issue-25/raw/issue-25.json
Detect Changes	Detect changes	2026-05-09T15:56:16.3720592Z   docs/case-studies/issue-25/raw/js-template-release.yml
Detect Changes	Detect changes	2026-05-09T15:56:16.3721135Z   docs/case-studies/issue-25/raw/js-template-tree.json
Detect Changes	Detect changes	2026-05-09T15:56:16.3721706Z   docs/case-studies/issue-25/raw/python-template-release.yml
Detect Changes	Detect changes	2026-05-09T15:56:16.3722304Z   docs/case-studies/issue-25/raw/python-template-tree.json
Detect Changes	Detect changes	2026-05-09T15:56:16.3722831Z   docs/case-studies/issue-25/raw/recent-runs.json
Detect Changes	Detect changes	2026-05-09T15:56:16.3723143Z   docs/case-studies/issue-25/raw/router-tree.json
Detect Changes	Detect changes	2026-05-09T15:56:16.3723479Z   docs/case-studies/issue-25/raw/rust-template-release.yml
Detect Changes	Detect changes	2026-05-09T15:56:16.3723850Z   docs/case-studies/issue-25/raw/rust-template-tree.json
Detect Changes	Detect changes	2026-05-09T15:56:16.3724214Z   docs/case-studies/issue-25/raw/template-ci-file-trees.txt
Detect Changes	Detect changes	2026-05-09T15:56:16.3724547Z   docs/case-studies/issue-25/requirements.md
Detect Changes	Detect changes	2026-05-09T15:56:16.3725108Z   docs/case-studies/issue-25/template-comparison.md
Detect Changes	Detect changes	2026-05-09T15:56:16.3725422Z   tests/release_workflow_test.rs
Detect Changes	Detect changes	2026-05-09T15:56:16.3725582Z
Detect Changes	Detect changes	2026-05-09T15:56:16.3725674Z rs-changed=true
Detect Changes	Detect changes	2026-05-09T15:56:16.3725867Z toml-changed=false
Detect Changes	Detect changes	2026-05-09T15:56:16.3726065Z mjs-changed=false
Detect Changes	Detect changes	2026-05-09T15:56:16.3726259Z docs-changed=true
Detect Changes	Detect changes	2026-05-09T15:56:16.3726445Z workflow-changed=false
Detect Changes	Detect changes	2026-05-09T15:56:16.3726583Z
Detect Changes	Detect changes	2026-05-09T15:56:16.3726952Z Files considered as code changes:
Detect Changes	Detect changes	2026-05-09T15:56:16.3727189Z   Cargo.lock
Detect Changes	Detect changes	2026-05-09T15:56:16.3727372Z   Dockerfile
Detect Changes	Detect changes	2026-05-09T15:56:16.3727562Z   tests/release_workflow_test.rs
Detect Changes	Detect changes	2026-05-09T15:56:16.3727714Z
Detect Changes	Detect changes	2026-05-09T15:56:16.3727799Z any-code-changed=true
Detect Changes	Detect changes	2026-05-09T15:56:16.3727931Z
Detect Changes	Detect changes	2026-05-09T15:56:16.3728020Z Change detection completed.
Detect Changes	Post Run actions/checkout@v4	﻿2026-05-09T15:56:16.3880447Z Post job cleanup.
Detect Changes	Post Run actions/checkout@v4	2026-05-09T15:56:16.4912594Z [command]/usr/bin/git version
Detect Changes	Post Run actions/checkout@v4	2026-05-09T15:56:16.4950982Z git version 2.53.0
Detect Changes	Post Run actions/checkout@v4	2026-05-09T15:56:16.4999887Z Temporarily overriding HOME='/home/runner/work/_temp/29cac9d8-61ff-4412-bf2a-683e9716fa5e' before making global git config changes
Detect Changes	Post Run actions/checkout@v4	2026-05-09T15:56:16.5005457Z Adding repository directory to the temporary git global config as a safe directory
Detect Changes	Post Run actions/checkout@v4	2026-05-09T15:56:16.5006318Z [command]/usr/bin/git config --global --add safe.directory /home/runner/work/router/router
Detect Changes	Post Run actions/checkout@v4	2026-05-09T15:56:16.5042273Z [command]/usr/bin/git config --local --name-only --get-regexp core\.sshCommand
Detect Changes	Post Run actions/checkout@v4	2026-05-09T15:56:16.5075732Z [command]/usr/bin/git submodule foreach --recursive sh -c "git config --local --name-only --get-regexp 'core\.sshCommand' && git config --local --unset-all 'core.sshCommand' || :"
Detect Changes	Post Run actions/checkout@v4	2026-05-09T15:56:16.5313974Z [command]/usr/bin/git config --local --name-only --get-regexp http\.https\:\/\/github\.com\/\.extraheader
Detect Changes	Post Run actions/checkout@v4	2026-05-09T15:56:16.5337018Z http.https://github.com/.extraheader
Detect Changes	Post Run actions/checkout@v4	2026-05-09T15:56:16.5349378Z [command]/usr/bin/git config --local --unset-all http.https://github.com/.extraheader
Detect Changes	Post Run actions/checkout@v4	2026-05-09T15:56:16.5380972Z [command]/usr/bin/git submodule foreach --recursive sh -c "git config --local --name-only --get-regexp 'http\.https\:\/\/github\.com\/\.extraheader' && git config --local --unset-all 'http.https://github.com/.extraheader' || :"
Detect Changes	Post Run actions/checkout@v4	2026-05-09T15:56:16.5627848Z [command]/usr/bin/git config --local --name-only --get-regexp ^includeIf\.gitdir:
Detect Changes	Post Run actions/checkout@v4	2026-05-09T15:56:16.5663355Z [command]/usr/bin/git submodule foreach --recursive git config --local --show-origin --name-only --get-regexp remote.origin.url
Detect Changes	Complete job	﻿2026-05-09T15:56:16.6123843Z Evaluate and set job outputs
Detect Changes	Complete job	2026-05-09T15:56:16.6130034Z Set output 'rs-changed'
Detect Changes	Complete job	2026-05-09T15:56:16.6131783Z Set output 'toml-changed'
Detect Changes	Complete job	2026-05-09T15:56:16.6132388Z Set output 'docs-changed'
Detect Changes	Complete job	2026-05-09T15:56:16.6132709Z Set output 'workflow-changed'
Detect Changes	Complete job	2026-05-09T15:56:16.6133054Z Set output 'any-code-changed'
Detect Changes	Complete job	2026-05-09T15:56:16.6133675Z Cleaning up orphan processes
Detect Changes	Complete job	2026-05-09T15:56:16.6424187Z ##[warning]Node.js 20 actions are deprecated. The following actions are running on Node.js 20 and may not work as expected: actions/checkout@v4. Actions will be forced to run with Node.js 24 by default starting June 2nd, 2026. Node.js 20 will be removed from the runner on September 16th, 2026. Please check if updated versions of these actions are available that support Node.js 24. To opt into Node.js 24 now, set the FORCE_JAVASCRIPT_ACTIONS_TO_NODE24=true environment variable on the runner or in your workflow file. Once Node.js 24 becomes the default, you can temporarily opt out by setting ACTIONS_ALLOW_USE_UNSECURE_NODE_VERSION=true. For more information see: https://github.blog/changelog/2025-09-19-deprecation-of-node-20-on-github-actions-runners/
Version Modification Check	Set up job	﻿2026-05-09T15:55:20.1235347Z Current runner version: '2.334.0'
Version Modification Check	Set up job	2026-05-09T15:55:20.1268449Z ##[group]Runner Image Provisioner
Version Modification Check	Set up job	2026-05-09T15:55:20.1269496Z Hosted Compute Agent
Version Modification Check	Set up job	2026-05-09T15:55:20.1270307Z Version: 20260213.493
Version Modification Check	Set up job	2026-05-09T15:55:20.1271227Z Commit: 5c115507f6dd24b8de37d8bbe0bb4509d0cc0fa3
Version Modification Check	Set up job	2026-05-09T15:55:20.1272476Z Build Date: 2026-02-13T00:28:41Z
Version Modification Check	Set up job	2026-05-09T15:55:20.1273428Z Worker ID: {f85cb7ad-55e5-4b35-8446-f35a773055bb}
Version Modification Check	Set up job	2026-05-09T15:55:20.1274479Z Azure Region: centralus
Version Modification Check	Set up job	2026-05-09T15:55:20.1275281Z ##[endgroup]
Version Modification Check	Set up job	2026-05-09T15:55:20.1277173Z ##[group]Operating System
Version Modification Check	Set up job	2026-05-09T15:55:20.1278081Z Ubuntu
Version Modification Check	Set up job	2026-05-09T15:55:20.1278761Z 24.04.4
Version Modification Check	Set up job	2026-05-09T15:55:20.1279359Z LTS
Version Modification Check	Set up job	2026-05-09T15:55:20.1280082Z ##[endgroup]
Version Modification Check	Set up job	2026-05-09T15:55:20.1280817Z ##[group]Runner Image
Version Modification Check	Set up job	2026-05-09T15:55:20.1281594Z Image: ubuntu-24.04
Version Modification Check	Set up job	2026-05-09T15:55:20.1282703Z Version: 20260413.86.1
Version Modification Check	Set up job	2026-05-09T15:55:20.1284277Z Included Software: https://github.com/actions/runner-images/blob/ubuntu24/20260413.86/images/ubuntu/Ubuntu2404-Readme.md
Version Modification Check	Set up job	2026-05-09T15:55:20.1286996Z Image Release: https://github.com/actions/runner-images/releases/tag/ubuntu24%2F20260413.86
Version Modification Check	Set up job	2026-05-09T15:55:20.1288507Z ##[endgroup]
Version Modification Check	Set up job	2026-05-09T15:55:20.1293170Z ##[group]GITHUB_TOKEN Permissions
Version Modification Check	Set up job	2026-05-09T15:55:20.1296141Z Actions: write
Version Modification Check	Set up job	2026-05-09T15:55:20.1296923Z ArtifactMetadata: write
Version Modification Check	Set up job	2026-05-09T15:55:20.1297872Z Attestations: write
Version Modification Check	Set up job	2026-05-09T15:55:20.1298645Z Checks: write
Version Modification Check	Set up job	2026-05-09T15:55:20.1299397Z Contents: write
Version Modification Check	Set up job	2026-05-09T15:55:20.1300275Z Deployments: write
Version Modification Check	Set up job	2026-05-09T15:55:20.1301039Z Discussions: write
Version Modification Check	Set up job	2026-05-09T15:55:20.1301817Z Issues: write
Version Modification Check	Set up job	2026-05-09T15:55:20.1302832Z Metadata: read
Version Modification Check	Set up job	2026-05-09T15:55:20.1303686Z Models: read
Version Modification Check	Set up job	2026-05-09T15:55:20.1304434Z Packages: write
Version Modification Check	Set up job	2026-05-09T15:55:20.1305221Z Pages: write
Version Modification Check	Set up job	2026-05-09T15:55:20.1306058Z PullRequests: write
Version Modification Check	Set up job	2026-05-09T15:55:20.1306849Z RepositoryProjects: write
Version Modification Check	Set up job	2026-05-09T15:55:20.1307670Z SecurityEvents: write
Version Modification Check	Set up job	2026-05-09T15:55:20.1308534Z Statuses: write
Version Modification Check	Set up job	2026-05-09T15:55:20.1309304Z VulnerabilityAlerts: read
Version Modification Check	Set up job	2026-05-09T15:55:20.1310182Z ##[endgroup]
Version Modification Check	Set up job	2026-05-09T15:55:20.1313141Z Secret source: Actions
Version Modification Check	Set up job	2026-05-09T15:55:20.1314434Z Prepare workflow directory
Version Modification Check	Set up job	2026-05-09T15:55:20.1867837Z Prepare all required actions
Version Modification Check	Set up job	2026-05-09T15:55:20.1912928Z Getting action download info
Version Modification Check	Set up job	2026-05-09T15:55:20.5269621Z Download action repository 'actions/checkout@v4' (SHA:34e114876b0b11c390a56381ad16ebd13914f8d5)
Version Modification Check	Set up job	2026-05-09T15:55:20.6930785Z Download action repository 'dtolnay/rust-toolchain@stable' (SHA:29eef336d9b2848a0b548edc03f92a220660cdb8)
Version Modification Check	Set up job	2026-05-09T15:55:20.9927413Z Complete job name: Version Modification Check
Version Modification Check	Run actions/checkout@v4	﻿2026-05-09T15:55:21.0588156Z ##[group]Run actions/checkout@v4
Version Modification Check	Run actions/checkout@v4	2026-05-09T15:55:21.0589002Z with:
Version Modification Check	Run actions/checkout@v4	2026-05-09T15:55:21.0589404Z   fetch-depth: 0
Version Modification Check	Run actions/checkout@v4	2026-05-09T15:55:21.0589854Z   repository: link-assistant/router
Version Modification Check	Run actions/checkout@v4	2026-05-09T15:55:21.0590558Z   token: ***
Version Modification Check	Run actions/checkout@v4	2026-05-09T15:55:21.0590974Z   ssh-strict: true
Version Modification Check	Run actions/checkout@v4	2026-05-09T15:55:21.0591400Z   ssh-user: git
Version Modification Check	Run actions/checkout@v4	2026-05-09T15:55:21.0591817Z   persist-credentials: true
Version Modification Check	Run actions/checkout@v4	2026-05-09T15:55:21.0592776Z   clean: true
Version Modification Check	Run actions/checkout@v4	2026-05-09T15:55:21.0593204Z   sparse-checkout-cone-mode: true
Version Modification Check	Run actions/checkout@v4	2026-05-09T15:55:21.0593729Z   fetch-tags: false
Version Modification Check	Run actions/checkout@v4	2026-05-09T15:55:21.0594155Z   show-progress: true
Version Modification Check	Run actions/checkout@v4	2026-05-09T15:55:21.0594595Z   lfs: false
Version Modification Check	Run actions/checkout@v4	2026-05-09T15:55:21.0594992Z   submodules: false
Version Modification Check	Run actions/checkout@v4	2026-05-09T15:55:21.0595420Z   set-safe-directory: true
Version Modification Check	Run actions/checkout@v4	2026-05-09T15:55:21.0596160Z env:
Version Modification Check	Run actions/checkout@v4	2026-05-09T15:55:21.0596559Z   CARGO_TERM_COLOR: always
Version Modification Check	Run actions/checkout@v4	2026-05-09T15:55:21.0597037Z   RUSTFLAGS: -Dwarnings
Version Modification Check	Run actions/checkout@v4	2026-05-09T15:55:21.0597677Z   CARGO_REGISTRY_TOKEN: ***
Version Modification Check	Run actions/checkout@v4	2026-05-09T15:55:21.0598215Z   DOCKERHUB_IMAGE: konard/link-assistant-router
Version Modification Check	Run actions/checkout@v4	2026-05-09T15:55:21.0598837Z ##[endgroup]
Version Modification Check	Run actions/checkout@v4	2026-05-09T15:55:21.1755922Z Syncing repository: link-assistant/router
Version Modification Check	Run actions/checkout@v4	2026-05-09T15:55:21.1758806Z ##[group]Getting Git version info
Version Modification Check	Run actions/checkout@v4	2026-05-09T15:55:21.1760032Z Working directory is '/home/runner/work/router/router'
Version Modification Check	Run actions/checkout@v4	2026-05-09T15:55:21.1761751Z [command]/usr/bin/git version
Version Modification Check	Run actions/checkout@v4	2026-05-09T15:55:21.1771606Z git version 2.53.0
Version Modification Check	Run actions/checkout@v4	2026-05-09T15:55:21.1796315Z ##[endgroup]
Version Modification Check	Run actions/checkout@v4	2026-05-09T15:55:21.1809510Z Temporarily overriding HOME='/home/runner/work/_temp/0a11190b-1756-4e6a-be68-6bcce454d92f' before making global git config changes
Version Modification Check	Run actions/checkout@v4	2026-05-09T15:55:21.1812290Z Adding repository directory to the temporary git global config as a safe directory
Version Modification Check	Run actions/checkout@v4	2026-05-09T15:55:21.1815911Z [command]/usr/bin/git config --global --add safe.directory /home/runner/work/router/router
Version Modification Check	Run actions/checkout@v4	2026-05-09T15:55:21.1851081Z Deleting the contents of '/home/runner/work/router/router'
Version Modification Check	Run actions/checkout@v4	2026-05-09T15:55:21.1853802Z ##[group]Initializing the repository
Version Modification Check	Run actions/checkout@v4	2026-05-09T15:55:21.1857954Z [command]/usr/bin/git init /home/runner/work/router/router
Version Modification Check	Run actions/checkout@v4	2026-05-09T15:55:21.1933846Z hint: Using 'master' as the name for the initial branch. This default branch name
Version Modification Check	Run actions/checkout@v4	2026-05-09T15:55:21.1936110Z hint: will change to "main" in Git 3.0. To configure the initial branch name
Version Modification Check	Run actions/checkout@v4	2026-05-09T15:55:21.1938530Z hint: to use in all of your new repositories, which will suppress this warning,
Version Modification Check	Run actions/checkout@v4	2026-05-09T15:55:21.1942751Z hint: call:
Version Modification Check	Run actions/checkout@v4	2026-05-09T15:55:21.1943607Z hint:
Version Modification Check	Run actions/checkout@v4	2026-05-09T15:55:21.1944598Z hint: 	git config --global init.defaultBranch <name>
Version Modification Check	Run actions/checkout@v4	2026-05-09T15:55:21.1945665Z hint:
Version Modification Check	Run actions/checkout@v4	2026-05-09T15:55:21.1946821Z hint: Names commonly chosen instead of 'master' are 'main', 'trunk' and
Version Modification Check	Run actions/checkout@v4	2026-05-09T15:55:21.1948483Z hint: 'development'. The just-created branch can be renamed via this command:
Version Modification Check	Run actions/checkout@v4	2026-05-09T15:55:21.1949812Z hint:
Version Modification Check	Run actions/checkout@v4	2026-05-09T15:55:21.1950511Z hint: 	git branch -m <name>
Version Modification Check	Run actions/checkout@v4	2026-05-09T15:55:21.1951298Z hint:
Version Modification Check	Run actions/checkout@v4	2026-05-09T15:55:21.1952707Z hint: Disable this message with "git config set advice.defaultBranchName false"
Version Modification Check	Run actions/checkout@v4	2026-05-09T15:55:21.1954529Z Initialized empty Git repository in /home/runner/work/router/router/.git/
Version Modification Check	Run actions/checkout@v4	2026-05-09T15:55:21.1957379Z [command]/usr/bin/git remote add origin https://github.com/link-assistant/router
Version Modification Check	Run actions/checkout@v4	2026-05-09T15:55:21.1971865Z ##[endgroup]
Version Modification Check	Run actions/checkout@v4	2026-05-09T15:55:21.1973395Z ##[group]Disabling automatic garbage collection
Version Modification Check	Run actions/checkout@v4	2026-05-09T15:55:21.1977150Z [command]/usr/bin/git config --local gc.auto 0
Version Modification Check	Run actions/checkout@v4	2026-05-09T15:55:21.2006395Z ##[endgroup]
Version Modification Check	Run actions/checkout@v4	2026-05-09T15:55:21.2007176Z ##[group]Setting up auth
Version Modification Check	Run actions/checkout@v4	2026-05-09T15:55:21.2013287Z [command]/usr/bin/git config --local --name-only --get-regexp core\.sshCommand
Version Modification Check	Run actions/checkout@v4	2026-05-09T15:55:21.2043089Z [command]/usr/bin/git submodule foreach --recursive sh -c "git config --local --name-only --get-regexp 'core\.sshCommand' && git config --local --unset-all 'core.sshCommand' || :"
Version Modification Check	Run actions/checkout@v4	2026-05-09T15:55:21.2334204Z [command]/usr/bin/git config --local --name-only --get-regexp http\.https\:\/\/github\.com\/\.extraheader
Version Modification Check	Run actions/checkout@v4	2026-05-09T15:55:21.2363656Z [command]/usr/bin/git submodule foreach --recursive sh -c "git config --local --name-only --get-regexp 'http\.https\:\/\/github\.com\/\.extraheader' && git config --local --unset-all 'http.https://github.com/.extraheader' || :"
Version Modification Check	Run actions/checkout@v4	2026-05-09T15:55:21.2587079Z [command]/usr/bin/git config --local --name-only --get-regexp ^includeIf\.gitdir:
Version Modification Check	Run actions/checkout@v4	2026-05-09T15:55:21.2625233Z [command]/usr/bin/git submodule foreach --recursive git config --local --show-origin --name-only --get-regexp remote.origin.url
Version Modification Check	Run actions/checkout@v4	2026-05-09T15:55:21.2860134Z [command]/usr/bin/git config --local http.https://github.com/.extraheader AUTHORIZATION: basic ***
Version Modification Check	Run actions/checkout@v4	2026-05-09T15:55:21.2894781Z ##[endgroup]
Version Modification Check	Run actions/checkout@v4	2026-05-09T15:55:21.2895618Z ##[group]Fetching the repository
Version Modification Check	Run actions/checkout@v4	2026-05-09T15:55:21.2903954Z [command]/usr/bin/git -c protocol.version=2 fetch --prune --no-recurse-submodules origin +refs/heads/*:refs/remotes/origin/* +refs/tags/*:refs/tags/* +e9692c509449e98bfd3bc6c9ad427480ee4f6de9:refs/remotes/pull/26/merge
Version Modification Check	Run actions/checkout@v4	2026-05-09T15:55:21.9860636Z From https://github.com/link-assistant/router
Version Modification Check	Run actions/checkout@v4	2026-05-09T15:55:21.9863025Z  * [new branch]      issue-1-1bf9ef21c1ac                     -> origin/issue-1-1bf9ef21c1ac
Version Modification Check	Run actions/checkout@v4	2026-05-09T15:55:21.9864531Z  * [new branch]      issue-11-0f880923289a                    -> origin/issue-11-0f880923289a
Version Modification Check	Run actions/checkout@v4	2026-05-09T15:55:21.9865908Z  * [new branch]      issue-13-2606f9974b11                    -> origin/issue-13-2606f9974b11
Version Modification Check	Run actions/checkout@v4	2026-05-09T15:55:21.9867275Z  * [new branch]      issue-15-8f76cb08364a                    -> origin/issue-15-8f76cb08364a
Version Modification Check	Run actions/checkout@v4	2026-05-09T15:55:21.9869165Z  * [new branch]      issue-17-eb0edbddcdb5                    -> origin/issue-17-eb0edbddcdb5
Version Modification Check	Run actions/checkout@v4	2026-05-09T15:55:21.9870838Z  * [new branch]      issue-18-aafa1060453e                    -> origin/issue-18-aafa1060453e
Version Modification Check	Run actions/checkout@v4	2026-05-09T15:55:21.9872829Z  * [new branch]      issue-21-4e3dd79ebb0a                    -> origin/issue-21-4e3dd79ebb0a
Version Modification Check	Run actions/checkout@v4	2026-05-09T15:55:21.9874620Z  * [new branch]      issue-23-c4c21ed11eba                    -> origin/issue-23-c4c21ed11eba
Version Modification Check	Run actions/checkout@v4	2026-05-09T15:55:21.9876339Z  * [new branch]      issue-25-cee894a7a764                    -> origin/issue-25-cee894a7a764
Version Modification Check	Run actions/checkout@v4	2026-05-09T15:55:21.9878032Z  * [new branch]      issue-3-105675fe4cc7                     -> origin/issue-3-105675fe4cc7
Version Modification Check	Run actions/checkout@v4	2026-05-09T15:55:21.9879930Z  * [new branch]      issue-5-5a51161efdc8                     -> origin/issue-5-5a51161efdc8
Version Modification Check	Run actions/checkout@v4	2026-05-09T15:55:21.9881876Z  * [new branch]      issue-7-080001720a10                     -> origin/issue-7-080001720a10
Version Modification Check	Run actions/checkout@v4	2026-05-09T15:55:21.9884049Z  * [new branch]      issue-9-d545a925a750                     -> origin/issue-9-d545a925a750
Version Modification Check	Run actions/checkout@v4	2026-05-09T15:55:21.9885870Z  * [new branch]      main                                     -> origin/main
Version Modification Check	Run actions/checkout@v4	2026-05-09T15:55:21.9887480Z  * [new tag]         v0.10.0                                  -> v0.10.0
Version Modification Check	Run actions/checkout@v4	2026-05-09T15:55:21.9889101Z  * [new tag]         v0.11.0                                  -> v0.11.0
Version Modification Check	Run actions/checkout@v4	2026-05-09T15:55:21.9890652Z  * [new tag]         v0.12.0                                  -> v0.12.0
Version Modification Check	Run actions/checkout@v4	2026-05-09T15:55:21.9892370Z  * [new tag]         v0.13.0                                  -> v0.13.0
Version Modification Check	Run actions/checkout@v4	2026-05-09T15:55:21.9893922Z  * [new tag]         v0.3.0                                   -> v0.3.0
Version Modification Check	Run actions/checkout@v4	2026-05-09T15:55:21.9895470Z  * [new tag]         v0.4.0                                   -> v0.4.0
Version Modification Check	Run actions/checkout@v4	2026-05-09T15:55:21.9896953Z  * [new tag]         v0.5.0                                   -> v0.5.0
Version Modification Check	Run actions/checkout@v4	2026-05-09T15:55:21.9898437Z  * [new tag]         v0.6.0                                   -> v0.6.0
Version Modification Check	Run actions/checkout@v4	2026-05-09T15:55:21.9899948Z  * [new tag]         v0.7.0                                   -> v0.7.0
Version Modification Check	Run actions/checkout@v4	2026-05-09T15:55:21.9901461Z  * [new tag]         v0.8.0                                   -> v0.8.0
Version Modification Check	Run actions/checkout@v4	2026-05-09T15:55:21.9903205Z  * [new tag]         v0.9.0                                   -> v0.9.0
Version Modification Check	Run actions/checkout@v4	2026-05-09T15:55:21.9905238Z  * [new ref]         e9692c509449e98bfd3bc6c9ad427480ee4f6de9 -> pull/26/merge
Version Modification Check	Run actions/checkout@v4	2026-05-09T15:55:21.9918473Z ##[endgroup]
Version Modification Check	Run actions/checkout@v4	2026-05-09T15:55:21.9920355Z ##[group]Determining the checkout info
Version Modification Check	Run actions/checkout@v4	2026-05-09T15:55:21.9922993Z ##[endgroup]
Version Modification Check	Run actions/checkout@v4	2026-05-09T15:55:21.9925813Z [command]/usr/bin/git sparse-checkout disable
Version Modification Check	Run actions/checkout@v4	2026-05-09T15:55:21.9965780Z [command]/usr/bin/git config --local --unset-all extensions.worktreeConfig
Version Modification Check	Run actions/checkout@v4	2026-05-09T15:55:21.9994095Z ##[group]Checking out the ref
Version Modification Check	Run actions/checkout@v4	2026-05-09T15:55:21.9997198Z [command]/usr/bin/git checkout --progress --force refs/remotes/pull/26/merge
Version Modification Check	Run actions/checkout@v4	2026-05-09T15:55:22.0225339Z Note: switching to 'refs/remotes/pull/26/merge'.
Version Modification Check	Run actions/checkout@v4	2026-05-09T15:55:22.0226803Z
Version Modification Check	Run actions/checkout@v4	2026-05-09T15:55:22.0228017Z You are in 'detached HEAD' state. You can look around, make experimental
Version Modification Check	Run actions/checkout@v4	2026-05-09T15:55:22.0230911Z changes and commit them, and you can discard any commits you make in this
Version Modification Check	Run actions/checkout@v4	2026-05-09T15:55:22.0234266Z state without impacting any branches by switching back to a branch.
Version Modification Check	Run actions/checkout@v4	2026-05-09T15:55:22.0236158Z
Version Modification Check	Run actions/checkout@v4	2026-05-09T15:55:22.0237379Z If you want to create a new branch to retain commits you create, you may
Version Modification Check	Run actions/checkout@v4	2026-05-09T15:55:22.0240327Z do so (now or later) by using -c with the switch command. Example:
Version Modification Check	Run actions/checkout@v4	2026-05-09T15:55:22.0242257Z
Version Modification Check	Run actions/checkout@v4	2026-05-09T15:55:22.0242943Z   git switch -c <new-branch-name>
Version Modification Check	Run actions/checkout@v4	2026-05-09T15:55:22.0244079Z
Version Modification Check	Run actions/checkout@v4	2026-05-09T15:55:22.0244720Z Or undo this operation with:
Version Modification Check	Run actions/checkout@v4	2026-05-09T15:55:22.0245974Z
Version Modification Check	Run actions/checkout@v4	2026-05-09T15:55:22.0246485Z   git switch -
Version Modification Check	Run actions/checkout@v4	2026-05-09T15:55:22.0247048Z
Version Modification Check	Run actions/checkout@v4	2026-05-09T15:55:22.0248012Z Turn off this advice by setting config variable advice.detachedHead to false
Version Modification Check	Run actions/checkout@v4	2026-05-09T15:55:22.0249366Z
Version Modification Check	Run actions/checkout@v4	2026-05-09T15:55:22.0250980Z HEAD is now at e9692c5 Merge 79b6dd6bc499c0effbb7d27f0eb02d74f41a4a07 into 32be51c7464978cfb12e66692bfe04b8849db236
Version Modification Check	Run actions/checkout@v4	2026-05-09T15:55:22.0256943Z ##[endgroup]
Version Modification Check	Run actions/checkout@v4	2026-05-09T15:55:22.0273066Z [command]/usr/bin/git log -1 --format=%H
Version Modification Check	Run actions/checkout@v4	2026-05-09T15:55:22.0295938Z e9692c509449e98bfd3bc6c9ad427480ee4f6de9
Version Modification Check	Setup Rust	﻿2026-05-09T15:55:22.0856934Z ##[group]Run dtolnay/rust-toolchain@stable
Version Modification Check	Setup Rust	2026-05-09T15:55:22.0858049Z with:
Version Modification Check	Setup Rust	2026-05-09T15:55:22.0858803Z   toolchain: stable
Version Modification Check	Setup Rust	2026-05-09T15:55:22.0859597Z env:
Version Modification Check	Setup Rust	2026-05-09T15:55:22.0860351Z   CARGO_TERM_COLOR: always
Version Modification Check	Setup Rust	2026-05-09T15:55:22.0861271Z   RUSTFLAGS: -Dwarnings
Version Modification Check	Setup Rust	2026-05-09T15:55:22.0862850Z   CARGO_REGISTRY_TOKEN: ***
Version Modification Check	Setup Rust	2026-05-09T15:55:22.0863955Z   DOCKERHUB_IMAGE: konard/link-assistant-router
Version Modification Check	Setup Rust	2026-05-09T15:55:22.0865086Z ##[endgroup]
Version Modification Check	Setup Rust	2026-05-09T15:55:22.1101533Z ##[group]Run : parse toolchain version
Version Modification Check	Setup Rust	2026-05-09T15:55:22.1103046Z ^[[36;1m: parse toolchain version^[[0m
Version Modification Check	Setup Rust	2026-05-09T15:55:22.1104107Z ^[[36;1mif [[ -z $toolchain ]]; then^[[0m
Version Modification Check	Setup Rust	2026-05-09T15:55:22.1105966Z ^[[36;1m  # GitHub does not enforce `required: true` inputs itself. https://github.com/actions/runner/issues/1070^[[0m
Version Modification Check	Setup Rust	2026-05-09T15:55:22.1107985Z ^[[36;1m  echo "'toolchain' is a required input" >&2^[[0m
Version Modification Check	Setup Rust	2026-05-09T15:55:22.1109120Z ^[[36;1m  exit 1^[[0m
Version Modification Check	Setup Rust	2026-05-09T15:55:22.1110360Z ^[[36;1melif [[ $toolchain =~ ^stable' '[0-9]+' '(year|month|week|day)s?' 'ago$ ]]; then^[[0m
Version Modification Check	Setup Rust	2026-05-09T15:55:22.1112075Z ^[[36;1m  if [[ Linux == macOS ]]; then^[[0m
Version Modification Check	Setup Rust	2026-05-09T15:55:22.1114053Z ^[[36;1m    echo "toolchain=1.$((($(date -v-$(sed 's/stable \([0-9]*\) \(.\).*/\1\2/' <<< $toolchain) +%s)/60/60/24-16569)/7/6))" >> $GITHUB_OUTPUT^[[0m
Version Modification Check	Setup Rust	2026-05-09T15:55:22.1115939Z ^[[36;1m  else^[[0m
Version Modification Check	Setup Rust	2026-05-09T15:55:22.1117415Z ^[[36;1m    echo "toolchain=1.$((($(date --date "${toolchain#stable }" +%s)/60/60/24-16569)/7/6))" >> $GITHUB_OUTPUT^[[0m
Version Modification Check	Setup Rust	2026-05-09T15:55:22.1119143Z ^[[36;1m  fi^[[0m
Version Modification Check	Setup Rust	2026-05-09T15:55:22.1120253Z ^[[36;1melif [[ $toolchain =~ ^stable' 'minus' '[0-9]+' 'releases?$ ]]; then^[[0m
Version Modification Check	Setup Rust	2026-05-09T15:55:22.1122355Z ^[[36;1m  echo "toolchain=1.$((($(date +%s)/60/60/24-16569)/7/6-${toolchain//[^0-9]/}))" >> $GITHUB_OUTPUT^[[0m
Version Modification Check	Setup Rust	2026-05-09T15:55:22.1124072Z ^[[36;1melif [[ $toolchain =~ ^1\.[0-9]+$ ]]; then^[[0m
Version Modification Check	Setup Rust	2026-05-09T15:55:22.1125997Z ^[[36;1m  echo "toolchain=1.$((i=${toolchain#1.}, c=($(date +%s)/60/60/24-16569)/7/6, i+9*i*(10*i<=c)+90*i*(100*i<=c)))" >> $GITHUB_OUTPUT^[[0m
Version Modification Check	Setup Rust	2026-05-09T15:55:22.1127833Z ^[[36;1melse^[[0m
Version Modification Check	Setup Rust	2026-05-09T15:55:22.1128767Z ^[[36;1m  echo "toolchain=$toolchain" >> $GITHUB_OUTPUT^[[0m
Version Modification Check	Setup Rust	2026-05-09T15:55:22.1129906Z ^[[36;1mfi^[[0m
Version Modification Check	Setup Rust	2026-05-09T15:55:22.1159275Z shell: /usr/bin/bash --noprofile --norc -e -o pipefail {0}
Version Modification Check	Setup Rust	2026-05-09T15:55:22.1160537Z env:
Version Modification Check	Setup Rust	2026-05-09T15:55:22.1161273Z   CARGO_TERM_COLOR: always
Version Modification Check	Setup Rust	2026-05-09T15:55:22.1162373Z   RUSTFLAGS: -Dwarnings
Version Modification Check	Setup Rust	2026-05-09T15:55:22.1163603Z   CARGO_REGISTRY_TOKEN: ***
Version Modification Check	Setup Rust	2026-05-09T15:55:22.1164628Z   DOCKERHUB_IMAGE: konard/link-assistant-router
Version Modification Check	Setup Rust	2026-05-09T15:55:22.1165736Z   toolchain: stable
Version Modification Check	Setup Rust	2026-05-09T15:55:22.1166532Z ##[endgroup]
Version Modification Check	Setup Rust	2026-05-09T15:55:22.1385219Z ##[group]Run : construct rustup command line
Version Modification Check	Setup Rust	2026-05-09T15:55:22.1386428Z ^[[36;1m: construct rustup command line^[[0m
Version Modification Check	Setup Rust	2026-05-09T15:55:22.1388072Z ^[[36;1mecho "targets=$(for t in ${targets//,/ }; do echo -n ' --target' $t; done)" >> $GITHUB_OUTPUT^[[0m
Version Modification Check	Setup Rust	2026-05-09T15:55:22.1390345Z ^[[36;1mecho "components=$(for c in ${components//,/ }; do echo -n ' --component' $c; done)" >> $GITHUB_OUTPUT^[[0m
Version Modification Check	Setup Rust	2026-05-09T15:55:22.1392343Z ^[[36;1mecho "downgrade=" >> $GITHUB_OUTPUT^[[0m
Version Modification Check	Setup Rust	2026-05-09T15:55:22.1415415Z shell: /usr/bin/bash --noprofile --norc -e -o pipefail {0}
Version Modification Check	Setup Rust	2026-05-09T15:55:22.1416620Z env:
Version Modification Check	Setup Rust	2026-05-09T15:55:22.1417348Z   CARGO_TERM_COLOR: always
Version Modification Check	Setup Rust	2026-05-09T15:55:22.1418245Z   RUSTFLAGS: -Dwarnings
Version Modification Check	Setup Rust	2026-05-09T15:55:22.1419425Z   CARGO_REGISTRY_TOKEN: ***
Version Modification Check	Setup Rust	2026-05-09T15:55:22.1420446Z   DOCKERHUB_IMAGE: konard/link-assistant-router
Version Modification Check	Setup Rust	2026-05-09T15:55:22.1421533Z   targets:
Version Modification Check	Setup Rust	2026-05-09T15:55:22.1422490Z   components:
Version Modification Check	Setup Rust	2026-05-09T15:55:22.1423252Z ##[endgroup]
Version Modification Check	Setup Rust	2026-05-09T15:55:22.1536919Z ##[group]Run : set $CARGO_HOME
Version Modification Check	Setup Rust	2026-05-09T15:55:22.1537974Z ^[[36;1m: set $CARGO_HOME^[[0m
Version Modification Check	Setup Rust	2026-05-09T15:55:22.1539282Z ^[[36;1mecho CARGO_HOME=${CARGO_HOME:-"$HOME/.cargo"} >> $GITHUB_ENV^[[0m
Version Modification Check	Setup Rust	2026-05-09T15:55:22.1563317Z shell: /usr/bin/bash --noprofile --norc -e -o pipefail {0}
Version Modification Check	Setup Rust	2026-05-09T15:55:22.1564638Z env:
Version Modification Check	Setup Rust	2026-05-09T15:55:22.1565460Z   CARGO_TERM_COLOR: always
Version Modification Check	Setup Rust	2026-05-09T15:55:22.1566453Z   RUSTFLAGS: -Dwarnings
Version Modification Check	Setup Rust	2026-05-09T15:55:22.1567961Z   CARGO_REGISTRY_TOKEN: ***
Version Modification Check	Setup Rust	2026-05-09T15:55:22.1569076Z   DOCKERHUB_IMAGE: konard/link-assistant-router
Version Modification Check	Setup Rust	2026-05-09T15:55:22.1570251Z ##[endgroup]
Version Modification Check	Setup Rust	2026-05-09T15:55:22.1683727Z ##[group]Run : install rustup if needed
Version Modification Check	Setup Rust	2026-05-09T15:55:22.1684854Z ^[[36;1m: install rustup if needed^[[0m
Version Modification Check	Setup Rust	2026-05-09T15:55:22.1685987Z ^[[36;1mif ! command -v rustup &>/dev/null; then^[[0m
Version Modification Check	Setup Rust	2026-05-09T15:55:22.1688582Z ^[[36;1m  curl --proto '=https' --tlsv1.2 --retry 10 --retry-connrefused --location --silent --show-error --fail https://sh.rustup.rs | sh -s -- --default-toolchain none -y^[[0m
Version Modification Check	Setup Rust	2026-05-09T15:55:22.1691188Z ^[[36;1m  echo "$CARGO_HOME/bin" >> $GITHUB_PATH^[[0m
Version Modification Check	Setup Rust	2026-05-09T15:55:22.1692486Z ^[[36;1mfi^[[0m
Version Modification Check	Setup Rust	2026-05-09T15:55:22.1715485Z shell: /usr/bin/bash --noprofile --norc -e -o pipefail {0}
Version Modification Check	Setup Rust	2026-05-09T15:55:22.1716721Z env:
Version Modification Check	Setup Rust	2026-05-09T15:55:22.1717484Z   CARGO_TERM_COLOR: always
Version Modification Check	Setup Rust	2026-05-09T15:55:22.1718394Z   RUSTFLAGS: -Dwarnings
Version Modification Check	Setup Rust	2026-05-09T15:55:22.1719623Z   CARGO_REGISTRY_TOKEN: ***
Version Modification Check	Setup Rust	2026-05-09T15:55:22.1720657Z   DOCKERHUB_IMAGE: konard/link-assistant-router
Version Modification Check	Setup Rust	2026-05-09T15:55:22.1721809Z   CARGO_HOME: /home/runner/.cargo
Version Modification Check	Setup Rust	2026-05-09T15:55:22.1722912Z ##[endgroup]
Version Modification Check	Setup Rust	2026-05-09T15:55:22.1841428Z ##[group]Run rustup toolchain install stable --profile minimal --no-self-update
Version Modification Check	Setup Rust	2026-05-09T15:55:22.1843442Z ^[[36;1mrustup toolchain install stable --profile minimal --no-self-update^[[0m
Version Modification Check	Setup Rust	2026-05-09T15:55:22.1866957Z shell: /usr/bin/bash --noprofile --norc -e -o pipefail {0}
Version Modification Check	Setup Rust	2026-05-09T15:55:22.1868139Z env:
Version Modification Check	Setup Rust	2026-05-09T15:55:22.1868865Z   CARGO_TERM_COLOR: always
Version Modification Check	Setup Rust	2026-05-09T15:55:22.1869760Z   RUSTFLAGS: -Dwarnings
Version Modification Check	Setup Rust	2026-05-09T15:55:22.1870908Z   CARGO_REGISTRY_TOKEN: ***
Version Modification Check	Setup Rust	2026-05-09T15:55:22.1872069Z   DOCKERHUB_IMAGE: konard/link-assistant-router
Version Modification Check	Setup Rust	2026-05-09T15:55:22.1873202Z   CARGO_HOME: /home/runner/.cargo
Version Modification Check	Setup Rust	2026-05-09T15:55:22.1874171Z   RUSTUP_PERMIT_COPY_RENAME: 1
Version Modification Check	Setup Rust	2026-05-09T15:55:22.1875061Z ##[endgroup]
Version Modification Check	Setup Rust	2026-05-09T15:55:22.9909994Z info: syncing channel updates for stable-x86_64-unknown-linux-gnu
Version Modification Check	Setup Rust	2026-05-09T15:55:23.2288989Z info: latest update on 2026-04-16 for version 1.95.0 (59807616e 2026-04-14)
Version Modification Check	Setup Rust	2026-05-09T15:55:23.2444266Z info: removing previous version of component clippy
Version Modification Check	Setup Rust	2026-05-09T15:55:23.2589874Z info: removing previous version of component rustfmt
Version Modification Check	Setup Rust	2026-05-09T15:55:23.2598852Z info: removing previous version of component cargo
Version Modification Check	Setup Rust	2026-05-09T15:55:23.2945938Z info: removing previous version of component rust-std
Version Modification Check	Setup Rust	2026-05-09T15:55:23.3027165Z info: removing previous version of component rustc
Version Modification Check	Setup Rust	2026-05-09T15:55:23.3068952Z info: downloading 5 components
Version Modification Check	Setup Rust	2026-05-09T15:55:32.2860478Z
Version Modification Check	Setup Rust	2026-05-09T15:55:32.2947316Z   stable-x86_64-unknown-linux-gnu updated - rustc 1.95.0 (59807616e 2026-04-14) (from rustc 1.94.1 (e408947bf 2026-03-25))
Version Modification Check	Setup Rust	2026-05-09T15:55:32.2948192Z
Version Modification Check	Setup Rust	2026-05-09T15:55:32.3037694Z ##[group]Run rustup default stable
Version Modification Check	Setup Rust	2026-05-09T15:55:32.3038015Z ^[[36;1mrustup default stable^[[0m
Version Modification Check	Setup Rust	2026-05-09T15:55:32.3059867Z shell: /usr/bin/bash --noprofile --norc -e -o pipefail {0}
Version Modification Check	Setup Rust	2026-05-09T15:55:32.3060241Z env:
Version Modification Check	Setup Rust	2026-05-09T15:55:32.3060469Z   CARGO_TERM_COLOR: always
Version Modification Check	Setup Rust	2026-05-09T15:55:32.3060713Z   RUSTFLAGS: -Dwarnings
Version Modification Check	Setup Rust	2026-05-09T15:55:32.3061278Z   CARGO_REGISTRY_TOKEN: ***
Version Modification Check	Setup Rust	2026-05-09T15:55:32.3061544Z   DOCKERHUB_IMAGE: konard/link-assistant-router
Version Modification Check	Setup Rust	2026-05-09T15:55:32.3061850Z   CARGO_HOME: /home/runner/.cargo
Version Modification Check	Setup Rust	2026-05-09T15:55:32.3062418Z ##[endgroup]
Version Modification Check	Setup Rust	2026-05-09T15:55:32.3161463Z info: using existing install for stable-x86_64-unknown-linux-gnu
Version Modification Check	Setup Rust	2026-05-09T15:55:32.3168366Z info: default toolchain set to stable-x86_64-unknown-linux-gnu
Version Modification Check	Setup Rust	2026-05-09T15:55:32.3168656Z
Version Modification Check	Setup Rust	2026-05-09T15:55:32.3238216Z   stable-x86_64-unknown-linux-gnu unchanged - rustc 1.95.0 (59807616e 2026-04-14)
Version Modification Check	Setup Rust	2026-05-09T15:55:32.3238921Z
Version Modification Check	Setup Rust	2026-05-09T15:55:32.3280144Z ##[group]Run : create cachekey
Version Modification Check	Setup Rust	2026-05-09T15:55:32.3280634Z ^[[36;1m: create cachekey^[[0m
Version Modification Check	Setup Rust	2026-05-09T15:55:32.3281139Z ^[[36;1mDATE=$(rustc +stable --version --verbose | sed -ne 's/^commit-date: \(20[0-9][0-9]\)-\([01][0-9]\)-\([0-3][0-9]\)$/\1\2\3/p')^[[0m
Version Modification Check	Setup Rust	2026-05-09T15:55:32.3282154Z ^[[36;1mHASH=$(rustc +stable --version --verbose | sed -ne 's/^commit-hash: //p')^[[0m
Version Modification Check	Setup Rust	2026-05-09T15:55:32.3282671Z ^[[36;1mecho "cachekey=$(echo $DATE$HASH | head -c12)" >> $GITHUB_OUTPUT^[[0m
Version Modification Check	Setup Rust	2026-05-09T15:55:32.3303130Z shell: /usr/bin/bash --noprofile --norc -e -o pipefail {0}
Version Modification Check	Setup Rust	2026-05-09T15:55:32.3303476Z env:
Version Modification Check	Setup Rust	2026-05-09T15:55:32.3303680Z   CARGO_TERM_COLOR: always
Version Modification Check	Setup Rust	2026-05-09T15:55:32.3303953Z   RUSTFLAGS: -Dwarnings
Version Modification Check	Setup Rust	2026-05-09T15:55:32.3304334Z   CARGO_REGISTRY_TOKEN: ***
Version Modification Check	Setup Rust	2026-05-09T15:55:32.3304600Z   DOCKERHUB_IMAGE: konard/link-assistant-router
Version Modification Check	Setup Rust	2026-05-09T15:55:32.3304906Z   CARGO_HOME: /home/runner/.cargo
Version Modification Check	Setup Rust	2026-05-09T15:55:32.3305158Z ##[endgroup]
Version Modification Check	Setup Rust	2026-05-09T15:55:32.3658378Z ##[group]Run : disable incremental compilation
Version Modification Check	Setup Rust	2026-05-09T15:55:32.3658822Z ^[[36;1m: disable incremental compilation^[[0m
Version Modification Check	Setup Rust	2026-05-09T15:55:32.3659156Z ^[[36;1mif [ -z "${CARGO_INCREMENTAL+set}" ]; then^[[0m
Version Modification Check	Setup Rust	2026-05-09T15:55:32.3659483Z ^[[36;1m  echo CARGO_INCREMENTAL=0 >> $GITHUB_ENV^[[0m
Version Modification Check	Setup Rust	2026-05-09T15:55:32.3659765Z ^[[36;1mfi^[[0m
Version Modification Check	Setup Rust	2026-05-09T15:55:32.3681590Z shell: /usr/bin/bash --noprofile --norc -e -o pipefail {0}
Version Modification Check	Setup Rust	2026-05-09T15:55:32.3682285Z env:
Version Modification Check	Setup Rust	2026-05-09T15:55:32.3682486Z   CARGO_TERM_COLOR: always
Version Modification Check	Setup Rust	2026-05-09T15:55:32.3682727Z   RUSTFLAGS: -Dwarnings
Version Modification Check	Setup Rust	2026-05-09T15:55:32.3683104Z   CARGO_REGISTRY_TOKEN: ***
Version Modification Check	Setup Rust	2026-05-09T15:55:32.3683386Z   DOCKERHUB_IMAGE: konard/link-assistant-router
Version Modification Check	Setup Rust	2026-05-09T15:55:32.3683699Z   CARGO_HOME: /home/runner/.cargo
Version Modification Check	Setup Rust	2026-05-09T15:55:32.3683938Z ##[endgroup]
Version Modification Check	Setup Rust	2026-05-09T15:55:32.3754914Z ##[group]Run : enable colors in Cargo output
Version Modification Check	Setup Rust	2026-05-09T15:55:32.3755257Z ^[[36;1m: enable colors in Cargo output^[[0m
Version Modification Check	Setup Rust	2026-05-09T15:55:32.3755572Z ^[[36;1mif [ -z "${CARGO_TERM_COLOR+set}" ]; then^[[0m
Version Modification Check	Setup Rust	2026-05-09T15:55:32.3755901Z ^[[36;1m  echo CARGO_TERM_COLOR=always >> $GITHUB_ENV^[[0m
Version Modification Check	Setup Rust	2026-05-09T15:55:32.3756208Z ^[[36;1mfi^[[0m
Version Modification Check	Setup Rust	2026-05-09T15:55:32.3776297Z shell: /usr/bin/bash --noprofile --norc -e -o pipefail {0}
Version Modification Check	Setup Rust	2026-05-09T15:55:32.3776647Z env:
Version Modification Check	Setup Rust	2026-05-09T15:55:32.3776849Z   CARGO_TERM_COLOR: always
Version Modification Check	Setup Rust	2026-05-09T15:55:32.3777106Z   RUSTFLAGS: -Dwarnings
Version Modification Check	Setup Rust	2026-05-09T15:55:32.3777480Z   CARGO_REGISTRY_TOKEN: ***
Version Modification Check	Setup Rust	2026-05-09T15:55:32.3777755Z   DOCKERHUB_IMAGE: konard/link-assistant-router
Version Modification Check	Setup Rust	2026-05-09T15:55:32.3778065Z   CARGO_HOME: /home/runner/.cargo
Version Modification Check	Setup Rust	2026-05-09T15:55:32.3778314Z   CARGO_INCREMENTAL: 0
Version Modification Check	Setup Rust	2026-05-09T15:55:32.3778531Z ##[endgroup]
Version Modification Check	Setup Rust	2026-05-09T15:55:32.3923935Z ##[group]Run : enable Cargo sparse registry
Version Modification Check	Setup Rust	2026-05-09T15:55:32.3924289Z ^[[36;1m: enable Cargo sparse registry^[[0m
Version Modification Check	Setup Rust	2026-05-09T15:55:32.3924653Z ^[[36;1m# implemented in 1.66, stabilized in 1.68, made default in 1.70^[[0m
Version Modification Check	Setup Rust	2026-05-09T15:55:32.3925352Z ^[[36;1mif [ -z "${CARGO_REGISTRIES_CRATES_IO_PROTOCOL+set}" -o -f "/home/runner/work/_temp"/.implicit_cargo_registries_crates_io_protocol ]; then^[[0m
Version Modification Check	Setup Rust	2026-05-09T15:55:32.3926057Z ^[[36;1m  if rustc +stable --version --verbose | grep -q '^release: 1\.6[89]\.'; then^[[0m
Version Modification Check	Setup Rust	2026-05-09T15:55:32.3926603Z ^[[36;1m    touch "/home/runner/work/_temp"/.implicit_cargo_registries_crates_io_protocol || true^[[0m
Version Modification Check	Setup Rust	2026-05-09T15:55:32.3927143Z ^[[36;1m    echo CARGO_REGISTRIES_CRATES_IO_PROTOCOL=sparse >> $GITHUB_ENV^[[0m
Version Modification Check	Setup Rust	2026-05-09T15:55:32.3927615Z ^[[36;1m  elif rustc +stable --version --verbose | grep -q '^release: 1\.6[67]\.'; then^[[0m
Version Modification Check	Setup Rust	2026-05-09T15:55:32.3928154Z ^[[36;1m    touch "/home/runner/work/_temp"/.implicit_cargo_registries_crates_io_protocol || true^[[0m
Version Modification Check	Setup Rust	2026-05-09T15:55:32.3928648Z ^[[36;1m    echo CARGO_REGISTRIES_CRATES_IO_PROTOCOL=git >> $GITHUB_ENV^[[0m
Version Modification Check	Setup Rust	2026-05-09T15:55:32.3928976Z ^[[36;1m  fi^[[0m
Version Modification Check	Setup Rust	2026-05-09T15:55:32.3929169Z ^[[36;1mfi^[[0m
Version Modification Check	Setup Rust	2026-05-09T15:55:32.3949163Z shell: /usr/bin/bash --noprofile --norc -e -o pipefail {0}
Version Modification Check	Setup Rust	2026-05-09T15:55:32.3949523Z env:
Version Modification Check	Setup Rust	2026-05-09T15:55:32.3949727Z   CARGO_TERM_COLOR: always
Version Modification Check	Setup Rust	2026-05-09T15:55:32.3949970Z   RUSTFLAGS: -Dwarnings
Version Modification Check	Setup Rust	2026-05-09T15:55:32.3950489Z   CARGO_REGISTRY_TOKEN: ***
Version Modification Check	Setup Rust	2026-05-09T15:55:32.3950771Z   DOCKERHUB_IMAGE: konard/link-assistant-router
Version Modification Check	Setup Rust	2026-05-09T15:55:32.3951080Z   CARGO_HOME: /home/runner/.cargo
Version Modification Check	Setup Rust	2026-05-09T15:55:32.3951324Z   CARGO_INCREMENTAL: 0
Version Modification Check	Setup Rust	2026-05-09T15:55:32.3951673Z ##[endgroup]
Version Modification Check	Setup Rust	2026-05-09T15:55:32.4284155Z ##[group]Run : work around spurious network errors in curl 8.0
Version Modification Check	Setup Rust	2026-05-09T15:55:32.4284615Z ^[[36;1m: work around spurious network errors in curl 8.0^[[0m
Version Modification Check	Setup Rust	2026-05-09T15:55:32.4285332Z ^[[36;1m# https://rust-lang.zulipchat.com/#narrow/stream/246057-t-cargo/topic/timeout.20investigation^[[0m
Version Modification Check	Setup Rust	2026-05-09T15:55:32.4285925Z ^[[36;1mif rustc +stable --version --verbose | grep -q '^release: 1\.7[01]\.'; then^[[0m
Version Modification Check	Setup Rust	2026-05-09T15:55:32.4286386Z ^[[36;1m  echo CARGO_HTTP_MULTIPLEXING=false >> $GITHUB_ENV^[[0m
Version Modification Check	Setup Rust	2026-05-09T15:55:32.4286697Z ^[[36;1mfi^[[0m
Version Modification Check	Setup Rust	2026-05-09T15:55:32.4307321Z shell: /usr/bin/bash --noprofile --norc -e -o pipefail {0}
Version Modification Check	Setup Rust	2026-05-09T15:55:32.4307656Z env:
Version Modification Check	Setup Rust	2026-05-09T15:55:32.4307867Z   CARGO_TERM_COLOR: always
Version Modification Check	Setup Rust	2026-05-09T15:55:32.4308116Z   RUSTFLAGS: -Dwarnings
Version Modification Check	Setup Rust	2026-05-09T15:55:32.4308482Z   CARGO_REGISTRY_TOKEN: ***
Version Modification Check	Setup Rust	2026-05-09T15:55:32.4308754Z   DOCKERHUB_IMAGE: konard/link-assistant-router
Version Modification Check	Setup Rust	2026-05-09T15:55:32.4309064Z   CARGO_HOME: /home/runner/.cargo
Version Modification Check	Setup Rust	2026-05-09T15:55:32.4309336Z   CARGO_INCREMENTAL: 0
Version Modification Check	Setup Rust	2026-05-09T15:55:32.4309557Z ##[endgroup]
Version Modification Check	Setup Rust	2026-05-09T15:55:32.4517468Z ##[group]Run rustc +stable --version --verbose
Version Modification Check	Setup Rust	2026-05-09T15:55:32.4517827Z ^[[36;1mrustc +stable --version --verbose^[[0m
Version Modification Check	Setup Rust	2026-05-09T15:55:32.4539005Z shell: /usr/bin/bash --noprofile --norc -e -o pipefail {0}
Version Modification Check	Setup Rust	2026-05-09T15:55:32.4539364Z env:
Version Modification Check	Setup Rust	2026-05-09T15:55:32.4539557Z   CARGO_TERM_COLOR: always
Version Modification Check	Setup Rust	2026-05-09T15:55:32.4539798Z   RUSTFLAGS: -Dwarnings
Version Modification Check	Setup Rust	2026-05-09T15:55:32.4540182Z   CARGO_REGISTRY_TOKEN: ***
Version Modification Check	Setup Rust	2026-05-09T15:55:32.4540461Z   DOCKERHUB_IMAGE: konard/link-assistant-router
Version Modification Check	Setup Rust	2026-05-09T15:55:32.4540769Z   CARGO_HOME: /home/runner/.cargo
Version Modification Check	Setup Rust	2026-05-09T15:55:32.4541020Z   CARGO_INCREMENTAL: 0
Version Modification Check	Setup Rust	2026-05-09T15:55:32.4541226Z ##[endgroup]
Version Modification Check	Setup Rust	2026-05-09T15:55:32.4698954Z rustc 1.95.0 (59807616e 2026-04-14)
Version Modification Check	Setup Rust	2026-05-09T15:55:32.4699495Z binary: rustc
Version Modification Check	Setup Rust	2026-05-09T15:55:32.4700006Z commit-hash: 59807616e1fa2540724bfbac14d7976d7e4a3860
Version Modification Check	Setup Rust	2026-05-09T15:55:32.4700438Z commit-date: 2026-04-14
Version Modification Check	Setup Rust	2026-05-09T15:55:32.4700749Z host: x86_64-unknown-linux-gnu
Version Modification Check	Setup Rust	2026-05-09T15:55:32.4701115Z release: 1.95.0
Version Modification Check	Setup Rust	2026-05-09T15:55:32.4701674Z LLVM version: 22.1.2
Version Modification Check	Install rust-script	﻿2026-05-09T15:55:32.4779999Z ##[group]Run cargo install rust-script
Version Modification Check	Install rust-script	2026-05-09T15:55:32.4780337Z ^[[36;1mcargo install rust-script^[[0m
Version Modification Check	Install rust-script	2026-05-09T15:55:32.4801303Z shell: /usr/bin/bash -e {0}
Version Modification Check	Install rust-script	2026-05-09T15:55:32.4801568Z env:
Version Modification Check	Install rust-script	2026-05-09T15:55:32.4801769Z   CARGO_TERM_COLOR: always
Version Modification Check	Install rust-script	2026-05-09T15:55:32.4802182Z   RUSTFLAGS: -Dwarnings
Version Modification Check	Install rust-script	2026-05-09T15:55:32.4802565Z   CARGO_REGISTRY_TOKEN: ***
Version Modification Check	Install rust-script	2026-05-09T15:55:32.4802842Z   DOCKERHUB_IMAGE: konard/link-assistant-router
Version Modification Check	Install rust-script	2026-05-09T15:55:32.4803144Z   CARGO_HOME: /home/runner/.cargo
Version Modification Check	Install rust-script	2026-05-09T15:55:32.4803397Z   CARGO_INCREMENTAL: 0
Version Modification Check	Install rust-script	2026-05-09T15:55:32.4803615Z ##[endgroup]
Version Modification Check	Install rust-script	2026-05-09T15:55:32.5088399Z ^[[1m^[[92m    Updating^[[0m crates.io index
Version Modification Check	Install rust-script	2026-05-09T15:55:32.7678560Z ^[[1m^[[92m Downloading^[[0m crates ...
Version Modification Check	Install rust-script	2026-05-09T15:55:32.8252382Z ^[[1m^[[92m  Downloaded^[[0m rust-script v0.36.0
Version Modification Check	Install rust-script	2026-05-09T15:55:32.8440443Z ^[[1m^[[92m  Installing^[[0m rust-script v0.36.0
Version Modification Check	Install rust-script	2026-05-09T15:55:32.8595533Z ^[[1m^[[92m    Updating^[[0m crates.io index
Version Modification Check	Install rust-script	2026-05-09T15:55:33.2982619Z ^[[1m^[[92m     Locking^[[0m 113 packages to latest compatible versions
Version Modification Check	Install rust-script	2026-05-09T15:55:33.3017824Z ^[[1m^[[92m      Adding^[[0m generic-array v0.14.7 ^[[1m^[[33m(available: v0.14.9)^[[0m
Version Modification Check	Install rust-script	2026-05-09T15:55:33.3112583Z ^[[1m^[[92m      Adding^[[0m sha1 v0.10.6 ^[[1m^[[33m(available: v0.11.0)^[[0m
Version Modification Check	Install rust-script	2026-05-09T15:55:33.3135188Z ^[[1m^[[92m      Adding^[[0m toml v0.9.12+spec-1.1.0 ^[[1m^[[33m(available: v1.1.2+spec-1.1.0)^[[0m
Version Modification Check	Install rust-script	2026-05-09T15:55:33.3164173Z ^[[1m^[[92m      Adding^[[0m winreg v0.55.0 ^[[1m^[[33m(available: v0.56.0)^[[0m
Version Modification Check	Install rust-script	2026-05-09T15:55:33.3185779Z ^[[1m^[[92m Downloading^[[0m crates ...
Version Modification Check	Install rust-script	2026-05-09T15:55:33.3863701Z ^[[1m^[[92m  Downloaded^[[0m anstream v1.0.0
Version Modification Check	Install rust-script	2026-05-09T15:55:33.3984993Z ^[[1m^[[92m  Downloaded^[[0m clap v4.6.1
Version Modification Check	Install rust-script	2026-05-09T15:55:33.4082961Z ^[[1m^[[92m  Downloaded^[[0m cfg-if v1.0.4
Version Modification Check	Install rust-script	2026-05-09T15:55:33.4097402Z ^[[1m^[[92m  Downloaded^[[0m anstyle-query v1.1.5
Version Modification Check	Install rust-script	2026-05-09T15:55:33.4109675Z ^[[1m^[[92m  Downloaded^[[0m block-buffer v0.10.4
Version Modification Check	Install rust-script	2026-05-09T15:55:33.4196078Z ^[[1m^[[92m  Downloaded^[[0m anstyle-parse v1.0.0
Version Modification Check	Install rust-script	2026-05-09T15:55:33.4214929Z ^[[1m^[[92m  Downloaded^[[0m anstyle v1.0.14
Version Modification Check	Install rust-script	2026-05-09T15:55:33.4311510Z ^[[1m^[[92m  Downloaded^[[0m bitflags v2.11.1
Version Modification Check	Install rust-script	2026-05-09T15:55:33.4421181Z ^[[1m^[[92m  Downloaded^[[0m pulldown-cmark-escape v0.11.0
Version Modification Check	Install rust-script	2026-05-09T15:55:33.4429519Z ^[[1m^[[92m  Downloaded^[[0m shell-words v1.1.1
Version Modification Check	Install rust-script	2026-05-09T15:55:33.4439344Z ^[[1m^[[92m  Downloaded^[[0m serde_spanned v1.1.1
Version Modification Check	Install rust-script	2026-05-09T15:55:33.4451040Z ^[[1m^[[92m  Downloaded^[[0m colorchoice v1.0.5
Version Modification Check	Install rust-script	2026-05-09T15:55:33.4468184Z ^[[1m^[[92m  Downloaded^[[0m unicase v2.9.0
Version Modification Check	Install rust-script	2026-05-09T15:55:33.4487630Z ^[[1m^[[92m  Downloaded^[[0m cpufeatures v0.2.17
Version Modification Check	Install rust-script	2026-05-09T15:55:33.4534455Z ^[[1m^[[92m  Downloaded^[[0m strsim v0.11.1
Version Modification Check	Install rust-script	2026-05-09T15:55:33.4547796Z ^[[1m^[[92m  Downloaded^[[0m option-ext v0.2.0
Version Modification Check	Install rust-script	2026-05-09T15:55:33.4581464Z ^[[1m^[[92m  Downloaded^[[0m env_filter v1.0.1
Version Modification Check	Install rust-script	2026-05-09T15:55:33.4598898Z ^[[1m^[[92m  Downloaded^[[0m errno v0.3.14
Version Modification Check	Install rust-script	2026-05-09T15:55:33.4614475Z ^[[1m^[[92m  Downloaded^[[0m dirs-sys v0.5.0
Version Modification Check	Install rust-script	2026-05-09T15:55:33.4626123Z ^[[1m^[[92m  Downloaded^[[0m dirs v6.0.0
Version Modification Check	Install rust-script	2026-05-09T15:55:33.4645782Z ^[[1m^[[92m  Downloaded^[[0m clap_lex v1.1.0
Version Modification Check	Install rust-script	2026-05-09T15:55:33.4659440Z ^[[1m^[[92m  Downloaded^[[0m version_check v0.9.5
Version Modification Check	Install rust-script	2026-05-09T15:55:33.4672581Z ^[[1m^[[92m  Downloaded^[[0m crypto-common v0.1.7
Version Modification Check	Install rust-script	2026-05-09T15:55:33.4682093Z ^[[1m^[[92m  Downloaded^[[0m is_terminal_polyfill v1.70.2
Version Modification Check	Install rust-script	2026-05-09T15:55:33.4691474Z ^[[1m^[[92m  Downloaded^[[0m generic-array v0.14.7
Version Modification Check	Install rust-script	2026-05-09T15:55:33.4771790Z ^[[1m^[[92m  Downloaded^[[0m equivalent v1.0.2
Version Modification Check	Install rust-script	2026-05-09T15:55:33.4873894Z ^[[1m^[[92m  Downloaded^[[0m sha1 v0.10.6
Version Modification Check	Install rust-script	2026-05-09T15:55:33.4891191Z ^[[1m^[[92m  Downloaded^[[0m utf8parse v0.2.2
Version Modification Check	Install rust-script	2026-05-09T15:55:33.4901035Z ^[[1m^[[92m  Downloaded^[[0m toml_writer v1.1.1+spec-1.1.0
Version Modification Check	Install rust-script	2026-05-09T15:55:33.4914769Z ^[[1m^[[92m  Downloaded^[[0m toml_datetime v0.7.5+spec-1.1.0
Version Modification Check	Install rust-script	2026-05-09T15:55:33.4928408Z ^[[1m^[[92m  Downloaded^[[0m serde_core v1.0.228
Version Modification Check	Install rust-script	2026-05-09T15:55:33.4956162Z ^[[1m^[[92m  Downloaded^[[0m fastrand v2.4.1
Version Modification Check	Install rust-script	2026-05-09T15:55:33.4970007Z ^[[1m^[[92m  Downloaded^[[0m digest v0.10.7
Version Modification Check	Install rust-script	2026-05-09T15:55:33.4990144Z ^[[1m^[[92m  Downloaded^[[0m toml_parser v1.1.2+spec-1.1.0
Version Modification Check	Install rust-script	2026-05-09T15:55:33.5013507Z ^[[1m^[[92m  Downloaded^[[0m getrandom v0.4.2
Version Modification Check	Install rust-script	2026-05-09T15:55:33.5052580Z ^[[1m^[[92m  Downloaded^[[0m env_logger v0.11.10
Version Modification Check	Install rust-script	2026-05-09T15:55:33.5074796Z ^[[1m^[[92m  Downloaded^[[0m once_cell v1.21.4
Version Modification Check	Install rust-script	2026-05-09T15:55:33.5100185Z ^[[1m^[[92m  Downloaded^[[0m getopts v0.2.24
Version Modification Check	Install rust-script	2026-05-09T15:55:33.5117068Z ^[[1m^[[92m  Downloaded^[[0m toml v0.9.12+spec-1.1.0
Version Modification Check	Install rust-script	2026-05-09T15:55:33.5158882Z ^[[1m^[[92m  Downloaded^[[0m tempfile v3.27.0
Version Modification Check	Install rust-script	2026-05-09T15:55:33.5185483Z ^[[1m^[[92m  Downloaded^[[0m log v0.4.29
Version Modification Check	Install rust-script	2026-05-09T15:55:33.5220455Z ^[[1m^[[92m  Downloaded^[[0m memchr v2.8.0
Version Modification Check	Install rust-script	2026-05-09T15:55:33.5276916Z ^[[1m^[[92m  Downloaded^[[0m indexmap v2.14.0
Version Modification Check	Install rust-script	2026-05-09T15:55:33.5326678Z ^[[1m^[[92m  Downloaded^[[0m typenum v1.20.0
Version Modification Check	Install rust-script	2026-05-09T15:55:33.5366422Z ^[[1m^[[92m  Downloaded^[[0m aho-corasick v1.1.4
Version Modification Check	Install rust-script	2026-05-09T15:55:33.5425226Z ^[[1m^[[92m  Downloaded^[[0m pulldown-cmark v0.13.3
Version Modification Check	Install rust-script	2026-05-09T15:55:33.5477498Z ^[[1m^[[92m  Downloaded^[[0m hashbrown v0.17.1
Version Modification Check	Install rust-script	2026-05-09T15:55:33.5530960Z ^[[1m^[[92m  Downloaded^[[0m regex v1.12.3
Version Modification Check	Install rust-script	2026-05-09T15:55:33.5584604Z ^[[1m^[[92m  Downloaded^[[0m winnow v1.0.2
Version Modification Check	Install rust-script	2026-05-09T15:55:33.5680416Z ^[[1m^[[92m  Downloaded^[[0m winnow v0.7.15
Version Modification Check	Install rust-script	2026-05-09T15:55:33.5774498Z ^[[1m^[[92m  Downloaded^[[0m clap_builder v4.6.0
Version Modification Check	Install rust-script	2026-05-09T15:55:33.5843349Z ^[[1m^[[92m  Downloaded^[[0m unicode-width v0.2.2
Version Modification Check	Install rust-script	2026-05-09T15:55:33.5909370Z ^[[1m^[[92m  Downloaded^[[0m regex-syntax v0.8.10
Version Modification Check	Install rust-script	2026-05-09T15:55:33.5977571Z ^[[1m^[[92m  Downloaded^[[0m rustix v1.1.4
Version Modification Check	Install rust-script	2026-05-09T15:55:33.6252406Z ^[[1m^[[92m  Downloaded^[[0m regex-automata v0.4.14
Version Modification Check	Install rust-script	2026-05-09T15:55:33.6398499Z ^[[1m^[[92m  Downloaded^[[0m jiff v0.2.24
Version Modification Check	Install rust-script	2026-05-09T15:55:33.6575624Z ^[[1m^[[92m  Downloaded^[[0m libc v0.2.186
Version Modification Check	Install rust-script	2026-05-09T15:55:33.7103701Z ^[[1m^[[92m  Downloaded^[[0m linux-raw-sys v0.12.1
Version Modification Check	Install rust-script	2026-05-09T15:55:33.7867619Z ^[[1m^[[92m   Compiling^[[0m version_check v0.9.5
Version Modification Check	Install rust-script	2026-05-09T15:55:33.7868272Z ^[[1m^[[92m   Compiling^[[0m libc v0.2.186
Version Modification Check	Install rust-script	2026-05-09T15:55:33.7887888Z ^[[1m^[[92m   Compiling^[[0m memchr v2.8.0
Version Modification Check	Install rust-script	2026-05-09T15:55:33.7902731Z ^[[1m^[[92m   Compiling^[[0m serde_core v1.0.228
Version Modification Check	Install rust-script	2026-05-09T15:55:33.9691286Z ^[[1m^[[92m   Compiling^[[0m generic-array v0.14.7
Version Modification Check	Install rust-script	2026-05-09T15:55:34.0442486Z ^[[1m^[[92m   Compiling^[[0m typenum v1.20.0
Version Modification Check	Install rust-script	2026-05-09T15:55:34.0623278Z ^[[1m^[[92m   Compiling^[[0m utf8parse v0.2.2
Version Modification Check	Install rust-script	2026-05-09T15:55:34.1033602Z ^[[1m^[[92m   Compiling^[[0m anstyle-parse v1.0.0
Version Modification Check	Install rust-script	2026-05-09T15:55:34.2163919Z ^[[1m^[[92m   Compiling^[[0m aho-corasick v1.1.4
Version Modification Check	Install rust-script	2026-05-09T15:55:34.5763399Z ^[[1m^[[92m   Compiling^[[0m anstyle v1.0.14
Version Modification Check	Install rust-script	2026-05-09T15:55:34.7320380Z ^[[1m^[[92m   Compiling^[[0m regex-syntax v0.8.10
Version Modification Check	Install rust-script	2026-05-09T15:55:34.9273375Z ^[[1m^[[92m   Compiling^[[0m anstyle-query v1.1.5
Version Modification Check	Install rust-script	2026-05-09T15:55:34.9614801Z ^[[1m^[[92m   Compiling^[[0m colorchoice v1.0.5
Version Modification Check	Install rust-script	2026-05-09T15:55:34.9990869Z ^[[1m^[[92m   Compiling^[[0m is_terminal_polyfill v1.70.2
Version Modification Check	Install rust-script	2026-05-09T15:55:35.0323442Z ^[[1m^[[92m   Compiling^[[0m anstream v1.0.0
Version Modification Check	Install rust-script	2026-05-09T15:55:35.3143483Z ^[[1m^[[92m   Compiling^[[0m getrandom v0.4.2
Version Modification Check	Install rust-script	2026-05-09T15:55:35.4152959Z ^[[1m^[[92m   Compiling^[[0m cfg-if v1.0.4
Version Modification Check	Install rust-script	2026-05-09T15:55:35.4479330Z ^[[1m^[[92m   Compiling^[[0m bitflags v2.11.1
Version Modification Check	Install rust-script	2026-05-09T15:55:35.6713024Z ^[[1m^[[92m   Compiling^[[0m rustix v1.1.4
Version Modification Check	Install rust-script	2026-05-09T15:55:35.9063356Z ^[[1m^[[92m   Compiling^[[0m crypto-common v0.1.7
Version Modification Check	Install rust-script	2026-05-09T15:55:35.9573481Z ^[[1m^[[92m   Compiling^[[0m block-buffer v0.10.4
Version Modification Check	Install rust-script	2026-05-09T15:55:36.0263150Z ^[[1m^[[92m   Compiling^[[0m log v0.4.29
Version Modification Check	Install rust-script	2026-05-09T15:55:36.1583350Z ^[[1m^[[92m   Compiling^[[0m winnow v1.0.2
Version Modification Check	Install rust-script	2026-05-09T15:55:36.4953236Z ^[[1m^[[92m   Compiling^[[0m strsim v0.11.1
Version Modification Check	Install rust-script	2026-05-09T15:55:36.9333328Z ^[[1m^[[92m   Compiling^[[0m regex-automata v0.4.14
Version Modification Check	Install rust-script	2026-05-09T15:55:37.1790512Z ^[[1m^[[92m   Compiling^[[0m clap_lex v1.1.0
Version Modification Check	Install rust-script	2026-05-09T15:55:37.3623426Z ^[[1m^[[92m   Compiling^[[0m option-ext v0.2.0
Version Modification Check	Install rust-script	2026-05-09T15:55:37.3953287Z ^[[1m^[[92m   Compiling^[[0m unicode-width v0.2.2
Version Modification Check	Install rust-script	2026-05-09T15:55:37.5243467Z ^[[1m^[[92m   Compiling^[[0m pulldown-cmark v0.13.3
Version Modification Check	Install rust-script	2026-05-09T15:55:37.5812486Z ^[[1m^[[92m   Compiling^[[0m linux-raw-sys v0.12.1
Version Modification Check	Install rust-script	2026-05-09T15:55:37.5935586Z ^[[1m^[[92m   Compiling^[[0m getopts v0.2.24
Version Modification Check	Install rust-script	2026-05-09T15:55:38.1783879Z ^[[1m^[[92m   Compiling^[[0m toml_datetime v0.7.5+spec-1.1.0
Version Modification Check	Install rust-script	2026-05-09T15:55:38.4513266Z ^[[1m^[[92m   Compiling^[[0m serde_spanned v1.1.1
Version Modification Check	Install rust-script	2026-05-09T15:55:38.5483390Z ^[[1m^[[92m   Compiling^[[0m dirs-sys v0.5.0
Version Modification Check	Install rust-script	2026-05-09T15:55:38.7736986Z ^[[1m^[[92m   Compiling^[[0m clap_builder v4.6.0
Version Modification Check	Install rust-script	2026-05-09T15:55:38.8003818Z ^[[1m^[[92m   Compiling^[[0m toml_parser v1.1.2+spec-1.1.0
Version Modification Check	Install rust-script	2026-05-09T15:55:39.6603305Z ^[[1m^[[92m   Compiling^[[0m regex v1.12.3
Version Modification Check	Install rust-script	2026-05-09T15:55:39.7543397Z ^[[1m^[[92m   Compiling^[[0m digest v0.10.7
Version Modification Check	Install rust-script	2026-05-09T15:55:39.9982737Z ^[[1m^[[92m   Compiling^[[0m env_filter v1.0.1
Version Modification Check	Install rust-script	2026-05-09T15:55:40.4163323Z ^[[1m^[[92m   Compiling^[[0m fastrand v2.4.1
Version Modification Check	Install rust-script	2026-05-09T15:55:40.4695012Z ^[[1m^[[92m   Compiling^[[0m unicase v2.9.0
Version Modification Check	Install rust-script	2026-05-09T15:55:40.5881414Z ^[[1m^[[92m   Compiling^[[0m jiff v0.2.24
Version Modification Check	Install rust-script	2026-05-09T15:55:40.6135592Z ^[[1m^[[92m   Compiling^[[0m winnow v0.7.15
Version Modification Check	Install rust-script	2026-05-09T15:55:42.3685528Z ^[[1m^[[92m   Compiling^[[0m pulldown-cmark-escape v0.11.0
Version Modification Check	Install rust-script	2026-05-09T15:55:42.4264447Z ^[[1m^[[92m   Compiling^[[0m cpufeatures v0.2.17
Version Modification Check	Install rust-script	2026-05-09T15:55:42.4523199Z ^[[1m^[[92m   Compiling^[[0m toml_writer v1.1.1+spec-1.1.0
Version Modification Check	Install rust-script	2026-05-09T15:55:42.6033741Z ^[[1m^[[92m   Compiling^[[0m once_cell v1.21.4
Version Modification Check	Install rust-script	2026-05-09T15:55:42.7433494Z ^[[1m^[[92m   Compiling^[[0m tempfile v3.27.0
Version Modification Check	Install rust-script	2026-05-09T15:55:43.0281657Z ^[[1m^[[92m   Compiling^[[0m toml v0.9.12+spec-1.1.0
Version Modification Check	Install rust-script	2026-05-09T15:55:43.2213447Z ^[[1m^[[92m   Compiling^[[0m sha1 v0.10.6
Version Modification Check	Install rust-script	2026-05-09T15:55:44.4283216Z ^[[1m^[[92m   Compiling^[[0m env_logger v0.11.10
Version Modification Check	Install rust-script	2026-05-09T15:55:44.9643347Z ^[[1m^[[92m   Compiling^[[0m clap v4.6.1
Version Modification Check	Install rust-script	2026-05-09T15:55:44.9903357Z ^[[1m^[[92m   Compiling^[[0m dirs v6.0.0
Version Modification Check	Install rust-script	2026-05-09T15:55:45.0578547Z ^[[1m^[[92m   Compiling^[[0m shell-words v1.1.1
Version Modification Check	Install rust-script	2026-05-09T15:55:45.7338473Z ^[[1m^[[92m   Compiling^[[0m rust-script v0.36.0
Version Modification Check	Install rust-script	2026-05-09T15:56:06.0772576Z ^[[1m^[[92m    Finished^[[0m `release` profile [optimized] target(s) in 33.58s
Version Modification Check	Install rust-script	2026-05-09T15:56:06.1081716Z ^[[1m^[[92m  Installing^[[0m /home/runner/.cargo/bin/rust-script
Version Modification Check	Install rust-script	2026-05-09T15:56:06.1082808Z ^[[1m^[[92m   Installed^[[0m package `rust-script v0.36.0` (executable `rust-script`)
Version Modification Check	Check for manual version changes	﻿2026-05-09T15:56:06.1423856Z ##[group]Run rust-script scripts/check-version-modification.rs
Version Modification Check	Check for manual version changes	2026-05-09T15:56:06.1424339Z ^[[36;1mrust-script scripts/check-version-modification.rs^[[0m
Version Modification Check	Check for manual version changes	2026-05-09T15:56:06.1446095Z shell: /usr/bin/bash -e {0}
Version Modification Check	Check for manual version changes	2026-05-09T15:56:06.1446342Z env:
Version Modification Check	Check for manual version changes	2026-05-09T15:56:06.1446543Z   CARGO_TERM_COLOR: always
Version Modification Check	Check for manual version changes	2026-05-09T15:56:06.1446769Z   RUSTFLAGS: -Dwarnings
Version Modification Check	Check for manual version changes	2026-05-09T15:56:06.1447155Z   CARGO_REGISTRY_TOKEN: ***
Version Modification Check	Check for manual version changes	2026-05-09T15:56:06.1447422Z   DOCKERHUB_IMAGE: konard/link-assistant-router
Version Modification Check	Check for manual version changes	2026-05-09T15:56:06.1447720Z   CARGO_HOME: /home/runner/.cargo
Version Modification Check	Check for manual version changes	2026-05-09T15:56:06.1447966Z   CARGO_INCREMENTAL: 0
Version Modification Check	Check for manual version changes	2026-05-09T15:56:06.1448207Z   GITHUB_EVENT_NAME: pull_request
Version Modification Check	Check for manual version changes	2026-05-09T15:56:06.1448471Z   GITHUB_HEAD_REF: issue-25-cee894a7a764
Version Modification Check	Check for manual version changes	2026-05-09T15:56:06.1448759Z   GITHUB_BASE_REF: main
Version Modification Check	Check for manual version changes	2026-05-09T15:56:06.1448975Z ##[endgroup]
Version Modification Check	Check for manual version changes	2026-05-09T15:56:14.1763440Z Checking for manual version modifications in Cargo.toml...
Version Modification Check	Check for manual version changes	2026-05-09T15:56:14.1763783Z
Version Modification Check	Check for manual version changes	2026-05-09T15:56:14.5090747Z No changes to Cargo.toml detected.
Version Modification Check	Check for manual version changes	2026-05-09T15:56:14.5091392Z Version check passed.
Version Modification Check	Post Run actions/checkout@v4	﻿2026-05-09T15:56:14.5180120Z Post job cleanup.
Version Modification Check	Post Run actions/checkout@v4	2026-05-09T15:56:14.6198856Z [command]/usr/bin/git version
Version Modification Check	Post Run actions/checkout@v4	2026-05-09T15:56:14.6234593Z git version 2.53.0
Version Modification Check	Post Run actions/checkout@v4	2026-05-09T15:56:14.6283155Z Temporarily overriding HOME='/home/runner/work/_temp/b84ddff1-b099-4238-be47-7f6d206166e9' before making global git config changes
Version Modification Check	Post Run actions/checkout@v4	2026-05-09T15:56:14.6284433Z Adding repository directory to the temporary git global config as a safe directory
Version Modification Check	Post Run actions/checkout@v4	2026-05-09T15:56:14.6289360Z [command]/usr/bin/git config --global --add safe.directory /home/runner/work/router/router
Version Modification Check	Post Run actions/checkout@v4	2026-05-09T15:56:14.6323656Z [command]/usr/bin/git config --local --name-only --get-regexp core\.sshCommand
Version Modification Check	Post Run actions/checkout@v4	2026-05-09T15:56:14.6356474Z [command]/usr/bin/git submodule foreach --recursive sh -c "git config --local --name-only --get-regexp 'core\.sshCommand' && git config --local --unset-all 'core.sshCommand' || :"
Version Modification Check	Post Run actions/checkout@v4	2026-05-09T15:56:14.6590193Z [command]/usr/bin/git config --local --name-only --get-regexp http\.https\:\/\/github\.com\/\.extraheader
Version Modification Check	Post Run actions/checkout@v4	2026-05-09T15:56:14.6611196Z http.https://github.com/.extraheader
Version Modification Check	Post Run actions/checkout@v4	2026-05-09T15:56:14.6623183Z [command]/usr/bin/git config --local --unset-all http.https://github.com/.extraheader
Version Modification Check	Post Run actions/checkout@v4	2026-05-09T15:56:14.6654095Z [command]/usr/bin/git submodule foreach --recursive sh -c "git config --local --name-only --get-regexp 'http\.https\:\/\/github\.com\/\.extraheader' && git config --local --unset-all 'http.https://github.com/.extraheader' || :"
Version Modification Check	Post Run actions/checkout@v4	2026-05-09T15:56:14.6880644Z [command]/usr/bin/git config --local --name-only --get-regexp ^includeIf\.gitdir:
Version Modification Check	Post Run actions/checkout@v4	2026-05-09T15:56:14.6911178Z [command]/usr/bin/git submodule foreach --recursive git config --local --show-origin --name-only --get-regexp remote.origin.url
Version Modification Check	Complete job	﻿2026-05-09T15:56:14.7293446Z Cleaning up orphan processes
Version Modification Check	Complete job	2026-05-09T15:56:14.7579170Z ##[warning]Node.js 20 actions are deprecated. The following actions are running on Node.js 20 and may not work as expected: actions/checkout@v4. Actions will be forced to run with Node.js 24 by default starting June 2nd, 2026. Node.js 20 will be removed from the runner on September 16th, 2026. Please check if updated versions of these actions are available that support Node.js 24. To opt into Node.js 24 now, set the FORCE_JAVASCRIPT_ACTIONS_TO_NODE24=true environment variable on the runner or in your workflow file. Once Node.js 24 becomes the default, you can temporarily opt out by setting ACTIONS_ALLOW_USE_UNSECURE_NODE_VERSION=true. For more information see: https://github.blog/changelog/2025-09-19-deprecation-of-node-20-on-github-actions-runners/
Lint and Format Check	Set up job	﻿2026-05-09T15:56:21.1003787Z Current runner version: '2.334.0'
Lint and Format Check	Set up job	2026-05-09T15:56:21.1028613Z ##[group]Runner Image Provisioner
Lint and Format Check	Set up job	2026-05-09T15:56:21.1029465Z Hosted Compute Agent
Lint and Format Check	Set up job	2026-05-09T15:56:21.1030089Z Version: 20260213.493
Lint and Format Check	Set up job	2026-05-09T15:56:21.1030704Z Commit: 5c115507f6dd24b8de37d8bbe0bb4509d0cc0fa3
Lint and Format Check	Set up job	2026-05-09T15:56:21.1031424Z Build Date: 2026-02-13T00:28:41Z
Lint and Format Check	Set up job	2026-05-09T15:56:21.1032099Z Worker ID: {14e09843-7845-43f8-80f8-1ed02c37c005}
Lint and Format Check	Set up job	2026-05-09T15:56:21.1032788Z Azure Region: westcentralus
Lint and Format Check	Set up job	2026-05-09T15:56:21.1033387Z ##[endgroup]
Lint and Format Check	Set up job	2026-05-09T15:56:21.1034863Z ##[group]Operating System
Lint and Format Check	Set up job	2026-05-09T15:56:21.1035606Z Ubuntu
Lint and Format Check	Set up job	2026-05-09T15:56:21.1036087Z 24.04.4
Lint and Format Check	Set up job	2026-05-09T15:56:21.1036628Z LTS
Lint and Format Check	Set up job	2026-05-09T15:56:21.1037091Z ##[endgroup]
Lint and Format Check	Set up job	2026-05-09T15:56:21.1037555Z ##[group]Runner Image
Lint and Format Check	Set up job	2026-05-09T15:56:21.1038350Z Image: ubuntu-24.04
Lint and Format Check	Set up job	2026-05-09T15:56:21.1038857Z Version: 20260413.86.1
Lint and Format Check	Set up job	2026-05-09T15:56:21.1039887Z Included Software: https://github.com/actions/runner-images/blob/ubuntu24/20260413.86/images/ubuntu/Ubuntu2404-Readme.md
Lint and Format Check	Set up job	2026-05-09T15:56:21.1041556Z Image Release: https://github.com/actions/runner-images/releases/tag/ubuntu24%2F20260413.86
Lint and Format Check	Set up job	2026-05-09T15:56:21.1042443Z ##[endgroup]
Lint and Format Check	Set up job	2026-05-09T15:56:21.1045229Z ##[group]GITHUB_TOKEN Permissions
Lint and Format Check	Set up job	2026-05-09T15:56:21.1047173Z Actions: write
Lint and Format Check	Set up job	2026-05-09T15:56:21.1047850Z ArtifactMetadata: write
Lint and Format Check	Set up job	2026-05-09T15:56:21.1048602Z Attestations: write
Lint and Format Check	Set up job	2026-05-09T15:56:21.1049130Z Checks: write
Lint and Format Check	Set up job	2026-05-09T15:56:21.1049684Z Contents: write
Lint and Format Check	Set up job	2026-05-09T15:56:21.1050167Z Deployments: write
Lint and Format Check	Set up job	2026-05-09T15:56:21.1050721Z Discussions: write
Lint and Format Check	Set up job	2026-05-09T15:56:21.1051238Z Issues: write
Lint and Format Check	Set up job	2026-05-09T15:56:21.1051745Z Metadata: read
Lint and Format Check	Set up job	2026-05-09T15:56:21.1052247Z Models: read
Lint and Format Check	Set up job	2026-05-09T15:56:21.1052723Z Packages: write
Lint and Format Check	Set up job	2026-05-09T15:56:21.1053241Z Pages: write
Lint and Format Check	Set up job	2026-05-09T15:56:21.1053862Z PullRequests: write
Lint and Format Check	Set up job	2026-05-09T15:56:21.1054401Z RepositoryProjects: write
Lint and Format Check	Set up job	2026-05-09T15:56:21.1054986Z SecurityEvents: write
Lint and Format Check	Set up job	2026-05-09T15:56:21.1055487Z Statuses: write
Lint and Format Check	Set up job	2026-05-09T15:56:21.1056025Z VulnerabilityAlerts: read
Lint and Format Check	Set up job	2026-05-09T15:56:21.1056651Z ##[endgroup]
Lint and Format Check	Set up job	2026-05-09T15:56:21.1058859Z Secret source: Actions
Lint and Format Check	Set up job	2026-05-09T15:56:21.1059668Z Prepare workflow directory
Lint and Format Check	Set up job	2026-05-09T15:56:21.1591447Z Prepare all required actions
Lint and Format Check	Set up job	2026-05-09T15:56:21.1627555Z Getting action download info
Lint and Format Check	Set up job	2026-05-09T15:56:21.5952697Z Download action repository 'actions/checkout@v4' (SHA:34e114876b0b11c390a56381ad16ebd13914f8d5)
Lint and Format Check	Set up job	2026-05-09T15:56:21.7409589Z Download action repository 'dtolnay/rust-toolchain@stable' (SHA:29eef336d9b2848a0b548edc03f92a220660cdb8)
Lint and Format Check	Set up job	2026-05-09T15:56:21.9594889Z Download action repository 'actions/cache@v4' (SHA:0057852bfaa89a56745cba8c7296529d2fc39830)
Lint and Format Check	Set up job	2026-05-09T15:56:22.1722716Z Complete job name: Lint and Format Check
Lint and Format Check	Run actions/checkout@v4	﻿2026-05-09T15:56:22.2434174Z ##[group]Run actions/checkout@v4
Lint and Format Check	Run actions/checkout@v4	2026-05-09T15:56:22.2435100Z with:
Lint and Format Check	Run actions/checkout@v4	2026-05-09T15:56:22.2435561Z   repository: link-assistant/router
Lint and Format Check	Run actions/checkout@v4	2026-05-09T15:56:22.2436288Z   token: ***
Lint and Format Check	Run actions/checkout@v4	2026-05-09T15:56:22.2436698Z   ssh-strict: true
Lint and Format Check	Run actions/checkout@v4	2026-05-09T15:56:22.2437113Z   ssh-user: git
Lint and Format Check	Run actions/checkout@v4	2026-05-09T15:56:22.2437561Z   persist-credentials: true
Lint and Format Check	Run actions/checkout@v4	2026-05-09T15:56:22.2438315Z   clean: true
Lint and Format Check	Run actions/checkout@v4	2026-05-09T15:56:22.2438763Z   sparse-checkout-cone-mode: true
Lint and Format Check	Run actions/checkout@v4	2026-05-09T15:56:22.2439287Z   fetch-depth: 1
Lint and Format Check	Run actions/checkout@v4	2026-05-09T15:56:22.2439701Z   fetch-tags: false
Lint and Format Check	Run actions/checkout@v4	2026-05-09T15:56:22.2440141Z   show-progress: true
Lint and Format Check	Run actions/checkout@v4	2026-05-09T15:56:22.2440576Z   lfs: false
Lint and Format Check	Run actions/checkout@v4	2026-05-09T15:56:22.2440970Z   submodules: false
Lint and Format Check	Run actions/checkout@v4	2026-05-09T15:56:22.2441405Z   set-safe-directory: true
Lint and Format Check	Run actions/checkout@v4	2026-05-09T15:56:22.2442148Z env:
Lint and Format Check	Run actions/checkout@v4	2026-05-09T15:56:22.2442558Z   CARGO_TERM_COLOR: always
Lint and Format Check	Run actions/checkout@v4	2026-05-09T15:56:22.2443059Z   RUSTFLAGS: -Dwarnings
Lint and Format Check	Run actions/checkout@v4	2026-05-09T15:56:22.2443692Z   CARGO_REGISTRY_TOKEN: ***
Lint and Format Check	Run actions/checkout@v4	2026-05-09T15:56:22.2444227Z   DOCKERHUB_IMAGE: konard/link-assistant-router
Lint and Format Check	Run actions/checkout@v4	2026-05-09T15:56:22.2444855Z ##[endgroup]
Lint and Format Check	Run actions/checkout@v4	2026-05-09T15:56:22.3643948Z Syncing repository: link-assistant/router
Lint and Format Check	Run actions/checkout@v4	2026-05-09T15:56:22.3646085Z ##[group]Getting Git version info
Lint and Format Check	Run actions/checkout@v4	2026-05-09T15:56:22.3646834Z Working directory is '/home/runner/work/router/router'
Lint and Format Check	Run actions/checkout@v4	2026-05-09T15:56:22.3647927Z [command]/usr/bin/git version
Lint and Format Check	Run actions/checkout@v4	2026-05-09T15:56:22.3686035Z git version 2.53.0
Lint and Format Check	Run actions/checkout@v4	2026-05-09T15:56:22.3712114Z ##[endgroup]
Lint and Format Check	Run actions/checkout@v4	2026-05-09T15:56:22.3726231Z Temporarily overriding HOME='/home/runner/work/_temp/ed47a273-1c0b-4508-b620-67f8cfe02d6c' before making global git config changes
Lint and Format Check	Run actions/checkout@v4	2026-05-09T15:56:22.3727739Z Adding repository directory to the temporary git global config as a safe directory
Lint and Format Check	Run actions/checkout@v4	2026-05-09T15:56:22.3731680Z [command]/usr/bin/git config --global --add safe.directory /home/runner/work/router/router
Lint and Format Check	Run actions/checkout@v4	2026-05-09T15:56:22.3764440Z Deleting the contents of '/home/runner/work/router/router'
Lint and Format Check	Run actions/checkout@v4	2026-05-09T15:56:22.3768419Z ##[group]Initializing the repository
Lint and Format Check	Run actions/checkout@v4	2026-05-09T15:56:22.3772359Z [command]/usr/bin/git init /home/runner/work/router/router
Lint and Format Check	Run actions/checkout@v4	2026-05-09T15:56:22.3840000Z hint: Using 'master' as the name for the initial branch. This default branch name
Lint and Format Check	Run actions/checkout@v4	2026-05-09T15:56:22.3842024Z hint: will change to "main" in Git 3.0. To configure the initial branch name
Lint and Format Check	Run actions/checkout@v4	2026-05-09T15:56:22.3843166Z hint: to use in all of your new repositories, which will suppress this warning,
Lint and Format Check	Run actions/checkout@v4	2026-05-09T15:56:22.3843986Z hint: call:
Lint and Format Check	Run actions/checkout@v4	2026-05-09T15:56:22.3844404Z hint:
Lint and Format Check	Run actions/checkout@v4	2026-05-09T15:56:22.3844935Z hint: 	git config --global init.defaultBranch <name>
Lint and Format Check	Run actions/checkout@v4	2026-05-09T15:56:22.3845572Z hint:
Lint and Format Check	Run actions/checkout@v4	2026-05-09T15:56:22.3846421Z hint: Names commonly chosen instead of 'master' are 'main', 'trunk' and
Lint and Format Check	Run actions/checkout@v4	2026-05-09T15:56:22.3847753Z hint: 'development'. The just-created branch can be renamed via this command:
Lint and Format Check	Run actions/checkout@v4	2026-05-09T15:56:22.3848814Z hint:
Lint and Format Check	Run actions/checkout@v4	2026-05-09T15:56:22.3849250Z hint: 	git branch -m <name>
Lint and Format Check	Run actions/checkout@v4	2026-05-09T15:56:22.3849748Z hint:
Lint and Format Check	Run actions/checkout@v4	2026-05-09T15:56:22.3850392Z hint: Disable this message with "git config set advice.defaultBranchName false"
Lint and Format Check	Run actions/checkout@v4	2026-05-09T15:56:22.3851441Z Initialized empty Git repository in /home/runner/work/router/router/.git/
Lint and Format Check	Run actions/checkout@v4	2026-05-09T15:56:22.3853762Z [command]/usr/bin/git remote add origin https://github.com/link-assistant/router
Lint and Format Check	Run actions/checkout@v4	2026-05-09T15:56:22.3883476Z ##[endgroup]
Lint and Format Check	Run actions/checkout@v4	2026-05-09T15:56:22.3884827Z ##[group]Disabling automatic garbage collection
Lint and Format Check	Run actions/checkout@v4	2026-05-09T15:56:22.3887285Z [command]/usr/bin/git config --local gc.auto 0
Lint and Format Check	Run actions/checkout@v4	2026-05-09T15:56:22.3915061Z ##[endgroup]
Lint and Format Check	Run actions/checkout@v4	2026-05-09T15:56:22.3915803Z ##[group]Setting up auth
Lint and Format Check	Run actions/checkout@v4	2026-05-09T15:56:22.3921937Z [command]/usr/bin/git config --local --name-only --get-regexp core\.sshCommand
Lint and Format Check	Run actions/checkout@v4	2026-05-09T15:56:22.3951851Z [command]/usr/bin/git submodule foreach --recursive sh -c "git config --local --name-only --get-regexp 'core\.sshCommand' && git config --local --unset-all 'core.sshCommand' || :"
Lint and Format Check	Run actions/checkout@v4	2026-05-09T15:56:22.4304175Z [command]/usr/bin/git config --local --name-only --get-regexp http\.https\:\/\/github\.com\/\.extraheader
Lint and Format Check	Run actions/checkout@v4	2026-05-09T15:56:22.4333520Z [command]/usr/bin/git submodule foreach --recursive sh -c "git config --local --name-only --get-regexp 'http\.https\:\/\/github\.com\/\.extraheader' && git config --local --unset-all 'http.https://github.com/.extraheader' || :"
Lint and Format Check	Run actions/checkout@v4	2026-05-09T15:56:22.4550582Z [command]/usr/bin/git config --local --name-only --get-regexp ^includeIf\.gitdir:
Lint and Format Check	Run actions/checkout@v4	2026-05-09T15:56:22.4579611Z [command]/usr/bin/git submodule foreach --recursive git config --local --show-origin --name-only --get-regexp remote.origin.url
Lint and Format Check	Run actions/checkout@v4	2026-05-09T15:56:22.4839869Z [command]/usr/bin/git config --local http.https://github.com/.extraheader AUTHORIZATION: basic ***
Lint and Format Check	Run actions/checkout@v4	2026-05-09T15:56:22.4842926Z ##[endgroup]
Lint and Format Check	Run actions/checkout@v4	2026-05-09T15:56:22.4844083Z ##[group]Fetching the repository
Lint and Format Check	Run actions/checkout@v4	2026-05-09T15:56:22.4855470Z [command]/usr/bin/git -c protocol.version=2 fetch --no-tags --prune --no-recurse-submodules --depth=1 origin +e9692c509449e98bfd3bc6c9ad427480ee4f6de9:refs/remotes/pull/26/merge
Lint and Format Check	Run actions/checkout@v4	2026-05-09T15:56:23.2696749Z From https://github.com/link-assistant/router
Lint and Format Check	Run actions/checkout@v4	2026-05-09T15:56:23.2698546Z  * [new ref]         e9692c509449e98bfd3bc6c9ad427480ee4f6de9 -> pull/26/merge
Lint and Format Check	Run actions/checkout@v4	2026-05-09T15:56:23.2726801Z ##[endgroup]
Lint and Format Check	Run actions/checkout@v4	2026-05-09T15:56:23.2729172Z ##[group]Determining the checkout info
Lint and Format Check	Run actions/checkout@v4	2026-05-09T15:56:23.2731468Z ##[endgroup]
Lint and Format Check	Run actions/checkout@v4	2026-05-09T15:56:23.2735096Z [command]/usr/bin/git sparse-checkout disable
Lint and Format Check	Run actions/checkout@v4	2026-05-09T15:56:23.2772790Z [command]/usr/bin/git config --local --unset-all extensions.worktreeConfig
Lint and Format Check	Run actions/checkout@v4	2026-05-09T15:56:23.2799848Z ##[group]Checking out the ref
Lint and Format Check	Run actions/checkout@v4	2026-05-09T15:56:23.2803556Z [command]/usr/bin/git checkout --progress --force refs/remotes/pull/26/merge
Lint and Format Check	Run actions/checkout@v4	2026-05-09T15:56:23.3022557Z Note: switching to 'refs/remotes/pull/26/merge'.
Lint and Format Check	Run actions/checkout@v4	2026-05-09T15:56:23.3023882Z
Lint and Format Check	Run actions/checkout@v4	2026-05-09T15:56:23.3024965Z You are in 'detached HEAD' state. You can look around, make experimental
Lint and Format Check	Run actions/checkout@v4	2026-05-09T15:56:23.3027675Z changes and commit them, and you can discard any commits you make in this
Lint and Format Check	Run actions/checkout@v4	2026-05-09T15:56:23.3029980Z state without impacting any branches by switching back to a branch.
Lint and Format Check	Run actions/checkout@v4	2026-05-09T15:56:23.3031288Z
Lint and Format Check	Run actions/checkout@v4	2026-05-09T15:56:23.3032293Z If you want to create a new branch to retain commits you create, you may
Lint and Format Check	Run actions/checkout@v4	2026-05-09T15:56:23.3034186Z do so (now or later) by using -c with the switch command. Example:
Lint and Format Check	Run actions/checkout@v4	2026-05-09T15:56:23.3035246Z
Lint and Format Check	Run actions/checkout@v4	2026-05-09T15:56:23.3035600Z   git switch -c <new-branch-name>
Lint and Format Check	Run actions/checkout@v4	2026-05-09T15:56:23.3036338Z
Lint and Format Check	Run actions/checkout@v4	2026-05-09T15:56:23.3036686Z Or undo this operation with:
Lint and Format Check	Run actions/checkout@v4	2026-05-09T15:56:23.3037425Z
Lint and Format Check	Run actions/checkout@v4	2026-05-09T15:56:23.3037801Z   git switch -
Lint and Format Check	Run actions/checkout@v4	2026-05-09T15:56:23.3038693Z
Lint and Format Check	Run actions/checkout@v4	2026-05-09T15:56:23.3039717Z Turn off this advice by setting config variable advice.detachedHead to false
Lint and Format Check	Run actions/checkout@v4	2026-05-09T15:56:23.3041379Z
Lint and Format Check	Run actions/checkout@v4	2026-05-09T15:56:23.3043161Z HEAD is now at e9692c5 Merge 79b6dd6bc499c0effbb7d27f0eb02d74f41a4a07 into 32be51c7464978cfb12e66692bfe04b8849db236
Lint and Format Check	Run actions/checkout@v4	2026-05-09T15:56:23.3048396Z ##[endgroup]
Lint and Format Check	Run actions/checkout@v4	2026-05-09T15:56:23.3069413Z [command]/usr/bin/git log -1 --format=%H
Lint and Format Check	Run actions/checkout@v4	2026-05-09T15:56:23.3090998Z e9692c509449e98bfd3bc6c9ad427480ee4f6de9
Lint and Format Check	Setup Rust	﻿2026-05-09T15:56:23.3757918Z ##[group]Run dtolnay/rust-toolchain@stable
Lint and Format Check	Setup Rust	2026-05-09T15:56:23.3759482Z with:
Lint and Format Check	Setup Rust	2026-05-09T15:56:23.3760482Z   components: rustfmt, clippy
Lint and Format Check	Setup Rust	2026-05-09T15:56:23.3761647Z   toolchain: stable
Lint and Format Check	Setup Rust	2026-05-09T15:56:23.3762654Z env:
Lint and Format Check	Setup Rust	2026-05-09T15:56:23.3763603Z   CARGO_TERM_COLOR: always
Lint and Format Check	Setup Rust	2026-05-09T15:56:23.3764737Z   RUSTFLAGS: -Dwarnings
Lint and Format Check	Setup Rust	2026-05-09T15:56:23.3766359Z   CARGO_REGISTRY_TOKEN: ***
Lint and Format Check	Setup Rust	2026-05-09T15:56:23.3767626Z   DOCKERHUB_IMAGE: konard/link-assistant-router
Lint and Format Check	Setup Rust	2026-05-09T15:56:23.3769393Z ##[endgroup]
Lint and Format Check	Setup Rust	2026-05-09T15:56:23.3925853Z ##[group]Run : parse toolchain version
Lint and Format Check	Setup Rust	2026-05-09T15:56:23.3927090Z ^[[36;1m: parse toolchain version^[[0m
Lint and Format Check	Setup Rust	2026-05-09T15:56:23.3928607Z ^[[36;1mif [[ -z $toolchain ]]; then^[[0m
Lint and Format Check	Setup Rust	2026-05-09T15:56:23.3930546Z ^[[36;1m  # GitHub does not enforce `required: true` inputs itself. https://github.com/actions/runner/issues/1070^[[0m
Lint and Format Check	Setup Rust	2026-05-09T15:56:23.3932594Z ^[[36;1m  echo "'toolchain' is a required input" >&2^[[0m
Lint and Format Check	Setup Rust	2026-05-09T15:56:23.3933732Z ^[[36;1m  exit 1^[[0m
Lint and Format Check	Setup Rust	2026-05-09T15:56:23.3934972Z ^[[36;1melif [[ $toolchain =~ ^stable' '[0-9]+' '(year|month|week|day)s?' 'ago$ ]]; then^[[0m
Lint and Format Check	Setup Rust	2026-05-09T15:56:23.3936552Z ^[[36;1m  if [[ Linux == macOS ]]; then^[[0m
Lint and Format Check	Setup Rust	2026-05-09T15:56:23.3938635Z ^[[36;1m    echo "toolchain=1.$((($(date -v-$(sed 's/stable \([0-9]*\) \(.\).*/\1\2/' <<< $toolchain) +%s)/60/60/24-16569)/7/6))" >> $GITHUB_OUTPUT^[[0m
Lint and Format Check	Setup Rust	2026-05-09T15:56:23.3940571Z ^[[36;1m  else^[[0m
Lint and Format Check	Setup Rust	2026-05-09T15:56:23.3942072Z ^[[36;1m    echo "toolchain=1.$((($(date --date "${toolchain#stable }" +%s)/60/60/24-16569)/7/6))" >> $GITHUB_OUTPUT^[[0m
Lint and Format Check	Setup Rust	2026-05-09T15:56:23.3943842Z ^[[36;1m  fi^[[0m
Lint and Format Check	Setup Rust	2026-05-09T15:56:23.3944978Z ^[[36;1melif [[ $toolchain =~ ^stable' 'minus' '[0-9]+' 'releases?$ ]]; then^[[0m
Lint and Format Check	Setup Rust	2026-05-09T15:56:23.3947009Z ^[[36;1m  echo "toolchain=1.$((($(date +%s)/60/60/24-16569)/7/6-${toolchain//[^0-9]/}))" >> $GITHUB_OUTPUT^[[0m
Lint and Format Check	Setup Rust	2026-05-09T15:56:23.3948877Z ^[[36;1melif [[ $toolchain =~ ^1\.[0-9]+$ ]]; then^[[0m
Lint and Format Check	Setup Rust	2026-05-09T15:56:23.3950850Z ^[[36;1m  echo "toolchain=1.$((i=${toolchain#1.}, c=($(date +%s)/60/60/24-16569)/7/6, i+9*i*(10*i<=c)+90*i*(100*i<=c)))" >> $GITHUB_OUTPUT^[[0m
Lint and Format Check	Setup Rust	2026-05-09T15:56:23.3952734Z ^[[36;1melse^[[0m
Lint and Format Check	Setup Rust	2026-05-09T15:56:23.3953667Z ^[[36;1m  echo "toolchain=$toolchain" >> $GITHUB_OUTPUT^[[0m
Lint and Format Check	Setup Rust	2026-05-09T15:56:23.3954817Z ^[[36;1mfi^[[0m
Lint and Format Check	Setup Rust	2026-05-09T15:56:23.3982989Z shell: /usr/bin/bash --noprofile --norc -e -o pipefail {0}
Lint and Format Check	Setup Rust	2026-05-09T15:56:23.3984241Z env:
Lint and Format Check	Setup Rust	2026-05-09T15:56:23.3984956Z   CARGO_TERM_COLOR: always
Lint and Format Check	Setup Rust	2026-05-09T15:56:23.3986049Z   RUSTFLAGS: -Dwarnings
Lint and Format Check	Setup Rust	2026-05-09T15:56:23.3987305Z   CARGO_REGISTRY_TOKEN: ***
Lint and Format Check	Setup Rust	2026-05-09T15:56:23.3988537Z   DOCKERHUB_IMAGE: konard/link-assistant-router
Lint and Format Check	Setup Rust	2026-05-09T15:56:23.3989666Z   toolchain: stable
Lint and Format Check	Setup Rust	2026-05-09T15:56:23.3990444Z ##[endgroup]
Lint and Format Check	Setup Rust	2026-05-09T15:56:23.4210676Z ##[group]Run : construct rustup command line
Lint and Format Check	Setup Rust	2026-05-09T15:56:23.4211854Z ^[[36;1m: construct rustup command line^[[0m
Lint and Format Check	Setup Rust	2026-05-09T15:56:23.4213501Z ^[[36;1mecho "targets=$(for t in ${targets//,/ }; do echo -n ' --target' $t; done)" >> $GITHUB_OUTPUT^[[0m
Lint and Format Check	Setup Rust	2026-05-09T15:56:23.4215815Z ^[[36;1mecho "components=$(for c in ${components//,/ }; do echo -n ' --component' $c; done)" >> $GITHUB_OUTPUT^[[0m
Lint and Format Check	Setup Rust	2026-05-09T15:56:23.4217641Z ^[[36;1mecho "downgrade=" >> $GITHUB_OUTPUT^[[0m
Lint and Format Check	Setup Rust	2026-05-09T15:56:23.4241100Z shell: /usr/bin/bash --noprofile --norc -e -o pipefail {0}
Lint and Format Check	Setup Rust	2026-05-09T15:56:23.4242318Z env:
Lint and Format Check	Setup Rust	2026-05-09T15:56:23.4243054Z   CARGO_TERM_COLOR: always
Lint and Format Check	Setup Rust	2026-05-09T15:56:23.4243947Z   RUSTFLAGS: -Dwarnings
Lint and Format Check	Setup Rust	2026-05-09T15:56:23.4245128Z   CARGO_REGISTRY_TOKEN: ***
Lint and Format Check	Setup Rust	2026-05-09T15:56:23.4246156Z   DOCKERHUB_IMAGE: konard/link-assistant-router
Lint and Format Check	Setup Rust	2026-05-09T15:56:23.4247231Z   targets:
Lint and Format Check	Setup Rust	2026-05-09T15:56:23.4248226Z   components: rustfmt, clippy
Lint and Format Check	Setup Rust	2026-05-09T15:56:23.4249151Z ##[endgroup]
Lint and Format Check	Setup Rust	2026-05-09T15:56:23.4364805Z ##[group]Run : set $CARGO_HOME
Lint and Format Check	Setup Rust	2026-05-09T15:56:23.4365760Z ^[[36;1m: set $CARGO_HOME^[[0m
Lint and Format Check	Setup Rust	2026-05-09T15:56:23.4366954Z ^[[36;1mecho CARGO_HOME=${CARGO_HOME:-"$HOME/.cargo"} >> $GITHUB_ENV^[[0m
Lint and Format Check	Setup Rust	2026-05-09T15:56:23.4389740Z shell: /usr/bin/bash --noprofile --norc -e -o pipefail {0}
Lint and Format Check	Setup Rust	2026-05-09T15:56:23.4390955Z env:
Lint and Format Check	Setup Rust	2026-05-09T15:56:23.4391891Z   CARGO_TERM_COLOR: always
Lint and Format Check	Setup Rust	2026-05-09T15:56:23.4392770Z   RUSTFLAGS: -Dwarnings
Lint and Format Check	Setup Rust	2026-05-09T15:56:23.4393979Z   CARGO_REGISTRY_TOKEN: ***
Lint and Format Check	Setup Rust	2026-05-09T15:56:23.4394987Z   DOCKERHUB_IMAGE: konard/link-assistant-router
Lint and Format Check	Setup Rust	2026-05-09T15:56:23.4396071Z ##[endgroup]
Lint and Format Check	Setup Rust	2026-05-09T15:56:23.4510042Z ##[group]Run : install rustup if needed
Lint and Format Check	Setup Rust	2026-05-09T15:56:23.4511297Z ^[[36;1m: install rustup if needed^[[0m
Lint and Format Check	Setup Rust	2026-05-09T15:56:23.4512576Z ^[[36;1mif ! command -v rustup &>/dev/null; then^[[0m
Lint and Format Check	Setup Rust	2026-05-09T15:56:23.4515429Z ^[[36;1m  curl --proto '=https' --tlsv1.2 --retry 10 --retry-connrefused --location --silent --show-error --fail https://sh.rustup.rs | sh -s -- --default-toolchain none -y^[[0m
Lint and Format Check	Setup Rust	2026-05-09T15:56:23.4518452Z ^[[36;1m  echo "$CARGO_HOME/bin" >> $GITHUB_PATH^[[0m
Lint and Format Check	Setup Rust	2026-05-09T15:56:23.4519693Z ^[[36;1mfi^[[0m
Lint and Format Check	Setup Rust	2026-05-09T15:56:23.4541862Z shell: /usr/bin/bash --noprofile --norc -e -o pipefail {0}
Lint and Format Check	Setup Rust	2026-05-09T15:56:23.4543222Z env:
Lint and Format Check	Setup Rust	2026-05-09T15:56:23.4544076Z   CARGO_TERM_COLOR: always
Lint and Format Check	Setup Rust	2026-05-09T15:56:23.4545132Z   RUSTFLAGS: -Dwarnings
Lint and Format Check	Setup Rust	2026-05-09T15:56:23.4546455Z   CARGO_REGISTRY_TOKEN: ***
Lint and Format Check	Setup Rust	2026-05-09T15:56:23.4547616Z   DOCKERHUB_IMAGE: konard/link-assistant-router
Lint and Format Check	Setup Rust	2026-05-09T15:56:23.4549189Z   CARGO_HOME: /home/runner/.cargo
Lint and Format Check	Setup Rust	2026-05-09T15:56:23.4550266Z ##[endgroup]
Lint and Format Check	Setup Rust	2026-05-09T15:56:23.4668388Z ##[group]Run rustup toolchain install stable --component rustfmt --component clippy --profile minimal --no-self-update
Lint and Format Check	Setup Rust	2026-05-09T15:56:23.4671291Z ^[[36;1mrustup toolchain install stable --component rustfmt --component clippy --profile minimal --no-self-update^[[0m
Lint and Format Check	Setup Rust	2026-05-09T15:56:23.4694419Z shell: /usr/bin/bash --noprofile --norc -e -o pipefail {0}
Lint and Format Check	Setup Rust	2026-05-09T15:56:23.4695615Z env:
Lint and Format Check	Setup Rust	2026-05-09T15:56:23.4696321Z   CARGO_TERM_COLOR: always
Lint and Format Check	Setup Rust	2026-05-09T15:56:23.4697183Z   RUSTFLAGS: -Dwarnings
Lint and Format Check	Setup Rust	2026-05-09T15:56:23.4698626Z   CARGO_REGISTRY_TOKEN: ***
Lint and Format Check	Setup Rust	2026-05-09T15:56:23.4699628Z   DOCKERHUB_IMAGE: konard/link-assistant-router
Lint and Format Check	Setup Rust	2026-05-09T15:56:23.4700740Z   CARGO_HOME: /home/runner/.cargo
Lint and Format Check	Setup Rust	2026-05-09T15:56:23.4701695Z   RUSTUP_PERMIT_COPY_RENAME: 1
Lint and Format Check	Setup Rust	2026-05-09T15:56:23.4702591Z ##[endgroup]
Lint and Format Check	Setup Rust	2026-05-09T15:56:23.6223834Z info: syncing channel updates for stable-x86_64-unknown-linux-gnu
Lint and Format Check	Setup Rust	2026-05-09T15:56:23.9735694Z info: latest update on 2026-04-16 for version 1.95.0 (59807616e 2026-04-14)
Lint and Format Check	Setup Rust	2026-05-09T15:56:23.9863979Z info: removing previous version of component clippy
Lint and Format Check	Setup Rust	2026-05-09T15:56:23.9879383Z info: removing previous version of component rustfmt
Lint and Format Check	Setup Rust	2026-05-09T15:56:23.9891021Z info: removing previous version of component cargo
Lint and Format Check	Setup Rust	2026-05-09T15:56:23.9936137Z info: removing previous version of component rust-std
Lint and Format Check	Setup Rust	2026-05-09T15:56:23.9984647Z info: removing previous version of component rustc
Lint and Format Check	Setup Rust	2026-05-09T15:56:24.0036462Z info: downloading 5 components
Lint and Format Check	Setup Rust	2026-05-09T15:56:32.2523958Z
Lint and Format Check	Setup Rust	2026-05-09T15:56:32.2609542Z   stable-x86_64-unknown-linux-gnu updated - rustc 1.95.0 (59807616e 2026-04-14) (from rustc 1.94.1 (e408947bf 2026-03-25))
Lint and Format Check	Setup Rust	2026-05-09T15:56:32.2610808Z
Lint and Format Check	Setup Rust	2026-05-09T15:56:32.2699933Z ##[group]Run rustup default stable
Lint and Format Check	Setup Rust	2026-05-09T15:56:32.2700256Z ^[[36;1mrustup default stable^[[0m
Lint and Format Check	Setup Rust	2026-05-09T15:56:32.2721198Z shell: /usr/bin/bash --noprofile --norc -e -o pipefail {0}
Lint and Format Check	Setup Rust	2026-05-09T15:56:32.2721575Z env:
Lint and Format Check	Setup Rust	2026-05-09T15:56:32.2721768Z   CARGO_TERM_COLOR: always
Lint and Format Check	Setup Rust	2026-05-09T15:56:32.2722008Z   RUSTFLAGS: -Dwarnings
Lint and Format Check	Setup Rust	2026-05-09T15:56:32.2722533Z   CARGO_REGISTRY_TOKEN: ***
Lint and Format Check	Setup Rust	2026-05-09T15:56:32.2722812Z   DOCKERHUB_IMAGE: konard/link-assistant-router
Lint and Format Check	Setup Rust	2026-05-09T15:56:32.2723137Z   CARGO_HOME: /home/runner/.cargo
Lint and Format Check	Setup Rust	2026-05-09T15:56:32.2723400Z ##[endgroup]
Lint and Format Check	Setup Rust	2026-05-09T15:56:32.2816079Z info: using existing install for stable-x86_64-unknown-linux-gnu
Lint and Format Check	Setup Rust	2026-05-09T15:56:32.2824433Z info: default toolchain set to stable-x86_64-unknown-linux-gnu
Lint and Format Check	Setup Rust	2026-05-09T15:56:32.2824898Z
Lint and Format Check	Setup Rust	2026-05-09T15:56:32.2892169Z   stable-x86_64-unknown-linux-gnu unchanged - rustc 1.95.0 (59807616e 2026-04-14)
Lint and Format Check	Setup Rust	2026-05-09T15:56:32.2892684Z
Lint and Format Check	Setup Rust	2026-05-09T15:56:32.2935893Z ##[group]Run : create cachekey
Lint and Format Check	Setup Rust	2026-05-09T15:56:32.2936172Z ^[[36;1m: create cachekey^[[0m
Lint and Format Check	Setup Rust	2026-05-09T15:56:32.2936689Z ^[[36;1mDATE=$(rustc +stable --version --verbose | sed -ne 's/^commit-date: \(20[0-9][0-9]\)-\([01][0-9]\)-\([0-3][0-9]\)$/\1\2\3/p')^[[0m
Lint and Format Check	Setup Rust	2026-05-09T15:56:32.2937516Z ^[[36;1mHASH=$(rustc +stable --version --verbose | sed -ne 's/^commit-hash: //p')^[[0m
Lint and Format Check	Setup Rust	2026-05-09T15:56:32.2938311Z ^[[36;1mecho "cachekey=$(echo $DATE$HASH | head -c12)" >> $GITHUB_OUTPUT^[[0m
Lint and Format Check	Setup Rust	2026-05-09T15:56:32.2958584Z shell: /usr/bin/bash --noprofile --norc -e -o pipefail {0}
Lint and Format Check	Setup Rust	2026-05-09T15:56:32.2958947Z env:
Lint and Format Check	Setup Rust	2026-05-09T15:56:32.2959133Z   CARGO_TERM_COLOR: always
Lint and Format Check	Setup Rust	2026-05-09T15:56:32.2959375Z   RUSTFLAGS: -Dwarnings
Lint and Format Check	Setup Rust	2026-05-09T15:56:32.2959736Z   CARGO_REGISTRY_TOKEN: ***
Lint and Format Check	Setup Rust	2026-05-09T15:56:32.2960001Z   DOCKERHUB_IMAGE: konard/link-assistant-router
Lint and Format Check	Setup Rust	2026-05-09T15:56:32.2960328Z   CARGO_HOME: /home/runner/.cargo
Lint and Format Check	Setup Rust	2026-05-09T15:56:32.2960568Z ##[endgroup]
Lint and Format Check	Setup Rust	2026-05-09T15:56:32.3310596Z ##[group]Run : disable incremental compilation
Lint and Format Check	Setup Rust	2026-05-09T15:56:32.3310977Z ^[[36;1m: disable incremental compilation^[[0m
Lint and Format Check	Setup Rust	2026-05-09T15:56:32.3311295Z ^[[36;1mif [ -z "${CARGO_INCREMENTAL+set}" ]; then^[[0m
Lint and Format Check	Setup Rust	2026-05-09T15:56:32.3311664Z ^[[36;1m  echo CARGO_INCREMENTAL=0 >> $GITHUB_ENV^[[0m
Lint and Format Check	Setup Rust	2026-05-09T15:56:32.3311936Z ^[[36;1mfi^[[0m
Lint and Format Check	Setup Rust	2026-05-09T15:56:32.3332975Z shell: /usr/bin/bash --noprofile --norc -e -o pipefail {0}
Lint and Format Check	Setup Rust	2026-05-09T15:56:32.3333313Z env:
Lint and Format Check	Setup Rust	2026-05-09T15:56:32.3333506Z   CARGO_TERM_COLOR: always
Lint and Format Check	Setup Rust	2026-05-09T15:56:32.3333731Z   RUSTFLAGS: -Dwarnings
Lint and Format Check	Setup Rust	2026-05-09T15:56:32.3334088Z   CARGO_REGISTRY_TOKEN: ***
Lint and Format Check	Setup Rust	2026-05-09T15:56:32.3334373Z   DOCKERHUB_IMAGE: konard/link-assistant-router
Lint and Format Check	Setup Rust	2026-05-09T15:56:32.3334677Z   CARGO_HOME: /home/runner/.cargo
Lint and Format Check	Setup Rust	2026-05-09T15:56:32.3334907Z ##[endgroup]
Lint and Format Check	Setup Rust	2026-05-09T15:56:32.3432853Z ##[group]Run : enable colors in Cargo output
Lint and Format Check	Setup Rust	2026-05-09T15:56:32.3433185Z ^[[36;1m: enable colors in Cargo output^[[0m
Lint and Format Check	Setup Rust	2026-05-09T15:56:32.3433497Z ^[[36;1mif [ -z "${CARGO_TERM_COLOR+set}" ]; then^[[0m
Lint and Format Check	Setup Rust	2026-05-09T15:56:32.3433823Z ^[[36;1m  echo CARGO_TERM_COLOR=always >> $GITHUB_ENV^[[0m
Lint and Format Check	Setup Rust	2026-05-09T15:56:32.3434104Z ^[[36;1mfi^[[0m
Lint and Format Check	Setup Rust	2026-05-09T15:56:32.3453423Z shell: /usr/bin/bash --noprofile --norc -e -o pipefail {0}
Lint and Format Check	Setup Rust	2026-05-09T15:56:32.3453781Z env:
Lint and Format Check	Setup Rust	2026-05-09T15:56:32.3453961Z   CARGO_TERM_COLOR: always
Lint and Format Check	Setup Rust	2026-05-09T15:56:32.3454188Z   RUSTFLAGS: -Dwarnings
Lint and Format Check	Setup Rust	2026-05-09T15:56:32.3454563Z   CARGO_REGISTRY_TOKEN: ***
Lint and Format Check	Setup Rust	2026-05-09T15:56:32.3454828Z   DOCKERHUB_IMAGE: konard/link-assistant-router
Lint and Format Check	Setup Rust	2026-05-09T15:56:32.3455120Z   CARGO_HOME: /home/runner/.cargo
Lint and Format Check	Setup Rust	2026-05-09T15:56:32.3455354Z   CARGO_INCREMENTAL: 0
Lint and Format Check	Setup Rust	2026-05-09T15:56:32.3455714Z ##[endgroup]
Lint and Format Check	Setup Rust	2026-05-09T15:56:32.3575546Z ##[group]Run : enable Cargo sparse registry
Lint and Format Check	Setup Rust	2026-05-09T15:56:32.3575883Z ^[[36;1m: enable Cargo sparse registry^[[0m
Lint and Format Check	Setup Rust	2026-05-09T15:56:32.3576239Z ^[[36;1m# implemented in 1.66, stabilized in 1.68, made default in 1.70^[[0m
Lint and Format Check	Setup Rust	2026-05-09T15:56:32.3576932Z ^[[36;1mif [ -z "${CARGO_REGISTRIES_CRATES_IO_PROTOCOL+set}" -o -f "/home/runner/work/_temp"/.implicit_cargo_registries_crates_io_protocol ]; then^[[0m
Lint and Format Check	Setup Rust	2026-05-09T15:56:32.3577653Z ^[[36;1m  if rustc +stable --version --verbose | grep -q '^release: 1\.6[89]\.'; then^[[0m
Lint and Format Check	Setup Rust	2026-05-09T15:56:32.3578475Z ^[[36;1m    touch "/home/runner/work/_temp"/.implicit_cargo_registries_crates_io_protocol || true^[[0m
Lint and Format Check	Setup Rust	2026-05-09T15:56:32.3579010Z ^[[36;1m    echo CARGO_REGISTRIES_CRATES_IO_PROTOCOL=sparse >> $GITHUB_ENV^[[0m
Lint and Format Check	Setup Rust	2026-05-09T15:56:32.3579525Z ^[[36;1m  elif rustc +stable --version --verbose | grep -q '^release: 1\.6[67]\.'; then^[[0m
Lint and Format Check	Setup Rust	2026-05-09T15:56:32.3580110Z ^[[36;1m    touch "/home/runner/work/_temp"/.implicit_cargo_registries_crates_io_protocol || true^[[0m
Lint and Format Check	Setup Rust	2026-05-09T15:56:32.3580637Z ^[[36;1m    echo CARGO_REGISTRIES_CRATES_IO_PROTOCOL=git >> $GITHUB_ENV^[[0m
Lint and Format Check	Setup Rust	2026-05-09T15:56:32.3580978Z ^[[36;1m  fi^[[0m
Lint and Format Check	Setup Rust	2026-05-09T15:56:32.3581164Z ^[[36;1mfi^[[0m
Lint and Format Check	Setup Rust	2026-05-09T15:56:32.3599777Z shell: /usr/bin/bash --noprofile --norc -e -o pipefail {0}
Lint and Format Check	Setup Rust	2026-05-09T15:56:32.3600113Z env:
Lint and Format Check	Setup Rust	2026-05-09T15:56:32.3600297Z   CARGO_TERM_COLOR: always
Lint and Format Check	Setup Rust	2026-05-09T15:56:32.3600522Z   RUSTFLAGS: -Dwarnings
Lint and Format Check	Setup Rust	2026-05-09T15:56:32.3600868Z   CARGO_REGISTRY_TOKEN: ***
Lint and Format Check	Setup Rust	2026-05-09T15:56:32.3601135Z   DOCKERHUB_IMAGE: konard/link-assistant-router
Lint and Format Check	Setup Rust	2026-05-09T15:56:32.3601595Z   CARGO_HOME: /home/runner/.cargo
Lint and Format Check	Setup Rust	2026-05-09T15:56:32.3601835Z   CARGO_INCREMENTAL: 0
Lint and Format Check	Setup Rust	2026-05-09T15:56:32.3602036Z ##[endgroup]
Lint and Format Check	Setup Rust	2026-05-09T15:56:32.3920369Z ##[group]Run : work around spurious network errors in curl 8.0
Lint and Format Check	Setup Rust	2026-05-09T15:56:32.3920830Z ^[[36;1m: work around spurious network errors in curl 8.0^[[0m
Lint and Format Check	Setup Rust	2026-05-09T15:56:32.3921417Z ^[[36;1m# https://rust-lang.zulipchat.com/#narrow/stream/246057-t-cargo/topic/timeout.20investigation^[[0m
Lint and Format Check	Setup Rust	2026-05-09T15:56:32.3922086Z ^[[36;1mif rustc +stable --version --verbose | grep -q '^release: 1\.7[01]\.'; then^[[0m
Lint and Format Check	Setup Rust	2026-05-09T15:56:32.3922533Z ^[[36;1m  echo CARGO_HTTP_MULTIPLEXING=false >> $GITHUB_ENV^[[0m
Lint and Format Check	Setup Rust	2026-05-09T15:56:32.3922838Z ^[[36;1mfi^[[0m
Lint and Format Check	Setup Rust	2026-05-09T15:56:32.3943615Z shell: /usr/bin/bash --noprofile --norc -e -o pipefail {0}
Lint and Format Check	Setup Rust	2026-05-09T15:56:32.3943951Z env:
Lint and Format Check	Setup Rust	2026-05-09T15:56:32.3944148Z   CARGO_TERM_COLOR: always
Lint and Format Check	Setup Rust	2026-05-09T15:56:32.3944376Z   RUSTFLAGS: -Dwarnings
Lint and Format Check	Setup Rust	2026-05-09T15:56:32.3944723Z   CARGO_REGISTRY_TOKEN: ***
Lint and Format Check	Setup Rust	2026-05-09T15:56:32.3945016Z   DOCKERHUB_IMAGE: konard/link-assistant-router
Lint and Format Check	Setup Rust	2026-05-09T15:56:32.3945310Z   CARGO_HOME: /home/runner/.cargo
Lint and Format Check	Setup Rust	2026-05-09T15:56:32.3945553Z   CARGO_INCREMENTAL: 0
Lint and Format Check	Setup Rust	2026-05-09T15:56:32.3945759Z ##[endgroup]
Lint and Format Check	Setup Rust	2026-05-09T15:56:32.4139855Z ##[group]Run rustc +stable --version --verbose
Lint and Format Check	Setup Rust	2026-05-09T15:56:32.4140211Z ^[[36;1mrustc +stable --version --verbose^[[0m
Lint and Format Check	Setup Rust	2026-05-09T15:56:32.4160607Z shell: /usr/bin/bash --noprofile --norc -e -o pipefail {0}
Lint and Format Check	Setup Rust	2026-05-09T15:56:32.4160972Z env:
Lint and Format Check	Setup Rust	2026-05-09T15:56:32.4161152Z   CARGO_TERM_COLOR: always
Lint and Format Check	Setup Rust	2026-05-09T15:56:32.4161376Z   RUSTFLAGS: -Dwarnings
Lint and Format Check	Setup Rust	2026-05-09T15:56:32.4161727Z   CARGO_REGISTRY_TOKEN: ***
Lint and Format Check	Setup Rust	2026-05-09T15:56:32.4161992Z   DOCKERHUB_IMAGE: konard/link-assistant-router
Lint and Format Check	Setup Rust	2026-05-09T15:56:32.4162288Z   CARGO_HOME: /home/runner/.cargo
Lint and Format Check	Setup Rust	2026-05-09T15:56:32.4162529Z   CARGO_INCREMENTAL: 0
Lint and Format Check	Setup Rust	2026-05-09T15:56:32.4162723Z ##[endgroup]
Lint and Format Check	Setup Rust	2026-05-09T15:56:32.4312504Z rustc 1.95.0 (59807616e 2026-04-14)
Lint and Format Check	Setup Rust	2026-05-09T15:56:32.4313427Z binary: rustc
Lint and Format Check	Setup Rust	2026-05-09T15:56:32.4314057Z commit-hash: 59807616e1fa2540724bfbac14d7976d7e4a3860
Lint and Format Check	Setup Rust	2026-05-09T15:56:32.4314761Z commit-date: 2026-04-14
Lint and Format Check	Setup Rust	2026-05-09T15:56:32.4315306Z host: x86_64-unknown-linux-gnu
Lint and Format Check	Setup Rust	2026-05-09T15:56:32.4315801Z release: 1.95.0
Lint and Format Check	Setup Rust	2026-05-09T15:56:32.4316259Z LLVM version: 22.1.2
Lint and Format Check	Install rust-script	﻿2026-05-09T15:56:32.4395413Z ##[group]Run cargo install rust-script
Lint and Format Check	Install rust-script	2026-05-09T15:56:32.4395765Z ^[[36;1mcargo install rust-script^[[0m
Lint and Format Check	Install rust-script	2026-05-09T15:56:32.4416446Z shell: /usr/bin/bash -e {0}
Lint and Format Check	Install rust-script	2026-05-09T15:56:32.4416702Z env:
Lint and Format Check	Install rust-script	2026-05-09T15:56:32.4416889Z   CARGO_TERM_COLOR: always
Lint and Format Check	Install rust-script	2026-05-09T15:56:32.4417113Z   RUSTFLAGS: -Dwarnings
Lint and Format Check	Install rust-script	2026-05-09T15:56:32.4417481Z   CARGO_REGISTRY_TOKEN: ***
Lint and Format Check	Install rust-script	2026-05-09T15:56:32.4417760Z   DOCKERHUB_IMAGE: konard/link-assistant-router
Lint and Format Check	Install rust-script	2026-05-09T15:56:32.4418339Z   CARGO_HOME: /home/runner/.cargo
Lint and Format Check	Install rust-script	2026-05-09T15:56:32.4418585Z   CARGO_INCREMENTAL: 0
Lint and Format Check	Install rust-script	2026-05-09T15:56:32.4418783Z ##[endgroup]
Lint and Format Check	Install rust-script	2026-05-09T15:56:32.4696250Z ^[[1m^[[92m    Updating^[[0m crates.io index
Lint and Format Check	Install rust-script	2026-05-09T15:56:32.5933333Z ^[[1m^[[92m Downloading^[[0m crates ...
Lint and Format Check	Install rust-script	2026-05-09T15:56:32.7365414Z ^[[1m^[[92m  Downloaded^[[0m rust-script v0.36.0
Lint and Format Check	Install rust-script	2026-05-09T15:56:32.7574725Z ^[[1m^[[92m  Installing^[[0m rust-script v0.36.0
Lint and Format Check	Install rust-script	2026-05-09T15:56:32.7733643Z ^[[1m^[[92m    Updating^[[0m crates.io index
Lint and Format Check	Install rust-script	2026-05-09T15:56:33.7649806Z ^[[1m^[[92m     Locking^[[0m 113 packages to latest compatible versions
Lint and Format Check	Install rust-script	2026-05-09T15:56:33.7685126Z ^[[1m^[[92m      Adding^[[0m generic-array v0.14.7 ^[[1m^[[33m(available: v0.14.9)^[[0m
Lint and Format Check	Install rust-script	2026-05-09T15:56:33.7777104Z ^[[1m^[[92m      Adding^[[0m sha1 v0.10.6 ^[[1m^[[33m(available: v0.11.0)^[[0m
Lint and Format Check	Install rust-script	2026-05-09T15:56:33.7798264Z ^[[1m^[[92m      Adding^[[0m toml v0.9.12+spec-1.1.0 ^[[1m^[[33m(available: v1.1.2+spec-1.1.0)^[[0m
Lint and Format Check	Install rust-script	2026-05-09T15:56:33.7825987Z ^[[1m^[[92m      Adding^[[0m winreg v0.55.0 ^[[1m^[[33m(available: v0.56.0)^[[0m
Lint and Format Check	Install rust-script	2026-05-09T15:56:33.7846400Z ^[[1m^[[92m Downloading^[[0m crates ...
Lint and Format Check	Install rust-script	2026-05-09T15:56:33.8821179Z ^[[1m^[[92m  Downloaded^[[0m cfg-if v1.0.4
Lint and Format Check	Install rust-script	2026-05-09T15:56:33.8850247Z ^[[1m^[[92m  Downloaded^[[0m anstream v1.0.0
Lint and Format Check	Install rust-script	2026-05-09T15:56:33.9022066Z ^[[1m^[[92m  Downloaded^[[0m bitflags v2.11.1
Lint and Format Check	Install rust-script	2026-05-09T15:56:33.9111657Z ^[[1m^[[92m  Downloaded^[[0m anstyle-query v1.1.5
Lint and Format Check	Install rust-script	2026-05-09T15:56:33.9182368Z ^[[1m^[[92m  Downloaded^[[0m block-buffer v0.10.4
Lint and Format Check	Install rust-script	2026-05-09T15:56:33.9199714Z ^[[1m^[[92m  Downloaded^[[0m cpufeatures v0.2.17
Lint and Format Check	Install rust-script	2026-05-09T15:56:33.9243820Z ^[[1m^[[92m  Downloaded^[[0m anstyle v1.0.14
Lint and Format Check	Install rust-script	2026-05-09T15:56:33.9295618Z ^[[1m^[[92m  Downloaded^[[0m env_filter v1.0.1
Lint and Format Check	Install rust-script	2026-05-09T15:56:33.9314235Z ^[[1m^[[92m  Downloaded^[[0m option-ext v0.2.0
Lint and Format Check	Install rust-script	2026-05-09T15:56:33.9323457Z ^[[1m^[[92m  Downloaded^[[0m clap_lex v1.1.0
Lint and Format Check	Install rust-script	2026-05-09T15:56:33.9334552Z ^[[1m^[[92m  Downloaded^[[0m generic-array v0.14.7
Lint and Format Check	Install rust-script	2026-05-09T15:56:33.9451949Z ^[[1m^[[92m  Downloaded^[[0m sha1 v0.10.6
Lint and Format Check	Install rust-script	2026-05-09T15:56:33.9500240Z ^[[1m^[[92m  Downloaded^[[0m errno v0.3.14
Lint and Format Check	Install rust-script	2026-05-09T15:56:33.9520768Z ^[[1m^[[92m  Downloaded^[[0m anstyle-parse v1.0.0
Lint and Format Check	Install rust-script	2026-05-09T15:56:33.9580598Z ^[[1m^[[92m  Downloaded^[[0m getopts v0.2.24
Lint and Format Check	Install rust-script	2026-05-09T15:56:33.9597535Z ^[[1m^[[92m  Downloaded^[[0m crypto-common v0.1.7
Lint and Format Check	Install rust-script	2026-05-09T15:56:33.9607819Z ^[[1m^[[92m  Downloaded^[[0m is_terminal_polyfill v1.70.2
Lint and Format Check	Install rust-script	2026-05-09T15:56:33.9620530Z ^[[1m^[[92m  Downloaded^[[0m colorchoice v1.0.5
Lint and Format Check	Install rust-script	2026-05-09T15:56:33.9629940Z ^[[1m^[[92m  Downloaded^[[0m equivalent v1.0.2
Lint and Format Check	Install rust-script	2026-05-09T15:56:33.9646029Z ^[[1m^[[92m  Downloaded^[[0m version_check v0.9.5
Lint and Format Check	Install rust-script	2026-05-09T15:56:33.9663741Z ^[[1m^[[92m  Downloaded^[[0m pulldown-cmark-escape v0.11.0
Lint and Format Check	Install rust-script	2026-05-09T15:56:33.9672019Z ^[[1m^[[92m  Downloaded^[[0m shell-words v1.1.1
Lint and Format Check	Install rust-script	2026-05-09T15:56:33.9681394Z ^[[1m^[[92m  Downloaded^[[0m dirs v6.0.0
Lint and Format Check	Install rust-script	2026-05-09T15:56:33.9694880Z ^[[1m^[[92m  Downloaded^[[0m dirs-sys v0.5.0
Lint and Format Check	Install rust-script	2026-05-09T15:56:33.9791578Z ^[[1m^[[92m  Downloaded^[[0m utf8parse v0.2.2
Lint and Format Check	Install rust-script	2026-05-09T15:56:33.9801812Z ^[[1m^[[92m  Downloaded^[[0m serde_spanned v1.1.1
Lint and Format Check	Install rust-script	2026-05-09T15:56:33.9813552Z ^[[1m^[[92m  Downloaded^[[0m digest v0.10.7
Lint and Format Check	Install rust-script	2026-05-09T15:56:33.9832040Z ^[[1m^[[92m  Downloaded^[[0m unicase v2.9.0
Lint and Format Check	Install rust-script	2026-05-09T15:56:33.9863798Z ^[[1m^[[92m  Downloaded^[[0m strsim v0.11.1
Lint and Format Check	Install rust-script	2026-05-09T15:56:33.9918306Z ^[[1m^[[92m  Downloaded^[[0m fastrand v2.4.1
Lint and Format Check	Install rust-script	2026-05-09T15:56:33.9966933Z ^[[1m^[[92m  Downloaded^[[0m env_logger v0.11.10
Lint and Format Check	Install rust-script	2026-05-09T15:56:33.9990920Z ^[[1m^[[92m  Downloaded^[[0m toml_writer v1.1.1+spec-1.1.0
Lint and Format Check	Install rust-script	2026-05-09T15:56:34.0004878Z ^[[1m^[[92m  Downloaded^[[0m toml_parser v1.1.2+spec-1.1.0
Lint and Format Check	Install rust-script	2026-05-09T15:56:34.0027542Z ^[[1m^[[92m  Downloaded^[[0m toml_datetime v0.7.5+spec-1.1.0
Lint and Format Check	Install rust-script	2026-05-09T15:56:34.0050576Z ^[[1m^[[92m  Downloaded^[[0m tempfile v3.27.0
Lint and Format Check	Install rust-script	2026-05-09T15:56:34.0075388Z ^[[1m^[[92m  Downloaded^[[0m once_cell v1.21.4
Lint and Format Check	Install rust-script	2026-05-09T15:56:34.0159871Z ^[[1m^[[92m  Downloaded^[[0m log v0.4.29
Lint and Format Check	Install rust-script	2026-05-09T15:56:34.0185244Z ^[[1m^[[92m  Downloaded^[[0m serde_core v1.0.228
Lint and Format Check	Install rust-script	2026-05-09T15:56:34.0212278Z ^[[1m^[[92m  Downloaded^[[0m getrandom v0.4.2
Lint and Format Check	Install rust-script	2026-05-09T15:56:34.0249409Z ^[[1m^[[92m  Downloaded^[[0m clap v4.6.1
Lint and Format Check	Install rust-script	2026-05-09T15:56:34.0346767Z ^[[1m^[[92m  Downloaded^[[0m toml v0.9.12+spec-1.1.0
Lint and Format Check	Install rust-script	2026-05-09T15:56:34.0390241Z ^[[1m^[[92m  Downloaded^[[0m memchr v2.8.0
Lint and Format Check	Install rust-script	2026-05-09T15:56:34.0448241Z ^[[1m^[[92m  Downloaded^[[0m indexmap v2.14.0
Lint and Format Check	Install rust-script	2026-05-09T15:56:34.0492158Z ^[[1m^[[92m  Downloaded^[[0m typenum v1.20.0
Lint and Format Check	Install rust-script	2026-05-09T15:56:34.0533858Z ^[[1m^[[92m  Downloaded^[[0m clap_builder v4.6.0
Lint and Format Check	Install rust-script	2026-05-09T15:56:34.0600484Z ^[[1m^[[92m  Downloaded^[[0m regex v1.12.3
Lint and Format Check	Install rust-script	2026-05-09T15:56:34.0652062Z ^[[1m^[[92m  Downloaded^[[0m winnow v0.7.15
Lint and Format Check	Install rust-script	2026-05-09T15:56:34.0744287Z ^[[1m^[[92m  Downloaded^[[0m winnow v1.0.2
Lint and Format Check	Install rust-script	2026-05-09T15:56:34.0838778Z ^[[1m^[[92m  Downloaded^[[0m hashbrown v0.17.1
Lint and Format Check	Install rust-script	2026-05-09T15:56:34.0890930Z ^[[1m^[[92m  Downloaded^[[0m pulldown-cmark v0.13.3
Lint and Format Check	Install rust-script	2026-05-09T15:56:34.0941924Z ^[[1m^[[92m  Downloaded^[[0m aho-corasick v1.1.4
Lint and Format Check	Install rust-script	2026-05-09T15:56:34.0993120Z ^[[1m^[[92m  Downloaded^[[0m unicode-width v0.2.2
Lint and Format Check	Install rust-script	2026-05-09T15:56:34.1055385Z ^[[1m^[[92m  Downloaded^[[0m regex-syntax v0.8.10
Lint and Format Check	Install rust-script	2026-05-09T15:56:34.1121007Z ^[[1m^[[92m  Downloaded^[[0m rustix v1.1.4
Lint and Format Check	Install rust-script	2026-05-09T15:56:34.1398487Z ^[[1m^[[92m  Downloaded^[[0m regex-automata v0.4.14
Lint and Format Check	Install rust-script	2026-05-09T15:56:34.1536523Z ^[[1m^[[92m  Downloaded^[[0m jiff v0.2.24
Lint and Format Check	Install rust-script	2026-05-09T15:56:34.1700517Z ^[[1m^[[92m  Downloaded^[[0m libc v0.2.186
Lint and Format Check	Install rust-script	2026-05-09T15:56:34.2272431Z ^[[1m^[[92m  Downloaded^[[0m linux-raw-sys v0.12.1
Lint and Format Check	Install rust-script	2026-05-09T15:56:34.3016063Z ^[[1m^[[92m   Compiling^[[0m version_check v0.9.5
Lint and Format Check	Install rust-script	2026-05-09T15:56:34.3016993Z ^[[1m^[[92m   Compiling^[[0m libc v0.2.186
Lint and Format Check	Install rust-script	2026-05-09T15:56:34.3017667Z ^[[1m^[[92m   Compiling^[[0m memchr v2.8.0
Lint and Format Check	Install rust-script	2026-05-09T15:56:34.3018598Z ^[[1m^[[92m   Compiling^[[0m utf8parse v0.2.2
Lint and Format Check	Install rust-script	2026-05-09T15:56:34.3404435Z ^[[1m^[[92m   Compiling^[[0m serde_core v1.0.228
Lint and Format Check	Install rust-script	2026-05-09T15:56:34.5000424Z ^[[1m^[[92m   Compiling^[[0m typenum v1.20.0
Lint and Format Check	Install rust-script	2026-05-09T15:56:34.5139055Z ^[[1m^[[92m   Compiling^[[0m generic-array v0.14.7
Lint and Format Check	Install rust-script	2026-05-09T15:56:34.6039564Z ^[[1m^[[92m   Compiling^[[0m anstyle-parse v1.0.0
Lint and Format Check	Install rust-script	2026-05-09T15:56:34.7229332Z ^[[1m^[[92m   Compiling^[[0m colorchoice v1.0.5
Lint and Format Check	Install rust-script	2026-05-09T15:56:34.7619849Z ^[[1m^[[92m   Compiling^[[0m anstyle-query v1.1.5
Lint and Format Check	Install rust-script	2026-05-09T15:56:34.8027420Z ^[[1m^[[92m   Compiling^[[0m aho-corasick v1.1.4
Lint and Format Check	Install rust-script	2026-05-09T15:56:35.1552009Z ^[[1m^[[92m   Compiling^[[0m is_terminal_polyfill v1.70.2
Lint and Format Check	Install rust-script	2026-05-09T15:56:35.1899278Z ^[[1m^[[92m   Compiling^[[0m anstyle v1.0.14
Lint and Format Check	Install rust-script	2026-05-09T15:56:35.3539540Z ^[[1m^[[92m   Compiling^[[0m regex-syntax v0.8.10
Lint and Format Check	Install rust-script	2026-05-09T15:56:35.4699358Z ^[[1m^[[92m   Compiling^[[0m anstream v1.0.0
Lint and Format Check	Install rust-script	2026-05-09T15:56:35.8279317Z ^[[1m^[[92m   Compiling^[[0m cfg-if v1.0.4
Lint and Format Check	Install rust-script	2026-05-09T15:56:35.8509579Z ^[[1m^[[92m   Compiling^[[0m bitflags v2.11.1
Lint and Format Check	Install rust-script	2026-05-09T15:56:36.0749398Z ^[[1m^[[92m   Compiling^[[0m getrandom v0.4.2
Lint and Format Check	Install rust-script	2026-05-09T15:56:36.1800822Z ^[[1m^[[92m   Compiling^[[0m rustix v1.1.4
Lint and Format Check	Install rust-script	2026-05-09T15:56:36.4209387Z ^[[1m^[[92m   Compiling^[[0m block-buffer v0.10.4
Lint and Format Check	Install rust-script	2026-05-09T15:56:36.4949220Z ^[[1m^[[92m   Compiling^[[0m crypto-common v0.1.7
Lint and Format Check	Install rust-script	2026-05-09T15:56:36.5489403Z ^[[1m^[[92m   Compiling^[[0m log v0.4.29
Lint and Format Check	Install rust-script	2026-05-09T15:56:36.7149160Z ^[[1m^[[92m   Compiling^[[0m option-ext v0.2.0
Lint and Format Check	Install rust-script	2026-05-09T15:56:36.7639483Z ^[[1m^[[92m   Compiling^[[0m winnow v1.0.2
Lint and Format Check	Install rust-script	2026-05-09T15:56:37.1372134Z ^[[1m^[[92m   Compiling^[[0m linux-raw-sys v0.12.1
Lint and Format Check	Install rust-script	2026-05-09T15:56:37.4481978Z ^[[1m^[[92m   Compiling^[[0m regex-automata v0.4.14
Lint and Format Check	Install rust-script	2026-05-09T15:56:37.9459311Z ^[[1m^[[92m   Compiling^[[0m pulldown-cmark v0.13.3
Lint and Format Check	Install rust-script	2026-05-09T15:56:38.0108990Z ^[[1m^[[92m   Compiling^[[0m strsim v0.11.1
Lint and Format Check	Install rust-script	2026-05-09T15:56:38.2759591Z ^[[1m^[[92m   Compiling^[[0m clap_lex v1.1.0
Lint and Format Check	Install rust-script	2026-05-09T15:56:38.4654861Z ^[[1m^[[92m   Compiling^[[0m unicode-width v0.2.2
Lint and Format Check	Install rust-script	2026-05-09T15:56:38.4689096Z ^[[1m^[[92m   Compiling^[[0m clap_builder v4.6.0
Lint and Format Check	Install rust-script	2026-05-09T15:56:38.6509501Z ^[[1m^[[92m   Compiling^[[0m getopts v0.2.24
Lint and Format Check	Install rust-script	2026-05-09T15:56:39.2579397Z ^[[1m^[[92m   Compiling^[[0m toml_datetime v0.7.5+spec-1.1.0
Lint and Format Check	Install rust-script	2026-05-09T15:56:39.5279313Z ^[[1m^[[92m   Compiling^[[0m serde_spanned v1.1.1
Lint and Format Check	Install rust-script	2026-05-09T15:56:39.5969437Z ^[[1m^[[92m   Compiling^[[0m toml_parser v1.1.2+spec-1.1.0
Lint and Format Check	Install rust-script	2026-05-09T15:56:40.4964707Z ^[[1m^[[92m   Compiling^[[0m regex v1.12.3
Lint and Format Check	Install rust-script	2026-05-09T15:56:41.2779426Z ^[[1m^[[92m   Compiling^[[0m env_filter v1.0.1
Lint and Format Check	Install rust-script	2026-05-09T15:56:41.5639422Z ^[[1m^[[92m   Compiling^[[0m dirs-sys v0.5.0
Lint and Format Check	Install rust-script	2026-05-09T15:56:41.7689509Z ^[[1m^[[92m   Compiling^[[0m digest v0.10.7
Lint and Format Check	Install rust-script	2026-05-09T15:56:41.9159380Z ^[[1m^[[92m   Compiling^[[0m pulldown-cmark-escape v0.11.0
Lint and Format Check	Install rust-script	2026-05-09T15:56:41.9401118Z ^[[1m^[[92m   Compiling^[[0m cpufeatures v0.2.17
Lint and Format Check	Install rust-script	2026-05-09T15:56:41.9636682Z ^[[1m^[[92m   Compiling^[[0m jiff v0.2.24
Lint and Format Check	Install rust-script	2026-05-09T15:56:41.9769403Z ^[[1m^[[92m   Compiling^[[0m winnow v0.7.15
Lint and Format Check	Install rust-script	2026-05-09T15:56:43.7929783Z ^[[1m^[[92m   Compiling^[[0m fastrand v2.4.1
Lint and Format Check	Install rust-script	2026-05-09T15:56:43.8233563Z ^[[1m^[[92m   Compiling^[[0m toml_writer v1.1.1+spec-1.1.0
Lint and Format Check	Install rust-script	2026-05-09T15:56:43.9809596Z ^[[1m^[[92m   Compiling^[[0m unicase v2.9.0
Lint and Format Check	Install rust-script	2026-05-09T15:56:43.9909538Z ^[[1m^[[92m   Compiling^[[0m once_cell v1.21.4
Lint and Format Check	Install rust-script	2026-05-09T15:56:44.1351804Z ^[[1m^[[92m   Compiling^[[0m tempfile v3.27.0
Lint and Format Check	Install rust-script	2026-05-09T15:56:44.3274277Z ^[[1m^[[92m   Compiling^[[0m toml v0.9.12+spec-1.1.0
Lint and Format Check	Install rust-script	2026-05-09T15:56:44.6329402Z ^[[1m^[[92m   Compiling^[[0m sha1 v0.10.6
Lint and Format Check	Install rust-script	2026-05-09T15:56:44.8180957Z ^[[1m^[[92m   Compiling^[[0m dirs v6.0.0
Lint and Format Check	Install rust-script	2026-05-09T15:56:44.8859637Z ^[[1m^[[92m   Compiling^[[0m clap v4.6.1
Lint and Format Check	Install rust-script	2026-05-09T15:56:44.9119604Z ^[[1m^[[92m   Compiling^[[0m shell-words v1.1.1
Lint and Format Check	Install rust-script	2026-05-09T15:56:45.9897811Z ^[[1m^[[92m   Compiling^[[0m env_logger v0.11.10
Lint and Format Check	Install rust-script	2026-05-09T15:56:46.8545025Z ^[[1m^[[92m   Compiling^[[0m rust-script v0.36.0
Lint and Format Check	Install rust-script	2026-05-09T15:57:06.4439428Z ^[[1m^[[92m    Finished^[[0m `release` profile [optimized] target(s) in 33.99s
Lint and Format Check	Install rust-script	2026-05-09T15:57:06.4694726Z ^[[1m^[[92m  Installing^[[0m /home/runner/.cargo/bin/rust-script
Lint and Format Check	Install rust-script	2026-05-09T15:57:06.4697911Z ^[[1m^[[92m   Installed^[[0m package `rust-script v0.36.0` (executable `rust-script`)
Lint and Format Check	Cache cargo registry	﻿2026-05-09T15:57:06.5828503Z ##[group]Run actions/cache@v4
Lint and Format Check	Cache cargo registry	2026-05-09T15:57:06.5828791Z with:
Lint and Format Check	Cache cargo registry	2026-05-09T15:57:06.5829013Z   path: ~/.cargo/registry
Lint and Format Check	Cache cargo registry	~/.cargo/git
Lint and Format Check	Cache cargo registry	target
Lint and Format Check	Cache cargo registry
Lint and Format Check	Cache cargo registry	2026-05-09T15:57:06.5829479Z   key: Linux-cargo-c8469037771668bcb04056713cd1016fce250f1f3cf2be9d0d4de0a241d33a30
Lint and Format Check	Cache cargo registry	2026-05-09T15:57:06.5829907Z   restore-keys: Linux-cargo-
Lint and Format Check	Cache cargo registry
Lint and Format Check	Cache cargo registry	2026-05-09T15:57:06.5830153Z   enableCrossOsArchive: false
Lint and Format Check	Cache cargo registry	2026-05-09T15:57:06.5830381Z   fail-on-cache-miss: false
Lint and Format Check	Cache cargo registry	2026-05-09T15:57:06.5830601Z   lookup-only: false
Lint and Format Check	Cache cargo registry	2026-05-09T15:57:06.5830795Z   save-always: false
Lint and Format Check	Cache cargo registry	2026-05-09T15:57:06.5830971Z env:
Lint and Format Check	Cache cargo registry	2026-05-09T15:57:06.5831141Z   CARGO_TERM_COLOR: always
Lint and Format Check	Cache cargo registry	2026-05-09T15:57:06.5831351Z   RUSTFLAGS: -Dwarnings
Lint and Format Check	Cache cargo registry	2026-05-09T15:57:06.5831728Z   CARGO_REGISTRY_TOKEN: ***
Lint and Format Check	Cache cargo registry	2026-05-09T15:57:06.5831989Z   DOCKERHUB_IMAGE: konard/link-assistant-router
Lint and Format Check	Cache cargo registry	2026-05-09T15:57:06.5832272Z   CARGO_HOME: /home/runner/.cargo
Lint and Format Check	Cache cargo registry	2026-05-09T15:57:06.5832505Z   CARGO_INCREMENTAL: 0
Lint and Format Check	Cache cargo registry	2026-05-09T15:57:06.5832703Z ##[endgroup]
Lint and Format Check	Cache cargo registry	2026-05-09T15:57:06.9233281Z Cache hit for restore-key: Linux-cargo-build-ac0211d997d3e826656b655bf41293f81ab5b7c9a34b27fad7ce87479ad874c5
Lint and Format Check	Cache cargo registry	2026-05-09T15:57:08.1297904Z Received 41943040 of 185352442 (22.6%), 40.0 MBs/sec
Lint and Format Check	Cache cargo registry	2026-05-09T15:57:09.0726191Z Received 185352442 of 185352442 (100.0%), 91.0 MBs/sec
Lint and Format Check	Cache cargo registry	2026-05-09T15:57:09.0729251Z Cache Size: ~177 MB (185352442 B)
Lint and Format Check	Cache cargo registry	2026-05-09T15:57:09.0835653Z [command]/usr/bin/tar -xf /home/runner/work/_temp/0ddb91b8-dd88-435b-8b82-baf26d88beef/cache.tzst -P -C /home/runner/work/router/router --use-compress-program unzstd
Lint and Format Check	Cache cargo registry	2026-05-09T15:57:10.2682426Z Cache restored successfully
Lint and Format Check	Cache cargo registry	2026-05-09T15:57:10.2845466Z Cache restored from key: Linux-cargo-build-ac0211d997d3e826656b655bf41293f81ab5b7c9a34b27fad7ce87479ad874c5
Lint and Format Check	Check formatting	﻿2026-05-09T15:57:10.2959433Z ##[group]Run cargo fmt --all -- --check
Lint and Format Check	Check formatting	2026-05-09T15:57:10.2959830Z ^[[36;1mcargo fmt --all -- --check^[[0m
Lint and Format Check	Check formatting	2026-05-09T15:57:10.2980500Z shell: /usr/bin/bash -e {0}
Lint and Format Check	Check formatting	2026-05-09T15:57:10.2980740Z env:
Lint and Format Check	Check formatting	2026-05-09T15:57:10.2980932Z   CARGO_TERM_COLOR: always
Lint and Format Check	Check formatting	2026-05-09T15:57:10.2981161Z   RUSTFLAGS: -Dwarnings
Lint and Format Check	Check formatting	2026-05-09T15:57:10.2981543Z   CARGO_REGISTRY_TOKEN: ***
Lint and Format Check	Check formatting	2026-05-09T15:57:10.2981813Z   DOCKERHUB_IMAGE: konard/link-assistant-router
Lint and Format Check	Check formatting	2026-05-09T15:57:10.2982294Z   CARGO_HOME: /home/runner/.cargo
Lint and Format Check	Check formatting	2026-05-09T15:57:10.2982539Z   CARGO_INCREMENTAL: 0
Lint and Format Check	Check formatting	2026-05-09T15:57:10.2982739Z ##[endgroup]
Lint and Format Check	Run Clippy	﻿2026-05-09T15:57:10.3978590Z ##[group]Run cargo clippy --all-targets --all-features
Lint and Format Check	Run Clippy	2026-05-09T15:57:10.3979067Z ^[[36;1mcargo clippy --all-targets --all-features^[[0m
Lint and Format Check	Run Clippy	2026-05-09T15:57:10.3999507Z shell: /usr/bin/bash -e {0}
Lint and Format Check	Run Clippy	2026-05-09T15:57:10.3999754Z env:
Lint and Format Check	Run Clippy	2026-05-09T15:57:10.3999946Z   CARGO_TERM_COLOR: always
Lint and Format Check	Run Clippy	2026-05-09T15:57:10.4000187Z   RUSTFLAGS: -Dwarnings
Lint and Format Check	Run Clippy	2026-05-09T15:57:10.4000581Z   CARGO_REGISTRY_TOKEN: ***
Lint and Format Check	Run Clippy	2026-05-09T15:57:10.4000849Z   DOCKERHUB_IMAGE: konard/link-assistant-router
Lint and Format Check	Run Clippy	2026-05-09T15:57:10.4001158Z   CARGO_HOME: /home/runner/.cargo
Lint and Format Check	Run Clippy	2026-05-09T15:57:10.4001405Z   CARGO_INCREMENTAL: 0
Lint and Format Check	Run Clippy	2026-05-09T15:57:10.4001607Z ##[endgroup]
Lint and Format Check	Run Clippy	2026-05-09T15:57:10.5077825Z ^[[1m^[[92m Downloading^[[0m crates ...
Lint and Format Check	Run Clippy	2026-05-09T15:57:10.6165512Z ^[[1m^[[92m  Downloaded^[[0m async-stream-impl v0.3.6
Lint and Format Check	Run Clippy	2026-05-09T15:57:10.6200696Z ^[[1m^[[92m  Downloaded^[[0m tokio-test v0.4.4
Lint and Format Check	Run Clippy	2026-05-09T15:57:10.6308131Z ^[[1m^[[92m  Downloaded^[[0m tokio-stream v0.1.17
Lint and Format Check	Run Clippy	2026-05-09T15:57:10.6355139Z ^[[1m^[[92m  Downloaded^[[0m async-stream v0.3.6
Lint and Format Check	Run Clippy	2026-05-09T15:57:10.6376773Z ^[[1m^[[92m  Downloaded^[[0m fastrand v2.3.0
Lint and Format Check	Run Clippy	2026-05-09T15:57:10.6993164Z ^[[1m^[[92m   Compiling^[[0m proc-macro2 v1.0.103
Lint and Format Check	Run Clippy	2026-05-09T15:57:10.6993999Z ^[[1m^[[92m   Compiling^[[0m quote v1.0.42
Lint and Format Check	Run Clippy	2026-05-09T15:57:10.6995945Z ^[[1m^[[92m   Compiling^[[0m unicode-ident v1.0.22
Lint and Format Check	Run Clippy	2026-05-09T15:57:10.6996693Z ^[[1m^[[92m   Compiling^[[0m libc v0.2.183
Lint and Format Check	Run Clippy	2026-05-09T15:57:10.7617617Z ^[[1m^[[92m    Checking^[[0m pin-project-lite v0.2.16
Lint and Format Check	Run Clippy	2026-05-09T15:57:10.8023107Z ^[[1m^[[92m    Checking^[[0m once_cell v1.21.4
Lint and Format Check	Run Clippy	2026-05-09T15:57:10.8699136Z ^[[1m^[[92m    Checking^[[0m itoa v1.0.17
Lint and Format Check	Run Clippy	2026-05-09T15:57:10.9018641Z ^[[1m^[[92m    Checking^[[0m futures-core v0.3.32
Lint and Format Check	Run Clippy	2026-05-09T15:57:10.9512387Z ^[[1m^[[92m    Checking^[[0m bytes v1.11.0
Lint and Format Check	Run Clippy	2026-05-09T15:57:10.9569521Z ^[[1m^[[92m    Checking^[[0m cfg-if v1.0.4
Lint and Format Check	Run Clippy	2026-05-09T15:57:10.9759340Z ^[[1m^[[92m   Compiling^[[0m shlex v1.3.0
Lint and Format Check	Run Clippy	2026-05-09T15:57:11.0879481Z ^[[1m^[[92m   Compiling^[[0m find-msvc-tools v0.1.9
Lint and Format Check	Run Clippy	2026-05-09T15:57:11.2679307Z ^[[1m^[[92m   Compiling^[[0m cc v1.2.57
Lint and Format Check	Run Clippy	2026-05-09T15:57:11.5979758Z ^[[1m^[[92m   Compiling^[[0m syn v2.0.111
Lint and Format Check	Run Clippy	2026-05-09T15:57:11.6110224Z ^[[1m^[[92m    Checking^[[0m stable_deref_trait v1.2.1
Lint and Format Check	Run Clippy	2026-05-09T15:57:11.6296186Z ^[[1m^[[92m    Checking^[[0m log v0.4.29
Lint and Format Check	Run Clippy	2026-05-09T15:57:11.7319398Z ^[[1m^[[92m    Checking^[[0m tracing-core v0.1.36
Lint and Format Check	Run Clippy	2026-05-09T15:57:11.7803383Z ^[[1m^[[92m    Checking^[[0m errno v0.3.14
Lint and Format Check	Run Clippy	2026-05-09T15:57:11.8309348Z ^[[1m^[[92m    Checking^[[0m signal-hook-registry v1.4.8
Lint and Format Check	Run Clippy	2026-05-09T15:57:11.9269360Z ^[[1m^[[92m    Checking^[[0m mio v1.1.1
Lint and Format Check	Run Clippy	2026-05-09T15:57:11.9815415Z ^[[1m^[[92m    Checking^[[0m socket2 v0.6.3
Lint and Format Check	Run Clippy	2026-05-09T15:57:12.1649525Z ^[[1m^[[92m   Compiling^[[0m serde_core v1.0.228
Lint and Format Check	Run Clippy	2026-05-09T15:57:12.2159961Z ^[[1m^[[92m    Checking^[[0m http v1.4.0
Lint and Format Check	Run Clippy	2026-05-09T15:57:12.5619370Z ^[[1m^[[92m   Compiling^[[0m vcpkg v0.2.15
Lint and Format Check	Run Clippy	2026-05-09T15:57:12.7897323Z ^[[1m^[[92m   Compiling^[[0m pkg-config v0.3.32
Lint and Format Check	Run Clippy	2026-05-09T15:57:13.1669430Z ^[[1m^[[92m    Checking^[[0m smallvec v1.15.1
Lint and Format Check	Run Clippy	2026-05-09T15:57:13.2499446Z ^[[1m^[[92m   Compiling^[[0m serde v1.0.228
Lint and Format Check	Run Clippy	2026-05-09T15:57:13.2939193Z ^[[1m^[[92m   Compiling^[[0m openssl-sys v0.9.112
Lint and Format Check	Run Clippy	2026-05-09T15:57:13.4269627Z ^[[1m^[[92m    Checking^[[0m slab v0.4.12
Lint and Format Check	Run Clippy	2026-05-09T15:57:13.5209810Z ^[[1m^[[92m    Checking^[[0m http-body v1.0.1
Lint and Format Check	Run Clippy	2026-05-09T15:57:13.5775917Z ^[[1m^[[92m    Checking^[[0m litemap v0.8.1
Lint and Format Check	Run Clippy	2026-05-09T15:57:13.6744687Z ^[[1m^[[92m    Checking^[[0m writeable v0.6.2
Lint and Format Check	Run Clippy	2026-05-09T15:57:13.6979491Z ^[[1m^[[92m   Compiling^[[0m autocfg v1.5.0
Lint and Format Check	Run Clippy	2026-05-09T15:57:13.7641935Z ^[[1m^[[92m    Checking^[[0m bitflags v2.11.0
Lint and Format Check	Run Clippy	2026-05-09T15:57:13.8609452Z ^[[1m^[[92m    Checking^[[0m futures-sink v0.3.32
Lint and Format Check	Run Clippy	2026-05-09T15:57:13.9019364Z ^[[1m^[[92m    Checking^[[0m tower-service v0.3.3
Lint and Format Check	Run Clippy	2026-05-09T15:57:13.9299437Z ^[[1m^[[92m    Checking^[[0m futures-task v0.3.32
Lint and Format Check	Run Clippy	2026-05-09T15:57:14.0059449Z ^[[1m^[[92m    Checking^[[0m hashbrown v0.16.1
Lint and Format Check	Run Clippy	2026-05-09T15:57:14.0088986Z ^[[1m^[[92m   Compiling^[[0m num-traits v0.2.19
Lint and Format Check	Run Clippy	2026-05-09T15:57:14.0969771Z ^[[1m^[[92m   Compiling^[[0m httparse v1.10.1
Lint and Format Check	Run Clippy	2026-05-09T15:57:14.2837829Z ^[[1m^[[92m    Checking^[[0m percent-encoding v2.3.2
Lint and Format Check	Run Clippy	2026-05-09T15:57:14.2889322Z ^[[1m^[[92m   Compiling^[[0m version_check v0.9.5
Lint and Format Check	Run Clippy	2026-05-09T15:57:14.3549622Z ^[[1m^[[92m   Compiling^[[0m icu_properties_data v2.1.2
Lint and Format Check	Run Clippy	2026-05-09T15:57:14.4399842Z ^[[1m^[[92m    Checking^[[0m equivalent v1.0.2
Lint and Format Check	Run Clippy	2026-05-09T15:57:14.4630059Z ^[[1m^[[92m   Compiling^[[0m icu_normalizer_data v2.1.1
Lint and Format Check	Run Clippy	2026-05-09T15:57:14.4649465Z ^[[1m^[[92m   Compiling^[[0m zmij v1.0.21
Lint and Format Check	Run Clippy	2026-05-09T15:57:14.5189446Z ^[[1m^[[92m   Compiling^[[0m generic-array v0.14.7
Lint and Format Check	Run Clippy	2026-05-09T15:57:14.5489863Z ^[[1m^[[92m    Checking^[[0m indexmap v2.13.0
Lint and Format Check	Run Clippy	2026-05-09T15:57:14.6229969Z ^[[1m^[[92m    Checking^[[0m atomic-waker v1.1.2
Lint and Format Check	Run Clippy	2026-05-09T15:57:14.6549887Z ^[[1m^[[92m   Compiling^[[0m serde_json v1.0.149
Lint and Format Check	Run Clippy	2026-05-09T15:57:14.6808494Z ^[[1m^[[92m   Compiling^[[0m openssl v0.10.76
Lint and Format Check	Run Clippy	2026-05-09T15:57:14.7419427Z ^[[1m^[[92m    Checking^[[0m fnv v1.0.7
Lint and Format Check	Run Clippy	2026-05-09T15:57:14.7689798Z ^[[1m^[[92m    Checking^[[0m try-lock v0.2.5
Lint and Format Check	Run Clippy	2026-05-09T15:57:14.8049608Z ^[[1m^[[92m    Checking^[[0m base64 v0.22.1
Lint and Format Check	Run Clippy	2026-05-09T15:57:14.8079313Z ^[[1m^[[92m    Checking^[[0m foreign-types-shared v0.1.1
Lint and Format Check	Run Clippy	2026-05-09T15:57:14.8323539Z ^[[1m^[[92m    Checking^[[0m foreign-types v0.3.2
Lint and Format Check	Run Clippy	2026-05-09T15:57:14.8559695Z ^[[1m^[[92m    Checking^[[0m want v0.3.1
Lint and Format Check	Run Clippy	2026-05-09T15:57:15.1026603Z ^[[1m^[[92m   Compiling^[[0m synstructure v0.13.2
Lint and Format Check	Run Clippy	2026-05-09T15:57:15.4582726Z ^[[1m^[[92m    Checking^[[0m futures-channel v0.3.32
Lint and Format Check	Run Clippy	2026-05-09T15:57:15.5796721Z ^[[1m^[[92m    Checking^[[0m sync_wrapper v1.0.2
Lint and Format Check	Run Clippy	2026-05-09T15:57:15.5950470Z ^[[1m^[[92m    Checking^[[0m pin-utils v0.1.0
Lint and Format Check	Run Clippy	2026-05-09T15:57:15.6158419Z ^[[1m^[[92m    Checking^[[0m utf8parse v0.2.2
Lint and Format Check	Run Clippy	2026-05-09T15:57:15.6259418Z ^[[1m^[[92m    Checking^[[0m memchr v2.8.0
Lint and Format Check	Run Clippy	2026-05-09T15:57:15.6509876Z ^[[1m^[[92m    Checking^[[0m tower-layer v0.3.3
Lint and Format Check	Run Clippy	2026-05-09T15:57:15.7479274Z ^[[1m^[[92m    Checking^[[0m typenum v1.20.0
Lint and Format Check	Run Clippy	2026-05-09T15:57:15.9781425Z ^[[1m^[[92m   Compiling^[[0m native-tls v0.2.18
Lint and Format Check	Run Clippy	2026-05-09T15:57:16.0710032Z ^[[1m^[[92m    Checking^[[0m httpdate v1.0.3
Lint and Format Check	Run Clippy	2026-05-09T15:57:16.1489838Z ^[[1m^[[92m    Checking^[[0m anstyle-parse v0.2.7
Lint and Format Check	Run Clippy	2026-05-09T15:57:16.2320037Z ^[[1m^[[92m    Checking^[[0m form_urlencoded v1.2.2
Lint and Format Check	Run Clippy	2026-05-09T15:57:16.2929961Z ^[[1m^[[92m    Checking^[[0m http-body-util v0.1.3
Lint and Format Check	Run Clippy	2026-05-09T15:57:16.4549695Z ^[[1m^[[92m    Checking^[[0m is_terminal_polyfill v1.70.2
Lint and Format Check	Run Clippy	2026-05-09T15:57:16.4829274Z ^[[1m^[[92m   Compiling^[[0m num-conv v0.2.0
Lint and Format Check	Run Clippy	2026-05-09T15:57:16.5509288Z ^[[1m^[[92m    Checking^[[0m anstyle-query v1.1.5
Lint and Format Check	Run Clippy	2026-05-09T15:57:16.5799706Z ^[[1m^[[92m   Compiling^[[0m time-core v0.1.8
Lint and Format Check	Run Clippy	2026-05-09T15:57:16.6669250Z ^[[1m^[[92m    Checking^[[0m colorchoice v1.0.5
Lint and Format Check	Run Clippy	2026-05-09T15:57:16.6939247Z ^[[1m^[[92m    Checking^[[0m powerfmt v0.2.0
Lint and Format Check	Run Clippy	2026-05-09T15:57:16.7312262Z ^[[1m^[[92m   Compiling^[[0m zerofrom-derive v0.1.6
Lint and Format Check	Run Clippy	2026-05-09T15:57:16.7839648Z ^[[1m^[[92m   Compiling^[[0m yoke-derive v0.8.1
Lint and Format Check	Run Clippy	2026-05-09T15:57:16.8327312Z ^[[1m^[[92m   Compiling^[[0m tokio-macros v2.6.0
Lint and Format Check	Run Clippy	2026-05-09T15:57:16.9258921Z ^[[1m^[[92m   Compiling^[[0m zerovec-derive v0.11.2
Lint and Format Check	Run Clippy	2026-05-09T15:57:17.3459351Z ^[[1m^[[92m    Checking^[[0m tokio v1.48.0
Lint and Format Check	Run Clippy	2026-05-09T15:57:17.6700680Z ^[[1m^[[92m   Compiling^[[0m tracing-attributes v0.1.31
Lint and Format Check	Run Clippy	2026-05-09T15:57:17.8509594Z ^[[1m^[[92m    Checking^[[0m zerofrom v0.1.6
Lint and Format Check	Run Clippy	2026-05-09T15:57:17.8950042Z ^[[1m^[[92m   Compiling^[[0m displaydoc v0.2.5
Lint and Format Check	Run Clippy	2026-05-09T15:57:17.9179848Z ^[[1m^[[92m    Checking^[[0m yoke v0.8.1
Lint and Format Check	Run Clippy	2026-05-09T15:57:18.0259334Z ^[[1m^[[92m    Checking^[[0m zerovec v0.11.5
Lint and Format Check	Run Clippy	2026-05-09T15:57:18.4019912Z ^[[1m^[[92m   Compiling^[[0m serde_derive v1.0.228
Lint and Format Check	Run Clippy	2026-05-09T15:57:18.4489649Z ^[[1m^[[92m    Checking^[[0m tinystr v0.8.2
Lint and Format Check	Run Clippy	2026-05-09T15:57:18.5522725Z ^[[1m^[[92m    Checking^[[0m icu_locale_core v2.1.1
Lint and Format Check	Run Clippy	2026-05-09T15:57:18.8969508Z ^[[1m^[[92m    Checking^[[0m tracing v0.1.44
Lint and Format Check	Run Clippy	2026-05-09T15:57:19.0319622Z ^[[1m^[[92m    Checking^[[0m potential_utf v0.1.4
Lint and Format Check	Run Clippy	2026-05-09T15:57:19.0819345Z ^[[1m^[[92m    Checking^[[0m zerotrie v0.2.3
Lint and Format Check	Run Clippy	2026-05-09T15:57:19.1161613Z ^[[1m^[[92m   Compiling^[[0m futures-macro v0.3.32
Lint and Format Check	Run Clippy	2026-05-09T15:57:19.2630926Z ^[[1m^[[92m    Checking^[[0m icu_provider v2.1.1
Lint and Format Check	Run Clippy	2026-05-09T15:57:19.4339341Z ^[[1m^[[92m    Checking^[[0m icu_collections v2.1.1
Lint and Format Check	Run Clippy	2026-05-09T15:57:19.6769269Z ^[[1m^[[92m   Compiling^[[0m openssl-macros v0.1.1
Lint and Format Check	Run Clippy	2026-05-09T15:57:19.7668909Z ^[[1m^[[92m    Checking^[[0m futures-util v0.3.32
Lint and Format Check	Run Clippy	2026-05-09T15:57:20.7469572Z ^[[1m^[[92m    Checking^[[0m tokio-util v0.7.18
Lint and Format Check	Run Clippy	2026-05-09T15:57:21.1259220Z ^[[1m^[[92m    Checking^[[0m h2 v0.4.13
Lint and Format Check	Run Clippy	2026-05-09T15:57:21.3810959Z ^[[1m^[[92m    Checking^[[0m icu_properties v2.1.2
Lint and Format Check	Run Clippy	2026-05-09T15:57:21.9459453Z ^[[1m^[[92m    Checking^[[0m icu_normalizer v2.1.1
Lint and Format Check	Run Clippy	2026-05-09T15:57:22.1966239Z ^[[1m^[[92m   Compiling^[[0m getrandom v0.4.2
Lint and Format Check	Run Clippy	2026-05-09T15:57:22.2728787Z ^[[1m^[[92m    Checking^[[0m openssl-probe v0.2.1
Lint and Format Check	Run Clippy	2026-05-09T15:57:22.3059439Z ^[[1m^[[92m    Checking^[[0m ipnet v2.12.0
Lint and Format Check	Run Clippy	2026-05-09T15:57:22.3139887Z ^[[1m^[[92m    Checking^[[0m anstyle v1.0.14
Lint and Format Check	Run Clippy	2026-05-09T15:57:22.3377748Z ^[[1m^[[92m   Compiling^[[0m thiserror v2.0.18
Lint and Format Check	Run Clippy	2026-05-09T15:57:22.4319452Z ^[[1m^[[92m    Checking^[[0m anstream v0.6.21
Lint and Format Check	Run Clippy	2026-05-09T15:57:22.5666804Z ^[[1m^[[92m    Checking^[[0m idna_adapter v1.2.1
Lint and Format Check	Run Clippy	2026-05-09T15:57:22.5739301Z ^[[1m^[[92m    Checking^[[0m tower v0.5.3
Lint and Format Check	Run Clippy	2026-05-09T15:57:22.5780955Z ^[[1m^[[92m    Checking^[[0m deranged v0.5.8
Lint and Format Check	Run Clippy	2026-05-09T15:57:22.6109346Z ^[[1m^[[92m   Compiling^[[0m thiserror-impl v2.0.18
Lint and Format Check	Run Clippy	2026-05-09T15:57:22.9599409Z ^[[1m^[[92m   Compiling^[[0m time-macros v0.2.27
Lint and Format Check	Run Clippy	2026-05-09T15:57:23.5989463Z ^[[1m^[[92m    Checking^[[0m num-integer v0.1.46
Lint and Format Check	Run Clippy	2026-05-09T15:57:23.7537458Z ^[[1m^[[92m   Compiling^[[0m ring v0.17.14
Lint and Format Check	Run Clippy	2026-05-09T15:57:23.7619312Z ^[[1m^[[92m    Checking^[[0m ryu v1.0.23
Lint and Format Check	Run Clippy	2026-05-09T15:57:23.9230007Z ^[[1m^[[92m    Checking^[[0m strsim v0.11.1
Lint and Format Check	Run Clippy	2026-05-09T15:57:23.9709458Z ^[[1m^[[92m    Checking^[[0m clap_lex v1.1.0
Lint and Format Check	Run Clippy	2026-05-09T15:57:24.0249436Z ^[[1m^[[92m    Checking^[[0m mime v0.3.17
Lint and Format Check	Run Clippy	2026-05-09T15:57:24.0479843Z ^[[1m^[[92m   Compiling^[[0m thiserror v1.0.69
Lint and Format Check	Run Clippy	2026-05-09T15:57:24.1359380Z ^[[1m^[[92m   Compiling^[[0m dtor-proc-macro v0.0.5
Lint and Format Check	Run Clippy	2026-05-09T15:57:24.1579462Z ^[[1m^[[92m    Checking^[[0m utf8_iter v1.0.4
Lint and Format Check	Run Clippy	2026-05-09T15:57:24.2029891Z ^[[1m^[[92m   Compiling^[[0m heck v0.5.0
Lint and Format Check	Run Clippy	2026-05-09T15:57:24.2149703Z ^[[1m^[[92m    Checking^[[0m regex-syntax v0.8.10
Lint and Format Check	Run Clippy	2026-05-09T15:57:24.2220294Z ^[[1m^[[92m    Checking^[[0m hyper v1.8.1
Lint and Format Check	Run Clippy	2026-05-09T15:57:24.3079351Z ^[[1m^[[92m    Checking^[[0m dtor v0.0.6
Lint and Format Check	Run Clippy	2026-05-09T15:57:24.3349469Z ^[[1m^[[92m    Checking^[[0m idna v1.1.0
Lint and Format Check	Run Clippy	2026-05-09T15:57:24.3709424Z ^[[1m^[[92m   Compiling^[[0m clap_derive v4.5.55
Lint and Format Check	Run Clippy	2026-05-09T15:57:24.5489503Z ^[[1m^[[92m    Checking^[[0m time v0.3.47
Lint and Format Check	Run Clippy	2026-05-09T15:57:25.0129960Z ^[[1m^[[92m    Checking^[[0m regex-automata v0.4.14
Lint and Format Check	Run Clippy	2026-05-09T15:57:25.1319278Z ^[[1m^[[92m    Checking^[[0m hyper-util v0.1.20
Lint and Format Check	Run Clippy	2026-05-09T15:57:26.0999680Z ^[[1m^[[92m    Checking^[[0m clap_builder v4.5.60
Lint and Format Check	Run Clippy	2026-05-09T15:57:26.3035437Z ^[[1m^[[92m    Checking^[[0m serde_urlencoded v0.7.1
Lint and Format Check	Run Clippy	2026-05-09T15:57:26.3179744Z ^[[1m^[[92m    Checking^[[0m num-bigint v0.4.6
Lint and Format Check	Run Clippy	2026-05-09T15:57:26.4759905Z ^[[1m^[[92m    Checking^[[0m tokio-native-tls v0.3.1
Lint and Format Check	Run Clippy	2026-05-09T15:57:26.6149291Z ^[[1m^[[92m    Checking^[[0m crypto-common v0.1.7
Lint and Format Check	Run Clippy	2026-05-09T15:57:26.6580234Z ^[[1m^[[92m    Checking^[[0m block-buffer v0.10.4
Lint and Format Check	Run Clippy	2026-05-09T15:57:26.7119325Z ^[[1m^[[92m   Compiling^[[0m thiserror-impl v1.0.69
Lint and Format Check	Run Clippy	2026-05-09T15:57:27.2779861Z ^[[1m^[[92m    Checking^[[0m getrandom v0.2.17
Lint and Format Check	Run Clippy	2026-05-09T15:57:27.3529843Z ^[[1m^[[92m    Checking^[[0m zeroize v1.8.2
Lint and Format Check	Run Clippy	2026-05-09T15:57:27.4299245Z ^[[1m^[[92m    Checking^[[0m untrusted v0.9.0
Lint and Format Check	Run Clippy	2026-05-09T15:57:27.4675422Z ^[[1m^[[92m    Checking^[[0m lazy_static v1.5.0
Lint and Format Check	Run Clippy	2026-05-09T15:57:27.4739024Z ^[[1m^[[92m    Checking^[[0m iri-string v0.7.10
Lint and Format Check	Run Clippy	2026-05-09T15:57:27.4959761Z ^[[1m^[[92m   Compiling^[[0m ctor-proc-macro v0.0.6
Lint and Format Check	Run Clippy	2026-05-09T15:57:27.6629562Z ^[[1m^[[92m    Checking^[[0m ctor v0.4.3
Lint and Format Check	Run Clippy	2026-05-09T15:57:27.6869914Z ^[[1m^[[92m    Checking^[[0m sharded-slab v0.1.7
Lint and Format Check	Run Clippy	2026-05-09T15:57:27.6886774Z ^[[1m^[[92m    Checking^[[0m clap v4.5.60
Lint and Format Check	Run Clippy	2026-05-09T15:57:27.7159623Z ^[[1m^[[92m    Checking^[[0m rustls-pki-types v1.14.0
Lint and Format Check	Run Clippy	2026-05-09T15:57:27.9499215Z ^[[1m^[[92m    Checking^[[0m simple_asn1 v0.6.4
Lint and Format Check	Run Clippy	2026-05-09T15:57:28.0623249Z ^[[1m^[[92m    Checking^[[0m digest v0.10.7
Lint and Format Check	Run Clippy	2026-05-09T15:57:28.0759448Z ^[[1m^[[92m    Checking^[[0m hyper-tls v0.6.0
Lint and Format Check	Run Clippy	2026-05-09T15:57:28.1493332Z ^[[1m^[[92m    Checking^[[0m matchers v0.2.0
Lint and Format Check	Run Clippy	2026-05-09T15:57:28.1548847Z ^[[1m^[[92m    Checking^[[0m url v2.5.8
Lint and Format Check	Run Clippy	2026-05-09T15:57:28.1964093Z ^[[1m^[[92m    Checking^[[0m axum-core v0.5.6
Lint and Format Check	Run Clippy	2026-05-09T15:57:28.4150048Z ^[[1m^[[92m    Checking^[[0m tracing-serde v0.2.0
Lint and Format Check	Run Clippy	2026-05-09T15:57:28.4886616Z ^[[1m^[[92m   Compiling^[[0m axum-macros v0.5.0
Lint and Format Check	Run Clippy	2026-05-09T15:57:28.4926993Z ^[[1m^[[92m    Checking^[[0m tower-http v0.6.8
Lint and Format Check	Run Clippy	2026-05-09T15:57:29.0903411Z ^[[1m^[[92m    Checking^[[0m pem v3.0.6
Lint and Format Check	Run Clippy	2026-05-09T15:57:29.1135416Z ^[[1m^[[92m    Checking^[[0m serde_path_to_error v0.1.20
Lint and Format Check	Run Clippy	2026-05-09T15:57:29.1607785Z ^[[1m^[[92m    Checking^[[0m tracing-log v0.2.0
Lint and Format Check	Run Clippy	2026-05-09T15:57:29.2145434Z ^[[1m^[[92m    Checking^[[0m thread_local v1.1.9
Lint and Format Check	Run Clippy	2026-05-09T15:57:29.3022639Z ^[[1m^[[92m    Checking^[[0m encoding_rs v0.8.35
Lint and Format Check	Run Clippy	2026-05-09T15:57:29.3320795Z ^[[1m^[[92m    Checking^[[0m iana-time-zone v0.1.65
Lint and Format Check	Run Clippy	2026-05-09T15:57:29.3735459Z ^[[1m^[[92m   Compiling^[[0m rustix v1.1.4
Lint and Format Check	Run Clippy	2026-05-09T15:57:29.5548942Z ^[[1m^[[92m    Checking^[[0m cpufeatures v0.2.17
Lint and Format Check	Run Clippy	2026-05-09T15:57:29.5762193Z ^[[1m^[[92m    Checking^[[0m lino-env v0.1.0
Lint and Format Check	Run Clippy	2026-05-09T15:57:29.6279978Z ^[[1m^[[92m    Checking^[[0m nu-ansi-term v0.50.3
Lint and Format Check	Run Clippy	2026-05-09T15:57:29.7448502Z ^[[1m^[[92m    Checking^[[0m matchit v0.8.4
Lint and Format Check	Run Clippy	2026-05-09T15:57:29.8470737Z ^[[1m^[[92m    Checking^[[0m dotenvy v0.15.7
Lint and Format Check	Run Clippy	2026-05-09T15:57:29.8984262Z ^[[1m^[[92m    Checking^[[0m axum v0.8.8
Lint and Format Check	Run Clippy	2026-05-09T15:57:29.9157887Z ^[[1m^[[92m    Checking^[[0m lino-arguments v0.3.0
Lint and Format Check	Run Clippy	2026-05-09T15:57:29.9798941Z ^[[1m^[[92m    Checking^[[0m tracing-subscriber v0.3.23
Lint and Format Check	Run Clippy	2026-05-09T15:57:30.1084267Z ^[[1m^[[92m    Checking^[[0m reqwest v0.12.28
Lint and Format Check	Run Clippy	2026-05-09T15:57:30.6212986Z ^[[1m^[[92m    Checking^[[0m sha2 v0.10.9
Lint and Format Check	Run Clippy	2026-05-09T15:57:30.7223392Z ^[[1m^[[92m    Checking^[[0m chrono v0.4.44
Lint and Format Check	Run Clippy	2026-05-09T15:57:30.7925579Z ^[[1m^[[92m    Checking^[[0m uuid v1.22.0
Lint and Format Check	Run Clippy	2026-05-09T15:57:30.9878315Z ^[[1m^[[92m   Compiling^[[0m async-trait v0.1.89
Lint and Format Check	Run Clippy	2026-05-09T15:57:31.5679341Z ^[[1m^[[92m   Compiling^[[0m async-stream-impl v0.3.6
Lint and Format Check	Run Clippy	2026-05-09T15:57:31.7889399Z ^[[1m^[[92m    Checking^[[0m hex v0.4.3
Lint and Format Check	Run Clippy	2026-05-09T15:57:31.9319525Z ^[[1m^[[92m    Checking^[[0m log-lazy v0.1.0
Lint and Format Check	Run Clippy	2026-05-09T15:57:31.9479413Z ^[[1m^[[92m    Checking^[[0m linux-raw-sys v0.12.1
Lint and Format Check	Run Clippy	2026-05-09T15:57:32.0009563Z ^[[1m^[[92m    Checking^[[0m async-stream v0.3.6
Lint and Format Check	Run Clippy	2026-05-09T15:57:32.0589338Z ^[[1m^[[92m    Checking^[[0m tokio-stream v0.1.17
Lint and Format Check	Run Clippy	2026-05-09T15:57:32.3619446Z ^[[1m^[[92m    Checking^[[0m fastrand v2.3.0
Lint and Format Check	Run Clippy	2026-05-09T15:57:32.4719534Z ^[[1m^[[92m    Checking^[[0m tokio-test v0.4.4
Lint and Format Check	Run Clippy	2026-05-09T15:57:32.5479437Z ^[[1m^[[92m    Checking^[[0m jsonwebtoken v9.3.1
Lint and Format Check	Run Clippy	2026-05-09T15:57:32.9945276Z ^[[1m^[[92m    Checking^[[0m link-assistant-router v0.13.0 (/home/runner/work/router/router)
Lint and Format Check	Run Clippy	2026-05-09T15:57:33.2473091Z ^[[1m^[[92m    Checking^[[0m tempfile v3.27.0
Lint and Format Check	Run Clippy	2026-05-09T15:57:34.7813368Z ^[[1m^[[92m    Finished^[[0m `dev` profile [unoptimized + debuginfo] target(s) in 24.34s
Lint and Format Check	Check file size limit	﻿2026-05-09T15:57:34.8032379Z ##[group]Run rust-script scripts/check-file-size.rs
Lint and Format Check	Check file size limit	2026-05-09T15:57:34.8032803Z ^[[36;1mrust-script scripts/check-file-size.rs^[[0m
Lint and Format Check	Check file size limit	2026-05-09T15:57:34.8053856Z shell: /usr/bin/bash -e {0}
Lint and Format Check	Check file size limit	2026-05-09T15:57:34.8054120Z env:
Lint and Format Check	Check file size limit	2026-05-09T15:57:34.8054310Z   CARGO_TERM_COLOR: always
Lint and Format Check	Check file size limit	2026-05-09T15:57:34.8054549Z   RUSTFLAGS: -Dwarnings
Lint and Format Check	Check file size limit	2026-05-09T15:57:34.8054929Z   CARGO_REGISTRY_TOKEN: ***
Lint and Format Check	Check file size limit	2026-05-09T15:57:34.8055197Z   DOCKERHUB_IMAGE: konard/link-assistant-router
Lint and Format Check	Check file size limit	2026-05-09T15:57:34.8055508Z   CARGO_HOME: /home/runner/.cargo
Lint and Format Check	Check file size limit	2026-05-09T15:57:34.8055750Z   CARGO_INCREMENTAL: 0
Lint and Format Check	Check file size limit	2026-05-09T15:57:34.8055961Z ##[endgroup]
Lint and Format Check	Check file size limit	2026-05-09T15:57:35.7987072Z
Lint and Format Check	Check file size limit	2026-05-09T15:57:35.7987750Z Checking Rust files for maximum 1000 lines...
Lint and Format Check	Check file size limit	2026-05-09T15:57:35.7988700Z
Lint and Format Check	Check file size limit	2026-05-09T15:57:35.8078099Z All files are within the line limit
Lint and Format Check	Check file size limit	2026-05-09T15:57:35.8078448Z
Lint and Format Check	Post Cache cargo registry	﻿2026-05-09T15:57:36.1805210Z Post job cleanup.
Lint and Format Check	Post Cache cargo registry	2026-05-09T15:57:36.3333952Z [command]/usr/bin/tar --posix -cf cache.tzst --exclude cache.tzst -P -C /home/runner/work/router/router --files-from manifest.txt --use-compress-program zstdmt
Lint and Format Check	Post Cache cargo registry	2026-05-09T15:57:40.2535018Z Sent 25279441 of 293714897 (8.6%), 24.1 MBs/sec
Lint and Format Check	Post Cache cargo registry	2026-05-09T15:57:40.9329344Z Sent 293714897 of 293714897 (100.0%), 166.8 MBs/sec
Lint and Format Check	Post Cache cargo registry	2026-05-09T15:57:41.0547156Z Cache saved with key: Linux-cargo-c8469037771668bcb04056713cd1016fce250f1f3cf2be9d0d4de0a241d33a30
Lint and Format Check	Post Run actions/checkout@v4	﻿2026-05-09T15:57:41.0707716Z Post job cleanup.
Lint and Format Check	Post Run actions/checkout@v4	2026-05-09T15:57:41.1672319Z [command]/usr/bin/git version
Lint and Format Check	Post Run actions/checkout@v4	2026-05-09T15:57:41.1709537Z git version 2.53.0
Lint and Format Check	Post Run actions/checkout@v4	2026-05-09T15:57:41.1761246Z Temporarily overriding HOME='/home/runner/work/_temp/e56b6c64-c19d-495a-bd77-6ce3d7fca3d4' before making global git config changes
Lint and Format Check	Post Run actions/checkout@v4	2026-05-09T15:57:41.1762642Z Adding repository directory to the temporary git global config as a safe directory
Lint and Format Check	Post Run actions/checkout@v4	2026-05-09T15:57:41.1767363Z [command]/usr/bin/git config --global --add safe.directory /home/runner/work/router/router
Lint and Format Check	Post Run actions/checkout@v4	2026-05-09T15:57:41.1801573Z [command]/usr/bin/git config --local --name-only --get-regexp core\.sshCommand
Lint and Format Check	Post Run actions/checkout@v4	2026-05-09T15:57:41.1833963Z [command]/usr/bin/git submodule foreach --recursive sh -c "git config --local --name-only --get-regexp 'core\.sshCommand' && git config --local --unset-all 'core.sshCommand' || :"
Lint and Format Check	Post Run actions/checkout@v4	2026-05-09T15:57:41.2052644Z [command]/usr/bin/git config --local --name-only --get-regexp http\.https\:\/\/github\.com\/\.extraheader
Lint and Format Check	Post Run actions/checkout@v4	2026-05-09T15:57:41.2072694Z http.https://github.com/.extraheader
Lint and Format Check	Post Run actions/checkout@v4	2026-05-09T15:57:41.2085426Z [command]/usr/bin/git config --local --unset-all http.https://github.com/.extraheader
Lint and Format Check	Post Run actions/checkout@v4	2026-05-09T15:57:41.2115441Z [command]/usr/bin/git submodule foreach --recursive sh -c "git config --local --name-only --get-regexp 'http\.https\:\/\/github\.com\/\.extraheader' && git config --local --unset-all 'http.https://github.com/.extraheader' || :"
Lint and Format Check	Post Run actions/checkout@v4	2026-05-09T15:57:41.2332494Z [command]/usr/bin/git config --local --name-only --get-regexp ^includeIf\.gitdir:
Lint and Format Check	Post Run actions/checkout@v4	2026-05-09T15:57:41.2362225Z [command]/usr/bin/git submodule foreach --recursive git config --local --show-origin --name-only --get-regexp remote.origin.url
Lint and Format Check	Complete job	﻿2026-05-09T15:57:41.2699469Z Cleaning up orphan processes
Lint and Format Check	Complete job	2026-05-09T15:57:41.2983183Z ##[warning]Node.js 20 actions are deprecated. The following actions are running on Node.js 20 and may not work as expected: actions/cache@v4, actions/checkout@v4. Actions will be forced to run with Node.js 24 by default starting June 2nd, 2026. Node.js 20 will be removed from the runner on September 16th, 2026. Please check if updated versions of these actions are available that support Node.js 24. To opt into Node.js 24 now, set the FORCE_JAVASCRIPT_ACTIONS_TO_NODE24=true environment variable on the runner or in your workflow file. Once Node.js 24 becomes the default, you can temporarily opt out by setting ACTIONS_ALLOW_USE_UNSECURE_NODE_VERSION=true. For more information see: https://github.blog/changelog/2025-09-19-deprecation-of-node-20-on-github-actions-runners/
Changelog Fragment Check	Set up job	﻿2026-05-09T15:56:20.9634675Z Current runner version: '2.334.0'
Changelog Fragment Check	Set up job	2026-05-09T15:56:20.9668634Z ##[group]Runner Image Provisioner
Changelog Fragment Check	Set up job	2026-05-09T15:56:20.9669693Z Hosted Compute Agent
Changelog Fragment Check	Set up job	2026-05-09T15:56:20.9670285Z Version: 20260213.493
Changelog Fragment Check	Set up job	2026-05-09T15:56:20.9670923Z Commit: 5c115507f6dd24b8de37d8bbe0bb4509d0cc0fa3
Changelog Fragment Check	Set up job	2026-05-09T15:56:20.9671647Z Build Date: 2026-02-13T00:28:41Z
Changelog Fragment Check	Set up job	2026-05-09T15:56:20.9672334Z Worker ID: {877ea26d-39d5-4162-95b7-2c299a7119bf}
Changelog Fragment Check	Set up job	2026-05-09T15:56:20.9672988Z Azure Region: northcentralus
Changelog Fragment Check	Set up job	2026-05-09T15:56:20.9673631Z ##[endgroup]
Changelog Fragment Check	Set up job	2026-05-09T15:56:20.9675406Z ##[group]Operating System
Changelog Fragment Check	Set up job	2026-05-09T15:56:20.9675993Z Ubuntu
Changelog Fragment Check	Set up job	2026-05-09T15:56:20.9676523Z 24.04.4
Changelog Fragment Check	Set up job	2026-05-09T15:56:20.9677279Z LTS
Changelog Fragment Check	Set up job	2026-05-09T15:56:20.9677783Z ##[endgroup]
Changelog Fragment Check	Set up job	2026-05-09T15:56:20.9678367Z ##[group]Runner Image
Changelog Fragment Check	Set up job	2026-05-09T15:56:20.9678933Z Image: ubuntu-24.04
Changelog Fragment Check	Set up job	2026-05-09T15:56:20.9679491Z Version: 20260413.86.1
Changelog Fragment Check	Set up job	2026-05-09T15:56:20.9680542Z Included Software: https://github.com/actions/runner-images/blob/ubuntu24/20260413.86/images/ubuntu/Ubuntu2404-Readme.md
Changelog Fragment Check	Set up job	2026-05-09T15:56:20.9682190Z Image Release: https://github.com/actions/runner-images/releases/tag/ubuntu24%2F20260413.86
Changelog Fragment Check	Set up job	2026-05-09T15:56:20.9683110Z ##[endgroup]
Changelog Fragment Check	Set up job	2026-05-09T15:56:20.9685886Z ##[group]GITHUB_TOKEN Permissions
Changelog Fragment Check	Set up job	2026-05-09T15:56:20.9688463Z Actions: write
Changelog Fragment Check	Set up job	2026-05-09T15:56:20.9689033Z ArtifactMetadata: write
Changelog Fragment Check	Set up job	2026-05-09T15:56:20.9689634Z Attestations: write
Changelog Fragment Check	Set up job	2026-05-09T15:56:20.9690109Z Checks: write
Changelog Fragment Check	Set up job	2026-05-09T15:56:20.9690671Z Contents: write
Changelog Fragment Check	Set up job	2026-05-09T15:56:20.9691180Z Deployments: write
Changelog Fragment Check	Set up job	2026-05-09T15:56:20.9691647Z Discussions: write
Changelog Fragment Check	Set up job	2026-05-09T15:56:20.9692221Z Issues: write
Changelog Fragment Check	Set up job	2026-05-09T15:56:20.9692759Z Metadata: read
Changelog Fragment Check	Set up job	2026-05-09T15:56:20.9693220Z Models: read
Changelog Fragment Check	Set up job	2026-05-09T15:56:20.9693763Z Packages: write
Changelog Fragment Check	Set up job	2026-05-09T15:56:20.9694232Z Pages: write
Changelog Fragment Check	Set up job	2026-05-09T15:56:20.9694807Z PullRequests: write
Changelog Fragment Check	Set up job	2026-05-09T15:56:20.9695412Z RepositoryProjects: write
Changelog Fragment Check	Set up job	2026-05-09T15:56:20.9695981Z SecurityEvents: write
Changelog Fragment Check	Set up job	2026-05-09T15:56:20.9696494Z Statuses: write
Changelog Fragment Check	Set up job	2026-05-09T15:56:20.9697358Z VulnerabilityAlerts: read
Changelog Fragment Check	Set up job	2026-05-09T15:56:20.9697942Z ##[endgroup]
Changelog Fragment Check	Set up job	2026-05-09T15:56:20.9699925Z Secret source: Actions
Changelog Fragment Check	Set up job	2026-05-09T15:56:20.9700788Z Prepare workflow directory
Changelog Fragment Check	Set up job	2026-05-09T15:56:21.0408706Z Prepare all required actions
Changelog Fragment Check	Set up job	2026-05-09T15:56:21.0463220Z Getting action download info
Changelog Fragment Check	Set up job	2026-05-09T15:56:21.3670534Z Download action repository 'actions/checkout@v4' (SHA:34e114876b0b11c390a56381ad16ebd13914f8d5)
Changelog Fragment Check	Set up job	2026-05-09T15:56:21.4855096Z Download action repository 'dtolnay/rust-toolchain@stable' (SHA:29eef336d9b2848a0b548edc03f92a220660cdb8)
Changelog Fragment Check	Set up job	2026-05-09T15:56:21.7547634Z Complete job name: Changelog Fragment Check
Changelog Fragment Check	Run actions/checkout@v4	﻿2026-05-09T15:56:21.8215186Z ##[group]Run actions/checkout@v4
Changelog Fragment Check	Run actions/checkout@v4	2026-05-09T15:56:21.8216158Z with:
Changelog Fragment Check	Run actions/checkout@v4	2026-05-09T15:56:21.8216552Z   fetch-depth: 0
Changelog Fragment Check	Run actions/checkout@v4	2026-05-09T15:56:21.8217205Z   repository: link-assistant/router
Changelog Fragment Check	Run actions/checkout@v4	2026-05-09T15:56:21.8217905Z   token: ***
Changelog Fragment Check	Run actions/checkout@v4	2026-05-09T15:56:21.8218296Z   ssh-strict: true
Changelog Fragment Check	Run actions/checkout@v4	2026-05-09T15:56:21.8218680Z   ssh-user: git
Changelog Fragment Check	Run actions/checkout@v4	2026-05-09T15:56:21.8219076Z   persist-credentials: true
Changelog Fragment Check	Run actions/checkout@v4	2026-05-09T15:56:21.8219562Z   clean: true
Changelog Fragment Check	Run actions/checkout@v4	2026-05-09T15:56:21.8219960Z   sparse-checkout-cone-mode: true
Changelog Fragment Check	Run actions/checkout@v4	2026-05-09T15:56:21.8220432Z   fetch-tags: false
Changelog Fragment Check	Run actions/checkout@v4	2026-05-09T15:56:21.8220822Z   show-progress: true
Changelog Fragment Check	Run actions/checkout@v4	2026-05-09T15:56:21.8221245Z   lfs: false
Changelog Fragment Check	Run actions/checkout@v4	2026-05-09T15:56:21.8221600Z   submodules: false
Changelog Fragment Check	Run actions/checkout@v4	2026-05-09T15:56:21.8222003Z   set-safe-directory: true
Changelog Fragment Check	Run actions/checkout@v4	2026-05-09T15:56:21.8222670Z env:
Changelog Fragment Check	Run actions/checkout@v4	2026-05-09T15:56:21.8223046Z   CARGO_TERM_COLOR: always
Changelog Fragment Check	Run actions/checkout@v4	2026-05-09T15:56:21.8223513Z   RUSTFLAGS: -Dwarnings
Changelog Fragment Check	Run actions/checkout@v4	2026-05-09T15:56:21.8224093Z   CARGO_REGISTRY_TOKEN: ***
Changelog Fragment Check	Run actions/checkout@v4	2026-05-09T15:56:21.8224597Z   DOCKERHUB_IMAGE: konard/link-assistant-router
Changelog Fragment Check	Run actions/checkout@v4	2026-05-09T15:56:21.8225160Z ##[endgroup]
Changelog Fragment Check	Run actions/checkout@v4	2026-05-09T15:56:21.9367392Z Syncing repository: link-assistant/router
Changelog Fragment Check	Run actions/checkout@v4	2026-05-09T15:56:21.9370038Z ##[group]Getting Git version info
Changelog Fragment Check	Run actions/checkout@v4	2026-05-09T15:56:21.9371171Z Working directory is '/home/runner/work/router/router'
Changelog Fragment Check	Run actions/checkout@v4	2026-05-09T15:56:21.9372760Z [command]/usr/bin/git version
Changelog Fragment Check	Run actions/checkout@v4	2026-05-09T15:56:21.9401210Z git version 2.53.0
Changelog Fragment Check	Run actions/checkout@v4	2026-05-09T15:56:21.9428497Z ##[endgroup]
Changelog Fragment Check	Run actions/checkout@v4	2026-05-09T15:56:21.9442979Z Temporarily overriding HOME='/home/runner/work/_temp/18bfd041-b6f9-42a9-a80b-893acb7ca788' before making global git config changes
Changelog Fragment Check	Run actions/checkout@v4	2026-05-09T15:56:21.9444362Z Adding repository directory to the temporary git global config as a safe directory
Changelog Fragment Check	Run actions/checkout@v4	2026-05-09T15:56:21.9448448Z [command]/usr/bin/git config --global --add safe.directory /home/runner/work/router/router
Changelog Fragment Check	Run actions/checkout@v4	2026-05-09T15:56:21.9481538Z Deleting the contents of '/home/runner/work/router/router'
Changelog Fragment Check	Run actions/checkout@v4	2026-05-09T15:56:21.9485169Z ##[group]Initializing the repository
Changelog Fragment Check	Run actions/checkout@v4	2026-05-09T15:56:21.9489474Z [command]/usr/bin/git init /home/runner/work/router/router
Changelog Fragment Check	Run actions/checkout@v4	2026-05-09T15:56:21.9574128Z hint: Using 'master' as the name for the initial branch. This default branch name
Changelog Fragment Check	Run actions/checkout@v4	2026-05-09T15:56:21.9575678Z hint: will change to "main" in Git 3.0. To configure the initial branch name
Changelog Fragment Check	Run actions/checkout@v4	2026-05-09T15:56:21.9576763Z hint: to use in all of your new repositories, which will suppress this warning,
Changelog Fragment Check	Run actions/checkout@v4	2026-05-09T15:56:21.9577760Z hint: call:
Changelog Fragment Check	Run actions/checkout@v4	2026-05-09T15:56:21.9578128Z hint:
Changelog Fragment Check	Run actions/checkout@v4	2026-05-09T15:56:21.9578637Z hint: 	git config --global init.defaultBranch <name>
Changelog Fragment Check	Run actions/checkout@v4	2026-05-09T15:56:21.9579221Z hint:
Changelog Fragment Check	Run actions/checkout@v4	2026-05-09T15:56:21.9579756Z hint: Names commonly chosen instead of 'master' are 'main', 'trunk' and
Changelog Fragment Check	Run actions/checkout@v4	2026-05-09T15:56:21.9580627Z hint: 'development'. The just-created branch can be renamed via this command:
Changelog Fragment Check	Run actions/checkout@v4	2026-05-09T15:56:21.9581311Z hint:
Changelog Fragment Check	Run actions/checkout@v4	2026-05-09T15:56:21.9581688Z hint: 	git branch -m <name>
Changelog Fragment Check	Run actions/checkout@v4	2026-05-09T15:56:21.9582121Z hint:
Changelog Fragment Check	Run actions/checkout@v4	2026-05-09T15:56:21.9582683Z hint: Disable this message with "git config set advice.defaultBranchName false"
Changelog Fragment Check	Run actions/checkout@v4	2026-05-09T15:56:21.9583652Z Initialized empty Git repository in /home/runner/work/router/router/.git/
Changelog Fragment Check	Run actions/checkout@v4	2026-05-09T15:56:21.9587276Z [command]/usr/bin/git remote add origin https://github.com/link-assistant/router
Changelog Fragment Check	Run actions/checkout@v4	2026-05-09T15:56:21.9618453Z ##[endgroup]
Changelog Fragment Check	Run actions/checkout@v4	2026-05-09T15:56:21.9619189Z ##[group]Disabling automatic garbage collection
Changelog Fragment Check	Run actions/checkout@v4	2026-05-09T15:56:21.9622712Z [command]/usr/bin/git config --local gc.auto 0
Changelog Fragment Check	Run actions/checkout@v4	2026-05-09T15:56:21.9650891Z ##[endgroup]
Changelog Fragment Check	Run actions/checkout@v4	2026-05-09T15:56:21.9651622Z ##[group]Setting up auth
Changelog Fragment Check	Run actions/checkout@v4	2026-05-09T15:56:21.9658111Z [command]/usr/bin/git config --local --name-only --get-regexp core\.sshCommand
Changelog Fragment Check	Run actions/checkout@v4	2026-05-09T15:56:21.9692578Z [command]/usr/bin/git submodule foreach --recursive sh -c "git config --local --name-only --get-regexp 'core\.sshCommand' && git config --local --unset-all 'core.sshCommand' || :"
Changelog Fragment Check	Run actions/checkout@v4	2026-05-09T15:56:22.0005327Z [command]/usr/bin/git config --local --name-only --get-regexp http\.https\:\/\/github\.com\/\.extraheader
Changelog Fragment Check	Run actions/checkout@v4	2026-05-09T15:56:22.0041568Z [command]/usr/bin/git submodule foreach --recursive sh -c "git config --local --name-only --get-regexp 'http\.https\:\/\/github\.com\/\.extraheader' && git config --local --unset-all 'http.https://github.com/.extraheader' || :"
Changelog Fragment Check	Run actions/checkout@v4	2026-05-09T15:56:22.0306547Z [command]/usr/bin/git config --local --name-only --get-regexp ^includeIf\.gitdir:
Changelog Fragment Check	Run actions/checkout@v4	2026-05-09T15:56:22.0338487Z [command]/usr/bin/git submodule foreach --recursive git config --local --show-origin --name-only --get-regexp remote.origin.url
Changelog Fragment Check	Run actions/checkout@v4	2026-05-09T15:56:22.0561115Z [command]/usr/bin/git config --local http.https://github.com/.extraheader AUTHORIZATION: basic ***
Changelog Fragment Check	Run actions/checkout@v4	2026-05-09T15:56:22.0594728Z ##[endgroup]
Changelog Fragment Check	Run actions/checkout@v4	2026-05-09T15:56:22.0595555Z ##[group]Fetching the repository
Changelog Fragment Check	Run actions/checkout@v4	2026-05-09T15:56:22.0604178Z [command]/usr/bin/git -c protocol.version=2 fetch --prune --no-recurse-submodules origin +refs/heads/*:refs/remotes/origin/* +refs/tags/*:refs/tags/* +e9692c509449e98bfd3bc6c9ad427480ee4f6de9:refs/remotes/pull/26/merge
Changelog Fragment Check	Run actions/checkout@v4	2026-05-09T15:56:22.5908575Z From https://github.com/link-assistant/router
Changelog Fragment Check	Run actions/checkout@v4	2026-05-09T15:56:22.5910443Z  * [new branch]      issue-1-1bf9ef21c1ac                     -> origin/issue-1-1bf9ef21c1ac
Changelog Fragment Check	Run actions/checkout@v4	2026-05-09T15:56:22.5912366Z  * [new branch]      issue-11-0f880923289a                    -> origin/issue-11-0f880923289a
Changelog Fragment Check	Run actions/checkout@v4	2026-05-09T15:56:22.5914177Z  * [new branch]      issue-13-2606f9974b11                    -> origin/issue-13-2606f9974b11
Changelog Fragment Check	Run actions/checkout@v4	2026-05-09T15:56:22.5916157Z  * [new branch]      issue-15-8f76cb08364a                    -> origin/issue-15-8f76cb08364a
Changelog Fragment Check	Run actions/checkout@v4	2026-05-09T15:56:22.5918761Z  * [new branch]      issue-17-eb0edbddcdb5                    -> origin/issue-17-eb0edbddcdb5
Changelog Fragment Check	Run actions/checkout@v4	2026-05-09T15:56:22.5920863Z  * [new branch]      issue-18-aafa1060453e                    -> origin/issue-18-aafa1060453e
Changelog Fragment Check	Run actions/checkout@v4	2026-05-09T15:56:22.5922824Z  * [new branch]      issue-21-4e3dd79ebb0a                    -> origin/issue-21-4e3dd79ebb0a
Changelog Fragment Check	Run actions/checkout@v4	2026-05-09T15:56:22.5924911Z  * [new branch]      issue-23-c4c21ed11eba                    -> origin/issue-23-c4c21ed11eba
Changelog Fragment Check	Run actions/checkout@v4	2026-05-09T15:56:22.5927248Z  * [new branch]      issue-25-cee894a7a764                    -> origin/issue-25-cee894a7a764
Changelog Fragment Check	Run actions/checkout@v4	2026-05-09T15:56:22.5929232Z  * [new branch]      issue-3-105675fe4cc7                     -> origin/issue-3-105675fe4cc7
Changelog Fragment Check	Run actions/checkout@v4	2026-05-09T15:56:22.5931390Z  * [new branch]      issue-5-5a51161efdc8                     -> origin/issue-5-5a51161efdc8
Changelog Fragment Check	Run actions/checkout@v4	2026-05-09T15:56:22.5933725Z  * [new branch]      issue-7-080001720a10                     -> origin/issue-7-080001720a10
Changelog Fragment Check	Run actions/checkout@v4	2026-05-09T15:56:22.5936135Z  * [new branch]      issue-9-d545a925a750                     -> origin/issue-9-d545a925a750
Changelog Fragment Check	Run actions/checkout@v4	2026-05-09T15:56:22.5938832Z  * [new branch]      main                                     -> origin/main
Changelog Fragment Check	Run actions/checkout@v4	2026-05-09T15:56:22.5940713Z  * [new tag]         v0.10.0                                  -> v0.10.0
Changelog Fragment Check	Run actions/checkout@v4	2026-05-09T15:56:22.5942275Z  * [new tag]         v0.11.0                                  -> v0.11.0
Changelog Fragment Check	Run actions/checkout@v4	2026-05-09T15:56:22.5943848Z  * [new tag]         v0.12.0                                  -> v0.12.0
Changelog Fragment Check	Run actions/checkout@v4	2026-05-09T15:56:22.5945402Z  * [new tag]         v0.13.0                                  -> v0.13.0
Changelog Fragment Check	Run actions/checkout@v4	2026-05-09T15:56:22.5947264Z  * [new tag]         v0.3.0                                   -> v0.3.0
Changelog Fragment Check	Run actions/checkout@v4	2026-05-09T15:56:22.5948845Z  * [new tag]         v0.4.0                                   -> v0.4.0
Changelog Fragment Check	Run actions/checkout@v4	2026-05-09T15:56:22.5950353Z  * [new tag]         v0.5.0                                   -> v0.5.0
Changelog Fragment Check	Run actions/checkout@v4	2026-05-09T15:56:22.5951866Z  * [new tag]         v0.6.0                                   -> v0.6.0
Changelog Fragment Check	Run actions/checkout@v4	2026-05-09T15:56:22.5953440Z  * [new tag]         v0.7.0                                   -> v0.7.0
Changelog Fragment Check	Run actions/checkout@v4	2026-05-09T15:56:22.5954957Z  * [new tag]         v0.8.0                                   -> v0.8.0
Changelog Fragment Check	Run actions/checkout@v4	2026-05-09T15:56:22.5956538Z  * [new tag]         v0.9.0                                   -> v0.9.0
Changelog Fragment Check	Run actions/checkout@v4	2026-05-09T15:56:22.5958888Z  * [new ref]         e9692c509449e98bfd3bc6c9ad427480ee4f6de9 -> pull/26/merge
Changelog Fragment Check	Run actions/checkout@v4	2026-05-09T15:56:22.5966720Z ##[endgroup]
Changelog Fragment Check	Run actions/checkout@v4	2026-05-09T15:56:22.5968520Z ##[group]Determining the checkout info
Changelog Fragment Check	Run actions/checkout@v4	2026-05-09T15:56:22.5970224Z ##[endgroup]
Changelog Fragment Check	Run actions/checkout@v4	2026-05-09T15:56:22.5973018Z [command]/usr/bin/git sparse-checkout disable
Changelog Fragment Check	Run actions/checkout@v4	2026-05-09T15:56:22.6012246Z [command]/usr/bin/git config --local --unset-all extensions.worktreeConfig
Changelog Fragment Check	Run actions/checkout@v4	2026-05-09T15:56:22.6046683Z ##[group]Checking out the ref
Changelog Fragment Check	Run actions/checkout@v4	2026-05-09T15:56:22.6049940Z [command]/usr/bin/git checkout --progress --force refs/remotes/pull/26/merge
Changelog Fragment Check	Run actions/checkout@v4	2026-05-09T15:56:22.6275075Z Note: switching to 'refs/remotes/pull/26/merge'.
Changelog Fragment Check	Run actions/checkout@v4	2026-05-09T15:56:22.6276523Z
Changelog Fragment Check	Run actions/checkout@v4	2026-05-09T15:56:22.6278637Z You are in 'detached HEAD' state. You can look around, make experimental
Changelog Fragment Check	Run actions/checkout@v4	2026-05-09T15:56:22.6280182Z changes and commit them, and you can discard any commits you make in this
Changelog Fragment Check	Run actions/checkout@v4	2026-05-09T15:56:22.6281463Z state without impacting any branches by switching back to a branch.
Changelog Fragment Check	Run actions/checkout@v4	2026-05-09T15:56:22.6282195Z
Changelog Fragment Check	Run actions/checkout@v4	2026-05-09T15:56:22.6282687Z If you want to create a new branch to retain commits you create, you may
Changelog Fragment Check	Run actions/checkout@v4	2026-05-09T15:56:22.6284353Z do so (now or later) by using -c with the switch command. Example:
Changelog Fragment Check	Run actions/checkout@v4	2026-05-09T15:56:22.6285120Z
Changelog Fragment Check	Run actions/checkout@v4	2026-05-09T15:56:22.6285424Z   git switch -c <new-branch-name>
Changelog Fragment Check	Run actions/checkout@v4	2026-05-09T15:56:22.6285965Z
Changelog Fragment Check	Run actions/checkout@v4	2026-05-09T15:56:22.6286249Z Or undo this operation with:
Changelog Fragment Check	Run actions/checkout@v4	2026-05-09T15:56:22.6286724Z
Changelog Fragment Check	Run actions/checkout@v4	2026-05-09T15:56:22.6287229Z   git switch -
Changelog Fragment Check	Run actions/checkout@v4	2026-05-09T15:56:22.6287719Z
Changelog Fragment Check	Run actions/checkout@v4	2026-05-09T15:56:22.6288355Z Turn off this advice by setting config variable advice.detachedHead to false
Changelog Fragment Check	Run actions/checkout@v4	2026-05-09T15:56:22.6289515Z
Changelog Fragment Check	Run actions/checkout@v4	2026-05-09T15:56:22.6290778Z HEAD is now at e9692c5 Merge 79b6dd6bc499c0effbb7d27f0eb02d74f41a4a07 into 32be51c7464978cfb12e66692bfe04b8849db236
Changelog Fragment Check	Run actions/checkout@v4	2026-05-09T15:56:22.6294200Z ##[endgroup]
Changelog Fragment Check	Run actions/checkout@v4	2026-05-09T15:56:22.6323592Z [command]/usr/bin/git log -1 --format=%H
Changelog Fragment Check	Run actions/checkout@v4	2026-05-09T15:56:22.6345715Z e9692c509449e98bfd3bc6c9ad427480ee4f6de9
Changelog Fragment Check	Setup Rust	﻿2026-05-09T15:56:22.6925929Z ##[group]Run dtolnay/rust-toolchain@stable
Changelog Fragment Check	Setup Rust	2026-05-09T15:56:22.6927210Z with:
Changelog Fragment Check	Setup Rust	2026-05-09T15:56:22.6927927Z   toolchain: stable
Changelog Fragment Check	Setup Rust	2026-05-09T15:56:22.6928671Z env:
Changelog Fragment Check	Setup Rust	2026-05-09T15:56:22.6929364Z   CARGO_TERM_COLOR: always
Changelog Fragment Check	Setup Rust	2026-05-09T15:56:22.6930225Z   RUSTFLAGS: -Dwarnings
Changelog Fragment Check	Setup Rust	2026-05-09T15:56:22.6931517Z   CARGO_REGISTRY_TOKEN: ***
Changelog Fragment Check	Setup Rust	2026-05-09T15:56:22.6932534Z   DOCKERHUB_IMAGE: konard/link-assistant-router
Changelog Fragment Check	Setup Rust	2026-05-09T15:56:22.6933612Z ##[endgroup]
Changelog Fragment Check	Setup Rust	2026-05-09T15:56:22.7154596Z ##[group]Run : parse toolchain version
Changelog Fragment Check	Setup Rust	2026-05-09T15:56:22.7155745Z ^[[36;1m: parse toolchain version^[[0m
Changelog Fragment Check	Setup Rust	2026-05-09T15:56:22.7156737Z ^[[36;1mif [[ -z $toolchain ]]; then^[[0m
Changelog Fragment Check	Setup Rust	2026-05-09T15:56:22.7158822Z ^[[36;1m  # GitHub does not enforce `required: true` inputs itself. https://github.com/actions/runner/issues/1070^[[0m
Changelog Fragment Check	Setup Rust	2026-05-09T15:56:22.7160819Z ^[[36;1m  echo "'toolchain' is a required input" >&2^[[0m
Changelog Fragment Check	Setup Rust	2026-05-09T15:56:22.7161903Z ^[[36;1m  exit 1^[[0m
Changelog Fragment Check	Setup Rust	2026-05-09T15:56:22.7163093Z ^[[36;1melif [[ $toolchain =~ ^stable' '[0-9]+' '(year|month|week|day)s?' 'ago$ ]]; then^[[0m
Changelog Fragment Check	Setup Rust	2026-05-09T15:56:22.7164656Z ^[[36;1m  if [[ Linux == macOS ]]; then^[[0m
Changelog Fragment Check	Setup Rust	2026-05-09T15:56:22.7166563Z ^[[36;1m    echo "toolchain=1.$((($(date -v-$(sed 's/stable \([0-9]*\) \(.\).*/\1\2/' <<< $toolchain) +%s)/60/60/24-16569)/7/6))" >> $GITHUB_OUTPUT^[[0m
Changelog Fragment Check	Setup Rust	2026-05-09T15:56:22.7168582Z ^[[36;1m  else^[[0m
Changelog Fragment Check	Setup Rust	2026-05-09T15:56:22.7170008Z ^[[36;1m    echo "toolchain=1.$((($(date --date "${toolchain#stable }" +%s)/60/60/24-16569)/7/6))" >> $GITHUB_OUTPUT^[[0m
Changelog Fragment Check	Setup Rust	2026-05-09T15:56:22.7171664Z ^[[36;1m  fi^[[0m
Changelog Fragment Check	Setup Rust	2026-05-09T15:56:22.7172703Z ^[[36;1melif [[ $toolchain =~ ^stable' 'minus' '[0-9]+' 'releases?$ ]]; then^[[0m
Changelog Fragment Check	Setup Rust	2026-05-09T15:56:22.7174620Z ^[[36;1m  echo "toolchain=1.$((($(date +%s)/60/60/24-16569)/7/6-${toolchain//[^0-9]/}))" >> $GITHUB_OUTPUT^[[0m
Changelog Fragment Check	Setup Rust	2026-05-09T15:56:22.7176322Z ^[[36;1melif [[ $toolchain =~ ^1\.[0-9]+$ ]]; then^[[0m
Changelog Fragment Check	Setup Rust	2026-05-09T15:56:22.7178356Z ^[[36;1m  echo "toolchain=1.$((i=${toolchain#1.}, c=($(date +%s)/60/60/24-16569)/7/6, i+9*i*(10*i<=c)+90*i*(100*i<=c)))" >> $GITHUB_OUTPUT^[[0m
Changelog Fragment Check	Setup Rust	2026-05-09T15:56:22.7180207Z ^[[36;1melse^[[0m
Changelog Fragment Check	Setup Rust	2026-05-09T15:56:22.7181083Z ^[[36;1m  echo "toolchain=$toolchain" >> $GITHUB_OUTPUT^[[0m
Changelog Fragment Check	Setup Rust	2026-05-09T15:56:22.7182178Z ^[[36;1mfi^[[0m
Changelog Fragment Check	Setup Rust	2026-05-09T15:56:22.7213585Z shell: /usr/bin/bash --noprofile --norc -e -o pipefail {0}
Changelog Fragment Check	Setup Rust	2026-05-09T15:56:22.7214780Z env:
Changelog Fragment Check	Setup Rust	2026-05-09T15:56:22.7215446Z   CARGO_TERM_COLOR: always
Changelog Fragment Check	Setup Rust	2026-05-09T15:56:22.7216279Z   RUSTFLAGS: -Dwarnings
Changelog Fragment Check	Setup Rust	2026-05-09T15:56:22.7217689Z   CARGO_REGISTRY_TOKEN: ***
Changelog Fragment Check	Setup Rust	2026-05-09T15:56:22.7218668Z   DOCKERHUB_IMAGE: konard/link-assistant-router
Changelog Fragment Check	Setup Rust	2026-05-09T15:56:22.7219729Z   toolchain: stable
Changelog Fragment Check	Setup Rust	2026-05-09T15:56:22.7220441Z ##[endgroup]
Changelog Fragment Check	Setup Rust	2026-05-09T15:56:22.7442346Z ##[group]Run : construct rustup command line
Changelog Fragment Check	Setup Rust	2026-05-09T15:56:22.7443502Z ^[[36;1m: construct rustup command line^[[0m
Changelog Fragment Check	Setup Rust	2026-05-09T15:56:22.7445128Z ^[[36;1mecho "targets=$(for t in ${targets//,/ }; do echo -n ' --target' $t; done)" >> $GITHUB_OUTPUT^[[0m
Changelog Fragment Check	Setup Rust	2026-05-09T15:56:22.7447640Z ^[[36;1mecho "components=$(for c in ${components//,/ }; do echo -n ' --component' $c; done)" >> $GITHUB_OUTPUT^[[0m
Changelog Fragment Check	Setup Rust	2026-05-09T15:56:22.7449701Z ^[[36;1mecho "downgrade=" >> $GITHUB_OUTPUT^[[0m
Changelog Fragment Check	Setup Rust	2026-05-09T15:56:22.7470603Z shell: /usr/bin/bash --noprofile --norc -e -o pipefail {0}
Changelog Fragment Check	Setup Rust	2026-05-09T15:56:22.7471775Z env:
Changelog Fragment Check	Setup Rust	2026-05-09T15:56:22.7472454Z   CARGO_TERM_COLOR: always
Changelog Fragment Check	Setup Rust	2026-05-09T15:56:22.7473297Z   RUSTFLAGS: -Dwarnings
Changelog Fragment Check	Setup Rust	2026-05-09T15:56:22.7474426Z   CARGO_REGISTRY_TOKEN: ***
Changelog Fragment Check	Setup Rust	2026-05-09T15:56:22.7475405Z   DOCKERHUB_IMAGE: konard/link-assistant-router
Changelog Fragment Check	Setup Rust	2026-05-09T15:56:22.7476452Z   targets:
Changelog Fragment Check	Setup Rust	2026-05-09T15:56:22.7477306Z   components:
Changelog Fragment Check	Setup Rust	2026-05-09T15:56:22.7478001Z ##[endgroup]
Changelog Fragment Check	Setup Rust	2026-05-09T15:56:22.7587808Z ##[group]Run : set $CARGO_HOME
Changelog Fragment Check	Setup Rust	2026-05-09T15:56:22.7588723Z ^[[36;1m: set $CARGO_HOME^[[0m
Changelog Fragment Check	Setup Rust	2026-05-09T15:56:22.7589870Z ^[[36;1mecho CARGO_HOME=${CARGO_HOME:-"$HOME/.cargo"} >> $GITHUB_ENV^[[0m
Changelog Fragment Check	Setup Rust	2026-05-09T15:56:22.7611225Z shell: /usr/bin/bash --noprofile --norc -e -o pipefail {0}
Changelog Fragment Check	Setup Rust	2026-05-09T15:56:22.7612388Z env:
Changelog Fragment Check	Setup Rust	2026-05-09T15:56:22.7613048Z   CARGO_TERM_COLOR: always
Changelog Fragment Check	Setup Rust	2026-05-09T15:56:22.7613880Z   RUSTFLAGS: -Dwarnings
Changelog Fragment Check	Setup Rust	2026-05-09T15:56:22.7615231Z   CARGO_REGISTRY_TOKEN: ***
Changelog Fragment Check	Setup Rust	2026-05-09T15:56:22.7616204Z   DOCKERHUB_IMAGE: konard/link-assistant-router
Changelog Fragment Check	Setup Rust	2026-05-09T15:56:22.7617530Z ##[endgroup]
Changelog Fragment Check	Setup Rust	2026-05-09T15:56:22.7724814Z ##[group]Run : install rustup if needed
Changelog Fragment Check	Setup Rust	2026-05-09T15:56:22.7725870Z ^[[36;1m: install rustup if needed^[[0m
Changelog Fragment Check	Setup Rust	2026-05-09T15:56:22.7727278Z ^[[36;1mif ! command -v rustup &>/dev/null; then^[[0m
Changelog Fragment Check	Setup Rust	2026-05-09T15:56:22.7729912Z ^[[36;1m  curl --proto '=https' --tlsv1.2 --retry 10 --retry-connrefused --location --silent --show-error --fail https://sh.rustup.rs | sh -s -- --default-toolchain none -y^[[0m
Changelog Fragment Check	Setup Rust	2026-05-09T15:56:22.7732515Z ^[[36;1m  echo "$CARGO_HOME/bin" >> $GITHUB_PATH^[[0m
Changelog Fragment Check	Setup Rust	2026-05-09T15:56:22.7733553Z ^[[36;1mfi^[[0m
Changelog Fragment Check	Setup Rust	2026-05-09T15:56:22.7754023Z shell: /usr/bin/bash --noprofile --norc -e -o pipefail {0}
Changelog Fragment Check	Setup Rust	2026-05-09T15:56:22.7755193Z env:
Changelog Fragment Check	Setup Rust	2026-05-09T15:56:22.7755881Z   CARGO_TERM_COLOR: always
Changelog Fragment Check	Setup Rust	2026-05-09T15:56:22.7756740Z   RUSTFLAGS: -Dwarnings
Changelog Fragment Check	Setup Rust	2026-05-09T15:56:22.7758044Z   CARGO_REGISTRY_TOKEN: ***
Changelog Fragment Check	Setup Rust	2026-05-09T15:56:22.7759059Z   DOCKERHUB_IMAGE: konard/link-assistant-router
Changelog Fragment Check	Setup Rust	2026-05-09T15:56:22.7760178Z   CARGO_HOME: /home/runner/.cargo
Changelog Fragment Check	Setup Rust	2026-05-09T15:56:22.7761073Z ##[endgroup]
Changelog Fragment Check	Setup Rust	2026-05-09T15:56:22.7871757Z ##[group]Run rustup toolchain install stable --profile minimal --no-self-update
Changelog Fragment Check	Setup Rust	2026-05-09T15:56:22.7873657Z ^[[36;1mrustup toolchain install stable --profile minimal --no-self-update^[[0m
Changelog Fragment Check	Setup Rust	2026-05-09T15:56:22.7894962Z shell: /usr/bin/bash --noprofile --norc -e -o pipefail {0}
Changelog Fragment Check	Setup Rust	2026-05-09T15:56:22.7896124Z env:
Changelog Fragment Check	Setup Rust	2026-05-09T15:56:22.7896791Z   CARGO_TERM_COLOR: always
Changelog Fragment Check	Setup Rust	2026-05-09T15:56:22.7897775Z   RUSTFLAGS: -Dwarnings
Changelog Fragment Check	Setup Rust	2026-05-09T15:56:22.7898888Z   CARGO_REGISTRY_TOKEN: ***
Changelog Fragment Check	Setup Rust	2026-05-09T15:56:22.7899837Z   DOCKERHUB_IMAGE: konard/link-assistant-router
Changelog Fragment Check	Setup Rust	2026-05-09T15:56:22.7900931Z   CARGO_HOME: /home/runner/.cargo
Changelog Fragment Check	Setup Rust	2026-05-09T15:56:22.7901863Z   RUSTUP_PERMIT_COPY_RENAME: 1
Changelog Fragment Check	Setup Rust	2026-05-09T15:56:22.7902708Z ##[endgroup]
Changelog Fragment Check	Setup Rust	2026-05-09T15:56:22.9322411Z info: syncing channel updates for stable-x86_64-unknown-linux-gnu
Changelog Fragment Check	Setup Rust	2026-05-09T15:56:23.0195873Z info: latest update on 2026-04-16 for version 1.95.0 (59807616e 2026-04-14)
Changelog Fragment Check	Setup Rust	2026-05-09T15:56:23.0318862Z info: removing previous version of component clippy
Changelog Fragment Check	Setup Rust	2026-05-09T15:56:23.0334343Z info: removing previous version of component rustfmt
Changelog Fragment Check	Setup Rust	2026-05-09T15:56:23.0345625Z info: removing previous version of component cargo
Changelog Fragment Check	Setup Rust	2026-05-09T15:56:23.0392959Z info: removing previous version of component rust-std
Changelog Fragment Check	Setup Rust	2026-05-09T15:56:23.0440052Z info: removing previous version of component rustc
Changelog Fragment Check	Setup Rust	2026-05-09T15:56:23.0490210Z info: downloading 5 components
Changelog Fragment Check	Setup Rust	2026-05-09T15:56:31.3013999Z
Changelog Fragment Check	Setup Rust	2026-05-09T15:56:31.3085208Z   stable-x86_64-unknown-linux-gnu updated - rustc 1.95.0 (59807616e 2026-04-14) (from rustc 1.94.1 (e408947bf 2026-03-25))
Changelog Fragment Check	Setup Rust	2026-05-09T15:56:31.3086211Z
Changelog Fragment Check	Setup Rust	2026-05-09T15:56:31.3200380Z ##[group]Run rustup default stable
Changelog Fragment Check	Setup Rust	2026-05-09T15:56:31.3200697Z ^[[36;1mrustup default stable^[[0m
Changelog Fragment Check	Setup Rust	2026-05-09T15:56:31.3222780Z shell: /usr/bin/bash --noprofile --norc -e -o pipefail {0}
Changelog Fragment Check	Setup Rust	2026-05-09T15:56:31.3223149Z env:
Changelog Fragment Check	Setup Rust	2026-05-09T15:56:31.3223341Z   CARGO_TERM_COLOR: always
Changelog Fragment Check	Setup Rust	2026-05-09T15:56:31.3223606Z   RUSTFLAGS: -Dwarnings
Changelog Fragment Check	Setup Rust	2026-05-09T15:56:31.3224028Z   CARGO_REGISTRY_TOKEN: ***
Changelog Fragment Check	Setup Rust	2026-05-09T15:56:31.3224298Z   DOCKERHUB_IMAGE: konard/link-assistant-router
Changelog Fragment Check	Setup Rust	2026-05-09T15:56:31.3224606Z   CARGO_HOME: /home/runner/.cargo
Changelog Fragment Check	Setup Rust	2026-05-09T15:56:31.3224847Z ##[endgroup]
Changelog Fragment Check	Setup Rust	2026-05-09T15:56:31.3319673Z info: using existing install for stable-x86_64-unknown-linux-gnu
Changelog Fragment Check	Setup Rust	2026-05-09T15:56:31.3327570Z info: default toolchain set to stable-x86_64-unknown-linux-gnu
Changelog Fragment Check	Setup Rust	2026-05-09T15:56:31.3327905Z
Changelog Fragment Check	Setup Rust	2026-05-09T15:56:31.3392962Z   stable-x86_64-unknown-linux-gnu unchanged - rustc 1.95.0 (59807616e 2026-04-14)
Changelog Fragment Check	Setup Rust	2026-05-09T15:56:31.3393668Z
Changelog Fragment Check	Setup Rust	2026-05-09T15:56:31.3437866Z ##[group]Run : create cachekey
Changelog Fragment Check	Setup Rust	2026-05-09T15:56:31.3438391Z ^[[36;1m: create cachekey^[[0m
Changelog Fragment Check	Setup Rust	2026-05-09T15:56:31.3438887Z ^[[36;1mDATE=$(rustc +stable --version --verbose | sed -ne 's/^commit-date: \(20[0-9][0-9]\)-\([01][0-9]\)-\([0-3][0-9]\)$/\1\2\3/p')^[[0m
Changelog Fragment Check	Setup Rust	2026-05-09T15:56:31.3439700Z ^[[36;1mHASH=$(rustc +stable --version --verbose | sed -ne 's/^commit-hash: //p')^[[0m
Changelog Fragment Check	Setup Rust	2026-05-09T15:56:31.3440223Z ^[[36;1mecho "cachekey=$(echo $DATE$HASH | head -c12)" >> $GITHUB_OUTPUT^[[0m
Changelog Fragment Check	Setup Rust	2026-05-09T15:56:31.3461556Z shell: /usr/bin/bash --noprofile --norc -e -o pipefail {0}
Changelog Fragment Check	Setup Rust	2026-05-09T15:56:31.3461887Z env:
Changelog Fragment Check	Setup Rust	2026-05-09T15:56:31.3462073Z   CARGO_TERM_COLOR: always
Changelog Fragment Check	Setup Rust	2026-05-09T15:56:31.3462290Z   RUSTFLAGS: -Dwarnings
Changelog Fragment Check	Setup Rust	2026-05-09T15:56:31.3462699Z   CARGO_REGISTRY_TOKEN: ***
Changelog Fragment Check	Setup Rust	2026-05-09T15:56:31.3462949Z   DOCKERHUB_IMAGE: konard/link-assistant-router
Changelog Fragment Check	Setup Rust	2026-05-09T15:56:31.3463237Z   CARGO_HOME: /home/runner/.cargo
Changelog Fragment Check	Setup Rust	2026-05-09T15:56:31.3463465Z ##[endgroup]
Changelog Fragment Check	Setup Rust	2026-05-09T15:56:31.3802112Z ##[group]Run : disable incremental compilation
Changelog Fragment Check	Setup Rust	2026-05-09T15:56:31.3802503Z ^[[36;1m: disable incremental compilation^[[0m
Changelog Fragment Check	Setup Rust	2026-05-09T15:56:31.3802816Z ^[[36;1mif [ -z "${CARGO_INCREMENTAL+set}" ]; then^[[0m
Changelog Fragment Check	Setup Rust	2026-05-09T15:56:31.3803122Z ^[[36;1m  echo CARGO_INCREMENTAL=0 >> $GITHUB_ENV^[[0m
Changelog Fragment Check	Setup Rust	2026-05-09T15:56:31.3803383Z ^[[36;1mfi^[[0m
Changelog Fragment Check	Setup Rust	2026-05-09T15:56:31.3825397Z shell: /usr/bin/bash --noprofile --norc -e -o pipefail {0}
Changelog Fragment Check	Setup Rust	2026-05-09T15:56:31.3825719Z env:
Changelog Fragment Check	Setup Rust	2026-05-09T15:56:31.3825905Z   CARGO_TERM_COLOR: always
Changelog Fragment Check	Setup Rust	2026-05-09T15:56:31.3826129Z   RUSTFLAGS: -Dwarnings
Changelog Fragment Check	Setup Rust	2026-05-09T15:56:31.3826502Z   CARGO_REGISTRY_TOKEN: ***
Changelog Fragment Check	Setup Rust	2026-05-09T15:56:31.3826771Z   DOCKERHUB_IMAGE: konard/link-assistant-router
Changelog Fragment Check	Setup Rust	2026-05-09T15:56:31.3827358Z   CARGO_HOME: /home/runner/.cargo
Changelog Fragment Check	Setup Rust	2026-05-09T15:56:31.3827594Z ##[endgroup]
Changelog Fragment Check	Setup Rust	2026-05-09T15:56:31.3899061Z ##[group]Run : enable colors in Cargo output
Changelog Fragment Check	Setup Rust	2026-05-09T15:56:31.3899375Z ^[[36;1m: enable colors in Cargo output^[[0m
Changelog Fragment Check	Setup Rust	2026-05-09T15:56:31.3899671Z ^[[36;1mif [ -z "${CARGO_TERM_COLOR+set}" ]; then^[[0m
Changelog Fragment Check	Setup Rust	2026-05-09T15:56:31.3899988Z ^[[36;1m  echo CARGO_TERM_COLOR=always >> $GITHUB_ENV^[[0m
Changelog Fragment Check	Setup Rust	2026-05-09T15:56:31.3900277Z ^[[36;1mfi^[[0m
Changelog Fragment Check	Setup Rust	2026-05-09T15:56:31.3920602Z shell: /usr/bin/bash --noprofile --norc -e -o pipefail {0}
Changelog Fragment Check	Setup Rust	2026-05-09T15:56:31.3920925Z env:
Changelog Fragment Check	Setup Rust	2026-05-09T15:56:31.3921112Z   CARGO_TERM_COLOR: always
Changelog Fragment Check	Setup Rust	2026-05-09T15:56:31.3921349Z   RUSTFLAGS: -Dwarnings
Changelog Fragment Check	Setup Rust	2026-05-09T15:56:31.3921679Z   CARGO_REGISTRY_TOKEN: ***
Changelog Fragment Check	Setup Rust	2026-05-09T15:56:31.3921937Z   DOCKERHUB_IMAGE: konard/link-assistant-router
Changelog Fragment Check	Setup Rust	2026-05-09T15:56:31.3922223Z   CARGO_HOME: /home/runner/.cargo
Changelog Fragment Check	Setup Rust	2026-05-09T15:56:31.3922451Z   CARGO_INCREMENTAL: 0
Changelog Fragment Check	Setup Rust	2026-05-09T15:56:31.3922649Z ##[endgroup]
Changelog Fragment Check	Setup Rust	2026-05-09T15:56:31.4068890Z ##[group]Run : enable Cargo sparse registry
Changelog Fragment Check	Setup Rust	2026-05-09T15:56:31.4069206Z ^[[36;1m: enable Cargo sparse registry^[[0m
Changelog Fragment Check	Setup Rust	2026-05-09T15:56:31.4069546Z ^[[36;1m# implemented in 1.66, stabilized in 1.68, made default in 1.70^[[0m
Changelog Fragment Check	Setup Rust	2026-05-09T15:56:31.4070229Z ^[[36;1mif [ -z "${CARGO_REGISTRIES_CRATES_IO_PROTOCOL+set}" -o -f "/home/runner/work/_temp"/.implicit_cargo_registries_crates_io_protocol ]; then^[[0m
Changelog Fragment Check	Setup Rust	2026-05-09T15:56:31.4070969Z ^[[36;1m  if rustc +stable --version --verbose | grep -q '^release: 1\.6[89]\.'; then^[[0m
Changelog Fragment Check	Setup Rust	2026-05-09T15:56:31.4071538Z ^[[36;1m    touch "/home/runner/work/_temp"/.implicit_cargo_registries_crates_io_protocol || true^[[0m
Changelog Fragment Check	Setup Rust	2026-05-09T15:56:31.4072086Z ^[[36;1m    echo CARGO_REGISTRIES_CRATES_IO_PROTOCOL=sparse >> $GITHUB_ENV^[[0m
Changelog Fragment Check	Setup Rust	2026-05-09T15:56:31.4072558Z ^[[36;1m  elif rustc +stable --version --verbose | grep -q '^release: 1\.6[67]\.'; then^[[0m
Changelog Fragment Check	Setup Rust	2026-05-09T15:56:31.4073104Z ^[[36;1m    touch "/home/runner/work/_temp"/.implicit_cargo_registries_crates_io_protocol || true^[[0m
Changelog Fragment Check	Setup Rust	2026-05-09T15:56:31.4073605Z ^[[36;1m    echo CARGO_REGISTRIES_CRATES_IO_PROTOCOL=git >> $GITHUB_ENV^[[0m
Changelog Fragment Check	Setup Rust	2026-05-09T15:56:31.4073923Z ^[[36;1m  fi^[[0m
Changelog Fragment Check	Setup Rust	2026-05-09T15:56:31.4074101Z ^[[36;1mfi^[[0m
Changelog Fragment Check	Setup Rust	2026-05-09T15:56:31.4094721Z shell: /usr/bin/bash --noprofile --norc -e -o pipefail {0}
Changelog Fragment Check	Setup Rust	2026-05-09T15:56:31.4095045Z env:
Changelog Fragment Check	Setup Rust	2026-05-09T15:56:31.4095228Z   CARGO_TERM_COLOR: always
Changelog Fragment Check	Setup Rust	2026-05-09T15:56:31.4095452Z   RUSTFLAGS: -Dwarnings
Changelog Fragment Check	Setup Rust	2026-05-09T15:56:31.4095950Z   CARGO_REGISTRY_TOKEN: ***
Changelog Fragment Check	Setup Rust	2026-05-09T15:56:31.4096209Z   DOCKERHUB_IMAGE: konard/link-assistant-router
Changelog Fragment Check	Setup Rust	2026-05-09T15:56:31.4096503Z   CARGO_HOME: /home/runner/.cargo
Changelog Fragment Check	Setup Rust	2026-05-09T15:56:31.4096729Z   CARGO_INCREMENTAL: 0
Changelog Fragment Check	Setup Rust	2026-05-09T15:56:31.4097357Z ##[endgroup]
Changelog Fragment Check	Setup Rust	2026-05-09T15:56:31.4411189Z ##[group]Run : work around spurious network errors in curl 8.0
Changelog Fragment Check	Setup Rust	2026-05-09T15:56:31.4411632Z ^[[36;1m: work around spurious network errors in curl 8.0^[[0m
Changelog Fragment Check	Setup Rust	2026-05-09T15:56:31.4412168Z ^[[36;1m# https://rust-lang.zulipchat.com/#narrow/stream/246057-t-cargo/topic/timeout.20investigation^[[0m
Changelog Fragment Check	Setup Rust	2026-05-09T15:56:31.4412750Z ^[[36;1mif rustc +stable --version --verbose | grep -q '^release: 1\.7[01]\.'; then^[[0m
Changelog Fragment Check	Setup Rust	2026-05-09T15:56:31.4413186Z ^[[36;1m  echo CARGO_HTTP_MULTIPLEXING=false >> $GITHUB_ENV^[[0m
Changelog Fragment Check	Setup Rust	2026-05-09T15:56:31.4413474Z ^[[36;1mfi^[[0m
Changelog Fragment Check	Setup Rust	2026-05-09T15:56:31.4436185Z shell: /usr/bin/bash --noprofile --norc -e -o pipefail {0}
Changelog Fragment Check	Setup Rust	2026-05-09T15:56:31.4436507Z env:
Changelog Fragment Check	Setup Rust	2026-05-09T15:56:31.4436684Z   CARGO_TERM_COLOR: always
Changelog Fragment Check	Setup Rust	2026-05-09T15:56:31.4437154Z   RUSTFLAGS: -Dwarnings
Changelog Fragment Check	Setup Rust	2026-05-09T15:56:31.4437553Z   CARGO_REGISTRY_TOKEN: ***
Changelog Fragment Check	Setup Rust	2026-05-09T15:56:31.4437816Z   DOCKERHUB_IMAGE: konard/link-assistant-router
Changelog Fragment Check	Setup Rust	2026-05-09T15:56:31.4438100Z   CARGO_HOME: /home/runner/.cargo
Changelog Fragment Check	Setup Rust	2026-05-09T15:56:31.4438349Z   CARGO_INCREMENTAL: 0
Changelog Fragment Check	Setup Rust	2026-05-09T15:56:31.4438545Z ##[endgroup]
Changelog Fragment Check	Setup Rust	2026-05-09T15:56:31.4632324Z ##[group]Run rustc +stable --version --verbose
Changelog Fragment Check	Setup Rust	2026-05-09T15:56:31.4632672Z ^[[36;1mrustc +stable --version --verbose^[[0m
Changelog Fragment Check	Setup Rust	2026-05-09T15:56:31.4654743Z shell: /usr/bin/bash --noprofile --norc -e -o pipefail {0}
Changelog Fragment Check	Setup Rust	2026-05-09T15:56:31.4655071Z env:
Changelog Fragment Check	Setup Rust	2026-05-09T15:56:31.4655248Z   CARGO_TERM_COLOR: always
Changelog Fragment Check	Setup Rust	2026-05-09T15:56:31.4655468Z   RUSTFLAGS: -Dwarnings
Changelog Fragment Check	Setup Rust	2026-05-09T15:56:31.4655820Z   CARGO_REGISTRY_TOKEN: ***
Changelog Fragment Check	Setup Rust	2026-05-09T15:56:31.4656070Z   DOCKERHUB_IMAGE: konard/link-assistant-router
Changelog Fragment Check	Setup Rust	2026-05-09T15:56:31.4656359Z   CARGO_HOME: /home/runner/.cargo
Changelog Fragment Check	Setup Rust	2026-05-09T15:56:31.4656588Z   CARGO_INCREMENTAL: 0
Changelog Fragment Check	Setup Rust	2026-05-09T15:56:31.4656780Z ##[endgroup]
Changelog Fragment Check	Setup Rust	2026-05-09T15:56:31.4804779Z rustc 1.95.0 (59807616e 2026-04-14)
Changelog Fragment Check	Setup Rust	2026-05-09T15:56:31.4805663Z binary: rustc
Changelog Fragment Check	Setup Rust	2026-05-09T15:56:31.4806618Z commit-hash: 59807616e1fa2540724bfbac14d7976d7e4a3860
Changelog Fragment Check	Setup Rust	2026-05-09T15:56:31.4807475Z commit-date: 2026-04-14
Changelog Fragment Check	Setup Rust	2026-05-09T15:56:31.4807923Z host: x86_64-unknown-linux-gnu
Changelog Fragment Check	Setup Rust	2026-05-09T15:56:31.4808315Z release: 1.95.0
Changelog Fragment Check	Setup Rust	2026-05-09T15:56:31.4808655Z LLVM version: 22.1.2
Changelog Fragment Check	Install rust-script	﻿2026-05-09T15:56:31.4890428Z ##[group]Run cargo install rust-script
Changelog Fragment Check	Install rust-script	2026-05-09T15:56:31.4890775Z ^[[36;1mcargo install rust-script^[[0m
Changelog Fragment Check	Install rust-script	2026-05-09T15:56:31.4915365Z shell: /usr/bin/bash -e {0}
Changelog Fragment Check	Install rust-script	2026-05-09T15:56:31.4915627Z env:
Changelog Fragment Check	Install rust-script	2026-05-09T15:56:31.4915813Z   CARGO_TERM_COLOR: always
Changelog Fragment Check	Install rust-script	2026-05-09T15:56:31.4916041Z   RUSTFLAGS: -Dwarnings
Changelog Fragment Check	Install rust-script	2026-05-09T15:56:31.4916421Z   CARGO_REGISTRY_TOKEN: ***
Changelog Fragment Check	Install rust-script	2026-05-09T15:56:31.4916690Z   DOCKERHUB_IMAGE: konard/link-assistant-router
Changelog Fragment Check	Install rust-script	2026-05-09T15:56:31.4917259Z   CARGO_HOME: /home/runner/.cargo
Changelog Fragment Check	Install rust-script	2026-05-09T15:56:31.4917515Z   CARGO_INCREMENTAL: 0
Changelog Fragment Check	Install rust-script	2026-05-09T15:56:31.4917720Z ##[endgroup]
Changelog Fragment Check	Install rust-script	2026-05-09T15:56:31.5192841Z ^[[1m^[[92m    Updating^[[0m crates.io index
Changelog Fragment Check	Install rust-script	2026-05-09T15:56:31.5672047Z ^[[1m^[[92m Downloading^[[0m crates ...
Changelog Fragment Check	Install rust-script	2026-05-09T15:56:31.5968146Z ^[[1m^[[92m  Downloaded^[[0m rust-script v0.36.0
Changelog Fragment Check	Install rust-script	2026-05-09T15:56:31.6152047Z ^[[1m^[[92m  Installing^[[0m rust-script v0.36.0
Changelog Fragment Check	Install rust-script	2026-05-09T15:56:31.6293475Z ^[[1m^[[92m    Updating^[[0m crates.io index
Changelog Fragment Check	Install rust-script	2026-05-09T15:56:31.8618497Z ^[[1m^[[92m     Locking^[[0m 113 packages to latest compatible versions
Changelog Fragment Check	Install rust-script	2026-05-09T15:56:31.8648654Z ^[[1m^[[92m      Adding^[[0m generic-array v0.14.7 ^[[1m^[[33m(available: v0.14.9)^[[0m
Changelog Fragment Check	Install rust-script	2026-05-09T15:56:31.8735307Z ^[[1m^[[92m      Adding^[[0m sha1 v0.10.6 ^[[1m^[[33m(available: v0.11.0)^[[0m
Changelog Fragment Check	Install rust-script	2026-05-09T15:56:31.8754929Z ^[[1m^[[92m      Adding^[[0m toml v0.9.12+spec-1.1.0 ^[[1m^[[33m(available: v1.1.2+spec-1.1.0)^[[0m
Changelog Fragment Check	Install rust-script	2026-05-09T15:56:31.8781810Z ^[[1m^[[92m      Adding^[[0m winreg v0.55.0 ^[[1m^[[33m(available: v0.56.0)^[[0m
Changelog Fragment Check	Install rust-script	2026-05-09T15:56:31.8801449Z ^[[1m^[[92m Downloading^[[0m crates ...
Changelog Fragment Check	Install rust-script	2026-05-09T15:56:31.9096832Z ^[[1m^[[92m  Downloaded^[[0m block-buffer v0.10.4
Changelog Fragment Check	Install rust-script	2026-05-09T15:56:31.9162776Z ^[[1m^[[92m  Downloaded^[[0m aho-corasick v1.1.4
Changelog Fragment Check	Install rust-script	2026-05-09T15:56:31.9225752Z ^[[1m^[[92m  Downloaded^[[0m pulldown-cmark-escape v0.11.0
Changelog Fragment Check	Install rust-script	2026-05-09T15:56:31.9252112Z ^[[1m^[[92m  Downloaded^[[0m toml_datetime v0.7.5+spec-1.1.0
Changelog Fragment Check	Install rust-script	2026-05-09T15:56:31.9267725Z ^[[1m^[[92m  Downloaded^[[0m winnow v0.7.15
Changelog Fragment Check	Install rust-script	2026-05-09T15:56:31.9367300Z ^[[1m^[[92m  Downloaded^[[0m serde_core v1.0.228
Changelog Fragment Check	Install rust-script	2026-05-09T15:56:31.9399474Z ^[[1m^[[92m  Downloaded^[[0m tempfile v3.27.0
Changelog Fragment Check	Install rust-script	2026-05-09T15:56:31.9429238Z ^[[1m^[[92m  Downloaded^[[0m generic-array v0.14.7
Changelog Fragment Check	Install rust-script	2026-05-09T15:56:31.9447190Z ^[[1m^[[92m  Downloaded^[[0m is_terminal_polyfill v1.70.2
Changelog Fragment Check	Install rust-script	2026-05-09T15:56:31.9463005Z ^[[1m^[[92m  Downloaded^[[0m serde_spanned v1.1.1
Changelog Fragment Check	Install rust-script	2026-05-09T15:56:31.9477916Z ^[[1m^[[92m  Downloaded^[[0m version_check v0.9.5
Changelog Fragment Check	Install rust-script	2026-05-09T15:56:31.9495321Z ^[[1m^[[92m  Downloaded^[[0m dirs v6.0.0
Changelog Fragment Check	Install rust-script	2026-05-09T15:56:31.9513221Z ^[[1m^[[92m  Downloaded^[[0m anstyle-query v1.1.5
Changelog Fragment Check	Install rust-script	2026-05-09T15:56:31.9527855Z ^[[1m^[[92m  Downloaded^[[0m once_cell v1.21.4
Changelog Fragment Check	Install rust-script	2026-05-09T15:56:31.9558912Z ^[[1m^[[92m  Downloaded^[[0m toml_writer v1.1.1+spec-1.1.0
Changelog Fragment Check	Install rust-script	2026-05-09T15:56:31.9577532Z ^[[1m^[[92m  Downloaded^[[0m toml_parser v1.1.2+spec-1.1.0
Changelog Fragment Check	Install rust-script	2026-05-09T15:56:31.9606560Z ^[[1m^[[92m  Downloaded^[[0m typenum v1.20.0
Changelog Fragment Check	Install rust-script	2026-05-09T15:56:31.9648899Z ^[[1m^[[92m  Downloaded^[[0m unicase v2.9.0
Changelog Fragment Check	Install rust-script	2026-05-09T15:56:31.9670093Z ^[[1m^[[92m  Downloaded^[[0m getopts v0.2.24
Changelog Fragment Check	Install rust-script	2026-05-09T15:56:31.9690505Z ^[[1m^[[92m  Downloaded^[[0m pulldown-cmark v0.13.3
Changelog Fragment Check	Install rust-script	2026-05-09T15:56:31.9746451Z ^[[1m^[[92m  Downloaded^[[0m winnow v1.0.2
Changelog Fragment Check	Install rust-script	2026-05-09T15:56:31.9847654Z ^[[1m^[[92m  Downloaded^[[0m hashbrown v0.17.1
Changelog Fragment Check	Install rust-script	2026-05-09T15:56:31.9904300Z ^[[1m^[[92m  Downloaded^[[0m cpufeatures v0.2.17
Changelog Fragment Check	Install rust-script	2026-05-09T15:56:31.9922951Z ^[[1m^[[92m  Downloaded^[[0m cfg-if v1.0.4
Changelog Fragment Check	Install rust-script	2026-05-09T15:56:31.9942111Z ^[[1m^[[92m  Downloaded^[[0m unicode-width v0.2.2
Changelog Fragment Check	Install rust-script	2026-05-09T15:56:31.9999375Z ^[[1m^[[92m  Downloaded^[[0m crypto-common v0.1.7
Changelog Fragment Check	Install rust-script	2026-05-09T15:56:32.0010795Z ^[[1m^[[92m  Downloaded^[[0m indexmap v2.14.0
Changelog Fragment Check	Install rust-script	2026-05-09T15:56:32.0055943Z ^[[1m^[[92m  Downloaded^[[0m clap_builder v4.6.0
Changelog Fragment Check	Install rust-script	2026-05-09T15:56:32.0120401Z ^[[1m^[[92m  Downloaded^[[0m clap v4.6.1
Changelog Fragment Check	Install rust-script	2026-05-09T15:56:32.0215919Z ^[[1m^[[92m  Downloaded^[[0m regex-syntax v0.8.10
Changelog Fragment Check	Install rust-script	2026-05-09T15:56:32.0283927Z ^[[1m^[[92m  Downloaded^[[0m memchr v2.8.0
Changelog Fragment Check	Install rust-script	2026-05-09T15:56:32.0338682Z ^[[1m^[[92m  Downloaded^[[0m shell-words v1.1.1
Changelog Fragment Check	Install rust-script	2026-05-09T15:56:32.0352275Z ^[[1m^[[92m  Downloaded^[[0m option-ext v0.2.0
Changelog Fragment Check	Install rust-script	2026-05-09T15:56:32.0361800Z ^[[1m^[[92m  Downloaded^[[0m getrandom v0.4.2
Changelog Fragment Check	Install rust-script	2026-05-09T15:56:32.0403991Z ^[[1m^[[92m  Downloaded^[[0m env_logger v0.11.10
Changelog Fragment Check	Install rust-script	2026-05-09T15:56:32.0427672Z ^[[1m^[[92m  Downloaded^[[0m toml v0.9.12+spec-1.1.0
Changelog Fragment Check	Install rust-script	2026-05-09T15:56:32.0470135Z ^[[1m^[[92m  Downloaded^[[0m rustix v1.1.4
Changelog Fragment Check	Install rust-script	2026-05-09T15:56:32.0741920Z ^[[1m^[[92m  Downloaded^[[0m regex-automata v0.4.14
Changelog Fragment Check	Install rust-script	2026-05-09T15:56:32.0876543Z ^[[1m^[[92m  Downloaded^[[0m log v0.4.29
Changelog Fragment Check	Install rust-script	2026-05-09T15:56:32.0901373Z ^[[1m^[[92m  Downloaded^[[0m bitflags v2.11.1
Changelog Fragment Check	Install rust-script	2026-05-09T15:56:32.0944562Z ^[[1m^[[92m  Downloaded^[[0m anstyle-parse v1.0.0
Changelog Fragment Check	Install rust-script	2026-05-09T15:56:32.0961778Z ^[[1m^[[92m  Downloaded^[[0m strsim v0.11.1
Changelog Fragment Check	Install rust-script	2026-05-09T15:56:32.0974351Z ^[[1m^[[92m  Downloaded^[[0m fastrand v2.4.1
Changelog Fragment Check	Install rust-script	2026-05-09T15:56:32.0989413Z ^[[1m^[[92m  Downloaded^[[0m equivalent v1.0.2
Changelog Fragment Check	Install rust-script	2026-05-09T15:56:32.0999586Z ^[[1m^[[92m  Downloaded^[[0m env_filter v1.0.1
Changelog Fragment Check	Install rust-script	2026-05-09T15:56:32.1013759Z ^[[1m^[[92m  Downloaded^[[0m dirs-sys v0.5.0
Changelog Fragment Check	Install rust-script	2026-05-09T15:56:32.1029445Z ^[[1m^[[92m  Downloaded^[[0m colorchoice v1.0.5
Changelog Fragment Check	Install rust-script	2026-05-09T15:56:32.1038980Z ^[[1m^[[92m  Downloaded^[[0m errno v0.3.14
Changelog Fragment Check	Install rust-script	2026-05-09T15:56:32.1055653Z ^[[1m^[[92m  Downloaded^[[0m clap_lex v1.1.0
Changelog Fragment Check	Install rust-script	2026-05-09T15:56:32.1066375Z ^[[1m^[[92m  Downloaded^[[0m anstream v1.0.0
Changelog Fragment Check	Install rust-script	2026-05-09T15:56:32.1087156Z ^[[1m^[[92m  Downloaded^[[0m sha1 v0.10.6
Changelog Fragment Check	Install rust-script	2026-05-09T15:56:32.1103864Z ^[[1m^[[92m  Downloaded^[[0m regex v1.12.3
Changelog Fragment Check	Install rust-script	2026-05-09T15:56:32.1156289Z ^[[1m^[[92m  Downloaded^[[0m digest v0.10.7
Changelog Fragment Check	Install rust-script	2026-05-09T15:56:32.1174903Z ^[[1m^[[92m  Downloaded^[[0m anstyle v1.0.14
Changelog Fragment Check	Install rust-script	2026-05-09T15:56:32.1189582Z ^[[1m^[[92m  Downloaded^[[0m utf8parse v0.2.2
Changelog Fragment Check	Install rust-script	2026-05-09T15:56:32.1201024Z ^[[1m^[[92m  Downloaded^[[0m libc v0.2.186
Changelog Fragment Check	Install rust-script	2026-05-09T15:56:32.1589077Z ^[[1m^[[92m  Downloaded^[[0m jiff v0.2.24
Changelog Fragment Check	Install rust-script	2026-05-09T15:56:32.1839880Z ^[[1m^[[92m  Downloaded^[[0m linux-raw-sys v0.12.1
Changelog Fragment Check	Install rust-script	2026-05-09T15:56:32.2597880Z ^[[1m^[[92m   Compiling^[[0m version_check v0.9.5
Changelog Fragment Check	Install rust-script	2026-05-09T15:56:32.2598734Z ^[[1m^[[92m   Compiling^[[0m memchr v2.8.0
Changelog Fragment Check	Install rust-script	2026-05-09T15:56:32.2599761Z ^[[1m^[[92m   Compiling^[[0m libc v0.2.186
Changelog Fragment Check	Install rust-script	2026-05-09T15:56:32.2600713Z ^[[1m^[[92m   Compiling^[[0m utf8parse v0.2.2
Changelog Fragment Check	Install rust-script	2026-05-09T15:56:32.3050158Z ^[[1m^[[92m   Compiling^[[0m typenum v1.20.0
Changelog Fragment Check	Install rust-script	2026-05-09T15:56:32.4698211Z ^[[1m^[[92m   Compiling^[[0m generic-array v0.14.7
Changelog Fragment Check	Install rust-script	2026-05-09T15:56:32.5017239Z ^[[1m^[[92m   Compiling^[[0m serde_core v1.0.228
Changelog Fragment Check	Install rust-script	2026-05-09T15:56:32.6478263Z ^[[1m^[[92m   Compiling^[[0m anstyle-parse v1.0.0
Changelog Fragment Check	Install rust-script	2026-05-09T15:56:32.7768334Z ^[[1m^[[92m   Compiling^[[0m anstyle-query v1.1.5
Changelog Fragment Check	Install rust-script	2026-05-09T15:56:32.8518724Z ^[[1m^[[92m   Compiling^[[0m anstyle v1.0.14
Changelog Fragment Check	Install rust-script	2026-05-09T15:56:33.1474810Z ^[[1m^[[92m   Compiling^[[0m aho-corasick v1.1.4
Changelog Fragment Check	Install rust-script	2026-05-09T15:56:33.2528251Z ^[[1m^[[92m   Compiling^[[0m is_terminal_polyfill v1.70.2
Changelog Fragment Check	Install rust-script	2026-05-09T15:56:33.2828369Z ^[[1m^[[92m   Compiling^[[0m colorchoice v1.0.5
Changelog Fragment Check	Install rust-script	2026-05-09T15:56:33.3208337Z ^[[1m^[[92m   Compiling^[[0m regex-syntax v0.8.10
Changelog Fragment Check	Install rust-script	2026-05-09T15:56:33.4579029Z ^[[1m^[[92m   Compiling^[[0m anstream v1.0.0
Changelog Fragment Check	Install rust-script	2026-05-09T15:56:33.7588260Z ^[[1m^[[92m   Compiling^[[0m rustix v1.1.4
Changelog Fragment Check	Install rust-script	2026-05-09T15:56:33.9428152Z ^[[1m^[[92m   Compiling^[[0m getrandom v0.4.2
Changelog Fragment Check	Install rust-script	2026-05-09T15:56:34.0498163Z ^[[1m^[[92m   Compiling^[[0m bitflags v2.11.1
Changelog Fragment Check	Install rust-script	2026-05-09T15:56:34.2728111Z ^[[1m^[[92m   Compiling^[[0m cfg-if v1.0.4
Changelog Fragment Check	Install rust-script	2026-05-09T15:56:34.3558351Z ^[[1m^[[92m   Compiling^[[0m crypto-common v0.1.7
Changelog Fragment Check	Install rust-script	2026-05-09T15:56:34.4073479Z ^[[1m^[[92m   Compiling^[[0m block-buffer v0.10.4
Changelog Fragment Check	Install rust-script	2026-05-09T15:56:34.4828105Z ^[[1m^[[92m   Compiling^[[0m winnow v1.0.2
Changelog Fragment Check	Install rust-script	2026-05-09T15:56:34.8278349Z ^[[1m^[[92m   Compiling^[[0m option-ext v0.2.0
Changelog Fragment Check	Install rust-script	2026-05-09T15:56:34.8778492Z ^[[1m^[[92m   Compiling^[[0m linux-raw-sys v0.12.1
Changelog Fragment Check	Install rust-script	2026-05-09T15:56:35.2048256Z ^[[1m^[[92m   Compiling^[[0m regex-automata v0.4.14
Changelog Fragment Check	Install rust-script	2026-05-09T15:56:36.2050602Z ^[[1m^[[92m   Compiling^[[0m log v0.4.29
Changelog Fragment Check	Install rust-script	2026-05-09T15:56:36.2898843Z ^[[1m^[[92m   Compiling^[[0m pulldown-cmark v0.13.3
Changelog Fragment Check	Install rust-script	2026-05-09T15:56:36.3409414Z ^[[1m^[[92m   Compiling^[[0m strsim v0.11.1
Changelog Fragment Check	Install rust-script	2026-05-09T15:56:36.3598609Z ^[[1m^[[92m   Compiling^[[0m unicode-width v0.2.2
Changelog Fragment Check	Install rust-script	2026-05-09T15:56:36.5398604Z ^[[1m^[[92m   Compiling^[[0m clap_lex v1.1.0
Changelog Fragment Check	Install rust-script	2026-05-09T15:56:36.7358713Z ^[[1m^[[92m   Compiling^[[0m clap_builder v4.6.0
Changelog Fragment Check	Install rust-script	2026-05-09T15:56:36.8078404Z ^[[1m^[[92m   Compiling^[[0m getopts v0.2.24
Changelog Fragment Check	Install rust-script	2026-05-09T15:56:37.4162595Z ^[[1m^[[92m   Compiling^[[0m serde_spanned v1.1.1
Changelog Fragment Check	Install rust-script	2026-05-09T15:56:37.4348476Z ^[[1m^[[92m   Compiling^[[0m toml_datetime v0.7.5+spec-1.1.0
Changelog Fragment Check	Install rust-script	2026-05-09T15:56:37.7078831Z ^[[1m^[[92m   Compiling^[[0m regex v1.12.3
Changelog Fragment Check	Install rust-script	2026-05-09T15:56:38.5118328Z ^[[1m^[[92m   Compiling^[[0m env_filter v1.0.1
Changelog Fragment Check	Install rust-script	2026-05-09T15:56:39.0028314Z ^[[1m^[[92m   Compiling^[[0m dirs-sys v0.5.0
Changelog Fragment Check	Install rust-script	2026-05-09T15:56:39.2638397Z ^[[1m^[[92m   Compiling^[[0m toml_parser v1.1.2+spec-1.1.0
Changelog Fragment Check	Install rust-script	2026-05-09T15:56:39.5298111Z ^[[1m^[[92m   Compiling^[[0m digest v0.10.7
Changelog Fragment Check	Install rust-script	2026-05-09T15:56:39.7768212Z ^[[1m^[[92m   Compiling^[[0m unicase v2.9.0
Changelog Fragment Check	Install rust-script	2026-05-09T15:56:39.9208324Z ^[[1m^[[92m   Compiling^[[0m jiff v0.2.24
Changelog Fragment Check	Install rust-script	2026-05-09T15:56:40.1678842Z ^[[1m^[[92m   Compiling^[[0m pulldown-cmark-escape v0.11.0
Changelog Fragment Check	Install rust-script	2026-05-09T15:56:40.2246601Z ^[[1m^[[92m   Compiling^[[0m winnow v0.7.15
Changelog Fragment Check	Install rust-script	2026-05-09T15:56:41.5788371Z ^[[1m^[[92m   Compiling^[[0m fastrand v2.4.1
Changelog Fragment Check	Install rust-script	2026-05-09T15:56:41.7618981Z ^[[1m^[[92m   Compiling^[[0m once_cell v1.21.4
Changelog Fragment Check	Install rust-script	2026-05-09T15:56:41.9118424Z ^[[1m^[[92m   Compiling^[[0m toml_writer v1.1.1+spec-1.1.0
Changelog Fragment Check	Install rust-script	2026-05-09T15:56:42.0738166Z ^[[1m^[[92m   Compiling^[[0m cpufeatures v0.2.17
Changelog Fragment Check	Install rust-script	2026-05-09T15:56:42.0913567Z ^[[1m^[[92m   Compiling^[[0m sha1 v0.10.6
Changelog Fragment Check	Install rust-script	2026-05-09T15:56:42.0948489Z ^[[1m^[[92m   Compiling^[[0m toml v0.9.12+spec-1.1.0
Changelog Fragment Check	Install rust-script	2026-05-09T15:56:42.2708292Z ^[[1m^[[92m   Compiling^[[0m tempfile v3.27.0
Changelog Fragment Check	Install rust-script	2026-05-09T15:56:42.7548308Z ^[[1m^[[92m   Compiling^[[0m dirs v6.0.0
Changelog Fragment Check	Install rust-script	2026-05-09T15:56:42.8188352Z ^[[1m^[[92m   Compiling^[[0m clap v4.6.1
Changelog Fragment Check	Install rust-script	2026-05-09T15:56:42.8488316Z ^[[1m^[[92m   Compiling^[[0m shell-words v1.1.1
Changelog Fragment Check	Install rust-script	2026-05-09T15:56:43.6818185Z ^[[1m^[[92m   Compiling^[[0m env_logger v0.11.10
Changelog Fragment Check	Install rust-script	2026-05-09T15:56:44.8517804Z ^[[1m^[[92m   Compiling^[[0m rust-script v0.36.0
Changelog Fragment Check	Install rust-script	2026-05-09T15:57:04.4344618Z ^[[1m^[[92m    Finished^[[0m `release` profile [optimized] target(s) in 32.93s
Changelog Fragment Check	Install rust-script	2026-05-09T15:57:04.4586286Z ^[[1m^[[92m  Installing^[[0m /home/runner/.cargo/bin/rust-script
Changelog Fragment Check	Install rust-script	2026-05-09T15:57:04.4589859Z ^[[1m^[[92m   Installed^[[0m package `rust-script v0.36.0` (executable `rust-script`)
Changelog Fragment Check	Check for changelog fragments	﻿2026-05-09T15:57:04.4882598Z ##[group]Run rust-script scripts/check-changelog-fragment.rs
Changelog Fragment Check	Check for changelog fragments	2026-05-09T15:57:04.4883045Z ^[[36;1mrust-script scripts/check-changelog-fragment.rs^[[0m
Changelog Fragment Check	Check for changelog fragments	2026-05-09T15:57:04.4904926Z shell: /usr/bin/bash -e {0}
Changelog Fragment Check	Check for changelog fragments	2026-05-09T15:57:04.4905161Z env:
Changelog Fragment Check	Check for changelog fragments	2026-05-09T15:57:04.4905335Z   CARGO_TERM_COLOR: always
Changelog Fragment Check	Check for changelog fragments	2026-05-09T15:57:04.4905551Z   RUSTFLAGS: -Dwarnings
Changelog Fragment Check	Check for changelog fragments	2026-05-09T15:57:04.4906105Z   CARGO_REGISTRY_TOKEN: ***
Changelog Fragment Check	Check for changelog fragments	2026-05-09T15:57:04.4906376Z   DOCKERHUB_IMAGE: konard/link-assistant-router
Changelog Fragment Check	Check for changelog fragments	2026-05-09T15:57:04.4906660Z   CARGO_HOME: /home/runner/.cargo
Changelog Fragment Check	Check for changelog fragments	2026-05-09T15:57:04.4906886Z   CARGO_INCREMENTAL: 0
Changelog Fragment Check	Check for changelog fragments	2026-05-09T15:57:04.4907365Z   GITHUB_BASE_REF: main
Changelog Fragment Check	Check for changelog fragments	2026-05-09T15:57:04.4907560Z ##[endgroup]
Changelog Fragment Check	Check for changelog fragments	2026-05-09T15:57:12.9060622Z Comparing against origin/main...HEAD
Changelog Fragment Check	Check for changelog fragments	2026-05-09T15:57:12.9061238Z Checking for changelog fragment in PR diff...
Changelog Fragment Check	Check for changelog fragments	2026-05-09T15:57:12.9061940Z
Changelog Fragment Check	Check for changelog fragments	2026-05-09T15:57:12.9078997Z Changed files:
Changelog Fragment Check	Check for changelog fragments	2026-05-09T15:57:12.9079345Z   Cargo.lock
Changelog Fragment Check	Check for changelog fragments	2026-05-09T15:57:12.9079615Z   Dockerfile
Changelog Fragment Check	Check for changelog fragments	2026-05-09T15:57:12.9080021Z   changelog.d/20260509_152500_fix_docker_builder_toolchain.md
Changelog Fragment Check	Check for changelog fragments	2026-05-09T15:57:12.9080473Z   docs/case-studies/issue-25/README.md
Changelog Fragment Check	Check for changelog fragments	2026-05-09T15:57:12.9080798Z   docs/case-studies/issue-25/ci-logs/ci-run-25604352544.log
Changelog Fragment Check	Check for changelog fragments	2026-05-09T15:57:12.9081219Z   docs/case-studies/issue-25/ci-logs/follow-up/ci-run-25605006038.log
Changelog Fragment Check	Check for changelog fragments	2026-05-09T15:57:12.9081596Z   docs/case-studies/issue-25/online-research.md
Changelog Fragment Check	Check for changelog fragments	2026-05-09T15:57:12.9082028Z   docs/case-studies/issue-25/raw/artifacts/link-assistant-router-XJESUT.dockerbuild
Changelog Fragment Check	Check for changelog fragments	2026-05-09T15:57:12.9082592Z   docs/case-studies/issue-25/raw/artifacts/link-assistant-router-XJESUT.dockerbuild.json
Changelog Fragment Check	Check for changelog fragments	2026-05-09T15:57:12.9083080Z   docs/case-studies/issue-25/raw/ci-run-25604352544.json
Changelog Fragment Check	Check for changelog fragments	2026-05-09T15:57:12.9083406Z   docs/case-studies/issue-25/raw/ci-run-25605006038.json
Changelog Fragment Check	Check for changelog fragments	2026-05-09T15:57:12.9083747Z   docs/case-studies/issue-25/raw/csharp-template-release.yml
Changelog Fragment Check	Check for changelog fragments	2026-05-09T15:57:12.9084111Z   docs/case-studies/issue-25/raw/csharp-template-tree.json
Changelog Fragment Check	Check for changelog fragments	2026-05-09T15:57:12.9084496Z   docs/case-studies/issue-25/raw/docker-official-rust-image-tags.txt
Changelog Fragment Check	Check for changelog fragments	2026-05-09T15:57:12.9084864Z   docs/case-studies/issue-25/raw/issue-25.json
Changelog Fragment Check	Check for changelog fragments	2026-05-09T15:57:12.9085175Z   docs/case-studies/issue-25/raw/js-template-release.yml
Changelog Fragment Check	Check for changelog fragments	2026-05-09T15:57:12.9085510Z   docs/case-studies/issue-25/raw/js-template-tree.json
Changelog Fragment Check	Check for changelog fragments	2026-05-09T15:57:12.9085870Z   docs/case-studies/issue-25/raw/python-template-release.yml
Changelog Fragment Check	Check for changelog fragments	2026-05-09T15:57:12.9086243Z   docs/case-studies/issue-25/raw/python-template-tree.json
Changelog Fragment Check	Check for changelog fragments	2026-05-09T15:57:12.9086567Z   docs/case-studies/issue-25/raw/recent-runs.json
Changelog Fragment Check	Check for changelog fragments	2026-05-09T15:57:12.9086867Z   docs/case-studies/issue-25/raw/router-tree.json
Changelog Fragment Check	Check for changelog fragments	2026-05-09T15:57:12.9087462Z   docs/case-studies/issue-25/raw/rust-template-release.yml
Changelog Fragment Check	Check for changelog fragments	2026-05-09T15:57:12.9087822Z   docs/case-studies/issue-25/raw/rust-template-tree.json
Changelog Fragment Check	Check for changelog fragments	2026-05-09T15:57:12.9088179Z   docs/case-studies/issue-25/raw/template-ci-file-trees.txt
Changelog Fragment Check	Check for changelog fragments	2026-05-09T15:57:12.9088498Z   docs/case-studies/issue-25/requirements.md
Changelog Fragment Check	Check for changelog fragments	2026-05-09T15:57:12.9088790Z   docs/case-studies/issue-25/template-comparison.md
Changelog Fragment Check	Check for changelog fragments	2026-05-09T15:57:12.9089081Z   tests/release_workflow_test.rs
Changelog Fragment Check	Check for changelog fragments	2026-05-09T15:57:12.9089230Z
Changelog Fragment Check	Check for changelog fragments	2026-05-09T15:57:12.9091834Z Source files changed: 1
Changelog Fragment Check	Check for changelog fragments	2026-05-09T15:57:12.9092191Z   tests/release_workflow_test.rs
Changelog Fragment Check	Check for changelog fragments	2026-05-09T15:57:12.9092442Z
Changelog Fragment Check	Check for changelog fragments	2026-05-09T15:57:12.9092582Z Changelog fragments added: 1
Changelog Fragment Check	Check for changelog fragments	2026-05-09T15:57:12.9092899Z   changelog.d/20260509_152500_fix_docker_builder_toolchain.md
Changelog Fragment Check	Check for changelog fragments	2026-05-09T15:57:12.9093209Z
Changelog Fragment Check	Check for changelog fragments	2026-05-09T15:57:12.9093497Z Changelog check passed (source files changed: 1, fragments added: 1)
Changelog Fragment Check	Post Run actions/checkout@v4	﻿2026-05-09T15:57:12.9238914Z Post job cleanup.
Changelog Fragment Check	Post Run actions/checkout@v4	2026-05-09T15:57:13.0219950Z [command]/usr/bin/git version
Changelog Fragment Check	Post Run actions/checkout@v4	2026-05-09T15:57:13.0262335Z git version 2.53.0
Changelog Fragment Check	Post Run actions/checkout@v4	2026-05-09T15:57:13.0307232Z Temporarily overriding HOME='/home/runner/work/_temp/1861ff4a-f233-4552-9e7e-d6002005f876' before making global git config changes
Changelog Fragment Check	Post Run actions/checkout@v4	2026-05-09T15:57:13.0308579Z Adding repository directory to the temporary git global config as a safe directory
Changelog Fragment Check	Post Run actions/checkout@v4	2026-05-09T15:57:13.0313476Z [command]/usr/bin/git config --global --add safe.directory /home/runner/work/router/router
Changelog Fragment Check	Post Run actions/checkout@v4	2026-05-09T15:57:13.0346493Z [command]/usr/bin/git config --local --name-only --get-regexp core\.sshCommand
Changelog Fragment Check	Post Run actions/checkout@v4	2026-05-09T15:57:13.0378464Z [command]/usr/bin/git submodule foreach --recursive sh -c "git config --local --name-only --get-regexp 'core\.sshCommand' && git config --local --unset-all 'core.sshCommand' || :"
Changelog Fragment Check	Post Run actions/checkout@v4	2026-05-09T15:57:13.0596190Z [command]/usr/bin/git config --local --name-only --get-regexp http\.https\:\/\/github\.com\/\.extraheader
Changelog Fragment Check	Post Run actions/checkout@v4	2026-05-09T15:57:13.0616215Z http.https://github.com/.extraheader
Changelog Fragment Check	Post Run actions/checkout@v4	2026-05-09T15:57:13.0629152Z [command]/usr/bin/git config --local --unset-all http.https://github.com/.extraheader
Changelog Fragment Check	Post Run actions/checkout@v4	2026-05-09T15:57:13.0658183Z [command]/usr/bin/git submodule foreach --recursive sh -c "git config --local --name-only --get-regexp 'http\.https\:\/\/github\.com\/\.extraheader' && git config --local --unset-all 'http.https://github.com/.extraheader' || :"
Changelog Fragment Check	Post Run actions/checkout@v4	2026-05-09T15:57:13.0873208Z [command]/usr/bin/git config --local --name-only --get-regexp ^includeIf\.gitdir:
Changelog Fragment Check	Post Run actions/checkout@v4	2026-05-09T15:57:13.0903161Z [command]/usr/bin/git submodule foreach --recursive git config --local --show-origin --name-only --get-regexp remote.origin.url
Changelog Fragment Check	Complete job	﻿2026-05-09T15:57:13.1264743Z Cleaning up orphan processes
Changelog Fragment Check	Complete job	2026-05-09T15:57:13.1547303Z ##[warning]Node.js 20 actions are deprecated. The following actions are running on Node.js 20 and may not work as expected: actions/checkout@v4. Actions will be forced to run with Node.js 24 by default starting June 2nd, 2026. Node.js 20 will be removed from the runner on September 16th, 2026. Please check if updated versions of these actions are available that support Node.js 24. To opt into Node.js 24 now, set the FORCE_JAVASCRIPT_ACTIONS_TO_NODE24=true environment variable on the runner or in your workflow file. Once Node.js 24 becomes the default, you can temporarily opt out by setting ACTIONS_ALLOW_USE_UNSECURE_NODE_VERSION=true. For more information see: https://github.blog/changelog/2025-09-19-deprecation-of-node-20-on-github-actions-runners/
Test (ubuntu-latest)	Set up job	﻿2026-05-09T15:57:17.8817814Z Current runner version: '2.334.0'
Test (ubuntu-latest)	Set up job	2026-05-09T15:57:17.8843136Z ##[group]Runner Image Provisioner
Test (ubuntu-latest)	Set up job	2026-05-09T15:57:17.8844346Z Hosted Compute Agent
Test (ubuntu-latest)	Set up job	2026-05-09T15:57:17.8844934Z Version: 20260213.493
Test (ubuntu-latest)	Set up job	2026-05-09T15:57:17.8845541Z Commit: 5c115507f6dd24b8de37d8bbe0bb4509d0cc0fa3
Test (ubuntu-latest)	Set up job	2026-05-09T15:57:17.8846341Z Build Date: 2026-02-13T00:28:41Z
Test (ubuntu-latest)	Set up job	2026-05-09T15:57:17.8846986Z Worker ID: {c28aa286-b28f-4d43-8c59-c5ce98b9ac6c}
Test (ubuntu-latest)	Set up job	2026-05-09T15:57:17.8847719Z Azure Region: westcentralus
Test (ubuntu-latest)	Set up job	2026-05-09T15:57:17.8848414Z ##[endgroup]
Test (ubuntu-latest)	Set up job	2026-05-09T15:57:17.8849650Z ##[group]Operating System
Test (ubuntu-latest)	Set up job	2026-05-09T15:57:17.8850261Z Ubuntu
Test (ubuntu-latest)	Set up job	2026-05-09T15:57:17.8850834Z 24.04.4
Test (ubuntu-latest)	Set up job	2026-05-09T15:57:17.8851276Z LTS
Test (ubuntu-latest)	Set up job	2026-05-09T15:57:17.8851777Z ##[endgroup]
Test (ubuntu-latest)	Set up job	2026-05-09T15:57:17.8852324Z ##[group]Runner Image
Test (ubuntu-latest)	Set up job	2026-05-09T15:57:17.8852918Z Image: ubuntu-24.04
Test (ubuntu-latest)	Set up job	2026-05-09T15:57:17.8853664Z Version: 20260413.86.1
Test (ubuntu-latest)	Set up job	2026-05-09T15:57:17.8854675Z Included Software: https://github.com/actions/runner-images/blob/ubuntu24/20260413.86/images/ubuntu/Ubuntu2404-Readme.md
Test (ubuntu-latest)	Set up job	2026-05-09T15:57:17.8856420Z Image Release: https://github.com/actions/runner-images/releases/tag/ubuntu24%2F20260413.86
Test (ubuntu-latest)	Set up job	2026-05-09T15:57:17.8857430Z ##[endgroup]
Test (ubuntu-latest)	Set up job	2026-05-09T15:57:17.8860184Z ##[group]GITHUB_TOKEN Permissions
Test (ubuntu-latest)	Set up job	2026-05-09T15:57:17.8862318Z Actions: write
Test (ubuntu-latest)	Set up job	2026-05-09T15:57:17.8862940Z ArtifactMetadata: write
Test (ubuntu-latest)	Set up job	2026-05-09T15:57:17.8863710Z Attestations: write
Test (ubuntu-latest)	Set up job	2026-05-09T15:57:17.8864298Z Checks: write
Test (ubuntu-latest)	Set up job	2026-05-09T15:57:17.8864849Z Contents: write
Test (ubuntu-latest)	Set up job	2026-05-09T15:57:17.8865346Z Deployments: write
Test (ubuntu-latest)	Set up job	2026-05-09T15:57:17.8865929Z Discussions: write
Test (ubuntu-latest)	Set up job	2026-05-09T15:57:17.8866484Z Issues: write
Test (ubuntu-latest)	Set up job	2026-05-09T15:57:17.8866960Z Metadata: read
Test (ubuntu-latest)	Set up job	2026-05-09T15:57:17.8867549Z Models: read
Test (ubuntu-latest)	Set up job	2026-05-09T15:57:17.8868050Z Packages: write
Test (ubuntu-latest)	Set up job	2026-05-09T15:57:17.8868588Z Pages: write
Test (ubuntu-latest)	Set up job	2026-05-09T15:57:17.8869230Z PullRequests: write
Test (ubuntu-latest)	Set up job	2026-05-09T15:57:17.8869773Z RepositoryProjects: write
Test (ubuntu-latest)	Set up job	2026-05-09T15:57:17.8870369Z SecurityEvents: write
Test (ubuntu-latest)	Set up job	2026-05-09T15:57:17.8870982Z Statuses: write
Test (ubuntu-latest)	Set up job	2026-05-09T15:57:17.8871527Z VulnerabilityAlerts: read
Test (ubuntu-latest)	Set up job	2026-05-09T15:57:17.8872137Z ##[endgroup]
Test (ubuntu-latest)	Set up job	2026-05-09T15:57:17.8874562Z Secret source: Actions
Test (ubuntu-latest)	Set up job	2026-05-09T15:57:17.8875276Z Prepare workflow directory
Test (ubuntu-latest)	Set up job	2026-05-09T15:57:17.9448450Z Prepare all required actions
Test (ubuntu-latest)	Set up job	2026-05-09T15:57:17.9485529Z Getting action download info
Test (ubuntu-latest)	Set up job	2026-05-09T15:57:18.3547082Z Download action repository 'actions/checkout@v4' (SHA:34e114876b0b11c390a56381ad16ebd13914f8d5)
Test (ubuntu-latest)	Set up job	2026-05-09T15:57:18.4540628Z Download action repository 'dtolnay/rust-toolchain@stable' (SHA:29eef336d9b2848a0b548edc03f92a220660cdb8)
Test (ubuntu-latest)	Set up job	2026-05-09T15:57:18.6785042Z Download action repository 'actions/cache@v4' (SHA:0057852bfaa89a56745cba8c7296529d2fc39830)
Test (ubuntu-latest)	Set up job	2026-05-09T15:57:18.8964554Z Complete job name: Test (ubuntu-latest)
Test (ubuntu-latest)	Run actions/checkout@v4	﻿2026-05-09T15:57:18.9630637Z ##[group]Run actions/checkout@v4
Test (ubuntu-latest)	Run actions/checkout@v4	2026-05-09T15:57:18.9631547Z with:
Test (ubuntu-latest)	Run actions/checkout@v4	2026-05-09T15:57:18.9631988Z   repository: link-assistant/router
Test (ubuntu-latest)	Run actions/checkout@v4	2026-05-09T15:57:18.9632760Z   token: ***
Test (ubuntu-latest)	Run actions/checkout@v4	2026-05-09T15:57:18.9633186Z   ssh-strict: true
Test (ubuntu-latest)	Run actions/checkout@v4	2026-05-09T15:57:18.9633819Z   ssh-user: git
Test (ubuntu-latest)	Run actions/checkout@v4	2026-05-09T15:57:18.9634280Z   persist-credentials: true
Test (ubuntu-latest)	Run actions/checkout@v4	2026-05-09T15:57:18.9634768Z   clean: true
Test (ubuntu-latest)	Run actions/checkout@v4	2026-05-09T15:57:18.9635192Z   sparse-checkout-cone-mode: true
Test (ubuntu-latest)	Run actions/checkout@v4	2026-05-09T15:57:18.9635717Z   fetch-depth: 1
Test (ubuntu-latest)	Run actions/checkout@v4	2026-05-09T15:57:18.9636132Z   fetch-tags: false
Test (ubuntu-latest)	Run actions/checkout@v4	2026-05-09T15:57:18.9636632Z   show-progress: true
Test (ubuntu-latest)	Run actions/checkout@v4	2026-05-09T15:57:18.9637066Z   lfs: false
Test (ubuntu-latest)	Run actions/checkout@v4	2026-05-09T15:57:18.9637456Z   submodules: false
Test (ubuntu-latest)	Run actions/checkout@v4	2026-05-09T15:57:18.9637899Z   set-safe-directory: true
Test (ubuntu-latest)	Run actions/checkout@v4	2026-05-09T15:57:18.9638576Z env:
Test (ubuntu-latest)	Run actions/checkout@v4	2026-05-09T15:57:18.9638969Z   CARGO_TERM_COLOR: always
Test (ubuntu-latest)	Run actions/checkout@v4	2026-05-09T15:57:18.9639456Z   RUSTFLAGS: -Dwarnings
Test (ubuntu-latest)	Run actions/checkout@v4	2026-05-09T15:57:18.9640091Z   CARGO_REGISTRY_TOKEN: ***
Test (ubuntu-latest)	Run actions/checkout@v4	2026-05-09T15:57:18.9640635Z   DOCKERHUB_IMAGE: konard/link-assistant-router
Test (ubuntu-latest)	Run actions/checkout@v4	2026-05-09T15:57:18.9641277Z ##[endgroup]
Test (ubuntu-latest)	Run actions/checkout@v4	2026-05-09T15:57:19.0747448Z Syncing repository: link-assistant/router
Test (ubuntu-latest)	Run actions/checkout@v4	2026-05-09T15:57:19.0749645Z ##[group]Getting Git version info
Test (ubuntu-latest)	Run actions/checkout@v4	2026-05-09T15:57:19.0750368Z Working directory is '/home/runner/work/router/router'
Test (ubuntu-latest)	Run actions/checkout@v4	2026-05-09T15:57:19.0751337Z [command]/usr/bin/git version
Test (ubuntu-latest)	Run actions/checkout@v4	2026-05-09T15:57:19.0799116Z git version 2.53.0
Test (ubuntu-latest)	Run actions/checkout@v4	2026-05-09T15:57:19.0823675Z ##[endgroup]
Test (ubuntu-latest)	Run actions/checkout@v4	2026-05-09T15:57:19.0838291Z Temporarily overriding HOME='/home/runner/work/_temp/5b661e73-2fcc-4370-8d1e-d91958cce59c' before making global git config changes
Test (ubuntu-latest)	Run actions/checkout@v4	2026-05-09T15:57:19.0843860Z Adding repository directory to the temporary git global config as a safe directory
Test (ubuntu-latest)	Run actions/checkout@v4	2026-05-09T15:57:19.0845223Z [command]/usr/bin/git config --global --add safe.directory /home/runner/work/router/router
Test (ubuntu-latest)	Run actions/checkout@v4	2026-05-09T15:57:19.0877662Z Deleting the contents of '/home/runner/work/router/router'
Test (ubuntu-latest)	Run actions/checkout@v4	2026-05-09T15:57:19.0881201Z ##[group]Initializing the repository
Test (ubuntu-latest)	Run actions/checkout@v4	2026-05-09T15:57:19.0885847Z [command]/usr/bin/git init /home/runner/work/router/router
Test (ubuntu-latest)	Run actions/checkout@v4	2026-05-09T15:57:19.0967495Z hint: Using 'master' as the name for the initial branch. This default branch name
Test (ubuntu-latest)	Run actions/checkout@v4	2026-05-09T15:57:19.0969359Z hint: will change to "main" in Git 3.0. To configure the initial branch name
Test (ubuntu-latest)	Run actions/checkout@v4	2026-05-09T15:57:19.0971035Z hint: to use in all of your new repositories, which will suppress this warning,
Test (ubuntu-latest)	Run actions/checkout@v4	2026-05-09T15:57:19.0972373Z hint: call:
Test (ubuntu-latest)	Run actions/checkout@v4	2026-05-09T15:57:19.0973017Z hint:
Test (ubuntu-latest)	Run actions/checkout@v4	2026-05-09T15:57:19.0974102Z hint: 	git config --global init.defaultBranch <name>
Test (ubuntu-latest)	Run actions/checkout@v4	2026-05-09T15:57:19.0975159Z hint:
Test (ubuntu-latest)	Run actions/checkout@v4	2026-05-09T15:57:19.0976150Z hint: Names commonly chosen instead of 'master' are 'main', 'trunk' and
Test (ubuntu-latest)	Run actions/checkout@v4	2026-05-09T15:57:19.0977736Z hint: 'development'. The just-created branch can be renamed via this command:
Test (ubuntu-latest)	Run actions/checkout@v4	2026-05-09T15:57:19.0978961Z hint:
Test (ubuntu-latest)	Run actions/checkout@v4	2026-05-09T15:57:19.0979652Z hint: 	git branch -m <name>
Test (ubuntu-latest)	Run actions/checkout@v4	2026-05-09T15:57:19.0980436Z hint:
Test (ubuntu-latest)	Run actions/checkout@v4	2026-05-09T15:57:19.0981519Z hint: Disable this message with "git config set advice.defaultBranchName false"
Test (ubuntu-latest)	Run actions/checkout@v4	2026-05-09T15:57:19.0983584Z Initialized empty Git repository in /home/runner/work/router/router/.git/
Test (ubuntu-latest)	Run actions/checkout@v4	2026-05-09T15:57:19.0986420Z [command]/usr/bin/git remote add origin https://github.com/link-assistant/router
Test (ubuntu-latest)	Run actions/checkout@v4	2026-05-09T15:57:19.1015807Z ##[endgroup]
Test (ubuntu-latest)	Run actions/checkout@v4	2026-05-09T15:57:19.1017073Z ##[group]Disabling automatic garbage collection
Test (ubuntu-latest)	Run actions/checkout@v4	2026-05-09T15:57:19.1021070Z [command]/usr/bin/git config --local gc.auto 0
Test (ubuntu-latest)	Run actions/checkout@v4	2026-05-09T15:57:19.1050853Z ##[endgroup]
Test (ubuntu-latest)	Run actions/checkout@v4	2026-05-09T15:57:19.1052060Z ##[group]Setting up auth
Test (ubuntu-latest)	Run actions/checkout@v4	2026-05-09T15:57:19.1058846Z [command]/usr/bin/git config --local --name-only --get-regexp core\.sshCommand
Test (ubuntu-latest)	Run actions/checkout@v4	2026-05-09T15:57:19.1090997Z [command]/usr/bin/git submodule foreach --recursive sh -c "git config --local --name-only --get-regexp 'core\.sshCommand' && git config --local --unset-all 'core.sshCommand' || :"
Test (ubuntu-latest)	Run actions/checkout@v4	2026-05-09T15:57:19.1388047Z [command]/usr/bin/git config --local --name-only --get-regexp http\.https\:\/\/github\.com\/\.extraheader
Test (ubuntu-latest)	Run actions/checkout@v4	2026-05-09T15:57:19.1420445Z [command]/usr/bin/git submodule foreach --recursive sh -c "git config --local --name-only --get-regexp 'http\.https\:\/\/github\.com\/\.extraheader' && git config --local --unset-all 'http.https://github.com/.extraheader' || :"
Test (ubuntu-latest)	Run actions/checkout@v4	2026-05-09T15:57:19.1659581Z [command]/usr/bin/git config --local --name-only --get-regexp ^includeIf\.gitdir:
Test (ubuntu-latest)	Run actions/checkout@v4	2026-05-09T15:57:19.1691467Z [command]/usr/bin/git submodule foreach --recursive git config --local --show-origin --name-only --get-regexp remote.origin.url
Test (ubuntu-latest)	Run actions/checkout@v4	2026-05-09T15:57:19.1929952Z [command]/usr/bin/git config --local http.https://github.com/.extraheader AUTHORIZATION: basic ***
Test (ubuntu-latest)	Run actions/checkout@v4	2026-05-09T15:57:19.1966689Z ##[endgroup]
Test (ubuntu-latest)	Run actions/checkout@v4	2026-05-09T15:57:19.1967672Z ##[group]Fetching the repository
Test (ubuntu-latest)	Run actions/checkout@v4	2026-05-09T15:57:19.1975043Z [command]/usr/bin/git -c protocol.version=2 fetch --no-tags --prune --no-recurse-submodules --depth=1 origin +e9692c509449e98bfd3bc6c9ad427480ee4f6de9:refs/remotes/pull/26/merge
Test (ubuntu-latest)	Run actions/checkout@v4	2026-05-09T15:57:19.9505204Z From https://github.com/link-assistant/router
Test (ubuntu-latest)	Run actions/checkout@v4	2026-05-09T15:57:19.9507195Z  * [new ref]         e9692c509449e98bfd3bc6c9ad427480ee4f6de9 -> pull/26/merge
Test (ubuntu-latest)	Run actions/checkout@v4	2026-05-09T15:57:19.9545787Z ##[endgroup]
Test (ubuntu-latest)	Run actions/checkout@v4	2026-05-09T15:57:19.9553282Z ##[group]Determining the checkout info
Test (ubuntu-latest)	Run actions/checkout@v4	2026-05-09T15:57:19.9555510Z ##[endgroup]
Test (ubuntu-latest)	Run actions/checkout@v4	2026-05-09T15:57:19.9556591Z [command]/usr/bin/git sparse-checkout disable
Test (ubuntu-latest)	Run actions/checkout@v4	2026-05-09T15:57:19.9586018Z [command]/usr/bin/git config --local --unset-all extensions.worktreeConfig
Test (ubuntu-latest)	Run actions/checkout@v4	2026-05-09T15:57:19.9618543Z ##[group]Checking out the ref
Test (ubuntu-latest)	Run actions/checkout@v4	2026-05-09T15:57:19.9622831Z [command]/usr/bin/git checkout --progress --force refs/remotes/pull/26/merge
Test (ubuntu-latest)	Run actions/checkout@v4	2026-05-09T15:57:19.9859521Z Note: switching to 'refs/remotes/pull/26/merge'.
Test (ubuntu-latest)	Run actions/checkout@v4	2026-05-09T15:57:19.9860774Z
Test (ubuntu-latest)	Run actions/checkout@v4	2026-05-09T15:57:19.9861623Z You are in 'detached HEAD' state. You can look around, make experimental
Test (ubuntu-latest)	Run actions/checkout@v4	2026-05-09T15:57:19.9863870Z changes and commit them, and you can discard any commits you make in this
Test (ubuntu-latest)	Run actions/checkout@v4	2026-05-09T15:57:19.9865813Z state without impacting any branches by switching back to a branch.
Test (ubuntu-latest)	Run actions/checkout@v4	2026-05-09T15:57:19.9866999Z
Test (ubuntu-latest)	Run actions/checkout@v4	2026-05-09T15:57:19.9867926Z If you want to create a new branch to retain commits you create, you may
Test (ubuntu-latest)	Run actions/checkout@v4	2026-05-09T15:57:19.9869708Z do so (now or later) by using -c with the switch command. Example:
Test (ubuntu-latest)	Run actions/checkout@v4	2026-05-09T15:57:19.9870899Z
Test (ubuntu-latest)	Run actions/checkout@v4	2026-05-09T15:57:19.9871251Z   git switch -c <new-branch-name>
Test (ubuntu-latest)	Run actions/checkout@v4	2026-05-09T15:57:19.9871993Z
Test (ubuntu-latest)	Run actions/checkout@v4	2026-05-09T15:57:19.9872401Z Or undo this operation with:
Test (ubuntu-latest)	Run actions/checkout@v4	2026-05-09T15:57:19.9873269Z
Test (ubuntu-latest)	Run actions/checkout@v4	2026-05-09T15:57:19.9873845Z   git switch -
Test (ubuntu-latest)	Run actions/checkout@v4	2026-05-09T15:57:19.9874510Z
Test (ubuntu-latest)	Run actions/checkout@v4	2026-05-09T15:57:19.9875519Z Turn off this advice by setting config variable advice.detachedHead to false
Test (ubuntu-latest)	Run actions/checkout@v4	2026-05-09T15:57:19.9877054Z
Test (ubuntu-latest)	Run actions/checkout@v4	2026-05-09T15:57:19.9878873Z HEAD is now at e9692c5 Merge 79b6dd6bc499c0effbb7d27f0eb02d74f41a4a07 into 32be51c7464978cfb12e66692bfe04b8849db236
Test (ubuntu-latest)	Run actions/checkout@v4	2026-05-09T15:57:19.9884262Z ##[endgroup]
Test (ubuntu-latest)	Run actions/checkout@v4	2026-05-09T15:57:19.9909804Z [command]/usr/bin/git log -1 --format=%H
Test (ubuntu-latest)	Run actions/checkout@v4	2026-05-09T15:57:19.9934071Z e9692c509449e98bfd3bc6c9ad427480ee4f6de9
Test (ubuntu-latest)	Setup Rust	﻿2026-05-09T15:57:20.0597798Z ##[group]Run dtolnay/rust-toolchain@stable
Test (ubuntu-latest)	Setup Rust	2026-05-09T15:57:20.0599016Z with:
Test (ubuntu-latest)	Setup Rust	2026-05-09T15:57:20.0599813Z   toolchain: stable
Test (ubuntu-latest)	Setup Rust	2026-05-09T15:57:20.0600672Z env:
Test (ubuntu-latest)	Setup Rust	2026-05-09T15:57:20.0601470Z   CARGO_TERM_COLOR: always
Test (ubuntu-latest)	Setup Rust	2026-05-09T15:57:20.0602459Z   RUSTFLAGS: -Dwarnings
Test (ubuntu-latest)	Setup Rust	2026-05-09T15:57:20.0604340Z   CARGO_REGISTRY_TOKEN: ***
Test (ubuntu-latest)	Setup Rust	2026-05-09T15:57:20.0605465Z   DOCKERHUB_IMAGE: konard/link-assistant-router
Test (ubuntu-latest)	Setup Rust	2026-05-09T15:57:20.0606698Z ##[endgroup]
Test (ubuntu-latest)	Setup Rust	2026-05-09T15:57:20.0774311Z ##[group]Run : parse toolchain version
Test (ubuntu-latest)	Setup Rust	2026-05-09T15:57:20.0775592Z ^[[36;1m: parse toolchain version^[[0m
Test (ubuntu-latest)	Setup Rust	2026-05-09T15:57:20.0776660Z ^[[36;1mif [[ -z $toolchain ]]; then^[[0m
Test (ubuntu-latest)	Setup Rust	2026-05-09T15:57:20.0778556Z ^[[36;1m  # GitHub does not enforce `required: true` inputs itself. https://github.com/actions/runner/issues/1070^[[0m
Test (ubuntu-latest)	Setup Rust	2026-05-09T15:57:20.0780626Z ^[[36;1m  echo "'toolchain' is a required input" >&2^[[0m
Test (ubuntu-latest)	Setup Rust	2026-05-09T15:57:20.0781784Z ^[[36;1m  exit 1^[[0m
Test (ubuntu-latest)	Setup Rust	2026-05-09T15:57:20.0783040Z ^[[36;1melif [[ $toolchain =~ ^stable' '[0-9]+' '(year|month|week|day)s?' 'ago$ ]]; then^[[0m
Test (ubuntu-latest)	Setup Rust	2026-05-09T15:57:20.0784882Z ^[[36;1m  if [[ Linux == macOS ]]; then^[[0m
Test (ubuntu-latest)	Setup Rust	2026-05-09T15:57:20.0786825Z ^[[36;1m    echo "toolchain=1.$((($(date -v-$(sed 's/stable \([0-9]*\) \(.\).*/\1\2/' <<< $toolchain) +%s)/60/60/24-16569)/7/6))" >> $GITHUB_OUTPUT^[[0m
Test (ubuntu-latest)	Setup Rust	2026-05-09T15:57:20.0788761Z ^[[36;1m  else^[[0m
Test (ubuntu-latest)	Setup Rust	2026-05-09T15:57:20.0790261Z ^[[36;1m    echo "toolchain=1.$((($(date --date "${toolchain#stable }" +%s)/60/60/24-16569)/7/6))" >> $GITHUB_OUTPUT^[[0m
Test (ubuntu-latest)	Setup Rust	2026-05-09T15:57:20.0792050Z ^[[36;1m  fi^[[0m
Test (ubuntu-latest)	Setup Rust	2026-05-09T15:57:20.0793177Z ^[[36;1melif [[ $toolchain =~ ^stable' 'minus' '[0-9]+' 'releases?$ ]]; then^[[0m
Test (ubuntu-latest)	Setup Rust	2026-05-09T15:57:20.0795255Z ^[[36;1m  echo "toolchain=1.$((($(date +%s)/60/60/24-16569)/7/6-${toolchain//[^0-9]/}))" >> $GITHUB_OUTPUT^[[0m
Test (ubuntu-latest)	Setup Rust	2026-05-09T15:57:20.0797003Z ^[[36;1melif [[ $toolchain =~ ^1\.[0-9]+$ ]]; then^[[0m
Test (ubuntu-latest)	Setup Rust	2026-05-09T15:57:20.0798975Z ^[[36;1m  echo "toolchain=1.$((i=${toolchain#1.}, c=($(date +%s)/60/60/24-16569)/7/6, i+9*i*(10*i<=c)+90*i*(100*i<=c)))" >> $GITHUB_OUTPUT^[[0m
Test (ubuntu-latest)	Setup Rust	2026-05-09T15:57:20.0800860Z ^[[36;1melse^[[0m
Test (ubuntu-latest)	Setup Rust	2026-05-09T15:57:20.0801805Z ^[[36;1m  echo "toolchain=$toolchain" >> $GITHUB_OUTPUT^[[0m
Test (ubuntu-latest)	Setup Rust	2026-05-09T15:57:20.0802960Z ^[[36;1mfi^[[0m
Test (ubuntu-latest)	Setup Rust	2026-05-09T15:57:20.0832751Z shell: /usr/bin/bash --noprofile --norc -e -o pipefail {0}
Test (ubuntu-latest)	Setup Rust	2026-05-09T15:57:20.0834181Z env:
Test (ubuntu-latest)	Setup Rust	2026-05-09T15:57:20.0834910Z   CARGO_TERM_COLOR: always
Test (ubuntu-latest)	Setup Rust	2026-05-09T15:57:20.0835794Z   RUSTFLAGS: -Dwarnings
Test (ubuntu-latest)	Setup Rust	2026-05-09T15:57:20.0837279Z   CARGO_REGISTRY_TOKEN: ***
Test (ubuntu-latest)	Setup Rust	2026-05-09T15:57:20.0838286Z   DOCKERHUB_IMAGE: konard/link-assistant-router
Test (ubuntu-latest)	Setup Rust	2026-05-09T15:57:20.0839390Z   toolchain: stable
Test (ubuntu-latest)	Setup Rust	2026-05-09T15:57:20.0840168Z ##[endgroup]
Test (ubuntu-latest)	Setup Rust	2026-05-09T15:57:20.1016408Z ##[group]Run : construct rustup command line
Test (ubuntu-latest)	Setup Rust	2026-05-09T15:57:20.1017592Z ^[[36;1m: construct rustup command line^[[0m
Test (ubuntu-latest)	Setup Rust	2026-05-09T15:57:20.1019208Z ^[[36;1mecho "targets=$(for t in ${targets//,/ }; do echo -n ' --target' $t; done)" >> $GITHUB_OUTPUT^[[0m
Test (ubuntu-latest)	Setup Rust	2026-05-09T15:57:20.1021509Z ^[[36;1mecho "components=$(for c in ${components//,/ }; do echo -n ' --component' $c; done)" >> $GITHUB_OUTPUT^[[0m
Test (ubuntu-latest)	Setup Rust	2026-05-09T15:57:20.1023490Z ^[[36;1mecho "downgrade=" >> $GITHUB_OUTPUT^[[0m
Test (ubuntu-latest)	Setup Rust	2026-05-09T15:57:20.1047819Z shell: /usr/bin/bash --noprofile --norc -e -o pipefail {0}
Test (ubuntu-latest)	Setup Rust	2026-05-09T15:57:20.1049109Z env:
Test (ubuntu-latest)	Setup Rust	2026-05-09T15:57:20.1049822Z   CARGO_TERM_COLOR: always
Test (ubuntu-latest)	Setup Rust	2026-05-09T15:57:20.1050697Z   RUSTFLAGS: -Dwarnings
Test (ubuntu-latest)	Setup Rust	2026-05-09T15:57:20.1051920Z   CARGO_REGISTRY_TOKEN: ***
Test (ubuntu-latest)	Setup Rust	2026-05-09T15:57:20.1052955Z   DOCKERHUB_IMAGE: konard/link-assistant-router
Test (ubuntu-latest)	Setup Rust	2026-05-09T15:57:20.1054257Z   targets:
Test (ubuntu-latest)	Setup Rust	2026-05-09T15:57:20.1054994Z   components:
Test (ubuntu-latest)	Setup Rust	2026-05-09T15:57:20.1055744Z ##[endgroup]
Test (ubuntu-latest)	Setup Rust	2026-05-09T15:57:20.1175870Z ##[group]Run : set $CARGO_HOME
Test (ubuntu-latest)	Setup Rust	2026-05-09T15:57:20.1176860Z ^[[36;1m: set $CARGO_HOME^[[0m
Test (ubuntu-latest)	Setup Rust	2026-05-09T15:57:20.1178070Z ^[[36;1mecho CARGO_HOME=${CARGO_HOME:-"$HOME/.cargo"} >> $GITHUB_ENV^[[0m
Test (ubuntu-latest)	Setup Rust	2026-05-09T15:57:20.1201854Z shell: /usr/bin/bash --noprofile --norc -e -o pipefail {0}
Test (ubuntu-latest)	Setup Rust	2026-05-09T15:57:20.1203094Z env:
Test (ubuntu-latest)	Setup Rust	2026-05-09T15:57:20.1204064Z   CARGO_TERM_COLOR: always
Test (ubuntu-latest)	Setup Rust	2026-05-09T15:57:20.1205208Z   RUSTFLAGS: -Dwarnings
Test (ubuntu-latest)	Setup Rust	2026-05-09T15:57:20.1206692Z   CARGO_REGISTRY_TOKEN: ***
Test (ubuntu-latest)	Setup Rust	2026-05-09T15:57:20.1207724Z   DOCKERHUB_IMAGE: konard/link-assistant-router
Test (ubuntu-latest)	Setup Rust	2026-05-09T15:57:20.1208840Z ##[endgroup]
Test (ubuntu-latest)	Setup Rust	2026-05-09T15:57:20.1383631Z ##[group]Run : install rustup if needed
Test (ubuntu-latest)	Setup Rust	2026-05-09T15:57:20.1384778Z ^[[36;1m: install rustup if needed^[[0m
Test (ubuntu-latest)	Setup Rust	2026-05-09T15:57:20.1385880Z ^[[36;1mif ! command -v rustup &>/dev/null; then^[[0m
Test (ubuntu-latest)	Setup Rust	2026-05-09T15:57:20.1388616Z ^[[36;1m  curl --proto '=https' --tlsv1.2 --retry 10 --retry-connrefused --location --silent --show-error --fail https://sh.rustup.rs | sh -s -- --default-toolchain none -y^[[0m
Test (ubuntu-latest)	Setup Rust	2026-05-09T15:57:20.1391183Z ^[[36;1m  echo "$CARGO_HOME/bin" >> $GITHUB_PATH^[[0m
Test (ubuntu-latest)	Setup Rust	2026-05-09T15:57:20.1392261Z ^[[36;1mfi^[[0m
Test (ubuntu-latest)	Setup Rust	2026-05-09T15:57:20.1416702Z shell: /usr/bin/bash --noprofile --norc -e -o pipefail {0}
Test (ubuntu-latest)	Setup Rust	2026-05-09T15:57:20.1417919Z env:
Test (ubuntu-latest)	Setup Rust	2026-05-09T15:57:20.1418643Z   CARGO_TERM_COLOR: always
Test (ubuntu-latest)	Setup Rust	2026-05-09T15:57:20.1419524Z   RUSTFLAGS: -Dwarnings
Test (ubuntu-latest)	Setup Rust	2026-05-09T15:57:20.1420775Z   CARGO_REGISTRY_TOKEN: ***
Test (ubuntu-latest)	Setup Rust	2026-05-09T15:57:20.1421790Z   DOCKERHUB_IMAGE: konard/link-assistant-router
Test (ubuntu-latest)	Setup Rust	2026-05-09T15:57:20.1422907Z   CARGO_HOME: /home/runner/.cargo
Test (ubuntu-latest)	Setup Rust	2026-05-09T15:57:20.1424129Z ##[endgroup]
Test (ubuntu-latest)	Setup Rust	2026-05-09T15:57:20.1554951Z ##[group]Run rustup toolchain install stable --profile minimal --no-self-update
Test (ubuntu-latest)	Setup Rust	2026-05-09T15:57:20.1556906Z ^[[36;1mrustup toolchain install stable --profile minimal --no-self-update^[[0m
Test (ubuntu-latest)	Setup Rust	2026-05-09T15:57:20.1581333Z shell: /usr/bin/bash --noprofile --norc -e -o pipefail {0}
Test (ubuntu-latest)	Setup Rust	2026-05-09T15:57:20.1582525Z env:
Test (ubuntu-latest)	Setup Rust	2026-05-09T15:57:20.1583247Z   CARGO_TERM_COLOR: always
Test (ubuntu-latest)	Setup Rust	2026-05-09T15:57:20.1584338Z   RUSTFLAGS: -Dwarnings
Test (ubuntu-latest)	Setup Rust	2026-05-09T15:57:20.1585547Z   CARGO_REGISTRY_TOKEN: ***
Test (ubuntu-latest)	Setup Rust	2026-05-09T15:57:20.1586550Z   DOCKERHUB_IMAGE: konard/link-assistant-router
Test (ubuntu-latest)	Setup Rust	2026-05-09T15:57:20.1587673Z   CARGO_HOME: /home/runner/.cargo
Test (ubuntu-latest)	Setup Rust	2026-05-09T15:57:20.1588639Z   RUSTUP_PERMIT_COPY_RENAME: 1
Test (ubuntu-latest)	Setup Rust	2026-05-09T15:57:20.1589548Z ##[endgroup]
Test (ubuntu-latest)	Setup Rust	2026-05-09T15:57:20.3430080Z info: syncing channel updates for stable-x86_64-unknown-linux-gnu
Test (ubuntu-latest)	Setup Rust	2026-05-09T15:57:20.6504116Z info: latest update on 2026-04-16 for version 1.95.0 (59807616e 2026-04-14)
Test (ubuntu-latest)	Setup Rust	2026-05-09T15:57:20.6741676Z info: removing previous version of component clippy
Test (ubuntu-latest)	Setup Rust	2026-05-09T15:57:20.6869325Z info: removing previous version of component rustfmt
Test (ubuntu-latest)	Setup Rust	2026-05-09T15:57:20.6878993Z info: removing previous version of component cargo
Test (ubuntu-latest)	Setup Rust	2026-05-09T15:57:20.6966730Z info: removing previous version of component rust-std
Test (ubuntu-latest)	Setup Rust	2026-05-09T15:57:20.7066929Z info: removing previous version of component rustc
Test (ubuntu-latest)	Setup Rust	2026-05-09T15:57:20.7128298Z info: downloading 5 components
Test (ubuntu-latest)	Setup Rust	2026-05-09T15:57:29.5419802Z
Test (ubuntu-latest)	Setup Rust	2026-05-09T15:57:29.5505013Z   stable-x86_64-unknown-linux-gnu updated - rustc 1.95.0 (59807616e 2026-04-14) (from rustc 1.94.1 (e408947bf 2026-03-25))
Test (ubuntu-latest)	Setup Rust	2026-05-09T15:57:29.5506004Z
Test (ubuntu-latest)	Setup Rust	2026-05-09T15:57:29.5581890Z ##[group]Run rustup default stable
Test (ubuntu-latest)	Setup Rust	2026-05-09T15:57:29.5582215Z ^[[36;1mrustup default stable^[[0m
Test (ubuntu-latest)	Setup Rust	2026-05-09T15:57:29.5604574Z shell: /usr/bin/bash --noprofile --norc -e -o pipefail {0}
Test (ubuntu-latest)	Setup Rust	2026-05-09T15:57:29.5604976Z env:
Test (ubuntu-latest)	Setup Rust	2026-05-09T15:57:29.5605186Z   CARGO_TERM_COLOR: always
Test (ubuntu-latest)	Setup Rust	2026-05-09T15:57:29.5605424Z   RUSTFLAGS: -Dwarnings
Test (ubuntu-latest)	Setup Rust	2026-05-09T15:57:29.5605968Z   CARGO_REGISTRY_TOKEN: ***
Test (ubuntu-latest)	Setup Rust	2026-05-09T15:57:29.5606273Z   DOCKERHUB_IMAGE: konard/link-assistant-router
Test (ubuntu-latest)	Setup Rust	2026-05-09T15:57:29.5606581Z   CARGO_HOME: /home/runner/.cargo
Test (ubuntu-latest)	Setup Rust	2026-05-09T15:57:29.5606834Z ##[endgroup]
Test (ubuntu-latest)	Setup Rust	2026-05-09T15:57:29.5706386Z info: using existing install for stable-x86_64-unknown-linux-gnu
Test (ubuntu-latest)	Setup Rust	2026-05-09T15:57:29.5711385Z info: default toolchain set to stable-x86_64-unknown-linux-gnu
Test (ubuntu-latest)	Setup Rust	2026-05-09T15:57:29.5711709Z
Test (ubuntu-latest)	Setup Rust	2026-05-09T15:57:29.5783572Z   stable-x86_64-unknown-linux-gnu unchanged - rustc 1.95.0 (59807616e 2026-04-14)
Test (ubuntu-latest)	Setup Rust	2026-05-09T15:57:29.5784173Z
Test (ubuntu-latest)	Setup Rust	2026-05-09T15:57:29.5820370Z ##[group]Run : create cachekey
Test (ubuntu-latest)	Setup Rust	2026-05-09T15:57:29.5820670Z ^[[36;1m: create cachekey^[[0m
Test (ubuntu-latest)	Setup Rust	2026-05-09T15:57:29.5821787Z ^[[36;1mDATE=$(rustc +stable --version --verbose | sed -ne 's/^commit-date: \(20[0-9][0-9]\)-\([01][0-9]\)-\([0-3][0-9]\)$/\1\2\3/p')^[[0m
Test (ubuntu-latest)	Setup Rust	2026-05-09T15:57:29.5822678Z ^[[36;1mHASH=$(rustc +stable --version --verbose | sed -ne 's/^commit-hash: //p')^[[0m
Test (ubuntu-latest)	Setup Rust	2026-05-09T15:57:29.5823166Z ^[[36;1mecho "cachekey=$(echo $DATE$HASH | head -c12)" >> $GITHUB_OUTPUT^[[0m
Test (ubuntu-latest)	Setup Rust	2026-05-09T15:57:29.5845471Z shell: /usr/bin/bash --noprofile --norc -e -o pipefail {0}
Test (ubuntu-latest)	Setup Rust	2026-05-09T15:57:29.5845827Z env:
Test (ubuntu-latest)	Setup Rust	2026-05-09T15:57:29.5846029Z   CARGO_TERM_COLOR: always
Test (ubuntu-latest)	Setup Rust	2026-05-09T15:57:29.5846262Z   RUSTFLAGS: -Dwarnings
Test (ubuntu-latest)	Setup Rust	2026-05-09T15:57:29.5846668Z   CARGO_REGISTRY_TOKEN: ***
Test (ubuntu-latest)	Setup Rust	2026-05-09T15:57:29.5846938Z   DOCKERHUB_IMAGE: konard/link-assistant-router
Test (ubuntu-latest)	Setup Rust	2026-05-09T15:57:29.5847285Z   CARGO_HOME: /home/runner/.cargo
Test (ubuntu-latest)	Setup Rust	2026-05-09T15:57:29.5847542Z ##[endgroup]
Test (ubuntu-latest)	Setup Rust	2026-05-09T15:57:29.6203127Z ##[group]Run : disable incremental compilation
Test (ubuntu-latest)	Setup Rust	2026-05-09T15:57:29.6203821Z ^[[36;1m: disable incremental compilation^[[0m
Test (ubuntu-latest)	Setup Rust	2026-05-09T15:57:29.6204158Z ^[[36;1mif [ -z "${CARGO_INCREMENTAL+set}" ]; then^[[0m
Test (ubuntu-latest)	Setup Rust	2026-05-09T15:57:29.6204535Z ^[[36;1m  echo CARGO_INCREMENTAL=0 >> $GITHUB_ENV^[[0m
Test (ubuntu-latest)	Setup Rust	2026-05-09T15:57:29.6204820Z ^[[36;1mfi^[[0m
Test (ubuntu-latest)	Setup Rust	2026-05-09T15:57:29.6226562Z shell: /usr/bin/bash --noprofile --norc -e -o pipefail {0}
Test (ubuntu-latest)	Setup Rust	2026-05-09T15:57:29.6226909Z env:
Test (ubuntu-latest)	Setup Rust	2026-05-09T15:57:29.6227109Z   CARGO_TERM_COLOR: always
Test (ubuntu-latest)	Setup Rust	2026-05-09T15:57:29.6227357Z   RUSTFLAGS: -Dwarnings
Test (ubuntu-latest)	Setup Rust	2026-05-09T15:57:29.6227738Z   CARGO_REGISTRY_TOKEN: ***
Test (ubuntu-latest)	Setup Rust	2026-05-09T15:57:29.6228009Z   DOCKERHUB_IMAGE: konard/link-assistant-router
Test (ubuntu-latest)	Setup Rust	2026-05-09T15:57:29.6228315Z   CARGO_HOME: /home/runner/.cargo
Test (ubuntu-latest)	Setup Rust	2026-05-09T15:57:29.6228570Z ##[endgroup]
Test (ubuntu-latest)	Setup Rust	2026-05-09T15:57:29.6320800Z ##[group]Run : enable colors in Cargo output
Test (ubuntu-latest)	Setup Rust	2026-05-09T15:57:29.6321155Z ^[[36;1m: enable colors in Cargo output^[[0m
Test (ubuntu-latest)	Setup Rust	2026-05-09T15:57:29.6321477Z ^[[36;1mif [ -z "${CARGO_TERM_COLOR+set}" ]; then^[[0m
Test (ubuntu-latest)	Setup Rust	2026-05-09T15:57:29.6321817Z ^[[36;1m  echo CARGO_TERM_COLOR=always >> $GITHUB_ENV^[[0m
Test (ubuntu-latest)	Setup Rust	2026-05-09T15:57:29.6322096Z ^[[36;1mfi^[[0m
Test (ubuntu-latest)	Setup Rust	2026-05-09T15:57:29.6342109Z shell: /usr/bin/bash --noprofile --norc -e -o pipefail {0}
Test (ubuntu-latest)	Setup Rust	2026-05-09T15:57:29.6342461Z env:
Test (ubuntu-latest)	Setup Rust	2026-05-09T15:57:29.6342659Z   CARGO_TERM_COLOR: always
Test (ubuntu-latest)	Setup Rust	2026-05-09T15:57:29.6342911Z   RUSTFLAGS: -Dwarnings
Test (ubuntu-latest)	Setup Rust	2026-05-09T15:57:29.6343493Z   CARGO_REGISTRY_TOKEN: ***
Test (ubuntu-latest)	Setup Rust	2026-05-09T15:57:29.6343786Z   DOCKERHUB_IMAGE: konard/link-assistant-router
Test (ubuntu-latest)	Setup Rust	2026-05-09T15:57:29.6344089Z   CARGO_HOME: /home/runner/.cargo
Test (ubuntu-latest)	Setup Rust	2026-05-09T15:57:29.6344331Z   CARGO_INCREMENTAL: 0
Test (ubuntu-latest)	Setup Rust	2026-05-09T15:57:29.6344547Z ##[endgroup]
Test (ubuntu-latest)	Setup Rust	2026-05-09T15:57:29.6408126Z ##[group]Run : enable Cargo sparse registry
Test (ubuntu-latest)	Setup Rust	2026-05-09T15:57:29.6408617Z ^[[36;1m: enable Cargo sparse registry^[[0m
Test (ubuntu-latest)	Setup Rust	2026-05-09T15:57:29.6408983Z ^[[36;1m# implemented in 1.66, stabilized in 1.68, made default in 1.70^[[0m
Test (ubuntu-latest)	Setup Rust	2026-05-09T15:57:29.6409699Z ^[[36;1mif [ -z "${CARGO_REGISTRIES_CRATES_IO_PROTOCOL+set}" -o -f "/home/runner/work/_temp"/.implicit_cargo_registries_crates_io_protocol ]; then^[[0m
Test (ubuntu-latest)	Setup Rust	2026-05-09T15:57:29.6410429Z ^[[36;1m  if rustc +stable --version --verbose | grep -q '^release: 1\.6[89]\.'; then^[[0m
Test (ubuntu-latest)	Setup Rust	2026-05-09T15:57:29.6411023Z ^[[36;1m    touch "/home/runner/work/_temp"/.implicit_cargo_registries_crates_io_protocol || true^[[0m
Test (ubuntu-latest)	Setup Rust	2026-05-09T15:57:29.6411559Z ^[[36;1m    echo CARGO_REGISTRIES_CRATES_IO_PROTOCOL=sparse >> $GITHUB_ENV^[[0m
Test (ubuntu-latest)	Setup Rust	2026-05-09T15:57:29.6412041Z ^[[36;1m  elif rustc +stable --version --verbose | grep -q '^release: 1\.6[67]\.'; then^[[0m
Test (ubuntu-latest)	Setup Rust	2026-05-09T15:57:29.6412586Z ^[[36;1m    touch "/home/runner/work/_temp"/.implicit_cargo_registries_crates_io_protocol || true^[[0m
Test (ubuntu-latest)	Setup Rust	2026-05-09T15:57:29.6413101Z ^[[36;1m    echo CARGO_REGISTRIES_CRATES_IO_PROTOCOL=git >> $GITHUB_ENV^[[0m
Test (ubuntu-latest)	Setup Rust	2026-05-09T15:57:29.6413727Z ^[[36;1m  fi^[[0m
Test (ubuntu-latest)	Setup Rust	2026-05-09T15:57:29.6413933Z ^[[36;1mfi^[[0m
Test (ubuntu-latest)	Setup Rust	2026-05-09T15:57:29.6433836Z shell: /usr/bin/bash --noprofile --norc -e -o pipefail {0}
Test (ubuntu-latest)	Setup Rust	2026-05-09T15:57:29.6434171Z env:
Test (ubuntu-latest)	Setup Rust	2026-05-09T15:57:29.6434373Z   CARGO_TERM_COLOR: always
Test (ubuntu-latest)	Setup Rust	2026-05-09T15:57:29.6434614Z   RUSTFLAGS: -Dwarnings
Test (ubuntu-latest)	Setup Rust	2026-05-09T15:57:29.6434961Z   CARGO_REGISTRY_TOKEN: ***
Test (ubuntu-latest)	Setup Rust	2026-05-09T15:57:29.6435237Z   DOCKERHUB_IMAGE: konard/link-assistant-router
Test (ubuntu-latest)	Setup Rust	2026-05-09T15:57:29.6435541Z   CARGO_HOME: /home/runner/.cargo
Test (ubuntu-latest)	Setup Rust	2026-05-09T15:57:29.6435782Z   CARGO_INCREMENTAL: 0
Test (ubuntu-latest)	Setup Rust	2026-05-09T15:57:29.6436163Z ##[endgroup]
Test (ubuntu-latest)	Setup Rust	2026-05-09T15:57:29.6763928Z ##[group]Run : work around spurious network errors in curl 8.0
Test (ubuntu-latest)	Setup Rust	2026-05-09T15:57:29.6764452Z ^[[36;1m: work around spurious network errors in curl 8.0^[[0m
Test (ubuntu-latest)	Setup Rust	2026-05-09T15:57:29.6765045Z ^[[36;1m# https://rust-lang.zulipchat.com/#narrow/stream/246057-t-cargo/topic/timeout.20investigation^[[0m
Test (ubuntu-latest)	Setup Rust	2026-05-09T15:57:29.6765643Z ^[[36;1mif rustc +stable --version --verbose | grep -q '^release: 1\.7[01]\.'; then^[[0m
Test (ubuntu-latest)	Setup Rust	2026-05-09T15:57:29.6766107Z ^[[36;1m  echo CARGO_HTTP_MULTIPLEXING=false >> $GITHUB_ENV^[[0m
Test (ubuntu-latest)	Setup Rust	2026-05-09T15:57:29.6766416Z ^[[36;1mfi^[[0m
Test (ubuntu-latest)	Setup Rust	2026-05-09T15:57:29.6788357Z shell: /usr/bin/bash --noprofile --norc -e -o pipefail {0}
Test (ubuntu-latest)	Setup Rust	2026-05-09T15:57:29.6788697Z env:
Test (ubuntu-latest)	Setup Rust	2026-05-09T15:57:29.6788903Z   CARGO_TERM_COLOR: always
Test (ubuntu-latest)	Setup Rust	2026-05-09T15:57:29.6789145Z   RUSTFLAGS: -Dwarnings
Test (ubuntu-latest)	Setup Rust	2026-05-09T15:57:29.6789528Z   CARGO_REGISTRY_TOKEN: ***
Test (ubuntu-latest)	Setup Rust	2026-05-09T15:57:29.6789801Z   DOCKERHUB_IMAGE: konard/link-assistant-router
Test (ubuntu-latest)	Setup Rust	2026-05-09T15:57:29.6790101Z   CARGO_HOME: /home/runner/.cargo
Test (ubuntu-latest)	Setup Rust	2026-05-09T15:57:29.6790366Z   CARGO_INCREMENTAL: 0
Test (ubuntu-latest)	Setup Rust	2026-05-09T15:57:29.6790587Z ##[endgroup]
Test (ubuntu-latest)	Setup Rust	2026-05-09T15:57:29.6986051Z ##[group]Run rustc +stable --version --verbose
Test (ubuntu-latest)	Setup Rust	2026-05-09T15:57:29.6986427Z ^[[36;1mrustc +stable --version --verbose^[[0m
Test (ubuntu-latest)	Setup Rust	2026-05-09T15:57:29.7009331Z shell: /usr/bin/bash --noprofile --norc -e -o pipefail {0}
Test (ubuntu-latest)	Setup Rust	2026-05-09T15:57:29.7009689Z env:
Test (ubuntu-latest)	Setup Rust	2026-05-09T15:57:29.7009887Z   CARGO_TERM_COLOR: always
Test (ubuntu-latest)	Setup Rust	2026-05-09T15:57:29.7010148Z   RUSTFLAGS: -Dwarnings
Test (ubuntu-latest)	Setup Rust	2026-05-09T15:57:29.7010581Z   CARGO_REGISTRY_TOKEN: ***
Test (ubuntu-latest)	Setup Rust	2026-05-09T15:57:29.7010962Z   DOCKERHUB_IMAGE: konard/link-assistant-router
Test (ubuntu-latest)	Setup Rust	2026-05-09T15:57:29.7011411Z   CARGO_HOME: /home/runner/.cargo
Test (ubuntu-latest)	Setup Rust	2026-05-09T15:57:29.7011665Z   CARGO_INCREMENTAL: 0
Test (ubuntu-latest)	Setup Rust	2026-05-09T15:57:29.7011881Z ##[endgroup]
Test (ubuntu-latest)	Setup Rust	2026-05-09T15:57:29.7175017Z rustc 1.95.0 (59807616e 2026-04-14)
Test (ubuntu-latest)	Setup Rust	2026-05-09T15:57:29.7175594Z binary: rustc
Test (ubuntu-latest)	Setup Rust	2026-05-09T15:57:29.7176002Z commit-hash: 59807616e1fa2540724bfbac14d7976d7e4a3860
Test (ubuntu-latest)	Setup Rust	2026-05-09T15:57:29.7176474Z commit-date: 2026-04-14
Test (ubuntu-latest)	Setup Rust	2026-05-09T15:57:29.7176837Z host: x86_64-unknown-linux-gnu
Test (ubuntu-latest)	Setup Rust	2026-05-09T15:57:29.7177200Z release: 1.95.0
Test (ubuntu-latest)	Setup Rust	2026-05-09T15:57:29.7177527Z LLVM version: 22.1.2
Test (ubuntu-latest)	Cache cargo registry	﻿2026-05-09T15:57:29.8077873Z ##[group]Run actions/cache@v4
Test (ubuntu-latest)	Cache cargo registry	2026-05-09T15:57:29.8078183Z with:
Test (ubuntu-latest)	Cache cargo registry	2026-05-09T15:57:29.8078414Z   path: ~/.cargo/registry
Test (ubuntu-latest)	Cache cargo registry	~/.cargo/git
Test (ubuntu-latest)	Cache cargo registry	target
Test (ubuntu-latest)	Cache cargo registry
Test (ubuntu-latest)	Cache cargo registry	2026-05-09T15:57:29.8078888Z   key: Linux-cargo-c8469037771668bcb04056713cd1016fce250f1f3cf2be9d0d4de0a241d33a30
Test (ubuntu-latest)	Cache cargo registry	2026-05-09T15:57:29.8079526Z   restore-keys: Linux-cargo-
Test (ubuntu-latest)	Cache cargo registry
Test (ubuntu-latest)	Cache cargo registry	2026-05-09T15:57:29.8079788Z   enableCrossOsArchive: false
Test (ubuntu-latest)	Cache cargo registry	2026-05-09T15:57:29.8080034Z   fail-on-cache-miss: false
Test (ubuntu-latest)	Cache cargo registry	2026-05-09T15:57:29.8080275Z   lookup-only: false
Test (ubuntu-latest)	Cache cargo registry	2026-05-09T15:57:29.8080488Z   save-always: false
Test (ubuntu-latest)	Cache cargo registry	2026-05-09T15:57:29.8080687Z env:
Test (ubuntu-latest)	Cache cargo registry	2026-05-09T15:57:29.8080872Z   CARGO_TERM_COLOR: always
Test (ubuntu-latest)	Cache cargo registry	2026-05-09T15:57:29.8081110Z   RUSTFLAGS: -Dwarnings
Test (ubuntu-latest)	Cache cargo registry	2026-05-09T15:57:29.8081499Z   CARGO_REGISTRY_TOKEN: ***
Test (ubuntu-latest)	Cache cargo registry	2026-05-09T15:57:29.8081769Z   DOCKERHUB_IMAGE: konard/link-assistant-router
Test (ubuntu-latest)	Cache cargo registry	2026-05-09T15:57:29.8082076Z   CARGO_HOME: /home/runner/.cargo
Test (ubuntu-latest)	Cache cargo registry	2026-05-09T15:57:29.8082321Z   CARGO_INCREMENTAL: 0
Test (ubuntu-latest)	Cache cargo registry	2026-05-09T15:57:29.8082540Z ##[endgroup]
Test (ubuntu-latest)	Cache cargo registry	2026-05-09T15:57:30.1524357Z Cache hit for restore-key: Linux-cargo-build-ac0211d997d3e826656b655bf41293f81ab5b7c9a34b27fad7ce87479ad874c5
Test (ubuntu-latest)	Cache cargo registry	2026-05-09T15:57:31.4118060Z Received 33554432 of 185352442 (18.1%), 32.0 MBs/sec
Test (ubuntu-latest)	Cache cargo registry	2026-05-09T15:57:32.3594368Z Received 185352442 of 185352442 (100.0%), 90.7 MBs/sec
Test (ubuntu-latest)	Cache cargo registry	2026-05-09T15:57:32.3596576Z Cache Size: ~177 MB (185352442 B)
Test (ubuntu-latest)	Cache cargo registry	2026-05-09T15:57:32.3654910Z [command]/usr/bin/tar -xf /home/runner/work/_temp/608d78e2-212a-4fff-a946-3bbba7f2eaec/cache.tzst -P -C /home/runner/work/router/router --use-compress-program unzstd
Test (ubuntu-latest)	Cache cargo registry	2026-05-09T15:57:33.4840189Z Cache restored successfully
Test (ubuntu-latest)	Cache cargo registry	2026-05-09T15:57:33.5009010Z Cache restored from key: Linux-cargo-build-ac0211d997d3e826656b655bf41293f81ab5b7c9a34b27fad7ce87479ad874c5
Test (ubuntu-latest)	Run tests	﻿2026-05-09T15:57:33.5125915Z ##[group]Run cargo test --all-features --verbose
Test (ubuntu-latest)	Run tests	2026-05-09T15:57:33.5126301Z ^[[36;1mcargo test --all-features --verbose^[[0m
Test (ubuntu-latest)	Run tests	2026-05-09T15:57:33.5149902Z shell: /usr/bin/bash -e {0}
Test (ubuntu-latest)	Run tests	2026-05-09T15:57:33.5150154Z env:
Test (ubuntu-latest)	Run tests	2026-05-09T15:57:33.5150357Z   CARGO_TERM_COLOR: always
Test (ubuntu-latest)	Run tests	2026-05-09T15:57:33.5150602Z   RUSTFLAGS: -Dwarnings
Test (ubuntu-latest)	Run tests	2026-05-09T15:57:33.5151043Z   CARGO_REGISTRY_TOKEN: ***
Test (ubuntu-latest)	Run tests	2026-05-09T15:57:33.5151321Z   DOCKERHUB_IMAGE: konard/link-assistant-router
Test (ubuntu-latest)	Run tests	2026-05-09T15:57:33.5151631Z   CARGO_HOME: /home/runner/.cargo
Test (ubuntu-latest)	Run tests	2026-05-09T15:57:33.5151886Z   CARGO_INCREMENTAL: 0
Test (ubuntu-latest)	Run tests	2026-05-09T15:57:33.5152126Z ##[endgroup]
Test (ubuntu-latest)	Run tests	2026-05-09T15:57:33.6158995Z ^[[1m^[[92m Downloading^[[0m crates ...
Test (ubuntu-latest)	Run tests	2026-05-09T15:57:33.7634042Z ^[[1m^[[92m  Downloaded^[[0m async-stream v0.3.6
Test (ubuntu-latest)	Run tests	2026-05-09T15:57:33.7662011Z ^[[1m^[[92m  Downloaded^[[0m tokio-test v0.4.4
Test (ubuntu-latest)	Run tests	2026-05-09T15:57:33.7814568Z ^[[1m^[[92m  Downloaded^[[0m tokio-stream v0.1.17
Test (ubuntu-latest)	Run tests	2026-05-09T15:57:33.7944600Z ^[[1m^[[92m  Downloaded^[[0m tempfile v3.27.0
Test (ubuntu-latest)	Run tests	2026-05-09T15:57:33.7971058Z ^[[1m^[[92m  Downloaded^[[0m async-stream-impl v0.3.6
Test (ubuntu-latest)	Run tests	2026-05-09T15:57:33.8031530Z ^[[1m^[[92m  Downloaded^[[0m fastrand v2.3.0
Test (ubuntu-latest)	Run tests	2026-05-09T15:57:33.8779422Z ^[[1m^[[92m  Downloaded^[[0m rustix v1.1.4
Test (ubuntu-latest)	Run tests	2026-05-09T15:57:33.9734584Z ^[[1m^[[92m  Downloaded^[[0m linux-raw-sys v0.12.1
Test (ubuntu-latest)	Run tests	2026-05-09T15:57:34.0889480Z ^[[1m^[[92m   Compiling^[[0m proc-macro2 v1.0.103
Test (ubuntu-latest)	Run tests	2026-05-09T15:57:34.0890132Z ^[[1m^[[92m   Compiling^[[0m quote v1.0.42
Test (ubuntu-latest)	Run tests	2026-05-09T15:57:34.0901659Z ^[[1m^[[92m   Compiling^[[0m unicode-ident v1.0.22
Test (ubuntu-latest)	Run tests	2026-05-09T15:57:34.0914719Z ^[[1m^[[92m   Compiling^[[0m libc v0.2.183
Test (ubuntu-latest)	Run tests	2026-05-09T15:57:34.0939045Z ^[[1m^[[92m     Running^[[0m `/home/runner/.rustup/toolchains/stable-x86_64-unknown-linux-gnu/bin/rustc --crate-name build_script_build --edition=2018 /home/runner/.cargo/registry/src/index.crates.io-1949cf8c6b5b557f/quote-1.0.42/build.rs --error-format=json --json=diagnostic-rendered-ansi,artifacts,future-incompat --crate-type bin --emit=dep-info,link -C embed-bitcode=no --cfg 'feature="default"' --cfg 'feature="proc-macro"' --check-cfg 'cfg(docsrs,test)' --check-cfg 'cfg(feature, values("default", "proc-macro"))' -C metadata=1686b18c8adf6104 -C extra-filename=-0ae079cb41e95e6d --out-dir /home/runner/work/router/router/target/debug/build/quote-0ae079cb41e95e6d -L dependency=/home/runner/work/router/router/target/debug/deps --cap-lints allow -Dwarnings`
Test (ubuntu-latest)	Run tests	2026-05-09T15:57:34.0990125Z ^[[1m^[[92m     Running^[[0m `/home/runner/.rustup/toolchains/stable-x86_64-unknown-linux-gnu/bin/rustc --crate-name build_script_build --edition=2021 /home/runner/.cargo/registry/src/index.crates.io-1949cf8c6b5b557f/proc-macro2-1.0.103/build.rs --error-format=json --json=diagnostic-rendered-ansi,artifacts,future-incompat --crate-type bin --emit=dep-info,link -C embed-bitcode=no --cfg 'feature="default"' --cfg 'feature="proc-macro"' --check-cfg 'cfg(docsrs,test)' --check-cfg 'cfg(feature, values("default", "nightly", "proc-macro", "span-locations"))' -C metadata=57ffae0e75d6fcfe -C extra-filename=-2686fdc017df134a --out-dir /home/runner/work/router/router/target/debug/build/proc-macro2-2686fdc017df134a -L dependency=/home/runner/work/router/router/target/debug/deps --cap-lints allow -Dwarnings`
Test (ubuntu-latest)	Run tests	2026-05-09T15:57:34.1012143Z ^[[1m^[[92m     Running^[[0m `/home/runner/.rustup/toolchains/stable-x86_64-unknown-linux-gnu/bin/rustc --crate-name unicode_ident --edition=2018 /home/runner/.cargo/registry/src/index.crates.io-1949cf8c6b5b557f/unicode-ident-1.0.22/src/lib.rs --error-format=json --json=diagnostic-rendered-ansi,artifacts,future-incompat --crate-type lib --emit=dep-info,metadata,link -C embed-bitcode=no --check-cfg 'cfg(docsrs,test)' --check-cfg 'cfg(feature, values())' -C metadata=6eb4218ab2010693 -C extra-filename=-cb605ef6b6b3454f --out-dir /home/runner/work/router/router/target/debug/deps -L dependency=/home/runner/work/router/router/target/debug/deps --cap-lints allow -Dwarnings`
Test (ubuntu-latest)	Run tests	2026-05-09T15:57:34.1032146Z ^[[1m^[[92m     Running^[[0m `/home/runner/.rustup/toolchains/stable-x86_64-unknown-linux-gnu/bin/rustc --crate-name build_script_build --edition=2021 /home/runner/.cargo/registry/src/index.crates.io-1949cf8c6b5b557f/libc-0.2.183/build.rs --error-format=json --json=diagnostic-rendered-ansi,artifacts,future-incompat --crate-type bin --emit=dep-info,link -C embed-bitcode=no '--allow=clippy::used_underscore_binding' --allow=unused_qualifications '--warn=clippy::unnecessary_semicolon' '--allow=clippy::unnecessary_cast' '--allow=clippy::uninlined_format_args' '--warn=clippy::ptr_as_ptr' '--allow=clippy::non_minimal_cfg' '--allow=clippy::missing_safety_doc' '--warn=clippy::map_unwrap_or' '--warn=clippy::manual_assert' '--allow=clippy::identity_op' '--warn=clippy::explicit_iter_loop' '--allow=clippy::expl_impl_clone_on_copy' --cfg 'feature="default"' --cfg 'feature="std"' --check-cfg 'cfg(docsrs,test)' --check-cfg 'cfg(feature, values("align", "const-extern-fn", "default", "extra_traits", "rustc-dep-of-std", "rustc-std-workspace-core", "std", "use_std"))' -C metadata=4e5fa08877294c88 -C extra-filename=-c6585b2c2db93938 --out-dir /home/runner/work/router/router/target/debug/build/libc-c6585b2c2db93938 -L dependency=/home/runner/work/router/router/target/debug/deps --cap-lints allow -Dwarnings`
Test (ubuntu-latest)	Run tests	2026-05-09T15:57:34.1451609Z ^[[1m^[[92m   Compiling^[[0m pin-project-lite v0.2.16
Test (ubuntu-latest)	Run tests	2026-05-09T15:57:34.1468452Z ^[[1m^[[92m     Running^[[0m `/home/runner/.rustup/toolchains/stable-x86_64-unknown-linux-gnu/bin/rustc --crate-name pin_project_lite --edition=2018 /home/runner/.cargo/registry/src/index.crates.io-1949cf8c6b5b557f/pin-project-lite-0.2.16/src/lib.rs --error-format=json --json=diagnostic-rendered-ansi,artifacts,future-incompat --crate-type lib --emit=dep-info,metadata,link -C embed-bitcode=no -C debuginfo=2 --warn=unreachable_pub --warn=unexpected_cfgs '--warn=clippy::undocumented_unsafe_blocks' '--warn=clippy::transmute_undefined_repr' '--warn=clippy::trailing_empty_array' --warn=single_use_lifetimes --warn=rust_2018_idioms '--warn=clippy::pedantic' --warn=non_ascii_idents '--warn=clippy::inline_asm_x86_att_syntax' --warn=improper_ctypes_definitions --warn=improper_ctypes --warn=deprecated_safe '--warn=clippy::default_union_representation' '--warn=clippy::as_underscore' '--warn=clippy::as_ptr_cast_mut' '--warn=clippy::all' '--allow=clippy::unreadable_literal' '--allow=clippy::type_complexity' '--allow=clippy::too_many_lines' '--allow=clippy::too_many_arguments' '--allow=clippy::struct_field_names' '--allow=clippy::struct_excessive_bools' '--allow=clippy::single_match_else' '--allow=clippy::single_match' '--allow=clippy::similar_names' '--allow=clippy::range_plus_one' '--allow=clippy::nonminimal_bool' '--allow=clippy::naive_bytecount' '--allow=clippy::module_name_repetitions' '--allow=clippy::missing_errors_doc' '--allow=clippy::manual_range_contains' '--allow=clippy::manual_assert' '--allow=clippy::lint_groups_priority' '--allow=clippy::incompatible_msrv' '--allow=clippy::float_cmp' '--allow=clippy::doc_markdown' '--allow=clippy::declare_interior_mutable_const' '--allow=clippy::cast_lossless' '--allow=clippy::borrow_as_ptr' '--allow=clippy::bool_assert_comparison' --check-cfg 'cfg(docsrs,test)' --check-cfg 'cfg(feature, values())' -C metadata=782257b7b99483ce -C extra-filename=-0f243a6b657e6a82 --out-dir /home/runner/work/router/router/target/debug/deps -L dependency=/home/runner/work/router/router/target/debug/deps --cap-lints allow -Dwarnings`
Test (ubuntu-latest)	Run tests	2026-05-09T15:57:34.1756096Z ^[[1m^[[92m   Compiling^[[0m itoa v1.0.17
Test (ubuntu-latest)	Run tests	2026-05-09T15:57:34.1778574Z ^[[1m^[[92m     Running^[[0m `/home/runner/.rustup/toolchains/stable-x86_64-unknown-linux-gnu/bin/rustc --crate-name itoa --edition=2021 /home/runner/.cargo/registry/src/index.crates.io-1949cf8c6b5b557f/itoa-1.0.17/src/lib.rs --error-format=json --json=diagnostic-rendered-ansi,artifacts,future-incompat --crate-type lib --emit=dep-info,metadata,link -C embed-bitcode=no -C debuginfo=2 --check-cfg 'cfg(docsrs,test)' --check-cfg 'cfg(feature, values("no-panic"))' -C metadata=d83ca54250cdade1 -C extra-filename=-1e9e28e3981cf9af --out-dir /home/runner/work/router/router/target/debug/deps -L dependency=/home/runner/work/router/router/target/debug/deps --cap-lints allow -Dwarnings`
Test (ubuntu-latest)	Run tests	2026-05-09T15:57:34.2804886Z ^[[1m^[[92m   Compiling^[[0m once_cell v1.21.4
Test (ubuntu-latest)	Run tests	2026-05-09T15:57:34.2814484Z ^[[1m^[[92m     Running^[[0m `/home/runner/.rustup/toolchains/stable-x86_64-unknown-linux-gnu/bin/rustc --crate-name once_cell --edition=2021 /home/runner/.cargo/registry/src/index.crates.io-1949cf8c6b5b557f/once_cell-1.21.4/src/lib.rs --error-format=json --json=diagnostic-rendered-ansi,artifacts,future-incompat --crate-type lib --emit=dep-info,metadata,link -C embed-bitcode=no -C debuginfo=2 --cfg 'feature="alloc"' --cfg 'feature="default"' --cfg 'feature="race"' --cfg 'feature="std"' --check-cfg 'cfg(docsrs,test)' --check-cfg 'cfg(feature, values("alloc", "atomic-polyfill", "critical-section", "default", "parking_lot", "portable-atomic", "race", "std", "unstable"))' -C metadata=ad201ca6bee37dcf -C extra-filename=-12d43d541c2c1369 --out-dir /home/runner/work/router/router/target/debug/deps -L dependency=/home/runner/work/router/router/target/debug/deps --cap-lints allow -Dwarnings`
Test (ubuntu-latest)	Run tests	2026-05-09T15:57:34.2820298Z ^[[1m^[[92m     Running^[[0m `/home/runner/work/router/router/target/debug/build/quote-0ae079cb41e95e6d/build-script-build`
Test (ubuntu-latest)	Run tests	2026-05-09T15:57:34.2843173Z ^[[1m^[[92m     Running^[[0m `/home/runner/work/router/router/target/debug/build/proc-macro2-2686fdc017df134a/build-script-build`
Test (ubuntu-latest)	Run tests	2026-05-09T15:57:34.2997582Z ^[[1m^[[92m   Compiling^[[0m futures-core v0.3.32
Test (ubuntu-latest)	Run tests	2026-05-09T15:57:34.3025338Z ^[[1m^[[92m     Running^[[0m `/home/runner/.rustup/toolchains/stable-x86_64-unknown-linux-gnu/bin/rustc --crate-name futures_core --edition=2018 /home/runner/.cargo/registry/src/index.crates.io-1949cf8c6b5b557f/futures-core-0.3.32/src/lib.rs --error-format=json --json=diagnostic-rendered-ansi,artifacts,future-incompat --crate-type lib --emit=dep-info,metadata,link -C embed-bitcode=no -C debuginfo=2 --warn=unreachable_pub --warn=unexpected_cfgs --warn=single_use_lifetimes --warn=rust_2018_idioms --warn=missing_debug_implementations --check-cfg 'cfg(futures_sanitizer)' --cfg 'feature="alloc"' --cfg 'feature="default"' --cfg 'feature="std"' --check-cfg 'cfg(docsrs,test)' --check-cfg 'cfg(feature, values("alloc", "cfg-target-has-atomic", "default", "portable-atomic", "std", "unstable"))' -C metadata=0ed7ece910166294 -C extra-filename=-8242ac571ee06842 --out-dir /home/runner/work/router/router/target/debug/deps -L dependency=/home/runner/work/router/router/target/debug/deps --cap-lints allow -Dwarnings`
Test (ubuntu-latest)	Run tests	2026-05-09T15:57:34.3119874Z ^[[1m^[[92m     Running^[[0m `/home/runner/work/router/router/target/debug/build/libc-c6585b2c2db93938/build-script-build`
Test (ubuntu-latest)	Run tests	2026-05-09T15:57:34.3282542Z ^[[1m^[[92m     Running^[[0m `/home/runner/.rustup/toolchains/stable-x86_64-unknown-linux-gnu/bin/rustc --crate-name libc --edition=2021 /home/runner/.cargo/registry/src/index.crates.io-1949cf8c6b5b557f/libc-0.2.183/src/lib.rs --error-format=json --json=diagnostic-rendered-ansi,artifacts,future-incompat --crate-type lib --emit=dep-info,metadata,link -C embed-bitcode=no -C debuginfo=2 '--allow=clippy::used_underscore_binding' --allow=unused_qualifications '--warn=clippy::unnecessary_semicolon' '--allow=clippy::unnecessary_cast' '--allow=clippy::uninlined_format_args' '--warn=clippy::ptr_as_ptr' '--allow=clippy::non_minimal_cfg' '--allow=clippy::missing_safety_doc' '--warn=clippy::map_unwrap_or' '--warn=clippy::manual_assert' '--allow=clippy::identity_op' '--warn=clippy::explicit_iter_loop' '--allow=clippy::expl_impl_clone_on_copy' --cfg 'feature="default"' --cfg 'feature="std"' --check-cfg 'cfg(docsrs,test)' --check-cfg 'cfg(feature, values("align", "const-extern-fn", "default", "extra_traits", "rustc-dep-of-std", "rustc-std-workspace-core", "std", "use_std"))' -C metadata=dae245a5a04b2be2 -C extra-filename=-2dbdca3d6c768140 --out-dir /home/runner/work/router/router/target/debug/deps -L dependency=/home/runner/work/router/router/target/debug/deps --cap-lints allow -Dwarnings --cfg freebsd12 --check-cfg 'cfg(emscripten_old_stat_abi)' --check-cfg 'cfg(espidf_time32)' --check-cfg 'cfg(freebsd10)' --check-cfg 'cfg(freebsd11)' --check-cfg 'cfg(freebsd12)' --check-cfg 'cfg(freebsd13)' --check-cfg 'cfg(freebsd14)' --check-cfg 'cfg(freebsd15)' --check-cfg 'cfg(gnu_file_offset_bits64)' --check-cfg 'cfg(gnu_time_bits64)' --check-cfg 'cfg(libc_deny_warnings)' --check-cfg 'cfg(linux_time_bits64)' --check-cfg 'cfg(musl_v1_2_3)' --check-cfg 'cfg(musl32_time64)' --check-cfg 'cfg(vxworks_lt_25_09)' --check-cfg 'cfg(target_os,values("switch","aix","ohos","hurd","rtems","visionos","nuttx","cygwin","qurt"))' --check-cfg 'cfg(target_env,values("illumos","wasi","aix","ohos","nto71_iosock","nto80"))' --check-cfg 'cfg(target_arch,values("loongarch64","mips32r6","mips64r6","csky"))'`
Test (ubuntu-latest)	Run tests	2026-05-09T15:57:34.3760547Z ^[[1m^[[92m     Running^[[0m `/home/runner/.rustup/toolchains/stable-x86_64-unknown-linux-gnu/bin/rustc --crate-name proc_macro2 --edition=2021 /home/runner/.cargo/registry/src/index.crates.io-1949cf8c6b5b557f/proc-macro2-1.0.103/src/lib.rs --error-format=json --json=diagnostic-rendered-ansi,artifacts,future-incompat --crate-type lib --emit=dep-info,metadata,link -C embed-bitcode=no --cfg 'feature="default"' --cfg 'feature="proc-macro"' --check-cfg 'cfg(docsrs,test)' --check-cfg 'cfg(feature, values("default", "nightly", "proc-macro", "span-locations"))' -C metadata=928527f9f5d28bc5 -C extra-filename=-cc22a5bd9cc2e88a --out-dir /home/runner/work/router/router/target/debug/deps -L dependency=/home/runner/work/router/router/target/debug/deps --extern unicode_ident=/home/runner/work/router/router/target/debug/deps/libunicode_ident-cb605ef6b6b3454f.rmeta --cap-lints allow -Dwarnings --cfg wrap_proc_macro --cfg proc_macro_span_location --cfg proc_macro_span_file --check-cfg 'cfg(fuzzing)' --check-cfg 'cfg(no_is_available)' --check-cfg 'cfg(no_literal_byte_character)' --check-cfg 'cfg(no_literal_c_string)' --check-cfg 'cfg(no_source_text)' --check-cfg 'cfg(proc_macro_span)' --check-cfg 'cfg(proc_macro_span_file)' --check-cfg 'cfg(proc_macro_span_location)' --check-cfg 'cfg(procmacro2_backtrace)' --check-cfg 'cfg(procmacro2_build_probe)' --check-cfg 'cfg(procmacro2_nightly_testing)' --check-cfg 'cfg(procmacro2_semver_exempt)' --check-cfg 'cfg(randomize_layout)' --check-cfg 'cfg(span_locations)' --check-cfg 'cfg(super_unstable)' --check-cfg 'cfg(wrap_proc_macro)'`
Test (ubuntu-latest)	Run tests	2026-05-09T15:57:34.3805383Z ^[[1m^[[92m   Compiling^[[0m bytes v1.11.0
Test (ubuntu-latest)	Run tests	2026-05-09T15:57:34.3811884Z ^[[1m^[[92m     Running^[[0m `/home/runner/.rustup/toolchains/stable-x86_64-unknown-linux-gnu/bin/rustc --crate-name bytes --edition=2021 /home/runner/.cargo/registry/src/index.crates.io-1949cf8c6b5b557f/bytes-1.11.0/src/lib.rs --error-format=json --json=diagnostic-rendered-ansi,artifacts,future-incompat --crate-type lib --emit=dep-info,metadata,link -C embed-bitcode=no -C debuginfo=2 --warn=unexpected_cfgs --check-cfg 'cfg(loom)' --cfg 'feature="default"' --cfg 'feature="std"' --check-cfg 'cfg(docsrs,test)' --check-cfg 'cfg(feature, values("default", "extra-platforms", "serde", "std"))' -C metadata=57456a4ad49e19cd -C extra-filename=-c50adbf09ebed7c5 --out-dir /home/runner/work/router/router/target/debug/deps -L dependency=/home/runner/work/router/router/target/debug/deps --cap-lints allow -Dwarnings`
Test (ubuntu-latest)	Run tests	2026-05-09T15:57:34.4195660Z ^[[1m^[[92m   Compiling^[[0m shlex v1.3.0
Test (ubuntu-latest)	Run tests	2026-05-09T15:57:34.4218438Z ^[[1m^[[92m     Running^[[0m `/home/runner/.rustup/toolchains/stable-x86_64-unknown-linux-gnu/bin/rustc --crate-name shlex --edition=2015 /home/runner/.cargo/registry/src/index.crates.io-1949cf8c6b5b557f/shlex-1.3.0/src/lib.rs --error-format=json --json=diagnostic-rendered-ansi,artifacts,future-incompat --crate-type lib --emit=dep-info,metadata,link -C embed-bitcode=no --cfg 'feature="default"' --cfg 'feature="std"' --check-cfg 'cfg(docsrs,test)' --check-cfg 'cfg(feature, values("default", "std"))' -C metadata=19f61c14c88450dc -C extra-filename=-c017eeaaf691cdaf --out-dir /home/runner/work/router/router/target/debug/deps -L dependency=/home/runner/work/router/router/target/debug/deps --cap-lints allow -Dwarnings`
Test (ubuntu-latest)	Run tests	2026-05-09T15:57:34.5285032Z ^[[1m^[[92m   Compiling^[[0m cfg-if v1.0.4
Test (ubuntu-latest)	Run tests	2026-05-09T15:57:34.5328536Z ^[[1m^[[92m     Running^[[0m `/home/runner/.rustup/toolchains/stable-x86_64-unknown-linux-gnu/bin/rustc --crate-name cfg_if --edition=2018 /home/runner/.cargo/registry/src/index.crates.io-1949cf8c6b5b557f/cfg-if-1.0.4/src/lib.rs --error-format=json --json=diagnostic-rendered-ansi,artifacts,future-incompat --crate-type lib --emit=dep-info,metadata,link -C embed-bitcode=no -C debuginfo=2 --check-cfg 'cfg(docsrs,test)' --check-cfg 'cfg(feature, values("core", "rustc-dep-of-std"))' -C metadata=cc8f9a7b2578854f -C extra-filename=-0ee797985b074c2f --out-dir /home/runner/work/router/router/target/debug/deps -L dependency=/home/runner/work/router/router/target/debug/deps --cap-lints allow -Dwarnings`
Test (ubuntu-latest)	Run tests	2026-05-09T15:57:34.5524689Z ^[[1m^[[92m   Compiling^[[0m find-msvc-tools v0.1.9
Test (ubuntu-latest)	Run tests	2026-05-09T15:57:34.5548966Z ^[[1m^[[92m     Running^[[0m `/home/runner/.rustup/toolchains/stable-x86_64-unknown-linux-gnu/bin/rustc --crate-name find_msvc_tools --edition=2018 /home/runner/.cargo/registry/src/index.crates.io-1949cf8c6b5b557f/find-msvc-tools-0.1.9/src/lib.rs --error-format=json --json=diagnostic-rendered-ansi,artifacts,future-incompat --crate-type lib --emit=dep-info,metadata,link -C embed-bitcode=no --allow=unexpected_cfgs --check-cfg 'cfg(disable_clang_cl_tests)' --check-cfg 'cfg(docsrs,test)' --check-cfg 'cfg(feature, values())' -C metadata=1141907db2deed4f -C extra-filename=-8da0da0bd6aeec66 --out-dir /home/runner/work/router/router/target/debug/deps -L dependency=/home/runner/work/router/router/target/debug/deps --cap-lints allow -Dwarnings`
Test (ubuntu-latest)	Run tests	2026-05-09T15:57:34.7168171Z ^[[1m^[[92m     Running^[[0m `/home/runner/.rustup/toolchains/stable-x86_64-unknown-linux-gnu/bin/rustc --crate-name quote --edition=2018 /home/runner/.cargo/registry/src/index.crates.io-1949cf8c6b5b557f/quote-1.0.42/src/lib.rs --error-format=json --json=diagnostic-rendered-ansi,artifacts,future-incompat --crate-type lib --emit=dep-info,metadata,link -C embed-bitcode=no --cfg 'feature="default"' --cfg 'feature="proc-macro"' --check-cfg 'cfg(docsrs,test)' --check-cfg 'cfg(feature, values("default", "proc-macro"))' -C metadata=798a164629ac820d -C extra-filename=-c59734c285e87097 --out-dir /home/runner/work/router/router/target/debug/deps -L dependency=/home/runner/work/router/router/target/debug/deps --extern proc_macro2=/home/runner/work/router/router/target/debug/deps/libproc_macro2-cc22a5bd9cc2e88a.rmeta --cap-lints allow -Dwarnings --check-cfg 'cfg(no_diagnostic_namespace)'`
Test (ubuntu-latest)	Run tests	2026-05-09T15:57:34.9024781Z ^[[1m^[[92m   Compiling^[[0m syn v2.0.111
Test (ubuntu-latest)	Run tests	2026-05-09T15:57:34.9053230Z ^[[1m^[[92m     Running^[[0m `/home/runner/.rustup/toolchains/stable-x86_64-unknown-linux-gnu/bin/rustc --crate-name syn --edition=2021 /home/runner/.cargo/registry/src/index.crates.io-1949cf8c6b5b557f/syn-2.0.111/src/lib.rs --error-format=json --json=diagnostic-rendered-ansi,artifacts,future-incompat --crate-type lib --emit=dep-info,metadata,link -C embed-bitcode=no --cfg 'feature="clone-impls"' --cfg 'feature="default"' --cfg 'feature="derive"' --cfg 'feature="extra-traits"' --cfg 'feature="fold"' --cfg 'feature="full"' --cfg 'feature="parsing"' --cfg 'feature="printing"' --cfg 'feature="proc-macro"' --cfg 'feature="visit"' --cfg 'feature="visit-mut"' --check-cfg 'cfg(docsrs,test)' --check-cfg 'cfg(feature, values("clone-impls", "default", "derive", "extra-traits", "fold", "full", "parsing", "printing", "proc-macro", "test", "visit", "visit-mut"))' -C metadata=c2e42ea43549e70b -C extra-filename=-8cbfeb3153951041 --out-dir /home/runner/work/router/router/target/debug/deps -L dependency=/home/runner/work/router/router/target/debug/deps --extern proc_macro2=/home/runner/work/router/router/target/debug/deps/libproc_macro2-cc22a5bd9cc2e88a.rmeta --extern quote=/home/runner/work/router/router/target/debug/deps/libquote-c59734c285e87097.rmeta --extern unicode_ident=/home/runner/work/router/router/target/debug/deps/libunicode_ident-cb605ef6b6b3454f.rmeta --cap-lints allow -Dwarnings`
Test (ubuntu-latest)	Run tests	2026-05-09T15:57:34.9146374Z ^[[1m^[[92m   Compiling^[[0m cc v1.2.57
Test (ubuntu-latest)	Run tests	2026-05-09T15:57:34.9190959Z ^[[1m^[[92m     Running^[[0m `/home/runner/.rustup/toolchains/stable-x86_64-unknown-linux-gnu/bin/rustc --crate-name cc --edition=2018 /home/runner/.cargo/registry/src/index.crates.io-1949cf8c6b5b557f/cc-1.2.57/src/lib.rs --error-format=json --json=diagnostic-rendered-ansi,artifacts,future-incompat --crate-type lib --emit=dep-info,metadata,link -C embed-bitcode=no --allow=unexpected_cfgs --check-cfg 'cfg(disable_clang_cl_tests)' --check-cfg 'cfg(docsrs,test)' --check-cfg 'cfg(feature, values("jobserver", "parallel"))' -C metadata=f523626c44c44fe9 -C extra-filename=-0c53cd3c138c67c4 --out-dir /home/runner/work/router/router/target/debug/deps -L dependency=/home/runner/work/router/router/target/debug/deps --extern find_msvc_tools=/home/runner/work/router/router/target/debug/deps/libfind_msvc_tools-8da0da0bd6aeec66.rmeta --extern shlex=/home/runner/work/router/router/target/debug/deps/libshlex-c017eeaaf691cdaf.rmeta --cap-lints allow -Dwarnings`
Test (ubuntu-latest)	Run tests	2026-05-09T15:57:34.9885028Z ^[[1m^[[92m   Compiling^[[0m stable_deref_trait v1.2.1
Test (ubuntu-latest)	Run tests	2026-05-09T15:57:34.9910109Z ^[[1m^[[92m     Running^[[0m `/home/runner/.rustup/toolchains/stable-x86_64-unknown-linux-gnu/bin/rustc --crate-name stable_deref_trait --edition=2015 /home/runner/.cargo/registry/src/index.crates.io-1949cf8c6b5b557f/stable_deref_trait-1.2.1/src/lib.rs --error-format=json --json=diagnostic-rendered-ansi,artifacts,future-incompat --crate-type lib --emit=dep-info,metadata,link -C embed-bitcode=no -C debuginfo=2 --check-cfg 'cfg(docsrs,test)' --check-cfg 'cfg(feature, values("alloc", "default", "std"))' -C metadata=3d95deb97e927453 -C extra-filename=-f6292b0e48d0a3c9 --out-dir /home/runner/work/router/router/target/debug/deps -L dependency=/home/runner/work/router/router/target/debug/deps --cap-lints allow -Dwarnings`
Test (ubuntu-latest)	Run tests	2026-05-09T15:57:35.0145367Z ^[[1m^[[92m   Compiling^[[0m log v0.4.29
Test (ubuntu-latest)	Run tests	2026-05-09T15:57:35.0160138Z ^[[1m^[[92m     Running^[[0m `/home/runner/.rustup/toolchains/stable-x86_64-unknown-linux-gnu/bin/rustc --crate-name log --edition=2021 /home/runner/.cargo/registry/src/index.crates.io-1949cf8c6b5b557f/log-0.4.29/src/lib.rs --error-format=json --json=diagnostic-rendered-ansi,artifacts,future-incompat --crate-type lib --emit=dep-info,metadata,link -C embed-bitcode=no -C debuginfo=2 --cfg 'feature="std"' --check-cfg 'cfg(docsrs,test)' --check-cfg 'cfg(feature, values("kv", "kv_serde", "kv_std", "kv_sval", "kv_unstable", "kv_unstable_serde", "kv_unstable_std", "kv_unstable_sval", "max_level_debug", "max_level_error", "max_level_info", "max_level_off", "max_level_trace", "max_level_warn", "release_max_level_debug", "release_max_level_error", "release_max_level_info", "release_max_level_off", "release_max_level_trace", "release_max_level_warn", "serde", "serde_core", "std", "sval", "sval_ref", "value-bag"))' -C metadata=074f689b5ac15bcd -C extra-filename=-059bc689be228a7e --out-dir /home/runner/work/router/router/target/debug/deps -L dependency=/home/runner/work/router/router/target/debug/deps --cap-lints allow -Dwarnings`
Test (ubuntu-latest)	Run tests	2026-05-09T15:57:35.1524761Z ^[[1m^[[92m   Compiling^[[0m tracing-core v0.1.36
Test (ubuntu-latest)	Run tests	2026-05-09T15:57:35.1570505Z ^[[1m^[[92m     Running^[[0m `/home/runner/.rustup/toolchains/stable-x86_64-unknown-linux-gnu/bin/rustc --crate-name tracing_core --edition=2018 /home/runner/.cargo/registry/src/index.crates.io-1949cf8c6b5b557f/tracing-core-0.1.36/src/lib.rs --error-format=json --json=diagnostic-rendered-ansi,artifacts,future-incompat --crate-type lib --emit=dep-info,metadata,link -C embed-bitcode=no -C debuginfo=2 --warn=unexpected_cfgs --check-cfg 'cfg(flaky_tests)' --check-cfg 'cfg(tracing_unstable)' --check-cfg 'cfg(unsound_local_offset)' --cfg 'feature="default"' --cfg 'feature="once_cell"' --cfg 'feature="std"' --check-cfg 'cfg(docsrs,test)' --check-cfg 'cfg(feature, values("default", "once_cell", "std", "valuable"))' -C metadata=5f93c9988c592739 -C extra-filename=-3ccb6be0dd339440 --out-dir /home/runner/work/router/router/target/debug/deps -L dependency=/home/runner/work/router/router/target/debug/deps --extern once_cell=/home/runner/work/router/router/target/debug/deps/libonce_cell-12d43d541c2c1369.rmeta --cap-lints allow -Dwarnings`
Test (ubuntu-latest)	Run tests	2026-05-09T15:57:35.2037919Z ^[[1m^[[92m   Compiling^[[0m errno v0.3.14
Test (ubuntu-latest)	Run tests	2026-05-09T15:57:35.2053051Z ^[[1m^[[92m     Running^[[0m `/home/runner/.rustup/toolchains/stable-x86_64-unknown-linux-gnu/bin/rustc --crate-name errno --edition=2018 /home/runner/.cargo/registry/src/index.crates.io-1949cf8c6b5b557f/errno-0.3.14/src/lib.rs --error-format=json --json=diagnostic-rendered-ansi,artifacts,future-incompat --crate-type lib --emit=dep-info,metadata,link -C embed-bitcode=no -C debuginfo=2 --warn=unexpected_cfgs --check-cfg 'cfg(target_os, values("cygwin"))' --cfg 'feature="default"' --cfg 'feature="std"' --check-cfg 'cfg(docsrs,test)' --check-cfg 'cfg(feature, values("default", "std"))' -C metadata=b7fee51c943bd3f6 -C extra-filename=-99b79f8a0a7b0750 --out-dir /home/runner/work/router/router/target/debug/deps -L dependency=/home/runner/work/router/router/target/debug/deps --extern libc=/home/runner/work/router/router/target/debug/deps/liblibc-2dbdca3d6c768140.rmeta --cap-lints allow -Dwarnings`
Test (ubuntu-latest)	Run tests	2026-05-09T15:57:35.2794937Z ^[[1m^[[92m   Compiling^[[0m signal-hook-registry v1.4.8
Test (ubuntu-latest)	Run tests	2026-05-09T15:57:35.2831260Z ^[[1m^[[92m     Running^[[0m `/home/runner/.rustup/toolchains/stable-x86_64-unknown-linux-gnu/bin/rustc --crate-name signal_hook_registry --edition=2015 /home/runner/.cargo/registry/src/index.crates.io-1949cf8c6b5b557f/signal-hook-registry-1.4.8/src/lib.rs --error-format=json --json=diagnostic-rendered-ansi,artifacts,future-incompat --crate-type lib --emit=dep-info,metadata,link -C embed-bitcode=no -C debuginfo=2 '--allow=clippy::unnecessary_clippy_cfg' --check-cfg 'cfg(docsrs,test)' --check-cfg 'cfg(feature, values())' -C metadata=b6b8c3cfdae48af2 -C extra-filename=-41a31d4cc516b96c --out-dir /home/runner/work/router/router/target/debug/deps -L dependency=/home/runner/work/router/router/target/debug/deps --extern errno=/home/runner/work/router/router/target/debug/deps/liberrno-99b79f8a0a7b0750.rmeta --extern libc=/home/runner/work/router/router/target/debug/deps/liblibc-2dbdca3d6c768140.rmeta --cap-lints allow -Dwarnings`
Test (ubuntu-latest)	Run tests	2026-05-09T15:57:35.4934898Z ^[[1m^[[92m   Compiling^[[0m mio v1.1.1
Test (ubuntu-latest)	Run tests	2026-05-09T15:57:35.4970559Z ^[[1m^[[92m     Running^[[0m `/home/runner/.rustup/toolchains/stable-x86_64-unknown-linux-gnu/bin/rustc --crate-name mio --edition=2021 /home/runner/.cargo/registry/src/index.crates.io-1949cf8c6b5b557f/mio-1.1.1/src/lib.rs --error-format=json --json=diagnostic-rendered-ansi,artifacts,future-incompat --crate-type lib --emit=dep-info,metadata,link -C embed-bitcode=no -C debuginfo=2 --warn=unexpected_cfgs --check-cfg 'cfg(mio_unsupported_force_poll_poll)' --check-cfg 'cfg(mio_unsupported_force_waker_pipe)' --cfg 'feature="net"' --cfg 'feature="os-ext"' --cfg 'feature="os-poll"' --check-cfg 'cfg(docsrs,test)' --check-cfg 'cfg(feature, values("default", "log", "net", "os-ext", "os-poll"))' -C metadata=227600e490791329 -C extra-filename=-a1d3a9908c2bee2c --out-dir /home/runner/work/router/router/target/debug/deps -L dependency=/home/runner/work/router/router/target/debug/deps --extern libc=/home/runner/work/router/router/target/debug/deps/liblibc-2dbdca3d6c768140.rmeta --cap-lints allow -Dwarnings`
Test (ubuntu-latest)	Run tests	2026-05-09T15:57:35.7265039Z ^[[1m^[[92m   Compiling^[[0m socket2 v0.6.3
Test (ubuntu-latest)	Run tests	2026-05-09T15:57:35.7293527Z ^[[1m^[[92m     Running^[[0m `/home/runner/.rustup/toolchains/stable-x86_64-unknown-linux-gnu/bin/rustc --crate-name socket2 --edition=2021 /home/runner/.cargo/registry/src/index.crates.io-1949cf8c6b5b557f/socket2-0.6.3/src/lib.rs --error-format=json --json=diagnostic-rendered-ansi,artifacts,future-incompat --crate-type lib --emit=dep-info,metadata,link -C embed-bitcode=no -C debuginfo=2 --cfg 'feature="all"' --check-cfg 'cfg(docsrs,test)' --check-cfg 'cfg(feature, values("all"))' -C metadata=b7f8af217166fa6d -C extra-filename=-b8ed74cb97f84293 --out-dir /home/runner/work/router/router/target/debug/deps -L dependency=/home/runner/work/router/router/target/debug/deps --extern libc=/home/runner/work/router/router/target/debug/deps/liblibc-2dbdca3d6c768140.rmeta --cap-lints allow -Dwarnings`
Test (ubuntu-latest)	Run tests	2026-05-09T15:57:35.9861226Z ^[[1m^[[92m   Compiling^[[0m serde_core v1.0.228
Test (ubuntu-latest)	Run tests	2026-05-09T15:57:35.9892454Z ^[[1m^[[92m     Running^[[0m `/home/runner/.rustup/toolchains/stable-x86_64-unknown-linux-gnu/bin/rustc --crate-name build_script_build --edition=2021 /home/runner/.cargo/registry/src/index.crates.io-1949cf8c6b5b557f/serde_core-1.0.228/build.rs --error-format=json --json=diagnostic-rendered-ansi,artifacts,future-incompat --crate-type bin --emit=dep-info,link -C embed-bitcode=no --cfg 'feature="alloc"' --cfg 'feature="default"' --cfg 'feature="result"' --cfg 'feature="std"' --check-cfg 'cfg(docsrs,test)' --check-cfg 'cfg(feature, values("alloc", "default", "rc", "result", "std", "unstable"))' -C metadata=dfab911413ede10c -C extra-filename=-ab7bed9fbf512d22 --out-dir /home/runner/work/router/router/target/debug/build/serde_core-ab7bed9fbf512d22 -L dependency=/home/runner/work/router/router/target/debug/deps --cap-lints allow -Dwarnings`
Test (ubuntu-latest)	Run tests	2026-05-09T15:57:36.1555345Z ^[[1m^[[92m     Running^[[0m `/home/runner/work/router/router/target/debug/build/serde_core-ab7bed9fbf512d22/build-script-build`
Test (ubuntu-latest)	Run tests	2026-05-09T15:57:36.1714085Z ^[[1m^[[92m     Running^[[0m `/home/runner/.rustup/toolchains/stable-x86_64-unknown-linux-gnu/bin/rustc --crate-name serde_core --edition=2021 /home/runner/.cargo/registry/src/index.crates.io-1949cf8c6b5b557f/serde_core-1.0.228/src/lib.rs --error-format=json --json=diagnostic-rendered-ansi,artifacts,future-incompat --crate-type lib --emit=dep-info,metadata,link -C embed-bitcode=no -C debuginfo=2 --cfg 'feature="alloc"' --cfg 'feature="default"' --cfg 'feature="result"' --cfg 'feature="std"' --check-cfg 'cfg(docsrs,test)' --check-cfg 'cfg(feature, values("alloc", "default", "rc", "result", "std", "unstable"))' -C metadata=90f66986a494607c -C extra-filename=-d9146068b4f8a12a --out-dir /home/runner/work/router/router/target/debug/deps -L dependency=/home/runner/work/router/router/target/debug/deps --cap-lints allow -Dwarnings --check-cfg 'cfg(if_docsrs_then_no_serde_core)' --check-cfg 'cfg(no_core_cstr)' --check-cfg 'cfg(no_core_error)' --check-cfg 'cfg(no_core_net)' --check-cfg 'cfg(no_core_num_saturating)' --check-cfg 'cfg(no_diagnostic_namespace)' --check-cfg 'cfg(no_serde_derive)' --check-cfg 'cfg(no_std_atomic)' --check-cfg 'cfg(no_std_atomic64)' --check-cfg 'cfg(no_target_has_atomic)'`
Test (ubuntu-latest)	Run tests	2026-05-09T15:57:36.2055035Z ^[[1m^[[92m   Compiling^[[0m http v1.4.0
Test (ubuntu-latest)	Run tests	2026-05-09T15:57:36.2077049Z ^[[1m^[[92m     Running^[[0m `/home/runner/.rustup/toolchains/stable-x86_64-unknown-linux-gnu/bin/rustc --crate-name http --edition=2021 /home/runner/.cargo/registry/src/index.crates.io-1949cf8c6b5b557f/http-1.4.0/src/lib.rs --error-format=json --json=diagnostic-rendered-ansi,artifacts,future-incompat --crate-type lib --emit=dep-info,metadata,link -C embed-bitcode=no -C debuginfo=2 --cfg 'feature="default"' --cfg 'feature="std"' --check-cfg 'cfg(docsrs,test)' --check-cfg 'cfg(feature, values("default", "std"))' -C metadata=270f56faa052bfc2 -C extra-filename=-df218f370a5dfd31 --out-dir /home/runner/work/router/router/target/debug/deps -L dependency=/home/runner/work/router/router/target/debug/deps --extern bytes=/home/runner/work/router/router/target/debug/deps/libbytes-c50adbf09ebed7c5.rmeta --extern itoa=/home/runner/work/router/router/target/debug/deps/libitoa-1e9e28e3981cf9af.rmeta --cap-lints allow -Dwarnings`
Test (ubuntu-latest)	Run tests	2026-05-09T15:57:36.2265682Z ^[[1m^[[92m   Compiling^[[0m serde v1.0.228
Test (ubuntu-latest)	Run tests	2026-05-09T15:57:36.2299532Z ^[[1m^[[92m     Running^[[0m `/home/runner/.rustup/toolchains/stable-x86_64-unknown-linux-gnu/bin/rustc --crate-name build_script_build --edition=2021 /home/runner/.cargo/registry/src/index.crates.io-1949cf8c6b5b557f/serde-1.0.228/build.rs --error-format=json --json=diagnostic-rendered-ansi,artifacts,future-incompat --crate-type bin --emit=dep-info,link -C embed-bitcode=no --cfg 'feature="default"' --cfg 'feature="derive"' --cfg 'feature="serde_derive"' --cfg 'feature="std"' --check-cfg 'cfg(docsrs,test)' --check-cfg 'cfg(feature, values("alloc", "default", "derive", "rc", "serde_derive", "std", "unstable"))' -C metadata=ba36aa90bdb7d3bc -C extra-filename=-1be9fb9680d9b12c --out-dir /home/runner/work/router/router/target/debug/build/serde-1be9fb9680d9b12c -L dependency=/home/runner/work/router/router/target/debug/deps --cap-lints allow -Dwarnings`
Test (ubuntu-latest)	Run tests	2026-05-09T15:57:36.3914913Z ^[[1m^[[92m   Compiling^[[0m smallvec v1.15.1
Test (ubuntu-latest)	Run tests	2026-05-09T15:57:36.3960232Z ^[[1m^[[92m     Running^[[0m `/home/runner/.rustup/toolchains/stable-x86_64-unknown-linux-gnu/bin/rustc --crate-name smallvec --edition=2018 /home/runner/.cargo/registry/src/index.crates.io-1949cf8c6b5b557f/smallvec-1.15.1/src/lib.rs --error-format=json --json=diagnostic-rendered-ansi,artifacts,future-incompat --crate-type lib --emit=dep-info,metadata,link -C embed-bitcode=no -C debuginfo=2 --cfg 'feature="const_generics"' --cfg 'feature="const_new"' --check-cfg 'cfg(docsrs,test)' --check-cfg 'cfg(feature, values("arbitrary", "bincode", "const_generics", "const_new", "debugger_visualizer", "drain_filter", "drain_keep_rest", "impl_bincode", "malloc_size_of", "may_dangle", "serde", "specialization", "union", "unty", "write"))' -C metadata=665be59719134bf7 -C extra-filename=-96973b0900e7da08 --out-dir /home/runner/work/router/router/target/debug/deps -L dependency=/home/runner/work/router/router/target/debug/deps --cap-lints allow -Dwarnings`
Test (ubuntu-latest)	Run tests	2026-05-09T15:57:36.5265024Z ^[[1m^[[92m   Compiling^[[0m vcpkg v0.2.15
Test (ubuntu-latest)	Run tests	2026-05-09T15:57:36.5293037Z ^[[1m^[[92m     Running^[[0m `/home/runner/.rustup/toolchains/stable-x86_64-unknown-linux-gnu/bin/rustc --crate-name vcpkg --edition=2015 /home/runner/.cargo/registry/src/index.crates.io-1949cf8c6b5b557f/vcpkg-0.2.15/src/lib.rs --error-format=json --json=diagnostic-rendered-ansi,artifacts,future-incompat --crate-type lib --emit=dep-info,metadata,link -C embed-bitcode=no --check-cfg 'cfg(docsrs,test)' --check-cfg 'cfg(feature, values())' -C metadata=5d7dab18ca8f21ea -C extra-filename=-7d350191d1941a73 --out-dir /home/runner/work/router/router/target/debug/deps -L dependency=/home/runner/work/router/router/target/debug/deps --cap-lints allow -Dwarnings`
Test (ubuntu-latest)	Run tests	2026-05-09T15:57:37.1125133Z ^[[1m^[[92m   Compiling^[[0m pkg-config v0.3.32
Test (ubuntu-latest)	Run tests	2026-05-09T15:57:37.1158575Z ^[[1m^[[92m     Running^[[0m `/home/runner/.rustup/toolchains/stable-x86_64-unknown-linux-gnu/bin/rustc --crate-name pkg_config --edition=2018 /home/runner/.cargo/registry/src/index.crates.io-1949cf8c6b5b557f/pkg-config-0.3.32/src/lib.rs --error-format=json --json=diagnostic-rendered-ansi,artifacts,future-incompat --crate-type lib --emit=dep-info,metadata,link -C embed-bitcode=no --check-cfg 'cfg(docsrs,test)' --check-cfg 'cfg(feature, values())' -C metadata=0040d648558b8017 -C extra-filename=-cb5b5ca6773faa8f --out-dir /home/runner/work/router/router/target/debug/deps -L dependency=/home/runner/work/router/router/target/debug/deps --cap-lints allow -Dwarnings`
Test (ubuntu-latest)	Run tests	2026-05-09T15:57:37.3025154Z ^[[1m^[[92m     Running^[[0m `/home/runner/work/router/router/target/debug/build/serde-1be9fb9680d9b12c/build-script-build`
Test (ubuntu-latest)	Run tests	2026-05-09T15:57:37.3203217Z ^[[1m^[[92m   Compiling^[[0m slab v0.4.12
Test (ubuntu-latest)	Run tests	2026-05-09T15:57:37.3209056Z ^[[1m^[[92m     Running^[[0m `/home/runner/.rustup/toolchains/stable-x86_64-unknown-linux-gnu/bin/rustc --crate-name slab --edition=2018 /home/runner/.cargo/registry/src/index.crates.io-1949cf8c6b5b557f/slab-0.4.12/src/lib.rs --error-format=json --json=diagnostic-rendered-ansi,artifacts,future-incompat --crate-type lib --emit=dep-info,metadata,link -C embed-bitcode=no -C debuginfo=2 --cfg 'feature="default"' --cfg 'feature="std"' --check-cfg 'cfg(docsrs,test)' --check-cfg 'cfg(feature, values("default", "serde", "std"))' -C metadata=9fc7887bc7ec5af6 -C extra-filename=-3a5c7d6e761204ba --out-dir /home/runner/work/router/router/target/debug/deps -L dependency=/home/runner/work/router/router/target/debug/deps --cap-lints allow -Dwarnings`
Test (ubuntu-latest)	Run tests	2026-05-09T15:57:37.4293129Z ^[[1m^[[92m   Compiling^[[0m http-body v1.0.1
Test (ubuntu-latest)	Run tests	2026-05-09T15:57:37.4300376Z ^[[1m^[[92m     Running^[[0m `/home/runner/.rustup/toolchains/stable-x86_64-unknown-linux-gnu/bin/rustc --crate-name http_body --edition=2018 /home/runner/.cargo/registry/src/index.crates.io-1949cf8c6b5b557f/http-body-1.0.1/src/lib.rs --error-format=json --json=diagnostic-rendered-ansi,artifacts,future-incompat --crate-type lib --emit=dep-info,metadata,link -C embed-bitcode=no -C debuginfo=2 --check-cfg 'cfg(docsrs,test)' --check-cfg 'cfg(feature, values())' -C metadata=45cf4de51cbde900 -C extra-filename=-65f4a72022006c14 --out-dir /home/runner/work/router/router/target/debug/deps -L dependency=/home/runner/work/router/router/target/debug/deps --extern bytes=/home/runner/work/router/router/target/debug/deps/libbytes-c50adbf09ebed7c5.rmeta --extern http=/home/runner/work/router/router/target/debug/deps/libhttp-df218f370a5dfd31.rmeta --cap-lints allow -Dwarnings`
Test (ubuntu-latest)	Run tests	2026-05-09T15:57:37.4994855Z ^[[1m^[[92m   Compiling^[[0m autocfg v1.5.0
Test (ubuntu-latest)	Run tests	2026-05-09T15:57:37.5038604Z ^[[1m^[[92m     Running^[[0m `/home/runner/.rustup/toolchains/stable-x86_64-unknown-linux-gnu/bin/rustc --crate-name autocfg --edition=2015 /home/runner/.cargo/registry/src/index.crates.io-1949cf8c6b5b557f/autocfg-1.5.0/src/lib.rs --error-format=json --json=diagnostic-rendered-ansi,artifacts,future-incompat --crate-type lib --emit=dep-info,metadata,link -C embed-bitcode=no --check-cfg 'cfg(docsrs,test)' --check-cfg 'cfg(feature, values())' -C metadata=c569293a7c0fb2a3 -C extra-filename=-408c60b87123737b --out-dir /home/runner/work/router/router/target/debug/deps -L dependency=/home/runner/work/router/router/target/debug/deps --cap-lints allow -Dwarnings`
Test (ubuntu-latest)	Run tests	2026-05-09T15:57:37.5535783Z ^[[1m^[[92m   Compiling^[[0m openssl-sys v0.9.112
Test (ubuntu-latest)	Run tests	2026-05-09T15:57:37.5581501Z ^[[1m^[[92m     Running^[[0m `/home/runner/.rustup/toolchains/stable-x86_64-unknown-linux-gnu/bin/rustc --crate-name build_script_main --edition=2021 /home/runner/.cargo/registry/src/index.crates.io-1949cf8c6b5b557f/openssl-sys-0.9.112/build/main.rs --error-format=json --json=diagnostic-rendered-ansi,artifacts,future-incompat --crate-type bin --emit=dep-info,link -C embed-bitcode=no --check-cfg 'cfg(docsrs,test)' --check-cfg 'cfg(feature, values("aws-lc", "aws-lc-fips", "bindgen", "bssl-sys", "openssl-src", "unstable_boringssl", "vendored"))' -C metadata=c81ca1bdbc39641c -C extra-filename=-ee172d68c6826b18 --out-dir /home/runner/work/router/router/target/debug/build/openssl-sys-ee172d68c6826b18 -L dependency=/home/runner/work/router/router/target/debug/deps --extern cc=/home/runner/work/router/router/target/debug/deps/libcc-0c53cd3c138c67c4.rlib --extern pkg_config=/home/runner/work/router/router/target/debug/deps/libpkg_config-cb5b5ca6773faa8f.rlib --extern vcpkg=/home/runner/work/router/router/target/debug/deps/libvcpkg-7d350191d1941a73.rlib --cap-lints allow -Dwarnings`
Test (ubuntu-latest)	Run tests	2026-05-09T15:57:37.7925107Z ^[[1m^[[92m   Compiling^[[0m litemap v0.8.1
Test (ubuntu-latest)	Run tests	2026-05-09T15:57:37.7930541Z ^[[1m^[[92m     Running^[[0m `/home/runner/.rustup/toolchains/stable-x86_64-unknown-linux-gnu/bin/rustc --crate-name litemap --edition=2021 /home/runner/.cargo/registry/src/index.crates.io-1949cf8c6b5b557f/litemap-0.8.1/src/lib.rs --error-format=json --json=diagnostic-rendered-ansi,artifacts,future-incompat --crate-type lib --emit=dep-info,metadata,link -C embed-bitcode=no -C debuginfo=2 --check-cfg 'cfg(docsrs,test)' --check-cfg 'cfg(feature, values("alloc", "databake", "default", "serde", "testing", "yoke"))' -C metadata=1089535be940ee84 -C extra-filename=-662a93e89f5ebf32 --out-dir /home/runner/work/router/router/target/debug/deps -L dependency=/home/runner/work/router/router/target/debug/deps --cap-lints allow -Dwarnings`
Test (ubuntu-latest)	Run tests	2026-05-09T15:57:37.8846351Z ^[[1m^[[92m     Running^[[0m `/home/runner/work/router/router/target/debug/build/openssl-sys-ee172d68c6826b18/build-script-main`
Test (ubuntu-latest)	Run tests	2026-05-09T15:57:37.9277431Z ^[[1m^[[92m   Compiling^[[0m writeable v0.6.2
Test (ubuntu-latest)	Run tests	2026-05-09T15:57:37.9299336Z ^[[1m^[[92m     Running^[[0m `/home/runner/.rustup/toolchains/stable-x86_64-unknown-linux-gnu/bin/rustc --crate-name writeable --edition=2021 /home/runner/.cargo/registry/src/index.crates.io-1949cf8c6b5b557f/writeable-0.6.2/src/lib.rs --error-format=json --json=diagnostic-rendered-ansi,artifacts,future-incompat --crate-type lib --emit=dep-info,metadata,link -C embed-bitcode=no -C debuginfo=2 --check-cfg 'cfg(docsrs,test)' --check-cfg 'cfg(feature, values("alloc", "default", "either"))' -C metadata=66568d4271ac2426 -C extra-filename=-f9c6feaae2e13681 --out-dir /home/runner/work/router/router/target/debug/deps -L dependency=/home/runner/work/router/router/target/debug/deps --cap-lints allow -Dwarnings`
Test (ubuntu-latest)	Run tests	2026-05-09T15:57:37.9474629Z ^[[1m^[[92m   Compiling^[[0m bitflags v2.11.0
Test (ubuntu-latest)	Run tests	2026-05-09T15:57:37.9509233Z ^[[1m^[[92m     Running^[[0m `/home/runner/.rustup/toolchains/stable-x86_64-unknown-linux-gnu/bin/rustc --crate-name bitflags --edition=2021 /home/runner/.cargo/registry/src/index.crates.io-1949cf8c6b5b557f/bitflags-2.11.0/src/lib.rs --error-format=json --json=diagnostic-rendered-ansi,artifacts,future-incompat --crate-type lib --emit=dep-info,metadata,link -C embed-bitcode=no -C debuginfo=2 --cfg 'feature="std"' --check-cfg 'cfg(docsrs,test)' --check-cfg 'cfg(feature, values("arbitrary", "bytemuck", "example_generated", "serde", "serde_core", "std"))' -C metadata=20b24db39f601722 -C extra-filename=-1dca89d257b7e756 --out-dir /home/runner/work/router/router/target/debug/deps -L dependency=/home/runner/work/router/router/target/debug/deps --cap-lints allow -Dwarnings`
Test (ubuntu-latest)	Run tests	2026-05-09T15:57:38.0521351Z ^[[1m^[[92m   Compiling^[[0m num-traits v0.2.19
Test (ubuntu-latest)	Run tests	2026-05-09T15:57:38.0535956Z ^[[1m^[[92m     Running^[[0m `/home/runner/.rustup/toolchains/stable-x86_64-unknown-linux-gnu/bin/rustc --crate-name build_script_build --edition=2021 /home/runner/.cargo/registry/src/index.crates.io-1949cf8c6b5b557f/num-traits-0.2.19/build.rs --error-format=json --json=diagnostic-rendered-ansi,artifacts,future-incompat --crate-type bin --emit=dep-info,link -C embed-bitcode=no --cfg 'feature="i128"' --check-cfg 'cfg(docsrs,test)' --check-cfg 'cfg(feature, values("default", "i128", "libm", "std"))' -C metadata=3510f81ff49761c4 -C extra-filename=-410348c8170c9be6 --out-dir /home/runner/work/router/router/target/debug/build/num-traits-410348c8170c9be6 -L dependency=/home/runner/work/router/router/target/debug/deps --extern autocfg=/home/runner/work/router/router/target/debug/deps/libautocfg-408c60b87123737b.rlib --cap-lints allow -Dwarnings`
Test (ubuntu-latest)	Run tests	2026-05-09T15:57:38.1015949Z ^[[1m^[[92m   Compiling^[[0m futures-sink v0.3.32
Test (ubuntu-latest)	Run tests	2026-05-09T15:57:38.1050826Z ^[[1m^[[92m     Running^[[0m `/home/runner/.rustup/toolchains/stable-x86_64-unknown-linux-gnu/bin/rustc --crate-name futures_sink --edition=2018 /home/runner/.cargo/registry/src/index.crates.io-1949cf8c6b5b557f/futures-sink-0.3.32/src/lib.rs --error-format=json --json=diagnostic-rendered-ansi,artifacts,future-incompat --crate-type lib --emit=dep-info,metadata,link -C embed-bitcode=no -C debuginfo=2 --warn=unreachable_pub --warn=unexpected_cfgs --warn=single_use_lifetimes --warn=rust_2018_idioms --warn=missing_debug_implementations --check-cfg 'cfg(futures_sanitizer)' --cfg 'feature="alloc"' --cfg 'feature="default"' --cfg 'feature="std"' --check-cfg 'cfg(docsrs,test)' --check-cfg 'cfg(feature, values("alloc", "default", "std"))' -C metadata=972049d67c0e7275 -C extra-filename=-abeae9f23c867de4 --out-dir /home/runner/work/router/router/target/debug/deps -L dependency=/home/runner/work/router/router/target/debug/deps --cap-lints allow -Dwarnings`
Test (ubuntu-latest)	Run tests	2026-05-09T15:57:38.1407803Z ^[[1m^[[92m   Compiling^[[0m hashbrown v0.16.1
Test (ubuntu-latest)	Run tests	2026-05-09T15:57:38.1471255Z ^[[1m^[[92m     Running^[[0m `/home/runner/.rustup/toolchains/stable-x86_64-unknown-linux-gnu/bin/rustc --crate-name hashbrown --edition=2021 /home/runner/.cargo/registry/src/index.crates.io-1949cf8c6b5b557f/hashbrown-0.16.1/src/lib.rs --error-format=json --json=diagnostic-rendered-ansi,artifacts,future-incompat --crate-type lib --emit=dep-info,metadata,link -C embed-bitcode=no -C debuginfo=2 --check-cfg 'cfg(docsrs,test)' --check-cfg 'cfg(feature, values("alloc", "allocator-api2", "core", "default", "default-hasher", "equivalent", "inline-more", "nightly", "raw-entry", "rayon", "rustc-dep-of-std", "rustc-internal-api", "serde"))' -C metadata=de1c73cc1335a811 -C extra-filename=-083a29796a28d846 --out-dir /home/runner/work/router/router/target/debug/deps -L dependency=/home/runner/work/router/router/target/debug/deps --cap-lints allow -Dwarnings`
Test (ubuntu-latest)	Run tests	2026-05-09T15:57:38.1504155Z ^[[1m^[[92m   Compiling^[[0m icu_properties_data v2.1.2
Test (ubuntu-latest)	Run tests	2026-05-09T15:57:38.1510130Z ^[[1m^[[92m     Running^[[0m `/home/runner/.rustup/toolchains/stable-x86_64-unknown-linux-gnu/bin/rustc --crate-name build_script_build --edition=2021 /home/runner/.cargo/registry/src/index.crates.io-1949cf8c6b5b557f/icu_properties_data-2.1.2/build.rs --error-format=json --json=diagnostic-rendered-ansi,artifacts,future-incompat --crate-type bin --emit=dep-info,link -C embed-bitcode=no --warn=unexpected_cfgs --check-cfg 'cfg(icu4x_custom_data)' --check-cfg 'cfg(docsrs,test)' --check-cfg 'cfg(feature, values())' -C metadata=01935f45682d250f -C extra-filename=-9e76f1d9dfab6f6a --out-dir /home/runner/work/router/router/target/debug/build/icu_properties_data-9e76f1d9dfab6f6a -L dependency=/home/runner/work/router/router/target/debug/deps --cap-lints allow -Dwarnings`
Test (ubuntu-latest)	Run tests	2026-05-09T15:57:38.2345082Z ^[[1m^[[92m   Compiling^[[0m synstructure v0.13.2
Test (ubuntu-latest)	Run tests	2026-05-09T15:57:38.2382611Z ^[[1m^[[92m     Running^[[0m `/home/runner/.rustup/toolchains/stable-x86_64-unknown-linux-gnu/bin/rustc --crate-name synstructure --edition=2018 /home/runner/.cargo/registry/src/index.crates.io-1949cf8c6b5b557f/synstructure-0.13.2/src/lib.rs --error-format=json --json=diagnostic-rendered-ansi,artifacts,future-incompat --crate-type lib --emit=dep-info,metadata,link -C embed-bitcode=no --cfg 'feature="default"' --cfg 'feature="proc-macro"' --check-cfg 'cfg(docsrs,test)' --check-cfg 'cfg(feature, values("default", "proc-macro"))' -C metadata=dbc82c736640f1d1 -C extra-filename=-0b3838c2d18b4572 --out-dir /home/runner/work/router/router/target/debug/deps -L dependency=/home/runner/work/router/router/target/debug/deps --extern proc_macro2=/home/runner/work/router/router/target/debug/deps/libproc_macro2-cc22a5bd9cc2e88a.rmeta --extern quote=/home/runner/work/router/router/target/debug/deps/libquote-c59734c285e87097.rmeta --extern syn=/home/runner/work/router/router/target/debug/deps/libsyn-8cbfeb3153951041.rmeta --cap-lints allow -Dwarnings`
Test (ubuntu-latest)	Run tests	2026-05-09T15:57:38.4014905Z ^[[1m^[[92m   Compiling^[[0m icu_normalizer_data v2.1.1
Test (ubuntu-latest)	Run tests	2026-05-09T15:57:38.4049037Z ^[[1m^[[92m     Running^[[0m `/home/runner/.rustup/toolchains/stable-x86_64-unknown-linux-gnu/bin/rustc --crate-name build_script_build --edition=2021 /home/runner/.cargo/registry/src/index.crates.io-1949cf8c6b5b557f/icu_normalizer_data-2.1.1/build.rs --error-format=json --json=diagnostic-rendered-ansi,artifacts,future-incompat --crate-type bin --emit=dep-info,link -C embed-bitcode=no --warn=unexpected_cfgs --check-cfg 'cfg(icu4x_custom_data)' --check-cfg 'cfg(docsrs,test)' --check-cfg 'cfg(feature, values())' -C metadata=a29ee2c41af75000 -C extra-filename=-3147cd70a742246c --out-dir /home/runner/work/router/router/target/debug/build/icu_normalizer_data-3147cd70a742246c -L dependency=/home/runner/work/router/router/target/debug/deps --cap-lints allow -Dwarnings`
Test (ubuntu-latest)	Run tests	2026-05-09T15:57:38.4914920Z ^[[1m^[[92m   Compiling^[[0m zmij v1.0.21
Test (ubuntu-latest)	Run tests	2026-05-09T15:57:38.4949105Z ^[[1m^[[92m     Running^[[0m `/home/runner/.rustup/toolchains/stable-x86_64-unknown-linux-gnu/bin/rustc --crate-name build_script_build --edition=2021 /home/runner/.cargo/registry/src/index.crates.io-1949cf8c6b5b557f/zmij-1.0.21/build.rs --error-format=json --json=diagnostic-rendered-ansi,artifacts,future-incompat --crate-type bin --emit=dep-info,link -C embed-bitcode=no --check-cfg 'cfg(docsrs,test)' --check-cfg 'cfg(feature, values("no-panic"))' -C metadata=47aab06260895207 -C extra-filename=-f1947da0d8ce2901 --out-dir /home/runner/work/router/router/target/debug/build/zmij-f1947da0d8ce2901 -L dependency=/home/runner/work/router/router/target/debug/deps --cap-lints allow -Dwarnings`
Test (ubuntu-latest)	Run tests	2026-05-09T15:57:38.6284857Z ^[[1m^[[92m   Compiling^[[0m equivalent v1.0.2
Test (ubuntu-latest)	Run tests	2026-05-09T15:57:38.6308827Z ^[[1m^[[92m     Running^[[0m `/home/runner/.rustup/toolchains/stable-x86_64-unknown-linux-gnu/bin/rustc --crate-name equivalent --edition=2015 /home/runner/.cargo/registry/src/index.crates.io-1949cf8c6b5b557f/equivalent-1.0.2/src/lib.rs --error-format=json --json=diagnostic-rendered-ansi,artifacts,future-incompat --crate-type lib --emit=dep-info,metadata,link -C embed-bitcode=no -C debuginfo=2 --check-cfg 'cfg(docsrs,test)' --check-cfg 'cfg(feature, values())' -C metadata=2cf8af21ad83c5b4 -C extra-filename=-44c0a3f8fb6ebcba --out-dir /home/runner/work/router/router/target/debug/deps -L dependency=/home/runner/work/router/router/target/debug/deps --cap-lints allow -Dwarnings`
Test (ubuntu-latest)	Run tests	2026-05-09T15:57:38.6569085Z ^[[1m^[[92m   Compiling^[[0m percent-encoding v2.3.2
Test (ubuntu-latest)	Run tests	2026-05-09T15:57:38.6594669Z ^[[1m^[[92m     Running^[[0m `/home/runner/.rustup/toolchains/stable-x86_64-unknown-linux-gnu/bin/rustc --crate-name percent_encoding --edition=2018 /home/runner/.cargo/registry/src/index.crates.io-1949cf8c6b5b557f/percent-encoding-2.3.2/src/lib.rs --error-format=json --json=diagnostic-rendered-ansi,artifacts,future-incompat --crate-type lib --emit=dep-info,metadata,link -C embed-bitcode=no -C debuginfo=2 --cfg 'feature="alloc"' --cfg 'feature="default"' --cfg 'feature="std"' --check-cfg 'cfg(docsrs,test)' --check-cfg 'cfg(feature, values("alloc", "default", "std"))' -C metadata=d47c3564c12a8c9a -C extra-filename=-ff35adeb94c208c6 --out-dir /home/runner/work/router/router/target/debug/deps -L dependency=/home/runner/work/router/router/target/debug/deps --cap-lints allow -Dwarnings`
Test (ubuntu-latest)	Run tests	2026-05-09T15:57:38.6762790Z ^[[1m^[[92m   Compiling^[[0m futures-task v0.3.32
Test (ubuntu-latest)	Run tests	2026-05-09T15:57:38.6775357Z ^[[1m^[[92m     Running^[[0m `/home/runner/.rustup/toolchains/stable-x86_64-unknown-linux-gnu/bin/rustc --crate-name futures_task --edition=2018 /home/runner/.cargo/registry/src/index.crates.io-1949cf8c6b5b557f/futures-task-0.3.32/src/lib.rs --error-format=json --json=diagnostic-rendered-ansi,artifacts,future-incompat --crate-type lib --emit=dep-info,metadata,link -C embed-bitcode=no -C debuginfo=2 --warn=unreachable_pub --warn=unexpected_cfgs --warn=single_use_lifetimes --warn=rust_2018_idioms --warn=missing_debug_implementations --check-cfg 'cfg(futures_sanitizer)' --cfg 'feature="alloc"' --cfg 'feature="std"' --check-cfg 'cfg(docsrs,test)' --check-cfg 'cfg(feature, values("alloc", "cfg-target-has-atomic", "default", "std", "unstable"))' -C metadata=9a1549d1a26ebdc7 -C extra-filename=-decc959bd5d85a0e --out-dir /home/runner/work/router/router/target/debug/deps -L dependency=/home/runner/work/router/router/target/debug/deps --cap-lints allow -Dwarnings`
Test (ubuntu-latest)	Run tests	2026-05-09T15:57:38.7088147Z ^[[1m^[[92m   Compiling^[[0m httparse v1.10.1
Test (ubuntu-latest)	Run tests	2026-05-09T15:57:38.7122924Z ^[[1m^[[92m     Running^[[0m `/home/runner/.rustup/toolchains/stable-x86_64-unknown-linux-gnu/bin/rustc --crate-name build_script_build --edition=2018 /home/runner/.cargo/registry/src/index.crates.io-1949cf8c6b5b557f/httparse-1.10.1/build.rs --error-format=json --json=diagnostic-rendered-ansi,artifacts,future-incompat --crate-type bin --emit=dep-info,link -C embed-bitcode=no --warn=unexpected_cfgs --check-cfg 'cfg(httparse_simd)' --check-cfg 'cfg(httparse_simd_target_feature_avx2)' --check-cfg 'cfg(httparse_simd_target_feature_sse42)' --check-cfg 'cfg(httparse_simd_neon_intrinsics)' --cfg 'feature="default"' --cfg 'feature="std"' --check-cfg 'cfg(docsrs,test)' --check-cfg 'cfg(feature, values("default", "std"))' -C metadata=fbda6c5d0193a6a0 -C extra-filename=-2a0d669635c7fb7c --out-dir /home/runner/work/router/router/target/debug/build/httparse-2a0d669635c7fb7c -L dependency=/home/runner/work/router/router/target/debug/deps --cap-lints allow -Dwarnings`
Test (ubuntu-latest)	Run tests	2026-05-09T15:57:38.7695121Z ^[[1m^[[92m   Compiling^[[0m tower-service v0.3.3
Test (ubuntu-latest)	Run tests	2026-05-09T15:57:38.7904059Z ^[[1m^[[92m     Running^[[0m `/home/runner/.rustup/toolchains/stable-x86_64-unknown-linux-gnu/bin/rustc --crate-name tower_service --edition=2018 /home/runner/.cargo/registry/src/index.crates.io-1949cf8c6b5b557f/tower-service-0.3.3/src/lib.rs --error-format=json --json=diagnostic-rendered-ansi,artifacts,future-incompat --crate-type lib --emit=dep-info,metadata,link -C embed-bitcode=no -C debuginfo=2 --check-cfg 'cfg(docsrs,test)' --check-cfg 'cfg(feature, values())' -C metadata=637342fb24ac59ca -C extra-filename=-6fadb8a635677679 --out-dir /home/runner/work/router/router/target/debug/deps -L dependency=/home/runner/work/router/router/target/debug/deps --cap-lints allow -Dwarnings`
Test (ubuntu-latest)	Run tests	2026-05-09T15:57:38.7910812Z ^[[1m^[[92m   Compiling^[[0m version_check v0.9.5
Test (ubuntu-latest)	Run tests	2026-05-09T15:57:38.7916085Z ^[[1m^[[92m     Running^[[0m `/home/runner/.rustup/toolchains/stable-x86_64-unknown-linux-gnu/bin/rustc --crate-name version_check --edition=2015 /home/runner/.cargo/registry/src/index.crates.io-1949cf8c6b5b557f/version_check-0.9.5/src/lib.rs --error-format=json --json=diagnostic-rendered-ansi,artifacts,future-incompat --crate-type lib --emit=dep-info,metadata,link -C embed-bitcode=no --check-cfg 'cfg(docsrs,test)' --check-cfg 'cfg(feature, values())' -C metadata=98d0b2be6e792794 -C extra-filename=-b401b0d8b7ef347b --out-dir /home/runner/work/router/router/target/debug/deps -L dependency=/home/runner/work/router/router/target/debug/deps --cap-lints allow -Dwarnings`
Test (ubuntu-latest)	Run tests	2026-05-09T15:57:38.8007969Z ^[[1m^[[92m   Compiling^[[0m indexmap v2.13.0
Test (ubuntu-latest)	Run tests	2026-05-09T15:57:38.8017767Z ^[[1m^[[92m     Running^[[0m `/home/runner/.rustup/toolchains/stable-x86_64-unknown-linux-gnu/bin/rustc --crate-name indexmap --edition=2021 /home/runner/.cargo/registry/src/index.crates.io-1949cf8c6b5b557f/indexmap-2.13.0/src/lib.rs --error-format=json --json=diagnostic-rendered-ansi,artifacts,future-incompat --crate-type lib --emit=dep-info,metadata,link -C embed-bitcode=no -C debuginfo=2 --deny=unsafe-code --deny=unreachable-pub --deny=unnameable-types '--allow=clippy::style' --warn=rust-2018-idioms --deny=private-interfaces --deny=private-bounds --cfg 'feature="default"' --cfg 'feature="std"' --check-cfg 'cfg(docsrs,test)' --check-cfg 'cfg(feature, values("arbitrary", "borsh", "default", "quickcheck", "rayon", "serde", "std", "sval", "test_debug"))' -C metadata=e30bd8ba646624ba -C extra-filename=-30b54e6b2c6b87b3 --out-dir /home/runner/work/router/router/target/debug/deps -L dependency=/home/runner/work/router/router/target/debug/deps --extern equivalent=/home/runner/work/router/router/target/debug/deps/libequivalent-44c0a3f8fb6ebcba.rmeta --extern hashbrown=/home/runner/work/router/router/target/debug/deps/libhashbrown-083a29796a28d846.rmeta --cap-lints allow -Dwarnings`
Test (ubuntu-latest)	Run tests	2026-05-09T15:57:38.9005440Z ^[[1m^[[92m     Running^[[0m `/home/runner/work/router/router/target/debug/build/httparse-2a0d669635c7fb7c/build-script-build`
Test (ubuntu-latest)	Run tests	2026-05-09T15:57:38.9165627Z ^[[1m^[[92m     Running^[[0m `/home/runner/work/router/router/target/debug/build/zmij-f1947da0d8ce2901/build-script-build`
Test (ubuntu-latest)	Run tests	2026-05-09T15:57:38.9305107Z ^[[1m^[[92m     Running^[[0m `/home/runner/work/router/router/target/debug/build/icu_normalizer_data-3147cd70a742246c/build-script-build`
Test (ubuntu-latest)	Run tests	2026-05-09T15:57:38.9385723Z ^[[1m^[[92m     Running^[[0m `/home/runner/work/router/router/target/debug/build/icu_properties_data-9e76f1d9dfab6f6a/build-script-build`
Test (ubuntu-latest)	Run tests	2026-05-09T15:57:38.9407510Z ^[[1m^[[92m     Running^[[0m `/home/runner/work/router/router/target/debug/build/num-traits-410348c8170c9be6/build-script-build`
Test (ubuntu-latest)	Run tests	2026-05-09T15:57:38.9935922Z ^[[1m^[[92m   Compiling^[[0m generic-array v0.14.7
Test (ubuntu-latest)	Run tests	2026-05-09T15:57:38.9970650Z ^[[1m^[[92m     Running^[[0m `/home/runner/.rustup/toolchains/stable-x86_64-unknown-linux-gnu/bin/rustc --crate-name build_script_build --edition=2015 /home/runner/.cargo/registry/src/index.crates.io-1949cf8c6b5b557f/generic-array-0.14.7/build.rs --error-format=json --json=diagnostic-rendered-ansi,artifacts,future-incompat --crate-type bin --emit=dep-info,link -C embed-bitcode=no --cfg 'feature="more_lengths"' --check-cfg 'cfg(docsrs,test)' --check-cfg 'cfg(feature, values("more_lengths", "serde", "zeroize"))' -C metadata=40ef4e065cb13bba -C extra-filename=-ebea0b8f38a0ddc4 --out-dir /home/runner/work/router/router/target/debug/build/generic-array-ebea0b8f38a0ddc4 -L dependency=/home/runner/work/router/router/target/debug/deps --extern version_check=/home/runner/work/router/router/target/debug/deps/libversion_check-b401b0d8b7ef347b.rlib --cap-lints allow -Dwarnings`
Test (ubuntu-latest)	Run tests	2026-05-09T15:57:39.0127354Z ^[[1m^[[92m   Compiling^[[0m fnv v1.0.7
Test (ubuntu-latest)	Run tests	2026-05-09T15:57:39.0133122Z ^[[1m^[[92m     Running^[[0m `/home/runner/.rustup/toolchains/stable-x86_64-unknown-linux-gnu/bin/rustc --crate-name fnv --edition=2015 /home/runner/.cargo/registry/src/index.crates.io-1949cf8c6b5b557f/fnv-1.0.7/lib.rs --error-format=json --json=diagnostic-rendered-ansi,artifacts,future-incompat --crate-type lib --emit=dep-info,metadata,link -C embed-bitcode=no -C debuginfo=2 --cfg 'feature="default"' --cfg 'feature="std"' --check-cfg 'cfg(docsrs,test)' --check-cfg 'cfg(feature, values("default", "std"))' -C metadata=45019651520d271f -C extra-filename=-a6291e4f2341aa81 --out-dir /home/runner/work/router/router/target/debug/deps -L dependency=/home/runner/work/router/router/target/debug/deps --cap-lints allow -Dwarnings`
Test (ubuntu-latest)	Run tests	2026-05-09T15:57:39.0454854Z ^[[1m^[[92m   Compiling^[[0m base64 v0.22.1
Test (ubuntu-latest)	Run tests	2026-05-09T15:57:39.0471066Z ^[[1m^[[92m     Running^[[0m `/home/runner/.rustup/toolchains/stable-x86_64-unknown-linux-gnu/bin/rustc --crate-name base64 --edition=2018 /home/runner/.cargo/registry/src/index.crates.io-1949cf8c6b5b557f/base64-0.22.1/src/lib.rs --error-format=json --json=diagnostic-rendered-ansi,artifacts,future-incompat --crate-type lib --emit=dep-info,metadata,link -C embed-bitcode=no -C debuginfo=2 --cfg 'feature="alloc"' --cfg 'feature="default"' --cfg 'feature="std"' --check-cfg 'cfg(docsrs,test)' --check-cfg 'cfg(feature, values("alloc", "default", "std"))' -C metadata=0cb983fa3b6a5507 -C extra-filename=-b0c1b91ad8713475 --out-dir /home/runner/work/router/router/target/debug/deps -L dependency=/home/runner/work/router/router/target/debug/deps --cap-lints allow -Dwarnings`
Test (ubuntu-latest)	Run tests	2026-05-09T15:57:39.0855966Z ^[[1m^[[92m   Compiling^[[0m serde_json v1.0.149
Test (ubuntu-latest)	Run tests	2026-05-09T15:57:39.0885378Z ^[[1m^[[92m     Running^[[0m `/home/runner/.rustup/toolchains/stable-x86_64-unknown-linux-gnu/bin/rustc --crate-name build_script_build --edition=2021 /home/runner/.cargo/registry/src/index.crates.io-1949cf8c6b5b557f/serde_json-1.0.149/build.rs --error-format=json --json=diagnostic-rendered-ansi,artifacts,future-incompat --crate-type bin --emit=dep-info,link -C embed-bitcode=no --cfg 'feature="default"' --cfg 'feature="raw_value"' --cfg 'feature="std"' --check-cfg 'cfg(docsrs,test)' --check-cfg 'cfg(feature, values("alloc", "arbitrary_precision", "default", "float_roundtrip", "indexmap", "preserve_order", "raw_value", "std", "unbounded_depth"))' -C metadata=ac088ec9552ef82f -C extra-filename=-46237b97f870d2da --out-dir /home/runner/work/router/router/target/debug/build/serde_json-46237b97f870d2da -L dependency=/home/runner/work/router/router/target/debug/deps --cap-lints allow -Dwarnings`
Test (ubuntu-latest)	Run tests	2026-05-09T15:57:39.1794663Z ^[[1m^[[92m   Compiling^[[0m atomic-waker v1.1.2
Test (ubuntu-latest)	Run tests	2026-05-09T15:57:39.1818750Z ^[[1m^[[92m     Running^[[0m `/home/runner/.rustup/toolchains/stable-x86_64-unknown-linux-gnu/bin/rustc --crate-name atomic_waker --edition=2018 /home/runner/.cargo/registry/src/index.crates.io-1949cf8c6b5b557f/atomic-waker-1.1.2/src/lib.rs --error-format=json --json=diagnostic-rendered-ansi,artifacts,future-incompat --crate-type lib --emit=dep-info,metadata,link -C embed-bitcode=no -C debuginfo=2 --check-cfg 'cfg(docsrs,test)' --check-cfg 'cfg(feature, values("portable-atomic"))' -C metadata=7208312d3c6c563d -C extra-filename=-408c93946b4fd2b2 --out-dir /home/runner/work/router/router/target/debug/deps -L dependency=/home/runner/work/router/router/target/debug/deps --cap-lints allow -Dwarnings`
Test (ubuntu-latest)	Run tests	2026-05-09T15:57:39.2270729Z ^[[1m^[[92m   Compiling^[[0m try-lock v0.2.5
Test (ubuntu-latest)	Run tests	2026-05-09T15:57:39.2277053Z ^[[1m^[[92m     Running^[[0m `/home/runner/.rustup/toolchains/stable-x86_64-unknown-linux-gnu/bin/rustc --crate-name try_lock --edition=2015 /home/runner/.cargo/registry/src/index.crates.io-1949cf8c6b5b557f/try-lock-0.2.5/src/lib.rs --error-format=json --json=diagnostic-rendered-ansi,artifacts,future-incompat --crate-type lib --emit=dep-info,metadata,link -C embed-bitcode=no -C debuginfo=2 --check-cfg 'cfg(docsrs,test)' --check-cfg 'cfg(feature, values())' -C metadata=682c7910c889aa87 -C extra-filename=-f4771df553f78890 --out-dir /home/runner/work/router/router/target/debug/deps -L dependency=/home/runner/work/router/router/target/debug/deps --cap-lints allow -Dwarnings`
Test (ubuntu-latest)	Run tests	2026-05-09T15:57:39.2675503Z ^[[1m^[[92m   Compiling^[[0m foreign-types-shared v0.1.1
Test (ubuntu-latest)	Run tests	2026-05-09T15:57:39.2690925Z ^[[1m^[[92m     Running^[[0m `/home/runner/.rustup/toolchains/stable-x86_64-unknown-linux-gnu/bin/rustc --crate-name foreign_types_shared --edition=2015 /home/runner/.cargo/registry/src/index.crates.io-1949cf8c6b5b557f/foreign-types-shared-0.1.1/src/lib.rs --error-format=json --json=diagnostic-rendered-ansi,artifacts,future-incompat --crate-type lib --emit=dep-info,metadata,link -C embed-bitcode=no -C debuginfo=2 --check-cfg 'cfg(docsrs,test)' --check-cfg 'cfg(feature, values())' -C metadata=ee4db8b9929b6117 -C extra-filename=-5f33f06444c5be30 --out-dir /home/runner/work/router/router/target/debug/deps -L dependency=/home/runner/work/router/router/target/debug/deps --cap-lints allow -Dwarnings`
Test (ubuntu-latest)	Run tests	2026-05-09T15:57:39.2965748Z ^[[1m^[[92m   Compiling^[[0m openssl v0.10.76
Test (ubuntu-latest)	Run tests	2026-05-09T15:57:39.2978567Z ^[[1m^[[92m     Running^[[0m `/home/runner/.rustup/toolchains/stable-x86_64-unknown-linux-gnu/bin/rustc --crate-name build_script_build --edition=2021 /home/runner/.cargo/registry/src/index.crates.io-1949cf8c6b5b557f/openssl-0.10.76/build.rs --error-format=json --json=diagnostic-rendered-ansi,artifacts,future-incompat --crate-type bin --emit=dep-info,link -C embed-bitcode=no --cfg 'feature="default"' --check-cfg 'cfg(docsrs,test)' --check-cfg 'cfg(feature, values("aws-lc", "aws-lc-fips", "bindgen", "default", "unstable_boringssl", "v101", "v102", "v110", "v111", "vendored"))' -C metadata=de3c8577cb84a13c -C extra-filename=-7b11374632a2f692 --out-dir /home/runner/work/router/router/target/debug/build/openssl-7b11374632a2f692 -L dependency=/home/runner/work/router/router/target/debug/deps --cap-lints allow -Dwarnings`
Test (ubuntu-latest)	Run tests	2026-05-09T15:57:39.3135067Z ^[[1m^[[92m   Compiling^[[0m foreign-types v0.3.2
Test (ubuntu-latest)	Run tests	2026-05-09T15:57:39.3151779Z ^[[1m^[[92m     Running^[[0m `/home/runner/.rustup/toolchains/stable-x86_64-unknown-linux-gnu/bin/rustc --crate-name foreign_types --edition=2015 /home/runner/.cargo/registry/src/index.crates.io-1949cf8c6b5b557f/foreign-types-0.3.2/src/lib.rs --error-format=json --json=diagnostic-rendered-ansi,artifacts,future-incompat --crate-type lib --emit=dep-info,metadata,link -C embed-bitcode=no -C debuginfo=2 --check-cfg 'cfg(docsrs,test)' --check-cfg 'cfg(feature, values())' -C metadata=fd474513d3dfccd4 -C extra-filename=-e02327b69269bfd3 --out-dir /home/runner/work/router/router/target/debug/deps -L dependency=/home/runner/work/router/router/target/debug/deps --extern foreign_types_shared=/home/runner/work/router/router/target/debug/deps/libforeign_types_shared-5f33f06444c5be30.rmeta --cap-lints allow -Dwarnings`
Test (ubuntu-latest)	Run tests	2026-05-09T15:57:39.3397947Z ^[[1m^[[92m   Compiling^[[0m want v0.3.1
Test (ubuntu-latest)	Run tests	2026-05-09T15:57:39.3411226Z ^[[1m^[[92m     Running^[[0m `/home/runner/.rustup/toolchains/stable-x86_64-unknown-linux-gnu/bin/rustc --crate-name want --edition=2018 /home/runner/.cargo/registry/src/index.crates.io-1949cf8c6b5b557f/want-0.3.1/src/lib.rs --error-format=json --json=diagnostic-rendered-ansi,artifacts,future-incompat --crate-type lib --emit=dep-info,metadata,link -C embed-bitcode=no -C debuginfo=2 --check-cfg 'cfg(docsrs,test)' --check-cfg 'cfg(feature, values())' -C metadata=0b97332be824646b -C extra-filename=-273877b5802dd28e --out-dir /home/runner/work/router/router/target/debug/deps -L dependency=/home/runner/work/router/router/target/debug/deps --extern try_lock=/home/runner/work/router/router/target/debug/deps/libtry_lock-f4771df553f78890.rmeta --cap-lints allow -Dwarnings`
Test (ubuntu-latest)	Run tests	2026-05-09T15:57:39.4158919Z ^[[1m^[[92m     Running^[[0m `/home/runner/work/router/router/target/debug/build/openssl-7b11374632a2f692/build-script-build`
Test (ubuntu-latest)	Run tests	2026-05-09T15:57:39.4161366Z ^[[1m^[[92m     Running^[[0m `/home/runner/work/router/router/target/debug/build/serde_json-46237b97f870d2da/build-script-build`
Test (ubuntu-latest)	Run tests	2026-05-09T15:57:39.4234935Z ^[[1m^[[92m     Running^[[0m `/home/runner/work/router/router/target/debug/build/generic-array-ebea0b8f38a0ddc4/build-script-build`
Test (ubuntu-latest)	Run tests	2026-05-09T15:57:39.4264990Z ^[[1m^[[92m     Running^[[0m `/home/runner/.rustup/toolchains/stable-x86_64-unknown-linux-gnu/bin/rustc --crate-name num_traits --edition=2021 /home/runner/.cargo/registry/src/index.crates.io-1949cf8c6b5b557f/num-traits-0.2.19/src/lib.rs --error-format=json --json=diagnostic-rendered-ansi,artifacts,future-incompat --crate-type lib --emit=dep-info,metadata,link -C embed-bitcode=no -C debuginfo=2 --cfg 'feature="i128"' --check-cfg 'cfg(docsrs,test)' --check-cfg 'cfg(feature, values("default", "i128", "libm", "std"))' -C metadata=c6a10c9c0afff013 -C extra-filename=-2d5af114e9bbb8ce --out-dir /home/runner/work/router/router/target/debug/deps -L dependency=/home/runner/work/router/router/target/debug/deps --cap-lints allow -Dwarnings --cfg has_total_cmp --check-cfg 'cfg(has_total_cmp)'`
Test (ubuntu-latest)	Run tests	2026-05-09T15:57:39.4277501Z ^[[1m^[[92m     Running^[[0m `/home/runner/.rustup/toolchains/stable-x86_64-unknown-linux-gnu/bin/rustc --crate-name icu_properties_data --edition=2021 /home/runner/.cargo/registry/src/index.crates.io-1949cf8c6b5b557f/icu_properties_data-2.1.2/src/lib.rs --error-format=json --json=diagnostic-rendered-ansi,artifacts,future-incompat --crate-type lib --emit=dep-info,metadata,link -C embed-bitcode=no -C debuginfo=2 --warn=unexpected_cfgs --check-cfg 'cfg(icu4x_custom_data)' --check-cfg 'cfg(docsrs,test)' --check-cfg 'cfg(feature, values())' -C metadata=489da76e66141e2b -C extra-filename=-ed161040ca7d2d6d --out-dir /home/runner/work/router/router/target/debug/deps -L dependency=/home/runner/work/router/router/target/debug/deps --cap-lints allow -Dwarnings --check-cfg 'cfg(icu4c_enable_renaming)'`
Test (ubuntu-latest)	Run tests	2026-05-09T15:57:39.4390086Z ^[[1m^[[92m     Running^[[0m `/home/runner/.rustup/toolchains/stable-x86_64-unknown-linux-gnu/bin/rustc --crate-name icu_normalizer_data --edition=2021 /home/runner/.cargo/registry/src/index.crates.io-1949cf8c6b5b557f/icu_normalizer_data-2.1.1/src/lib.rs --error-format=json --json=diagnostic-rendered-ansi,artifacts,future-incompat --crate-type lib --emit=dep-info,metadata,link -C embed-bitcode=no -C debuginfo=2 --warn=unexpected_cfgs --check-cfg 'cfg(icu4x_custom_data)' --check-cfg 'cfg(docsrs,test)' --check-cfg 'cfg(feature, values())' -C metadata=85337f6031318196 -C extra-filename=-24d4a56a7cd1ca6d --out-dir /home/runner/work/router/router/target/debug/deps -L dependency=/home/runner/work/router/router/target/debug/deps --cap-lints allow -Dwarnings --check-cfg 'cfg(icu4c_enable_renaming)'`
Test (ubuntu-latest)	Run tests	2026-05-09T15:57:39.4660823Z ^[[1m^[[92m     Running^[[0m `/home/runner/.rustup/toolchains/stable-x86_64-unknown-linux-gnu/bin/rustc --crate-name zmij --edition=2021 /home/runner/.cargo/registry/src/index.crates.io-1949cf8c6b5b557f/zmij-1.0.21/src/lib.rs --error-format=json --json=diagnostic-rendered-ansi,artifacts,future-incompat --crate-type lib --emit=dep-info,metadata,link -C embed-bitcode=no -C debuginfo=2 --check-cfg 'cfg(docsrs,test)' --check-cfg 'cfg(feature, values("no-panic"))' -C metadata=d777214c2a880a70 -C extra-filename=-7641d5e7b479ed37 --out-dir /home/runner/work/router/router/target/debug/deps -L dependency=/home/runner/work/router/router/target/debug/deps --cap-lints allow -Dwarnings --check-cfg 'cfg(exhaustive)' --check-cfg 'cfg(zmij_no_select_unpredictable)'`
Test (ubuntu-latest)	Run tests	2026-05-09T15:57:39.5141113Z ^[[1m^[[92m     Running^[[0m `/home/runner/.rustup/toolchains/stable-x86_64-unknown-linux-gnu/bin/rustc --crate-name httparse --edition=2018 /home/runner/.cargo/registry/src/index.crates.io-1949cf8c6b5b557f/httparse-1.10.1/src/lib.rs --error-format=json --json=diagnostic-rendered-ansi,artifacts,future-incompat --crate-type lib --emit=dep-info,metadata,link -C embed-bitcode=no -C debuginfo=2 --warn=unexpected_cfgs --check-cfg 'cfg(httparse_simd)' --check-cfg 'cfg(httparse_simd_target_feature_avx2)' --check-cfg 'cfg(httparse_simd_target_feature_sse42)' --check-cfg 'cfg(httparse_simd_neon_intrinsics)' --cfg 'feature="default"' --cfg 'feature="std"' --check-cfg 'cfg(docsrs,test)' --check-cfg 'cfg(feature, values("default", "std"))' -C metadata=251a0adecfabfdd0 -C extra-filename=-fdaba4c3528fd7c7 --out-dir /home/runner/work/router/router/target/debug/deps -L dependency=/home/runner/work/router/router/target/debug/deps --cap-lints allow -Dwarnings --cfg httparse_simd_neon_intrinsics --cfg httparse_simd`
Test (ubuntu-latest)	Run tests	2026-05-09T15:57:39.7133040Z ^[[1m^[[92m     Running^[[0m `/home/runner/.rustup/toolchains/stable-x86_64-unknown-linux-gnu/bin/rustc --crate-name openssl_sys --edition=2021 /home/runner/.cargo/registry/src/index.crates.io-1949cf8c6b5b557f/openssl-sys-0.9.112/src/lib.rs --error-format=json --json=diagnostic-rendered-ansi,artifacts,future-incompat --crate-type lib --emit=dep-info,metadata,link -C embed-bitcode=no -C debuginfo=2 --check-cfg 'cfg(docsrs,test)' --check-cfg 'cfg(feature, values("aws-lc", "aws-lc-fips", "bindgen", "bssl-sys", "openssl-src", "unstable_boringssl", "vendored"))' -C metadata=c58fdb687d4ec516 -C extra-filename=-30e2f2106c2a630c --out-dir /home/runner/work/router/router/target/debug/deps -L dependency=/home/runner/work/router/router/target/debug/deps --extern libc=/home/runner/work/router/router/target/debug/deps/liblibc-2dbdca3d6c768140.rmeta --cap-lints allow -Dwarnings -l ssl -l crypto --cfg 'osslconf="OPENSSL_NO_IDEA"' --cfg 'osslconf="OPENSSL_NO_SSL3_METHOD"' --cfg openssl --cfg ossl101 --cfg ossl102 --cfg ossl102f --cfg ossl102h --cfg ossl110 --cfg ossl110f --cfg ossl110g --cfg ossl110h --cfg ossl111 --cfg ossl111b --cfg ossl111c --cfg ossl111d --cfg ossl300 --check-cfg 'cfg(osslconf, values("OPENSSL_NO_OCB", "OPENSSL_NO_SM4", "OPENSSL_NO_SEED", "OPENSSL_NO_CHACHA", "OPENSSL_NO_CAST", "OPENSSL_NO_IDEA", "OPENSSL_NO_CAMELLIA", "OPENSSL_NO_RC4", "OPENSSL_NO_BF", "OPENSSL_NO_PSK", "OPENSSL_NO_DEPRECATED_3_0", "OPENSSL_NO_SCRYPT", "OPENSSL_NO_SM3", "OPENSSL_NO_RMD160", "OPENSSL_NO_EC2M", "OPENSSL_NO_OCSP", "OPENSSL_NO_CMS", "OPENSSL_NO_COMP", "OPENSSL_NO_SOCK", "OPENSSL_NO_STDIO", "OPENSSL_NO_EC", "OPENSSL_NO_SSL3_METHOD", "OPENSSL_NO_KRB5", "OPENSSL_NO_TLSEXT", "OPENSSL_NO_SRP", "OPENSSL_NO_SRTP", "OPENSSL_NO_RFC3779", "OPENSSL_NO_SHA", "OPENSSL_NO_NEXTPROTONEG", "OPENSSL_NO_ENGINE", "OPENSSL_NO_BUF_FREELISTS", "OPENSSL_NO_RC2"))' --check-cfg 'cfg(openssl)' --check-cfg 'cfg(libressl)' --check-cfg 'cfg(boringssl)' --check-cfg 'cfg(awslc)' --check-cfg 'cfg(awslc_pregenerated)' --check-cfg 'cfg(libressl250)' --check-cfg 'cfg(libressl251)' --check-cfg 'cfg(libressl252)' --check-cfg 'cfg(libressl261)' --check-cfg 'cfg(libressl270)' --check-cfg 'cfg(libressl271)' --check-cfg 'cfg(libressl273)' --check-cfg 'cfg(libressl280)' --check-cfg 'cfg(libressl281)' --check-cfg 'cfg(libressl291)' --check-cfg 'cfg(libressl310)' --check-cfg 'cfg(libressl321)' --check-cfg 'cfg(libressl332)' --check-cfg 'cfg(libressl340)' --check-cfg 'cfg(libressl350)' --check-cfg 'cfg(libressl360)' --check-cfg 'cfg(libressl361)' --check-cfg 'cfg(libressl370)' --check-cfg 'cfg(libressl380)' --check-cfg 'cfg(libressl381)' --check-cfg 'cfg(libressl382)' --check-cfg 'cfg(libressl390)' --check-cfg 'cfg(libressl400)' --check-cfg 'cfg(libressl410)' --check-cfg 'cfg(libressl420)' --check-cfg 'cfg(libressl430)' --check-cfg 'cfg(ossl101)' --check-cfg 'cfg(ossl102)' --check-cfg 'cfg(ossl102f)' --check-cfg 'cfg(ossl102h)' --check-cfg 'cfg(ossl110)' --check-cfg 'cfg(ossl110f)' --check-cfg 'cfg(ossl110g)' --check-cfg 'cfg(ossl110h)' --check-cfg 'cfg(ossl111)' --check-cfg 'cfg(ossl111b)' --check-cfg 'cfg(ossl111c)' --check-cfg 'cfg(ossl111d)' --check-cfg 'cfg(ossl300)' --check-cfg 'cfg(ossl310)' --check-cfg 'cfg(ossl320)' --check-cfg 'cfg(ossl330)' --check-cfg 'cfg(ossl340)'`
Test (ubuntu-latest)	Run tests	2026-05-09T15:57:39.7484719Z ^[[1m^[[92m   Compiling^[[0m futures-channel v0.3.32
Test (ubuntu-latest)	Run tests	2026-05-09T15:57:39.7515226Z ^[[1m^[[92m     Running^[[0m `/home/runner/.rustup/toolchains/stable-x86_64-unknown-linux-gnu/bin/rustc --crate-name futures_channel --edition=2018 /home/runner/.cargo/registry/src/index.crates.io-1949cf8c6b5b557f/futures-channel-0.3.32/src/lib.rs --error-format=json --json=diagnostic-rendered-ansi,artifacts,future-incompat --crate-type lib --emit=dep-info,metadata,link -C embed-bitcode=no -C debuginfo=2 --warn=unreachable_pub --warn=unexpected_cfgs --warn=single_use_lifetimes --warn=rust_2018_idioms --warn=missing_debug_implementations --check-cfg 'cfg(futures_sanitizer)' --cfg 'feature="alloc"' --cfg 'feature="default"' --cfg 'feature="std"' --check-cfg 'cfg(docsrs,test)' --check-cfg 'cfg(feature, values("alloc", "cfg-target-has-atomic", "default", "futures-sink", "sink", "std", "unstable"))' -C metadata=76a8b62a3fad0794 -C extra-filename=-d4f5a79143f4748d --out-dir /home/runner/work/router/router/target/debug/deps -L dependency=/home/runner/work/router/router/target/debug/deps --extern futures_core=/home/runner/work/router/router/target/debug/deps/libfutures_core-8242ac571ee06842.rmeta --cap-lints allow -Dwarnings`
Test (ubuntu-latest)	Run tests	2026-05-09T15:57:39.8574739Z ^[[1m^[[92m   Compiling^[[0m zerofrom-derive v0.1.6
Test (ubuntu-latest)	Run tests	2026-05-09T15:57:39.8604272Z ^[[1m^[[92m     Running^[[0m `/home/runner/.rustup/toolchains/stable-x86_64-unknown-linux-gnu/bin/rustc --crate-name zerofrom_derive --edition=2021 /home/runner/.cargo/registry/src/index.crates.io-1949cf8c6b5b557f/zerofrom-derive-0.1.6/src/lib.rs --error-format=json --json=diagnostic-rendered-ansi,artifacts,future-incompat --crate-type proc-macro --emit=dep-info,link -C prefer-dynamic -C embed-bitcode=no --check-cfg 'cfg(docsrs,test)' --check-cfg 'cfg(feature, values())' -C metadata=4cc50a8c9508e225 -C extra-filename=-a3e878d7ea598d61 --out-dir /home/runner/work/router/router/target/debug/deps -L dependency=/home/runner/work/router/router/target/debug/deps --extern proc_macro2=/home/runner/work/router/router/target/debug/deps/libproc_macro2-cc22a5bd9cc2e88a.rlib --extern quote=/home/runner/work/router/router/target/debug/deps/libquote-c59734c285e87097.rlib --extern syn=/home/runner/work/router/router/target/debug/deps/libsyn-8cbfeb3153951041.rlib --extern synstructure=/home/runner/work/router/router/target/debug/deps/libsynstructure-0b3838c2d18b4572.rlib --extern proc_macro --cap-lints allow -Dwarnings`
Test (ubuntu-latest)	Run tests	2026-05-09T15:57:39.8908002Z ^[[1m^[[92m   Compiling^[[0m yoke-derive v0.8.1
Test (ubuntu-latest)	Run tests	2026-05-09T15:57:39.8917632Z ^[[1m^[[92m     Running^[[0m `/home/runner/.rustup/toolchains/stable-x86_64-unknown-linux-gnu/bin/rustc --crate-name yoke_derive --edition=2021 /home/runner/.cargo/registry/src/index.crates.io-1949cf8c6b5b557f/yoke-derive-0.8.1/src/lib.rs --error-format=json --json=diagnostic-rendered-ansi,artifacts,future-incompat --crate-type proc-macro --emit=dep-info,link -C prefer-dynamic -C embed-bitcode=no --check-cfg 'cfg(docsrs,test)' --check-cfg 'cfg(feature, values())' -C metadata=096a19a5a70b5a61 -C extra-filename=-3936a974f96f8af4 --out-dir /home/runner/work/router/router/target/debug/deps -L dependency=/home/runner/work/router/router/target/debug/deps --extern proc_macro2=/home/runner/work/router/router/target/debug/deps/libproc_macro2-cc22a5bd9cc2e88a.rlib --extern quote=/home/runner/work/router/router/target/debug/deps/libquote-c59734c285e87097.rlib --extern syn=/home/runner/work/router/router/target/debug/deps/libsyn-8cbfeb3153951041.rlib --extern synstructure=/home/runner/work/router/router/target/debug/deps/libsynstructure-0b3838c2d18b4572.rlib --extern proc_macro --cap-lints allow -Dwarnings`
Test (ubuntu-latest)	Run tests	2026-05-09T15:57:40.0045888Z ^[[1m^[[92m   Compiling^[[0m tokio-macros v2.6.0
Test (ubuntu-latest)	Run tests	2026-05-09T15:57:40.0082856Z ^[[1m^[[92m     Running^[[0m `/home/runner/.rustup/toolchains/stable-x86_64-unknown-linux-gnu/bin/rustc --crate-name tokio_macros --edition=2021 /home/runner/.cargo/registry/src/index.crates.io-1949cf8c6b5b557f/tokio-macros-2.6.0/src/lib.rs --error-format=json --json=diagnostic-rendered-ansi,artifacts,future-incompat --crate-type proc-macro --emit=dep-info,link -C prefer-dynamic -C embed-bitcode=no --warn=unexpected_cfgs --check-cfg 'cfg(fuzzing)' --check-cfg 'cfg(loom)' --check-cfg 'cfg(mio_unsupported_force_poll_poll)' --check-cfg 'cfg(tokio_allow_from_blocking_fd)' --check-cfg 'cfg(tokio_internal_mt_counters)' --check-cfg 'cfg(tokio_no_parking_lot)' --check-cfg 'cfg(tokio_no_tuning_tests)' --check-cfg 'cfg(tokio_unstable)' --check-cfg 'cfg(target_os, values("cygwin"))' --check-cfg 'cfg(docsrs,test)' --check-cfg 'cfg(feature, values())' -C metadata=c4aeb245a90287cc -C extra-filename=-e6f26924dc367548 --out-dir /home/runner/work/router/router/target/debug/deps -L dependency=/home/runner/work/router/router/target/debug/deps --extern proc_macro2=/home/runner/work/router/router/target/debug/deps/libproc_macro2-cc22a5bd9cc2e88a.rlib --extern quote=/home/runner/work/router/router/target/debug/deps/libquote-c59734c285e87097.rlib --extern syn=/home/runner/work/router/router/target/debug/deps/libsyn-8cbfeb3153951041.rlib --extern proc_macro --cap-lints allow -Dwarnings`
Test (ubuntu-latest)	Run tests	2026-05-09T15:57:40.4485029Z ^[[1m^[[92m   Compiling^[[0m zerovec-derive v0.11.2
Test (ubuntu-latest)	Run tests	2026-05-09T15:57:40.4511161Z ^[[1m^[[92m     Running^[[0m `/home/runner/.rustup/toolchains/stable-x86_64-unknown-linux-gnu/bin/rustc --crate-name zerovec_derive --edition=2021 /home/runner/.cargo/registry/src/index.crates.io-1949cf8c6b5b557f/zerovec-derive-0.11.2/src/lib.rs --error-format=json --json=diagnostic-rendered-ansi,artifacts,future-incompat --crate-type proc-macro --emit=dep-info,link -C prefer-dynamic -C embed-bitcode=no --check-cfg 'cfg(docsrs,test)' --check-cfg 'cfg(feature, values())' -C metadata=12a72c4f526dea5d -C extra-filename=-c17c462608a85e8c --out-dir /home/runner/work/router/router/target/debug/deps -L dependency=/home/runner/work/router/router/target/debug/deps --extern proc_macro2=/home/runner/work/router/router/target/debug/deps/libproc_macro2-cc22a5bd9cc2e88a.rlib --extern quote=/home/runner/work/router/router/target/debug/deps/libquote-c59734c285e87097.rlib --extern syn=/home/runner/work/router/router/target/debug/deps/libsyn-8cbfeb3153951041.rlib --extern proc_macro --cap-lints allow -Dwarnings`
Test (ubuntu-latest)	Run tests	2026-05-09T15:57:40.5364637Z ^[[1m^[[92m   Compiling^[[0m tokio v1.48.0
Test (ubuntu-latest)	Run tests	2026-05-09T15:57:40.5430575Z ^[[1m^[[92m     Running^[[0m `/home/runner/.rustup/toolchains/stable-x86_64-unknown-linux-gnu/bin/rustc --crate-name tokio --edition=2021 /home/runner/.cargo/registry/src/index.crates.io-1949cf8c6b5b557f/tokio-1.48.0/src/lib.rs --error-format=json --json=diagnostic-rendered-ansi,artifacts,future-incompat --crate-type lib --emit=dep-info,metadata,link -C embed-bitcode=no -C debuginfo=2 --warn=unexpected_cfgs --check-cfg 'cfg(fuzzing)' --check-cfg 'cfg(loom)' --check-cfg 'cfg(mio_unsupported_force_poll_poll)' --check-cfg 'cfg(tokio_allow_from_blocking_fd)' --check-cfg 'cfg(tokio_internal_mt_counters)' --check-cfg 'cfg(tokio_no_parking_lot)' --check-cfg 'cfg(tokio_no_tuning_tests)' --check-cfg 'cfg(tokio_unstable)' --check-cfg 'cfg(target_os, values("cygwin"))' --cfg 'feature="bytes"' --cfg 'feature="default"' --cfg 'feature="fs"' --cfg 'feature="io-util"' --cfg 'feature="libc"' --cfg 'feature="macros"' --cfg 'feature="mio"' --cfg 'feature="net"' --cfg 'feature="process"' --cfg 'feature="rt"' --cfg 'feature="rt-multi-thread"' --cfg 'feature="signal"' --cfg 'feature="signal-hook-registry"' --cfg 'feature="socket2"' --cfg 'feature="sync"' --cfg 'feature="test-util"' --cfg 'feature="time"' --cfg 'feature="tokio-macros"' --check-cfg 'cfg(docsrs,test)' --check-cfg 'cfg(feature, values("bytes", "default", "fs", "full", "io-std", "io-uring", "io-util", "libc", "macros", "mio", "net", "parking_lot", "process", "rt", "rt-multi-thread", "signal", "signal-hook-registry", "socket2", "sync", "taskdump", "test-util", "time", "tokio-macros", "tracing", "windows-sys"))' -C metadata=c30eea6d24a3e16f -C extra-filename=-6ab14ea65eea979a --out-dir /home/runner/work/router/router/target/debug/deps -L dependency=/home/runner/work/router/router/target/debug/deps --extern bytes=/home/runner/work/router/router/target/debug/deps/libbytes-c50adbf09ebed7c5.rmeta --extern libc=/home/runner/work/router/router/target/debug/deps/liblibc-2dbdca3d6c768140.rmeta --extern mio=/home/runner/work/router/router/target/debug/deps/libmio-a1d3a9908c2bee2c.rmeta --extern pin_project_lite=/home/runner/work/router/router/target/debug/deps/libpin_project_lite-0f243a6b657e6a82.rmeta --extern signal_hook_registry=/home/runner/work/router/router/target/debug/deps/libsignal_hook_registry-41a31d4cc516b96c.rmeta --extern socket2=/home/runner/work/router/router/target/debug/deps/libsocket2-b8ed74cb97f84293.rmeta --extern tokio_macros=/home/runner/work/router/router/target/debug/deps/libtokio_macros-e6f26924dc367548.so --cap-lints allow -Dwarnings`
Test (ubuntu-latest)	Run tests	2026-05-09T15:57:40.7535334Z ^[[1m^[[92m   Compiling^[[0m tracing-attributes v0.1.31
Test (ubuntu-latest)	Run tests	2026-05-09T15:57:40.7567577Z ^[[1m^[[92m     Running^[[0m `/home/runner/.rustup/toolchains/stable-x86_64-unknown-linux-gnu/bin/rustc --crate-name tracing_attributes --edition=2018 /home/runner/.cargo/registry/src/index.crates.io-1949cf8c6b5b557f/tracing-attributes-0.1.31/src/lib.rs --error-format=json --json=diagnostic-rendered-ansi,artifacts,future-incompat --crate-type proc-macro --emit=dep-info,link -C prefer-dynamic -C embed-bitcode=no --warn=unexpected_cfgs --check-cfg 'cfg(flaky_tests)' --check-cfg 'cfg(tracing_unstable)' --check-cfg 'cfg(unsound_local_offset)' --check-cfg 'cfg(docsrs,test)' --check-cfg 'cfg(feature, values("async-await"))' -C metadata=33963a8e17ccbe85 -C extra-filename=-ad61de0f8f9b86ee --out-dir /home/runner/work/router/router/target/debug/deps -L dependency=/home/runner/work/router/router/target/debug/deps --extern proc_macro2=/home/runner/work/router/router/target/debug/deps/libproc_macro2-cc22a5bd9cc2e88a.rlib --extern quote=/home/runner/work/router/router/target/debug/deps/libquote-c59734c285e87097.rlib --extern syn=/home/runner/work/router/router/target/debug/deps/libsyn-8cbfeb3153951041.rlib --extern proc_macro --cap-lints allow -Dwarnings`
Test (ubuntu-latest)	Run tests	2026-05-09T15:57:40.9464820Z ^[[1m^[[92m   Compiling^[[0m zerofrom v0.1.6
Test (ubuntu-latest)	Run tests	2026-05-09T15:57:40.9490290Z ^[[1m^[[92m     Running^[[0m `/home/runner/.rustup/toolchains/stable-x86_64-unknown-linux-gnu/bin/rustc --crate-name zerofrom --edition=2021 /home/runner/.cargo/registry/src/index.crates.io-1949cf8c6b5b557f/zerofrom-0.1.6/src/lib.rs --error-format=json --json=diagnostic-rendered-ansi,artifacts,future-incompat --crate-type lib --emit=dep-info,metadata,link -C embed-bitcode=no -C debuginfo=2 --cfg 'feature="derive"' --check-cfg 'cfg(docsrs,test)' --check-cfg 'cfg(feature, values("alloc", "default", "derive"))' -C metadata=467c7eb446ab4c2c -C extra-filename=-167a4c04751474ae --out-dir /home/runner/work/router/router/target/debug/deps -L dependency=/home/runner/work/router/router/target/debug/deps --extern zerofrom_derive=/home/runner/work/router/router/target/debug/deps/libzerofrom_derive-a3e878d7ea598d61.so --cap-lints allow -Dwarnings`
Test (ubuntu-latest)	Run tests	2026-05-09T15:57:41.0054581Z ^[[1m^[[92m   Compiling^[[0m yoke v0.8.1
Test (ubuntu-latest)	Run tests	2026-05-09T15:57:41.0067930Z ^[[1m^[[92m     Running^[[0m `/home/runner/.rustup/toolchains/stable-x86_64-unknown-linux-gnu/bin/rustc --crate-name yoke --edition=2021 /home/runner/.cargo/registry/src/index.crates.io-1949cf8c6b5b557f/yoke-0.8.1/src/lib.rs --error-format=json --json=diagnostic-rendered-ansi,artifacts,future-incompat --crate-type lib --emit=dep-info,metadata,link -C embed-bitcode=no -C debuginfo=2 --cfg 'feature="derive"' --cfg 'feature="zerofrom"' --check-cfg 'cfg(docsrs,test)' --check-cfg 'cfg(feature, values("alloc", "default", "derive", "serde", "zerofrom"))' -C metadata=836ea1d3a7e05a56 -C extra-filename=-d07743466b2532f3 --out-dir /home/runner/work/router/router/target/debug/deps -L dependency=/home/runner/work/router/router/target/debug/deps --extern stable_deref_trait=/home/runner/work/router/router/target/debug/deps/libstable_deref_trait-f6292b0e48d0a3c9.rmeta --extern yoke_derive=/home/runner/work/router/router/target/debug/deps/libyoke_derive-3936a974f96f8af4.so --extern zerofrom=/home/runner/work/router/router/target/debug/deps/libzerofrom-167a4c04751474ae.rmeta --cap-lints allow -Dwarnings`
Test (ubuntu-latest)	Run tests	2026-05-09T15:57:41.1224671Z ^[[1m^[[92m   Compiling^[[0m displaydoc v0.2.5
Test (ubuntu-latest)	Run tests	2026-05-09T15:57:41.1260888Z ^[[1m^[[92m     Running^[[0m `/home/runner/.rustup/toolchains/stable-x86_64-unknown-linux-gnu/bin/rustc --crate-name displaydoc --edition=2021 /home/runner/.cargo/registry/src/index.crates.io-1949cf8c6b5b557f/displaydoc-0.2.5/src/lib.rs --error-format=json --json=diagnostic-rendered-ansi,artifacts,future-incompat --crate-type proc-macro --emit=dep-info,link -C prefer-dynamic -C embed-bitcode=no --check-cfg 'cfg(docsrs,test)' --check-cfg 'cfg(feature, values("default", "std"))' -C metadata=9e5089257ef3faaa -C extra-filename=-6acc5b3a32c65831 --out-dir /home/runner/work/router/router/target/debug/deps -L dependency=/home/runner/work/router/router/target/debug/deps --extern proc_macro2=/home/runner/work/router/router/target/debug/deps/libproc_macro2-cc22a5bd9cc2e88a.rlib --extern quote=/home/runner/work/router/router/target/debug/deps/libquote-c59734c285e87097.rlib --extern syn=/home/runner/work/router/router/target/debug/deps/libsyn-8cbfeb3153951041.rlib --extern proc_macro --cap-lints allow -Dwarnings`
Test (ubuntu-latest)	Run tests	2026-05-09T15:57:41.3964771Z ^[[1m^[[92m   Compiling^[[0m zerovec v0.11.5
Test (ubuntu-latest)	Run tests	2026-05-09T15:57:41.4011835Z ^[[1m^[[92m     Running^[[0m `/home/runner/.rustup/toolchains/stable-x86_64-unknown-linux-gnu/bin/rustc --crate-name zerovec --edition=2021 /home/runner/.cargo/registry/src/index.crates.io-1949cf8c6b5b557f/zerovec-0.11.5/src/lib.rs --error-format=json --json=diagnostic-rendered-ansi,artifacts,future-incompat --crate-type lib --emit=dep-info,metadata,link -C embed-bitcode=no -C debuginfo=2 --cfg 'feature="derive"' --cfg 'feature="yoke"' --check-cfg 'cfg(docsrs,test)' --check-cfg 'cfg(feature, values("alloc", "databake", "derive", "hashmap", "serde", "std", "yoke"))' -C metadata=5ffa72ea80640bd7 -C extra-filename=-3b4d736afea240d6 --out-dir /home/runner/work/router/router/target/debug/deps -L dependency=/home/runner/work/router/router/target/debug/deps --extern yoke=/home/runner/work/router/router/target/debug/deps/libyoke-d07743466b2532f3.rmeta --extern zerofrom=/home/runner/work/router/router/target/debug/deps/libzerofrom-167a4c04751474ae.rmeta --extern zerovec_derive=/home/runner/work/router/router/target/debug/deps/libzerovec_derive-c17c462608a85e8c.so --cap-lints allow -Dwarnings`
Test (ubuntu-latest)	Run tests	2026-05-09T15:57:41.6075423Z ^[[1m^[[92m   Compiling^[[0m serde_derive v1.0.228
Test (ubuntu-latest)	Run tests	2026-05-09T15:57:41.6110626Z ^[[1m^[[92m     Running^[[0m `/home/runner/.rustup/toolchains/stable-x86_64-unknown-linux-gnu/bin/rustc --crate-name serde_derive --edition=2021 /home/runner/.cargo/registry/src/index.crates.io-1949cf8c6b5b557f/serde_derive-1.0.228/src/lib.rs --error-format=json --json=diagnostic-rendered-ansi,artifacts,future-incompat --crate-type proc-macro --emit=dep-info,link -C prefer-dynamic -C embed-bitcode=no --cfg 'feature="default"' --check-cfg 'cfg(docsrs,test)' --check-cfg 'cfg(feature, values("default", "deserialize_in_place"))' -C metadata=433ffaaac51c44e2 -C extra-filename=-4e6efc57fff51ce8 --out-dir /home/runner/work/router/router/target/debug/deps -L dependency=/home/runner/work/router/router/target/debug/deps --extern proc_macro2=/home/runner/work/router/router/target/debug/deps/libproc_macro2-cc22a5bd9cc2e88a.rlib --extern quote=/home/runner/work/router/router/target/debug/deps/libquote-c59734c285e87097.rlib --extern syn=/home/runner/work/router/router/target/debug/deps/libsyn-8cbfeb3153951041.rlib --extern proc_macro --cap-lints allow -Dwarnings`
Test (ubuntu-latest)	Run tests	2026-05-09T15:57:41.8575987Z ^[[1m^[[92m   Compiling^[[0m tracing v0.1.44
Test (ubuntu-latest)	Run tests	2026-05-09T15:57:41.8596301Z ^[[1m^[[92m     Running^[[0m `/home/runner/.rustup/toolchains/stable-x86_64-unknown-linux-gnu/bin/rustc --crate-name tracing --edition=2018 /home/runner/.cargo/registry/src/index.crates.io-1949cf8c6b5b557f/tracing-0.1.44/src/lib.rs --error-format=json --json=diagnostic-rendered-ansi,artifacts,future-incompat --crate-type lib --emit=dep-info,metadata,link -C embed-bitcode=no -C debuginfo=2 --warn=unexpected_cfgs --check-cfg 'cfg(flaky_tests)' --check-cfg 'cfg(tracing_unstable)' --check-cfg 'cfg(unsound_local_offset)' --cfg 'feature="attributes"' --cfg 'feature="default"' --cfg 'feature="log"' --cfg 'feature="std"' --cfg 'feature="tracing-attributes"' --check-cfg 'cfg(docsrs,test)' --check-cfg 'cfg(feature, values("async-await", "attributes", "default", "log", "log-always", "max_level_debug", "max_level_error", "max_level_info", "max_level_off", "max_level_trace", "max_level_warn", "release_max_level_debug", "release_max_level_error", "release_max_level_info", "release_max_level_off", "release_max_level_trace", "release_max_level_warn", "std", "tracing-attributes", "valuable"))' -C metadata=860988824bbb3aa3 -C extra-filename=-80e998682bbd1908 --out-dir /home/runner/work/router/router/target/debug/deps -L dependency=/home/runner/work/router/router/target/debug/deps --extern log=/home/runner/work/router/router/target/debug/deps/liblog-059bc689be228a7e.rmeta --extern pin_project_lite=/home/runner/work/router/router/target/debug/deps/libpin_project_lite-0f243a6b657e6a82.rmeta --extern tracing_attributes=/home/runner/work/router/router/target/debug/deps/libtracing_attributes-ad61de0f8f9b86ee.so --extern tracing_core=/home/runner/work/router/router/target/debug/deps/libtracing_core-3ccb6be0dd339440.rmeta --cap-lints allow -Dwarnings`
Test (ubuntu-latest)	Run tests	2026-05-09T15:57:41.8776702Z ^[[1m^[[92m   Compiling^[[0m tinystr v0.8.2
Test (ubuntu-latest)	Run tests	2026-05-09T15:57:41.8813012Z ^[[1m^[[92m     Running^[[0m `/home/runner/.rustup/toolchains/stable-x86_64-unknown-linux-gnu/bin/rustc --crate-name tinystr --edition=2021 /home/runner/.cargo/registry/src/index.crates.io-1949cf8c6b5b557f/tinystr-0.8.2/src/lib.rs --error-format=json --json=diagnostic-rendered-ansi,artifacts,future-incompat --crate-type lib --emit=dep-info,metadata,link -C embed-bitcode=no -C debuginfo=2 --cfg 'feature="zerovec"' --check-cfg 'cfg(docsrs,test)' --check-cfg 'cfg(feature, values("alloc", "databake", "default", "serde", "std", "zerovec"))' -C metadata=12dd61d50fb5c41b -C extra-filename=-fcf2799bac988ec5 --out-dir /home/runner/work/router/router/target/debug/deps -L dependency=/home/runner/work/router/router/target/debug/deps --extern displaydoc=/home/runner/work/router/router/target/debug/deps/libdisplaydoc-6acc5b3a32c65831.so --extern zerovec=/home/runner/work/router/router/target/debug/deps/libzerovec-3b4d736afea240d6.rmeta --cap-lints allow -Dwarnings`
Test (ubuntu-latest)	Run tests	2026-05-09T15:57:42.0034753Z ^[[1m^[[92m   Compiling^[[0m icu_locale_core v2.1.1
Test (ubuntu-latest)	Run tests	2026-05-09T15:57:42.0072421Z ^[[1m^[[92m     Running^[[0m `/home/runner/.rustup/toolchains/stable-x86_64-unknown-linux-gnu/bin/rustc --crate-name icu_locale_core --edition=2021 /home/runner/.cargo/registry/src/index.crates.io-1949cf8c6b5b557f/icu_locale_core-2.1.1/src/lib.rs --error-format=json --json=diagnostic-rendered-ansi,artifacts,future-incompat --crate-type lib --emit=dep-info,metadata,link -C embed-bitcode=no -C debuginfo=2 --cfg 'feature="zerovec"' --check-cfg 'cfg(docsrs,test)' --check-cfg 'cfg(feature, values("alloc", "databake", "serde", "zerovec"))' -C metadata=9b70ae1e5bdbeae4 -C extra-filename=-fe2d69b21877c453 --out-dir /home/runner/work/router/router/target/debug/deps -L dependency=/home/runner/work/router/router/target/debug/deps --extern displaydoc=/home/runner/work/router/router/target/debug/deps/libdisplaydoc-6acc5b3a32c65831.so --extern litemap=/home/runner/work/router/router/target/debug/deps/liblitemap-662a93e89f5ebf32.rmeta --extern tinystr=/home/runner/work/router/router/target/debug/deps/libtinystr-fcf2799bac988ec5.rmeta --extern writeable=/home/runner/work/router/router/target/debug/deps/libwriteable-f9c6feaae2e13681.rmeta --extern zerovec=/home/runner/work/router/router/target/debug/deps/libzerovec-3b4d736afea240d6.rmeta --cap-lints allow -Dwarnings`
Test (ubuntu-latest)	Run tests	2026-05-09T15:57:42.0555834Z ^[[1m^[[92m   Compiling^[[0m potential_utf v0.1.4
Test (ubuntu-latest)	Run tests	2026-05-09T15:57:42.0593898Z ^[[1m^[[92m     Running^[[0m `/home/runner/.rustup/toolchains/stable-x86_64-unknown-linux-gnu/bin/rustc --crate-name potential_utf --edition=2021 /home/runner/.cargo/registry/src/index.crates.io-1949cf8c6b5b557f/potential_utf-0.1.4/src/lib.rs --error-format=json --json=diagnostic-rendered-ansi,artifacts,future-incompat --crate-type lib --emit=dep-info,metadata,link -C embed-bitcode=no -C debuginfo=2 --cfg 'feature="zerovec"' --check-cfg 'cfg(docsrs,test)' --check-cfg 'cfg(feature, values("alloc", "databake", "default", "serde", "writeable", "zerovec"))' -C metadata=88169c8018d8af44 -C extra-filename=-1909022efd15fd21 --out-dir /home/runner/work/router/router/target/debug/deps -L dependency=/home/runner/work/router/router/target/debug/deps --extern zerovec=/home/runner/work/router/router/target/debug/deps/libzerovec-3b4d736afea240d6.rmeta --cap-lints allow -Dwarnings`
Test (ubuntu-latest)	Run tests	2026-05-09T15:57:42.1384975Z ^[[1m^[[92m   Compiling^[[0m zerotrie v0.2.3
Test (ubuntu-latest)	Run tests	2026-05-09T15:57:42.1431703Z ^[[1m^[[92m     Running^[[0m `/home/runner/.rustup/toolchains/stable-x86_64-unknown-linux-gnu/bin/rustc --crate-name zerotrie --edition=2021 /home/runner/.cargo/registry/src/index.crates.io-1949cf8c6b5b557f/zerotrie-0.2.3/src/lib.rs --error-format=json --json=diagnostic-rendered-ansi,artifacts,future-incompat --crate-type lib --emit=dep-info,metadata,link -C embed-bitcode=no -C debuginfo=2 --cfg 'feature="yoke"' --cfg 'feature="zerofrom"' --check-cfg 'cfg(docsrs,test)' --check-cfg 'cfg(feature, values("alloc", "databake", "default", "litemap", "serde", "yoke", "zerofrom", "zerovec"))' -C metadata=7f137e60f344171e -C extra-filename=-20e2d3f1ade8e6ec --out-dir /home/runner/work/router/router/target/debug/deps -L dependency=/home/runner/work/router/router/target/debug/deps --extern displaydoc=/home/runner/work/router/router/target/debug/deps/libdisplaydoc-6acc5b3a32c65831.so --extern yoke=/home/runner/work/router/router/target/debug/deps/libyoke-d07743466b2532f3.rmeta --extern zerofrom=/home/runner/work/router/router/target/debug/deps/libzerofrom-167a4c04751474ae.rmeta --cap-lints allow -Dwarnings`
Test (ubuntu-latest)	Run tests	2026-05-09T15:57:42.3694734Z ^[[1m^[[92m   Compiling^[[0m futures-macro v0.3.32
Test (ubuntu-latest)	Run tests	2026-05-09T15:57:42.3732074Z ^[[1m^[[92m     Running^[[0m `/home/runner/.rustup/toolchains/stable-x86_64-unknown-linux-gnu/bin/rustc --crate-name futures_macro --edition=2018 /home/runner/.cargo/registry/src/index.crates.io-1949cf8c6b5b557f/futures-macro-0.3.32/src/lib.rs --error-format=json --json=diagnostic-rendered-ansi,artifacts,future-incompat --crate-type proc-macro --emit=dep-info,link -C prefer-dynamic -C embed-bitcode=no --warn=unreachable_pub --warn=unexpected_cfgs --warn=single_use_lifetimes --warn=rust_2018_idioms --warn=missing_debug_implementations --check-cfg 'cfg(futures_sanitizer)' --check-cfg 'cfg(docsrs,test)' --check-cfg 'cfg(feature, values())' -C metadata=299e86ef9c85187c -C extra-filename=-50a1f382b2e8be46 --out-dir /home/runner/work/router/router/target/debug/deps -L dependency=/home/runner/work/router/router/target/debug/deps --extern proc_macro2=/home/runner/work/router/router/target/debug/deps/libproc_macro2-cc22a5bd9cc2e88a.rlib --extern quote=/home/runner/work/router/router/target/debug/deps/libquote-c59734c285e87097.rlib --extern syn=/home/runner/work/router/router/target/debug/deps/libsyn-8cbfeb3153951041.rlib --extern proc_macro --cap-lints allow -Dwarnings`
Test (ubuntu-latest)	Run tests	2026-05-09T15:57:42.9807806Z ^[[1m^[[92m   Compiling^[[0m futures-util v0.3.32
Test (ubuntu-latest)	Run tests	2026-05-09T15:57:42.9827524Z ^[[1m^[[92m     Running^[[0m `/home/runner/.rustup/toolchains/stable-x86_64-unknown-linux-gnu/bin/rustc --crate-name futures_util --edition=2018 /home/runner/.cargo/registry/src/index.crates.io-1949cf8c6b5b557f/futures-util-0.3.32/src/lib.rs --error-format=json --json=diagnostic-rendered-ansi,artifacts,future-incompat --crate-type lib --emit=dep-info,metadata,link -C embed-bitcode=no -C debuginfo=2 --warn=unreachable_pub --warn=unexpected_cfgs --warn=single_use_lifetimes --warn=rust_2018_idioms --warn=missing_debug_implementations --check-cfg 'cfg(futures_sanitizer)' --cfg 'feature="alloc"' --cfg 'feature="async-await"' --cfg 'feature="async-await-macro"' --cfg 'feature="default"' --cfg 'feature="futures-macro"' --cfg 'feature="slab"' --cfg 'feature="std"' --check-cfg 'cfg(docsrs,test)' --check-cfg 'cfg(feature, values("alloc", "async-await", "async-await-macro", "bilock", "cfg-target-has-atomic", "channel", "compat", "default", "futures-channel", "futures-io", "futures-macro", "futures-sink", "futures_01", "io", "io-compat", "libc", "memchr", "portable-atomic", "sink", "slab", "spin", "std", "tokio-io", "unstable", "write-all-vectored"))' -C metadata=37da5c7069faa6e4 -C extra-filename=-c88af18fb62ccf3c --out-dir /home/runner/work/router/router/target/debug/deps -L dependency=/home/runner/work/router/router/target/debug/deps --extern futures_core=/home/runner/work/router/router/target/debug/deps/libfutures_core-8242ac571ee06842.rmeta --extern futures_macro=/home/runner/work/router/router/target/debug/deps/libfutures_macro-50a1f382b2e8be46.so --extern futures_task=/home/runner/work/router/router/target/debug/deps/libfutures_task-decc959bd5d85a0e.rmeta --extern pin_project_lite=/home/runner/work/router/router/target/debug/deps/libpin_project_lite-0f243a6b657e6a82.rmeta --extern slab=/home/runner/work/router/router/target/debug/deps/libslab-3a5c7d6e761204ba.rmeta --cap-lints allow -Dwarnings`
Test (ubuntu-latest)	Run tests	2026-05-09T15:57:42.9874121Z ^[[1m^[[92m   Compiling^[[0m icu_provider v2.1.1
Test (ubuntu-latest)	Run tests	2026-05-09T15:57:42.9904778Z ^[[1m^[[92m     Running^[[0m `/home/runner/.rustup/toolchains/stable-x86_64-unknown-linux-gnu/bin/rustc --crate-name icu_provider --edition=2021 /home/runner/.cargo/registry/src/index.crates.io-1949cf8c6b5b557f/icu_provider-2.1.1/src/lib.rs --error-format=json --json=diagnostic-rendered-ansi,artifacts,future-incompat --crate-type lib --emit=dep-info,metadata,link -C embed-bitcode=no -C debuginfo=2 --cfg 'feature="baked"' --check-cfg 'cfg(docsrs,test)' --check-cfg 'cfg(feature, values("alloc", "baked", "deserialize_bincode_1", "deserialize_json", "deserialize_postcard_1", "export", "logging", "serde", "std", "sync", "zerotrie"))' -C metadata=0bb6beec939f41e4 -C extra-filename=-fbd18b8f6bec8513 --out-dir /home/runner/work/router/router/target/debug/deps -L dependency=/home/runner/work/router/router/target/debug/deps --extern displaydoc=/home/runner/work/router/router/target/debug/deps/libdisplaydoc-6acc5b3a32c65831.so --extern icu_locale_core=/home/runner/work/router/router/target/debug/deps/libicu_locale_core-fe2d69b21877c453.rmeta --extern writeable=/home/runner/work/router/router/target/debug/deps/libwriteable-f9c6feaae2e13681.rmeta --extern yoke=/home/runner/work/router/router/target/debug/deps/libyoke-d07743466b2532f3.rmeta --extern zerofrom=/home/runner/work/router/router/target/debug/deps/libzerofrom-167a4c04751474ae.rmeta --extern zerotrie=/home/runner/work/router/router/target/debug/deps/libzerotrie-20e2d3f1ade8e6ec.rmeta --extern zerovec=/home/runner/work/router/router/target/debug/deps/libzerovec-3b4d736afea240d6.rmeta --cap-lints allow -Dwarnings`
Test (ubuntu-latest)	Run tests	2026-05-09T15:57:43.2064924Z ^[[1m^[[92m   Compiling^[[0m icu_collections v2.1.1
Test (ubuntu-latest)	Run tests	2026-05-09T15:57:43.2102570Z ^[[1m^[[92m     Running^[[0m `/home/runner/.rustup/toolchains/stable-x86_64-unknown-linux-gnu/bin/rustc --crate-name icu_collections --edition=2021 /home/runner/.cargo/registry/src/index.crates.io-1949cf8c6b5b557f/icu_collections-2.1.1/src/lib.rs --error-format=json --json=diagnostic-rendered-ansi,artifacts,future-incompat --crate-type lib --emit=dep-info,metadata,link -C embed-bitcode=no -C debuginfo=2 --check-cfg 'cfg(docsrs,test)' --check-cfg 'cfg(feature, values("alloc", "databake", "serde"))' -C metadata=6a1f3fc22027df5d -C extra-filename=-e01a6d68c7258497 --out-dir /home/runner/work/router/router/target/debug/deps -L dependency=/home/runner/work/router/router/target/debug/deps --extern displaydoc=/home/runner/work/router/router/target/debug/deps/libdisplaydoc-6acc5b3a32c65831.so --extern potential_utf=/home/runner/work/router/router/target/debug/deps/libpotential_utf-1909022efd15fd21.rmeta --extern yoke=/home/runner/work/router/router/target/debug/deps/libyoke-d07743466b2532f3.rmeta --extern zerofrom=/home/runner/work/router/router/target/debug/deps/libzerofrom-167a4c04751474ae.rmeta --extern zerovec=/home/runner/work/router/router/target/debug/deps/libzerovec-3b4d736afea240d6.rmeta --cap-lints allow -Dwarnings`
Test (ubuntu-latest)	Run tests	2026-05-09T15:57:43.6604626Z ^[[1m^[[92m   Compiling^[[0m openssl-macros v0.1.1
Test (ubuntu-latest)	Run tests	2026-05-09T15:57:43.6642336Z ^[[1m^[[92m     Running^[[0m `/home/runner/.rustup/toolchains/stable-x86_64-unknown-linux-gnu/bin/rustc --crate-name openssl_macros --edition=2018 /home/runner/.cargo/registry/src/index.crates.io-1949cf8c6b5b557f/openssl-macros-0.1.1/src/lib.rs --error-format=json --json=diagnostic-rendered-ansi,artifacts,future-incompat --crate-type proc-macro --emit=dep-info,link -C prefer-dynamic -C embed-bitcode=no --check-cfg 'cfg(docsrs,test)' --check-cfg 'cfg(feature, values())' -C metadata=2cdf800b595482f7 -C extra-filename=-f2fded58c6a88e3d --out-dir /home/runner/work/router/router/target/debug/deps -L dependency=/home/runner/work/router/router/target/debug/deps --extern proc_macro2=/home/runner/work/router/router/target/debug/deps/libproc_macro2-cc22a5bd9cc2e88a.rlib --extern quote=/home/runner/work/router/router/target/debug/deps/libquote-c59734c285e87097.rlib --extern syn=/home/runner/work/router/router/target/debug/deps/libsyn-8cbfeb3153951041.rlib --extern proc_macro --cap-lints allow -Dwarnings`
Test (ubuntu-latest)	Run tests	2026-05-09T15:57:43.8345049Z ^[[1m^[[92m   Compiling^[[0m sync_wrapper v1.0.2
Test (ubuntu-latest)	Run tests	2026-05-09T15:57:43.8370408Z ^[[1m^[[92m     Running^[[0m `/home/runner/.rustup/toolchains/stable-x86_64-unknown-linux-gnu/bin/rustc --crate-name sync_wrapper --edition=2021 /home/runner/.cargo/registry/src/index.crates.io-1949cf8c6b5b557f/sync_wrapper-1.0.2/src/lib.rs --error-format=json --json=diagnostic-rendered-ansi,artifacts,future-incompat --crate-type lib --emit=dep-info,metadata,link -C embed-bitcode=no -C debuginfo=2 --cfg 'feature="futures"' --cfg 'feature="futures-core"' --check-cfg 'cfg(docsrs,test)' --check-cfg 'cfg(feature, values("futures", "futures-core"))' -C metadata=783761aca6795128 -C extra-filename=-0deb6bfd05a69a77 --out-dir /home/runner/work/router/router/target/debug/deps -L dependency=/home/runner/work/router/router/target/debug/deps --extern futures_core=/home/runner/work/router/router/target/debug/deps/libfutures_core-8242ac571ee06842.rmeta --cap-lints allow -Dwarnings`
Test (ubuntu-latest)	Run tests	2026-05-09T15:57:43.8800465Z ^[[1m^[[92m   Compiling^[[0m tower-layer v0.3.3
Test (ubuntu-latest)	Run tests	2026-05-09T15:57:43.8808033Z ^[[1m^[[92m     Running^[[0m `/home/runner/.rustup/toolchains/stable-x86_64-unknown-linux-gnu/bin/rustc --crate-name tower_layer --edition=2018 /home/runner/.cargo/registry/src/index.crates.io-1949cf8c6b5b557f/tower-layer-0.3.3/src/lib.rs --error-format=json --json=diagnostic-rendered-ansi,artifacts,future-incompat --crate-type lib --emit=dep-info,metadata,link -C embed-bitcode=no -C debuginfo=2 --check-cfg 'cfg(docsrs,test)' --check-cfg 'cfg(feature, values())' -C metadata=e882a7b297441d19 -C extra-filename=-4318b58fb692e0b4 --out-dir /home/runner/work/router/router/target/debug/deps -L dependency=/home/runner/work/router/router/target/debug/deps --cap-lints allow -Dwarnings`
Test (ubuntu-latest)	Run tests	2026-05-09T15:57:43.9904908Z ^[[1m^[[92m   Compiling^[[0m memchr v2.8.0
Test (ubuntu-latest)	Run tests	2026-05-09T15:57:43.9939349Z ^[[1m^[[92m     Running^[[0m `/home/runner/.rustup/toolchains/stable-x86_64-unknown-linux-gnu/bin/rustc --crate-name memchr --edition=2021 /home/runner/.cargo/registry/src/index.crates.io-1949cf8c6b5b557f/memchr-2.8.0/src/lib.rs --error-format=json --json=diagnostic-rendered-ansi,artifacts,future-incompat --crate-type lib --emit=dep-info,metadata,link -C embed-bitcode=no -C debuginfo=2 --cfg 'feature="alloc"' --cfg 'feature="default"' --cfg 'feature="std"' --check-cfg 'cfg(docsrs,test)' --check-cfg 'cfg(feature, values("alloc", "core", "default", "libc", "logging", "rustc-dep-of-std", "std", "use_std"))' -C metadata=6d5d63c2ad821097 -C extra-filename=-d13335c1baa51a89 --out-dir /home/runner/work/router/router/target/debug/deps -L dependency=/home/runner/work/router/router/target/debug/deps --cap-lints allow -Dwarnings`
Test (ubuntu-latest)	Run tests	2026-05-09T15:57:44.4954829Z ^[[1m^[[92m     Running^[[0m `/home/runner/.rustup/toolchains/stable-x86_64-unknown-linux-gnu/bin/rustc --crate-name serde --edition=2021 /home/runner/.cargo/registry/src/index.crates.io-1949cf8c6b5b557f/serde-1.0.228/src/lib.rs --error-format=json --json=diagnostic-rendered-ansi,artifacts,future-incompat --crate-type lib --emit=dep-info,metadata,link -C embed-bitcode=no -C debuginfo=2 --cfg 'feature="default"' --cfg 'feature="derive"' --cfg 'feature="serde_derive"' --cfg 'feature="std"' --check-cfg 'cfg(docsrs,test)' --check-cfg 'cfg(feature, values("alloc", "default", "derive", "rc", "serde_derive", "std", "unstable"))' -C metadata=f3e440a506ea62fe -C extra-filename=-85292091c9f44e38 --out-dir /home/runner/work/router/router/target/debug/deps -L dependency=/home/runner/work/router/router/target/debug/deps --extern serde_core=/home/runner/work/router/router/target/debug/deps/libserde_core-d9146068b4f8a12a.rmeta --extern serde_derive=/home/runner/work/router/router/target/debug/deps/libserde_derive-4e6efc57fff51ce8.so --cap-lints allow -Dwarnings --cfg if_docsrs_then_no_serde_core --check-cfg 'cfg(feature, values("result"))' --check-cfg 'cfg(if_docsrs_then_no_serde_core)' --check-cfg 'cfg(no_core_cstr)' --check-cfg 'cfg(no_core_error)' --check-cfg 'cfg(no_core_net)' --check-cfg 'cfg(no_core_num_saturating)' --check-cfg 'cfg(no_diagnostic_namespace)' --check-cfg 'cfg(no_serde_derive)' --check-cfg 'cfg(no_std_atomic)' --check-cfg 'cfg(no_std_atomic64)' --check-cfg 'cfg(no_target_has_atomic)'`
Test (ubuntu-latest)	Run tests	2026-05-09T15:57:44.6934921Z ^[[1m^[[92m   Compiling^[[0m tokio-util v0.7.18
Test (ubuntu-latest)	Run tests	2026-05-09T15:57:44.6952366Z ^[[1m^[[92m     Running^[[0m `/home/runner/.rustup/toolchains/stable-x86_64-unknown-linux-gnu/bin/rustc --crate-name tokio_util --edition=2021 /home/runner/.cargo/registry/src/index.crates.io-1949cf8c6b5b557f/tokio-util-0.7.18/src/lib.rs --error-format=json --json=diagnostic-rendered-ansi,artifacts,future-incompat --crate-type lib --emit=dep-info,metadata,link -C embed-bitcode=no -C debuginfo=2 --warn=unexpected_cfgs --check-cfg 'cfg(fuzzing)' --check-cfg 'cfg(loom)' --check-cfg 'cfg(mio_unsupported_force_poll_poll)' --check-cfg 'cfg(tokio_allow_from_blocking_fd)' --check-cfg 'cfg(tokio_internal_mt_counters)' --check-cfg 'cfg(tokio_no_parking_lot)' --check-cfg 'cfg(tokio_no_tuning_tests)' --check-cfg 'cfg(tokio_unstable)' --check-cfg 'cfg(target_os, values("cygwin"))' --cfg 'feature="codec"' --cfg 'feature="default"' --cfg 'feature="io"' --check-cfg 'cfg(docsrs,test)' --check-cfg 'cfg(feature, values("__docs_rs", "codec", "compat", "default", "full", "futures-io", "futures-util", "hashbrown", "io", "io-util", "join-map", "net", "rt", "slab", "time", "tracing"))' -C metadata=f9513a9ed920d937 -C extra-filename=-525f4cf8d7312076 --out-dir /home/runner/work/router/router/target/debug/deps -L dependency=/home/runner/work/router/router/target/debug/deps --extern bytes=/home/runner/work/router/router/target/debug/deps/libbytes-c50adbf09ebed7c5.rmeta --extern futures_core=/home/runner/work/router/router/target/debug/deps/libfutures_core-8242ac571ee06842.rmeta --extern futures_sink=/home/runner/work/router/router/target/debug/deps/libfutures_sink-abeae9f23c867de4.rmeta --extern pin_project_lite=/home/runner/work/router/router/target/debug/deps/libpin_project_lite-0f243a6b657e6a82.rmeta --extern tokio=/home/runner/work/router/router/target/debug/deps/libtokio-6ab14ea65eea979a.rmeta --cap-lints allow -Dwarnings`
Test (ubuntu-latest)	Run tests	2026-05-09T15:57:44.8171826Z ^[[1m^[[92m   Compiling^[[0m httpdate v1.0.3
Test (ubuntu-latest)	Run tests	2026-05-09T15:57:44.8208779Z ^[[1m^[[92m     Running^[[0m `/home/runner/.rustup/toolchains/stable-x86_64-unknown-linux-gnu/bin/rustc --crate-name httpdate --edition=2021 /home/runner/.cargo/registry/src/index.crates.io-1949cf8c6b5b557f/httpdate-1.0.3/src/lib.rs --error-format=json --json=diagnostic-rendered-ansi,artifacts,future-incompat --crate-type lib --emit=dep-info,metadata,link -C embed-bitcode=no -C debuginfo=2 --check-cfg 'cfg(docsrs,test)' --check-cfg 'cfg(feature, values())' -C metadata=1209b70bf99833a7 -C extra-filename=-3825ddeccb26867c --out-dir /home/runner/work/router/router/target/debug/deps -L dependency=/home/runner/work/router/router/target/debug/deps --cap-lints allow -Dwarnings`
Test (ubuntu-latest)	Run tests	2026-05-09T15:57:44.9884867Z ^[[1m^[[92m   Compiling^[[0m native-tls v0.2.18
Test (ubuntu-latest)	Run tests	2026-05-09T15:57:44.9929260Z ^[[1m^[[92m     Running^[[0m `/home/runner/.rustup/toolchains/stable-x86_64-unknown-linux-gnu/bin/rustc --crate-name build_script_build --edition=2021 /home/runner/.cargo/registry/src/index.crates.io-1949cf8c6b5b557f/native-tls-0.2.18/build.rs --error-format=json --json=diagnostic-rendered-ansi,artifacts,future-incompat --crate-type bin --emit=dep-info,link -C embed-bitcode=no --cfg 'feature="default"' --check-cfg 'cfg(docsrs,test)' --check-cfg 'cfg(feature, values("alpn", "alpn-accept", "default", "vendored"))' -C metadata=6d4ef9c3c70f832e -C extra-filename=-c32b541563d1c56f --out-dir /home/runner/work/router/router/target/debug/build/native-tls-c32b541563d1c56f -L dependency=/home/runner/work/router/router/target/debug/deps --cap-lints allow -Dwarnings`
Test (ubuntu-latest)	Run tests	2026-05-09T15:57:45.0034374Z ^[[1m^[[92m   Compiling^[[0m pin-utils v0.1.0
Test (ubuntu-latest)	Run tests	2026-05-09T15:57:45.0048684Z ^[[1m^[[92m     Running^[[0m `/home/runner/.rustup/toolchains/stable-x86_64-unknown-linux-gnu/bin/rustc --crate-name pin_utils --edition=2018 /home/runner/.cargo/registry/src/index.crates.io-1949cf8c6b5b557f/pin-utils-0.1.0/src/lib.rs --error-format=json --json=diagnostic-rendered-ansi,artifacts,future-incompat --crate-type lib --emit=dep-info,metadata,link -C embed-bitcode=no -C debuginfo=2 --check-cfg 'cfg(docsrs,test)' --check-cfg 'cfg(feature, values())' -C metadata=3c63148ae00e1b82 -C extra-filename=-7c9a3e2df06b8c02 --out-dir /home/runner/work/router/router/target/debug/deps -L dependency=/home/runner/work/router/router/target/debug/deps --cap-lints allow -Dwarnings`
Test (ubuntu-latest)	Run tests	2026-05-09T15:57:45.0287318Z ^[[1m^[[92m   Compiling^[[0m typenum v1.20.0
Test (ubuntu-latest)	Run tests	2026-05-09T15:57:45.0318634Z ^[[1m^[[92m     Running^[[0m `/home/runner/.rustup/toolchains/stable-x86_64-unknown-linux-gnu/bin/rustc --crate-name typenum --edition=2018 /home/runner/.cargo/registry/src/index.crates.io-1949cf8c6b5b557f/typenum-1.20.0/src/lib.rs --error-format=json --json=diagnostic-rendered-ansi,artifacts,future-incompat --crate-type lib --emit=dep-info,metadata,link -C embed-bitcode=no -C debuginfo=2 --check-cfg 'cfg(docsrs,test)' --check-cfg 'cfg(feature, values("const-generics", "i128", "scale-info", "scale_info", "strict"))' -C metadata=e1f2b5514c8d9a18 -C extra-filename=-5439c900d4b7d7d3 --out-dir /home/runner/work/router/router/target/debug/deps -L dependency=/home/runner/work/router/router/target/debug/deps --cap-lints allow -Dwarnings`
Test (ubuntu-latest)	Run tests	2026-05-09T15:57:45.0847720Z ^[[1m^[[92m   Compiling^[[0m utf8parse v0.2.2
Test (ubuntu-latest)	Run tests	2026-05-09T15:57:45.0880858Z ^[[1m^[[92m     Running^[[0m `/home/runner/.rustup/toolchains/stable-x86_64-unknown-linux-gnu/bin/rustc --crate-name utf8parse --edition=2018 /home/runner/.cargo/registry/src/index.crates.io-1949cf8c6b5b557f/utf8parse-0.2.2/src/lib.rs --error-format=json --json=diagnostic-rendered-ansi,artifacts,future-incompat --crate-type lib --emit=dep-info,metadata,link -C embed-bitcode=no -C debuginfo=2 --cfg 'feature="default"' --check-cfg 'cfg(docsrs,test)' --check-cfg 'cfg(feature, values("default", "nightly"))' -C metadata=03c844c746ae0ffa -C extra-filename=-ad56e31e69fc4f77 --out-dir /home/runner/work/router/router/target/debug/deps -L dependency=/home/runner/work/router/router/target/debug/deps --cap-lints allow -Dwarnings`
Test (ubuntu-latest)	Run tests	2026-05-09T15:57:45.1234193Z ^[[1m^[[92m   Compiling^[[0m anstyle-parse v0.2.7
Test (ubuntu-latest)	Run tests	2026-05-09T15:57:45.1270893Z ^[[1m^[[92m     Running^[[0m `/home/runner/.rustup/toolchains/stable-x86_64-unknown-linux-gnu/bin/rustc --crate-name anstyle_parse --edition=2021 /home/runner/.cargo/registry/src/index.crates.io-1949cf8c6b5b557f/anstyle-parse-0.2.7/src/lib.rs --error-format=json --json=diagnostic-rendered-ansi,artifacts,future-incompat --crate-type lib --emit=dep-info,metadata,link -C embed-bitcode=no -C debuginfo=2 --warn=rust_2018_idioms '--warn=clippy::zero_sized_map_values' '--warn=clippy::wildcard_imports' '--warn=clippy::verbose_file_reads' --warn=unused_qualifications --warn=unused_macro_rules --warn=unused_lifetimes --warn=unsafe_op_in_unsafe_fn --warn=unreachable_pub --warn=unnameable_types '--warn=clippy::uninlined_format_args' '--warn=clippy::trait_duplication_in_bounds' '--warn=clippy::todo' '--warn=clippy::string_to_string' '--warn=clippy::string_lit_as_bytes' '--warn=clippy::string_add_assign' '--warn=clippy::string_add' '--warn=clippy::str_to_string' '--warn=clippy::semicolon_if_nothing_returned' '--warn=clippy::self_named_module_files' '--warn=clippy::same_functions_in_if_condition' '--allow=clippy::result_large_err' '--warn=clippy::rest_pat_in_fully_bound_structs' '--warn=clippy::ref_option_ref' '--warn=clippy::redundant_feature_names' '--warn=clippy::rc_mutex' '--warn=clippy::ptr_as_ptr' '--warn=clippy::path_buf_push_overwrite' '--warn=clippy::negative_feature_names' '--warn=clippy::needless_for_each' '--allow=clippy::needless_continue' '--warn=clippy::mutex_integer' '--warn=clippy::mem_forget' '--warn=clippy::macro_use_imports' '--warn=clippy::lossy_float_literal' '--warn=clippy::linkedlist' '--allow=clippy::let_and_return' '--warn=clippy::large_types_passed_by_value' '--warn=clippy::large_stack_arrays' '--warn=clippy::large_digit_groups' '--warn=clippy::invalid_upcast_comparisons' '--warn=clippy::infinite_loop' '--warn=clippy::inefficient_to_string' '--warn=clippy::inconsistent_struct_constructor' '--warn=clippy::imprecise_flops' '--warn=clippy::implicit_clone' '--allow=clippy::if_same_then_else' '--warn=clippy::from_iter_instead_of_collect' '--warn=clippy::fn_params_excessive_bools' '--warn=clippy::float_cmp_const' '--warn=clippy::flat_map_option' '--warn=clippy::filter_map_next' '--warn=clippy::fallible_impl_from' '--warn=clippy::explicit_into_iter_loop' '--warn=clippy::explicit_deref_methods' '--warn=clippy::expl_impl_clone_on_copy' '--warn=clippy::enum_glob_use' '--warn=clippy::empty_enum' '--warn=clippy::doc_markdown' '--warn=clippy::debug_assert_with_mut_call' '--warn=clippy::dbg_macro' '--warn=clippy::create_dir' '--allow=clippy::collapsible_else_if' '--warn=clippy::checked_conversions' '--allow=clippy::branches_sharing_code' '--allow=clippy::bool_assert_comparison' --cfg 'feature="default"' --cfg 'feature="utf8"' --check-cfg 'cfg(docsrs,test)' --check-cfg 'cfg(feature, values("core", "default", "utf8"))' -C metadata=ab286e24faa9ed47 -C extra-filename=-2d0ede557f5c0568 --out-dir /home/runner/work/router/router/target/debug/deps -L dependency=/home/runner/work/router/router/target/debug/deps --extern utf8parse=/home/runner/work/router/router/target/debug/deps/libutf8parse-ad56e31e69fc4f77.rmeta --cap-lints allow -Dwarnings`
Test (ubuntu-latest)	Run tests	2026-05-09T15:57:45.2305212Z ^[[1m^[[92m   Compiling^[[0m h2 v0.4.13
Test (ubuntu-latest)	Run tests	2026-05-09T15:57:45.2326878Z ^[[1m^[[92m     Running^[[0m `/home/runner/.rustup/toolchains/stable-x86_64-unknown-linux-gnu/bin/rustc --crate-name h2 --edition=2021 /home/runner/.cargo/registry/src/index.crates.io-1949cf8c6b5b557f/h2-0.4.13/src/lib.rs --error-format=json --json=diagnostic-rendered-ansi,artifacts,future-incompat --crate-type lib --emit=dep-info,metadata,link -C embed-bitcode=no -C debuginfo=2 --warn=unexpected_cfgs --check-cfg 'cfg(fuzzing)' --check-cfg 'cfg(docsrs,test)' --check-cfg 'cfg(feature, values("stream", "unstable"))' -C metadata=269050e42b03df3b -C extra-filename=-30b5517672b4dad1 --out-dir /home/runner/work/router/router/target/debug/deps -L dependency=/home/runner/work/router/router/target/debug/deps --extern atomic_waker=/home/runner/work/router/router/target/debug/deps/libatomic_waker-408c93946b4fd2b2.rmeta --extern bytes=/home/runner/work/router/router/target/debug/deps/libbytes-c50adbf09ebed7c5.rmeta --extern fnv=/home/runner/work/router/router/target/debug/deps/libfnv-a6291e4f2341aa81.rmeta --extern futures_core=/home/runner/work/router/router/target/debug/deps/libfutures_core-8242ac571ee06842.rmeta --extern futures_sink=/home/runner/work/router/router/target/debug/deps/libfutures_sink-abeae9f23c867de4.rmeta --extern http=/home/runner/work/router/router/target/debug/deps/libhttp-df218f370a5dfd31.rmeta --extern indexmap=/home/runner/work/router/router/target/debug/deps/libindexmap-30b54e6b2c6b87b3.rmeta --extern slab=/home/runner/work/router/router/target/debug/deps/libslab-3a5c7d6e761204ba.rmeta --extern tokio=/home/runner/work/router/router/target/debug/deps/libtokio-6ab14ea65eea979a.rmeta --extern tokio_util=/home/runner/work/router/router/target/debug/deps/libtokio_util-525f4cf8d7312076.rmeta --extern tracing=/home/runner/work/router/router/target/debug/deps/libtracing-80e998682bbd1908.rmeta --cap-lints allow -Dwarnings`
Test (ubuntu-latest)	Run tests	2026-05-09T15:57:45.3191084Z ^[[1m^[[92m     Running^[[0m `/home/runner/work/router/router/target/debug/build/native-tls-c32b541563d1c56f/build-script-build`
Test (ubuntu-latest)	Run tests	2026-05-09T15:57:45.3275889Z ^[[1m^[[92m     Running^[[0m `/home/runner/.rustup/toolchains/stable-x86_64-unknown-linux-gnu/bin/rustc --crate-name serde_json --edition=2021 /home/runner/.cargo/registry/src/index.crates.io-1949cf8c6b5b557f/serde_json-1.0.149/src/lib.rs --error-format=json --json=diagnostic-rendered-ansi,artifacts,future-incompat --crate-type lib --emit=dep-info,metadata,link -C embed-bitcode=no -C debuginfo=2 --cfg 'feature="default"' --cfg 'feature="raw_value"' --cfg 'feature="std"' --check-cfg 'cfg(docsrs,test)' --check-cfg 'cfg(feature, values("alloc", "arbitrary_precision", "default", "float_roundtrip", "indexmap", "preserve_order", "raw_value", "std", "unbounded_depth"))' -C metadata=a6b084617d0f8d5c -C extra-filename=-2a929f6947643107 --out-dir /home/runner/work/router/router/target/debug/deps -L dependency=/home/runner/work/router/router/target/debug/deps --extern itoa=/home/runner/work/router/router/target/debug/deps/libitoa-1e9e28e3981cf9af.rmeta --extern memchr=/home/runner/work/router/router/target/debug/deps/libmemchr-d13335c1baa51a89.rmeta --extern serde_core=/home/runner/work/router/router/target/debug/deps/libserde_core-d9146068b4f8a12a.rmeta --extern zmij=/home/runner/work/router/router/target/debug/deps/libzmij-7641d5e7b479ed37.rmeta --cap-lints allow -Dwarnings --cfg 'fast_arithmetic="64"' --check-cfg 'cfg(fast_arithmetic, values("32", "64"))'`
Test (ubuntu-latest)	Run tests	2026-05-09T15:57:45.6875158Z ^[[1m^[[92m     Running^[[0m `/home/runner/.rustup/toolchains/stable-x86_64-unknown-linux-gnu/bin/rustc --crate-name generic_array --edition=2015 /home/runner/.cargo/registry/src/index.crates.io-1949cf8c6b5b557f/generic-array-0.14.7/src/lib.rs --error-format=json --json=diagnostic-rendered-ansi,artifacts,future-incompat --crate-type lib --emit=dep-info,metadata,link -C embed-bitcode=no -C debuginfo=2 --cfg 'feature="more_lengths"' --check-cfg 'cfg(docsrs,test)' --check-cfg 'cfg(feature, values("more_lengths", "serde", "zeroize"))' -C metadata=a442c3e68c880570 -C extra-filename=-0c39488556be0003 --out-dir /home/runner/work/router/router/target/debug/deps -L dependency=/home/runner/work/router/router/target/debug/deps --extern typenum=/home/runner/work/router/router/target/debug/deps/libtypenum-5439c900d4b7d7d3.rmeta --cap-lints allow -Dwarnings --cfg relaxed_coherence`
Test (ubuntu-latest)	Run tests	2026-05-09T15:57:46.2087580Z ^[[1m^[[92m     Running^[[0m `/home/runner/.rustup/toolchains/stable-x86_64-unknown-linux-gnu/bin/rustc --crate-name openssl --edition=2021 /home/runner/.cargo/registry/src/index.crates.io-1949cf8c6b5b557f/openssl-0.10.76/src/lib.rs --error-format=json --json=diagnostic-rendered-ansi,artifacts,future-incompat --crate-type lib --emit=dep-info,metadata,link -C embed-bitcode=no -C debuginfo=2 --cfg 'feature="default"' --check-cfg 'cfg(docsrs,test)' --check-cfg 'cfg(feature, values("aws-lc", "aws-lc-fips", "bindgen", "default", "unstable_boringssl", "v101", "v102", "v110", "v111", "vendored"))' -C metadata=1f19d7ff3cba1eae -C extra-filename=-aa624242e53307c2 --out-dir /home/runner/work/router/router/target/debug/deps -L dependency=/home/runner/work/router/router/target/debug/deps --extern bitflags=/home/runner/work/router/router/target/debug/deps/libbitflags-1dca89d257b7e756.rmeta --extern cfg_if=/home/runner/work/router/router/target/debug/deps/libcfg_if-0ee797985b074c2f.rmeta --extern foreign_types=/home/runner/work/router/router/target/debug/deps/libforeign_types-e02327b69269bfd3.rmeta --extern libc=/home/runner/work/router/router/target/debug/deps/liblibc-2dbdca3d6c768140.rmeta --extern once_cell=/home/runner/work/router/router/target/debug/deps/libonce_cell-12d43d541c2c1369.rmeta --extern openssl_macros=/home/runner/work/router/router/target/debug/deps/libopenssl_macros-f2fded58c6a88e3d.so --extern ffi=/home/runner/work/router/router/target/debug/deps/libopenssl_sys-30e2f2106c2a630c.rmeta --cap-lints allow -Dwarnings --cfg 'osslconf="OPENSSL_NO_IDEA"' --cfg 'osslconf="OPENSSL_NO_SSL3_METHOD"' --cfg ossl101 --cfg ossl102 --cfg ossl110 --cfg ossl110g --cfg ossl110h --cfg ossl111 --cfg ossl111d --cfg ossl300 --check-cfg 'cfg(osslconf, values("OPENSSL_NO_OCB", "OPENSSL_NO_SM4", "OPENSSL_NO_SEED", "OPENSSL_NO_CHACHA", "OPENSSL_NO_CAST", "OPENSSL_NO_IDEA", "OPENSSL_NO_CAMELLIA", "OPENSSL_NO_RC4", "OPENSSL_NO_BF", "OPENSSL_NO_PSK", "OPENSSL_NO_DEPRECATED_3_0", "OPENSSL_NO_SCRYPT", "OPENSSL_NO_SM3", "OPENSSL_NO_RMD160", "OPENSSL_NO_EC2M", "OPENSSL_NO_OCSP", "OPENSSL_NO_SRTP", "OPENSSL_NO_CMS", "OPENSSL_NO_EC", "OPENSSL_NO_ARGON2", "OPENSSL_NO_RC2"))' --check-cfg 'cfg(libressl)' --check-cfg 'cfg(boringssl)' --check-cfg 'cfg(awslc)' --check-cfg 'cfg(awslc_fips)' --check-cfg 'cfg(libressl250)' --check-cfg 'cfg(libressl251)' --check-cfg 'cfg(libressl261)' --check-cfg 'cfg(libressl270)' --check-cfg 'cfg(libressl271)' --check-cfg 'cfg(libressl273)' --check-cfg 'cfg(libressl280)' --check-cfg 'cfg(libressl291)' --check-cfg 'cfg(libressl310)' --check-cfg 'cfg(libressl321)' --check-cfg 'cfg(libressl332)' --check-cfg 'cfg(libressl340)' --check-cfg 'cfg(libressl350)' --check-cfg 'cfg(libressl360)' --check-cfg 'cfg(libressl361)' --check-cfg 'cfg(libressl370)' --check-cfg 'cfg(libressl380)' --check-cfg 'cfg(libressl382)' --check-cfg 'cfg(libressl390)' --check-cfg 'cfg(libressl400)' --check-cfg 'cfg(libressl410)' --check-cfg 'cfg(libressl420)' --check-cfg 'cfg(ossl101)' --check-cfg 'cfg(ossl102)' --check-cfg 'cfg(ossl110)' --check-cfg 'cfg(ossl110g)' --check-cfg 'cfg(ossl110h)' --check-cfg 'cfg(ossl111)' --check-cfg 'cfg(ossl111d)' --check-cfg 'cfg(ossl300)' --check-cfg 'cfg(ossl310)' --check-cfg 'cfg(ossl320)' --check-cfg 'cfg(ossl330)' --check-cfg 'cfg(ossl340)' --check-cfg 'cfg(ossl350)'`
Test (ubuntu-latest)	Run tests	2026-05-09T15:57:46.7935128Z ^[[1m^[[92m   Compiling^[[0m icu_properties v2.1.2
Test (ubuntu-latest)	Run tests	2026-05-09T15:57:46.7974502Z ^[[1m^[[92m     Running^[[0m `/home/runner/.rustup/toolchains/stable-x86_64-unknown-linux-gnu/bin/rustc --crate-name icu_properties --edition=2021 /home/runner/.cargo/registry/src/index.crates.io-1949cf8c6b5b557f/icu_properties-2.1.2/src/lib.rs --error-format=json --json=diagnostic-rendered-ansi,artifacts,future-incompat --crate-type lib --emit=dep-info,metadata,link -C embed-bitcode=no -C debuginfo=2 --cfg 'feature="compiled_data"' --check-cfg 'cfg(docsrs,test)' --check-cfg 'cfg(feature, values("alloc", "compiled_data", "datagen", "default", "serde", "unicode_bidi"))' -C metadata=c7a27f7bba8ec1b7 -C extra-filename=-53e9583fccbe4fd6 --out-dir /home/runner/work/router/router/target/debug/deps -L dependency=/home/runner/work/router/router/target/debug/deps --extern icu_collections=/home/runner/work/router/router/target/debug/deps/libicu_collections-e01a6d68c7258497.rmeta --extern icu_locale_core=/home/runner/work/router/router/target/debug/deps/libicu_locale_core-fe2d69b21877c453.rmeta --extern icu_properties_data=/home/runner/work/router/router/target/debug/deps/libicu_properties_data-ed161040ca7d2d6d.rmeta --extern icu_provider=/home/runner/work/router/router/target/debug/deps/libicu_provider-fbd18b8f6bec8513.rmeta --extern zerotrie=/home/runner/work/router/router/target/debug/deps/libzerotrie-20e2d3f1ade8e6ec.rmeta --extern zerovec=/home/runner/work/router/router/target/debug/deps/libzerovec-3b4d736afea240d6.rmeta --cap-lints allow -Dwarnings`
Test (ubuntu-latest)	Run tests	2026-05-09T15:57:47.0474836Z ^[[1m^[[92m   Compiling^[[0m icu_normalizer v2.1.1
Test (ubuntu-latest)	Run tests	2026-05-09T15:57:47.0488634Z ^[[1m^[[92m     Running^[[0m `/home/runner/.rustup/toolchains/stable-x86_64-unknown-linux-gnu/bin/rustc --crate-name icu_normalizer --edition=2021 /home/runner/.cargo/registry/src/index.crates.io-1949cf8c6b5b557f/icu_normalizer-2.1.1/src/lib.rs --error-format=json --json=diagnostic-rendered-ansi,artifacts,future-incompat --crate-type lib --emit=dep-info,metadata,link -C embed-bitcode=no -C debuginfo=2 --warn=unexpected_cfgs --check-cfg 'cfg(icu4x_unstable_fast_trie_only)' --cfg 'feature="compiled_data"' --check-cfg 'cfg(docsrs,test)' --check-cfg 'cfg(feature, values("compiled_data", "datagen", "default", "experimental", "icu_properties", "serde", "utf16_iter", "utf8_iter", "write16"))' -C metadata=cb320346a98b20f1 -C extra-filename=-553551c472062282 --out-dir /home/runner/work/router/router/target/debug/deps -L dependency=/home/runner/work/router/router/target/debug/deps --extern icu_collections=/home/runner/work/router/router/target/debug/deps/libicu_collections-e01a6d68c7258497.rmeta --extern icu_normalizer_data=/home/runner/work/router/router/target/debug/deps/libicu_normalizer_data-24d4a56a7cd1ca6d.rmeta --extern icu_provider=/home/runner/work/router/router/target/debug/deps/libicu_provider-fbd18b8f6bec8513.rmeta --extern smallvec=/home/runner/work/router/router/target/debug/deps/libsmallvec-96973b0900e7da08.rmeta --extern zerovec=/home/runner/work/router/router/target/debug/deps/libzerovec-3b4d736afea240d6.rmeta --cap-lints allow -Dwarnings`
Test (ubuntu-latest)	Run tests	2026-05-09T15:57:47.6395352Z ^[[1m^[[92m   Compiling^[[0m form_urlencoded v1.2.2
Test (ubuntu-latest)	Run tests	2026-05-09T15:57:47.6429843Z ^[[1m^[[92m     Running^[[0m `/home/runner/.rustup/toolchains/stable-x86_64-unknown-linux-gnu/bin/rustc --crate-name form_urlencoded --edition=2018 /home/runner/.cargo/registry/src/index.crates.io-1949cf8c6b5b557f/form_urlencoded-1.2.2/src/lib.rs --error-format=json --json=diagnostic-rendered-ansi,artifacts,future-incompat --crate-type lib --emit=dep-info,metadata,link -C embed-bitcode=no -C debuginfo=2 --cfg 'feature="alloc"' --cfg 'feature="default"' --cfg 'feature="std"' --check-cfg 'cfg(docsrs,test)' --check-cfg 'cfg(feature, values("alloc", "default", "std"))' -C metadata=fba48efdf98962dc -C extra-filename=-06380def9d28a005 --out-dir /home/runner/work/router/router/target/debug/deps -L dependency=/home/runner/work/router/router/target/debug/deps --extern percent_encoding=/home/runner/work/router/router/target/debug/deps/libpercent_encoding-ff35adeb94c208c6.rmeta --cap-lints allow -Dwarnings`
Test (ubuntu-latest)	Run tests	2026-05-09T15:57:47.7357608Z ^[[1m^[[92m   Compiling^[[0m http-body-util v0.1.3
Test (ubuntu-latest)	Run tests	2026-05-09T15:57:47.7389410Z ^[[1m^[[92m     Running^[[0m `/home/runner/.rustup/toolchains/stable-x86_64-unknown-linux-gnu/bin/rustc --crate-name http_body_util --edition=2018 /home/runner/.cargo/registry/src/index.crates.io-1949cf8c6b5b557f/http-body-util-0.1.3/src/lib.rs --error-format=json --json=diagnostic-rendered-ansi,artifacts,future-incompat --crate-type lib --emit=dep-info,metadata,link -C embed-bitcode=no -C debuginfo=2 --cfg 'feature="default"' --check-cfg 'cfg(docsrs,test)' --check-cfg 'cfg(feature, values("channel", "default", "full"))' -C metadata=2b6c055b6be10ea0 -C extra-filename=-c38ae8cbb28b45d6 --out-dir /home/runner/work/router/router/target/debug/deps -L dependency=/home/runner/work/router/router/target/debug/deps --extern bytes=/home/runner/work/router/router/target/debug/deps/libbytes-c50adbf09ebed7c5.rmeta --extern futures_core=/home/runner/work/router/router/target/debug/deps/libfutures_core-8242ac571ee06842.rmeta --extern http=/home/runner/work/router/router/target/debug/deps/libhttp-df218f370a5dfd31.rmeta --extern http_body=/home/runner/work/router/router/target/debug/deps/libhttp_body-65f4a72022006c14.rmeta --extern pin_project_lite=/home/runner/work/router/router/target/debug/deps/libpin_project_lite-0f243a6b657e6a82.rmeta --cap-lints allow -Dwarnings`
Test (ubuntu-latest)	Run tests	2026-05-09T15:57:47.9049938Z ^[[1m^[[92m   Compiling^[[0m anstyle v1.0.14
Test (ubuntu-latest)	Run tests	2026-05-09T15:57:47.9075618Z ^[[1m^[[92m     Running^[[0m `/home/runner/.rustup/toolchains/stable-x86_64-unknown-linux-gnu/bin/rustc --crate-name anstyle --edition=2021 /home/runner/.cargo/registry/src/index.crates.io-1949cf8c6b5b557f/anstyle-1.0.14/src/lib.rs --error-format=json --json=diagnostic-rendered-ansi,artifacts,future-incompat --crate-type lib --emit=dep-info,metadata,link -C embed-bitcode=no -C debuginfo=2 --warn=rust_2018_idioms '--warn=clippy::zero_sized_map_values' '--warn=clippy::wildcard_imports' '--warn=clippy::verbose_file_reads' --warn=unused_qualifications --warn=unused_macro_rules --warn=unused_lifetimes --warn=unsafe_op_in_unsafe_fn --warn=unreachable_pub --warn=unnameable_types '--warn=clippy::uninlined_format_args' '--warn=clippy::trait_duplication_in_bounds' '--warn=clippy::todo' '--warn=clippy::string_lit_as_bytes' '--warn=clippy::string_add_assign' '--warn=clippy::string_add' '--warn=clippy::str_to_string' '--warn=clippy::semicolon_if_nothing_returned' '--warn=clippy::self_named_module_files' '--warn=clippy::same_functions_in_if_condition' '--allow=clippy::result_large_err' '--warn=clippy::rest_pat_in_fully_bound_structs' '--warn=clippy::ref_option_ref' '--warn=clippy::redundant_feature_names' '--warn=clippy::rc_mutex' '--warn=clippy::ptr_as_ptr' '--warn=clippy::path_buf_push_overwrite' '--warn=clippy::negative_feature_names' '--warn=clippy::needless_for_each' '--allow=clippy::needless_continue' '--warn=clippy::mutex_integer' '--warn=clippy::mem_forget' '--warn=clippy::macro_use_imports' '--warn=clippy::lossy_float_literal' '--warn=clippy::linkedlist' '--allow=clippy::let_and_return' '--warn=clippy::large_types_passed_by_value' '--warn=clippy::large_stack_arrays' '--warn=clippy::large_digit_groups' '--warn=clippy::invalid_upcast_comparisons' '--warn=clippy::infinite_loop' '--warn=clippy::inefficient_to_string' '--warn=clippy::inconsistent_struct_constructor' '--warn=clippy::imprecise_flops' '--warn=clippy::implicit_clone' '--allow=clippy::if_same_then_else' '--warn=clippy::from_iter_instead_of_collect' '--warn=clippy::fn_params_excessive_bools' '--warn=clippy::float_cmp_const' '--warn=clippy::flat_map_option' '--warn=clippy::filter_map_next' '--warn=clippy::fallible_impl_from' '--warn=clippy::explicit_into_iter_loop' '--warn=clippy::explicit_deref_methods' '--warn=clippy::expl_impl_clone_on_copy' '--warn=clippy::enum_glob_use' '--warn=clippy::empty_enums' '--warn=clippy::doc_markdown' '--warn=clippy::debug_assert_with_mut_call' '--warn=clippy::dbg_macro' '--warn=clippy::create_dir' '--allow=clippy::collapsible_else_if' '--warn=clippy::checked_conversions' '--allow=clippy::branches_sharing_code' '--allow=clippy::bool_assert_comparison' --cfg 'feature="default"' --cfg 'feature="std"' --check-cfg 'cfg(docsrs,test)' --check-cfg 'cfg(feature, values("default", "std"))' -C metadata=2e378006df5fcb95 -C extra-filename=-ff3ea2df8c717f6f --out-dir /home/runner/work/router/router/target/debug/deps -L dependency=/home/runner/work/router/router/target/debug/deps --cap-lints allow -Dwarnings`
Test (ubuntu-latest)	Run tests	2026-05-09T15:57:48.0604830Z ^[[1m^[[92m   Compiling^[[0m getrandom v0.4.2
Test (ubuntu-latest)	Run tests	2026-05-09T15:57:48.0656310Z ^[[1m^[[92m     Running^[[0m `/home/runner/.rustup/toolchains/stable-x86_64-unknown-linux-gnu/bin/rustc --crate-name build_script_build --edition=2024 /home/runner/.cargo/registry/src/index.crates.io-1949cf8c6b5b557f/getrandom-0.4.2/build.rs --error-format=json --json=diagnostic-rendered-ansi,artifacts,future-incompat --crate-type bin --emit=dep-info,link -C embed-bitcode=no '--warn=clippy::useless_conversion' --warn=unused_lifetimes '--warn=clippy::unnecessary_cast' --warn=unexpected_cfgs '--warn=clippy::ptr_as_ptr' --warn=missing_docs '--warn=clippy::fn_to_numeric_cast_with_truncation' '--warn=clippy::fn_to_numeric_cast' '--warn=clippy::checked_conversions' '--warn=clippy::char_lit_as_u8' '--warn=clippy::cast_sign_loss' '--warn=clippy::cast_ptr_alignment' '--warn=clippy::cast_precision_loss' '--warn=clippy::cast_possible_wrap' '--warn=clippy::cast_possible_truncation' '--warn=clippy::cast_lossless' --check-cfg 'cfg(getrandom_backend, values("custom", "efi_rng", "rdrand", "rndr", "linux_getrandom", "linux_raw", "windows_legacy", "unsupported", "extern_impl"))' --check-cfg 'cfg(getrandom_msan)' --check-cfg 'cfg(getrandom_test_linux_fallback)' --check-cfg 'cfg(getrandom_test_linux_without_fallback)' --check-cfg 'cfg(getrandom_test_netbsd_fallback)' --check-cfg 'cfg(target_os, values("cygwin"))' --check-cfg 'cfg(target_os, values("motor"))' --check-cfg 'cfg(docsrs,test)' --check-cfg 'cfg(feature, values("std", "sys_rng", "wasm_js"))' -C metadata=da804b719b84f68c -C extra-filename=-670cf02f9b7479d0 --out-dir /home/runner/work/router/router/target/debug/build/getrandom-670cf02f9b7479d0 -L dependency=/home/runner/work/router/router/target/debug/deps --cap-lints allow -Dwarnings`
Test (ubuntu-latest)	Run tests	2026-05-09T15:57:48.0668067Z ^[[1m^[[92m   Compiling^[[0m openssl-probe v0.2.1
Test (ubuntu-latest)	Run tests	2026-05-09T15:57:48.0678752Z ^[[1m^[[92m     Running^[[0m `/home/runner/.rustup/toolchains/stable-x86_64-unknown-linux-gnu/bin/rustc --crate-name openssl_probe --edition=2021 /home/runner/.cargo/registry/src/index.crates.io-1949cf8c6b5b557f/openssl-probe-0.2.1/src/lib.rs --error-format=json --json=diagnostic-rendered-ansi,artifacts,future-incompat --crate-type lib --emit=dep-info,metadata,link -C embed-bitcode=no -C debuginfo=2 --check-cfg 'cfg(docsrs,test)' --check-cfg 'cfg(feature, values())' -C metadata=ea7835b6130098aa -C extra-filename=-27d2acbf424edb2c --out-dir /home/runner/work/router/router/target/debug/deps -L dependency=/home/runner/work/router/router/target/debug/deps --cap-lints allow -Dwarnings`
Test (ubuntu-latest)	Run tests	2026-05-09T15:57:48.1798798Z ^[[1m^[[92m   Compiling^[[0m ipnet v2.12.0
Test (ubuntu-latest)	Run tests	2026-05-09T15:57:48.1839846Z ^[[1m^[[92m     Running^[[0m `/home/runner/.rustup/toolchains/stable-x86_64-unknown-linux-gnu/bin/rustc --crate-name ipnet --edition=2018 /home/runner/.cargo/registry/src/index.crates.io-1949cf8c6b5b557f/ipnet-2.12.0/src/lib.rs --error-format=json --json=diagnostic-rendered-ansi,artifacts,future-incompat --crate-type lib --emit=dep-info,metadata,link -C embed-bitcode=no -C debuginfo=2 --cfg 'feature="default"' --cfg 'feature="std"' --check-cfg 'cfg(docsrs,test)' --check-cfg 'cfg(feature, values("default", "heapless", "json", "schemars", "schemars08", "schemars1", "ser_as_str", "serde", "std"))' -C metadata=6407b58947e3690f -C extra-filename=-d40d5ca06faba06e --out-dir /home/runner/work/router/router/target/debug/deps -L dependency=/home/runner/work/router/router/target/debug/deps --cap-lints allow -Dwarnings`
Test (ubuntu-latest)	Run tests	2026-05-09T15:57:48.1995321Z ^[[1m^[[92m   Compiling^[[0m num-conv v0.2.0
Test (ubuntu-latest)	Run tests	2026-05-09T15:57:48.2029844Z ^[[1m^[[92m     Running^[[0m `/home/runner/.rustup/toolchains/stable-x86_64-unknown-linux-gnu/bin/rustc --crate-name num_conv --edition=2021 /home/runner/.cargo/registry/src/index.crates.io-1949cf8c6b5b557f/num-conv-0.2.0/src/lib.rs --error-format=json --json=diagnostic-rendered-ansi,artifacts,future-incompat --crate-type lib --emit=dep-info,metadata,link -C embed-bitcode=no -C debuginfo=2 --warn=unused --warn=unreachable-pub '--deny=clippy::std-instead-of-core' --warn=missing-docs '--deny=clippy::alloc-instead-of-core' --check-cfg 'cfg(docsrs,test)' --check-cfg 'cfg(feature, values())' -C metadata=1e2bf5abc249833b -C extra-filename=-8d4bf3b8cbb4b520 --out-dir /home/runner/work/router/router/target/debug/deps -L dependency=/home/runner/work/router/router/target/debug/deps --cap-lints allow -Dwarnings`
Test (ubuntu-latest)	Run tests	2026-05-09T15:57:48.2704397Z ^[[1m^[[92m   Compiling^[[0m thiserror v2.0.18
Test (ubuntu-latest)	Run tests	2026-05-09T15:57:48.2728650Z ^[[1m^[[92m     Running^[[0m `/home/runner/.rustup/toolchains/stable-x86_64-unknown-linux-gnu/bin/rustc --crate-name build_script_build --edition=2021 /home/runner/.cargo/registry/src/index.crates.io-1949cf8c6b5b557f/thiserror-2.0.18/build.rs --error-format=json --json=diagnostic-rendered-ansi,artifacts,future-incompat --crate-type bin --emit=dep-info,link -C embed-bitcode=no --check-cfg 'cfg(docsrs,test)' --check-cfg 'cfg(feature, values("default", "std"))' -C metadata=3bd859c037a54337 -C extra-filename=-4191d7b7749c9848 --out-dir /home/runner/work/router/router/target/debug/build/thiserror-4191d7b7749c9848 -L dependency=/home/runner/work/router/router/target/debug/deps --cap-lints allow -Dwarnings`
Test (ubuntu-latest)	Run tests	2026-05-09T15:57:48.4694880Z ^[[1m^[[92m   Compiling^[[0m colorchoice v1.0.5
Test (ubuntu-latest)	Run tests	2026-05-09T15:57:48.4743662Z ^[[1m^[[92m     Running^[[0m `/home/runner/.rustup/toolchains/stable-x86_64-unknown-linux-gnu/bin/rustc --crate-name colorchoice --edition=2021 /home/runner/.cargo/registry/src/index.crates.io-1949cf8c6b5b557f/colorchoice-1.0.5/src/lib.rs --error-format=json --json=diagnostic-rendered-ansi,artifacts,future-incompat --crate-type lib --emit=dep-info,metadata,link -C embed-bitcode=no -C debuginfo=2 --warn=rust_2018_idioms '--warn=clippy::zero_sized_map_values' '--warn=clippy::wildcard_imports' '--warn=clippy::verbose_file_reads' --warn=unused_qualifications --warn=unused_macro_rules --warn=unused_lifetimes --warn=unsafe_op_in_unsafe_fn --warn=unreachable_pub --warn=unnameable_types '--warn=clippy::uninlined_format_args' '--warn=clippy::trait_duplication_in_bounds' '--warn=clippy::todo' '--warn=clippy::string_lit_as_bytes' '--warn=clippy::string_add_assign' '--warn=clippy::string_add' '--warn=clippy::str_to_string' '--warn=clippy::semicolon_if_nothing_returned' '--warn=clippy::self_named_module_files' '--warn=clippy::same_functions_in_if_condition' '--allow=clippy::result_large_err' '--warn=clippy::rest_pat_in_fully_bound_structs' '--warn=clippy::ref_option_ref' '--warn=clippy::redundant_feature_names' '--warn=clippy::rc_mutex' '--warn=clippy::ptr_as_ptr' '--warn=clippy::path_buf_push_overwrite' '--warn=clippy::negative_feature_names' '--warn=clippy::needless_for_each' '--allow=clippy::needless_continue' '--warn=clippy::mutex_integer' '--warn=clippy::mem_forget' '--warn=clippy::macro_use_imports' '--warn=clippy::lossy_float_literal' '--warn=clippy::linkedlist' '--allow=clippy::let_and_return' '--warn=clippy::large_types_passed_by_value' '--warn=clippy::large_stack_arrays' '--warn=clippy::large_digit_groups' '--warn=clippy::invalid_upcast_comparisons' '--warn=clippy::infinite_loop' '--warn=clippy::inefficient_to_string' '--warn=clippy::inconsistent_struct_constructor' '--warn=clippy::imprecise_flops' '--warn=clippy::implicit_clone' '--allow=clippy::if_same_then_else' '--warn=clippy::from_iter_instead_of_collect' '--warn=clippy::fn_params_excessive_bools' '--warn=clippy::float_cmp_const' '--warn=clippy::flat_map_option' '--warn=clippy::filter_map_next' '--warn=clippy::fallible_impl_from' '--warn=clippy::explicit_into_iter_loop' '--warn=clippy::explicit_deref_methods' '--warn=clippy::expl_impl_clone_on_copy' '--warn=clippy::enum_glob_use' '--warn=clippy::empty_enums' '--warn=clippy::doc_markdown' '--warn=clippy::debug_assert_with_mut_call' '--warn=clippy::dbg_macro' '--warn=clippy::create_dir' '--allow=clippy::collapsible_else_if' '--warn=clippy::checked_conversions' '--allow=clippy::branches_sharing_code' '--allow=clippy::bool_assert_comparison' --check-cfg 'cfg(docsrs,test)' --check-cfg 'cfg(feature, values())' -C metadata=907a37fc00ef806c -C extra-filename=-0c543f3ee867b277 --out-dir /home/runner/work/router/router/target/debug/deps -L dependency=/home/runner/work/router/router/target/debug/deps --cap-lints allow -Dwarnings`
Test (ubuntu-latest)	Run tests	2026-05-09T15:57:48.5114805Z ^[[1m^[[92m   Compiling^[[0m is_terminal_polyfill v1.70.2
Test (ubuntu-latest)	Run tests	2026-05-09T15:57:48.5149572Z ^[[1m^[[92m     Running^[[0m `/home/runner/.rustup/toolchains/stable-x86_64-unknown-linux-gnu/bin/rustc --crate-name is_terminal_polyfill --edition=2021 /home/runner/.cargo/registry/src/index.crates.io-1949cf8c6b5b557f/is_terminal_polyfill-1.70.2/src/lib.rs --error-format=json --json=diagnostic-rendered-ansi,artifacts,future-incompat --crate-type lib --emit=dep-info,metadata,link -C embed-bitcode=no -C debuginfo=2 '--warn=clippy::zero_sized_map_values' '--warn=clippy::wildcard_imports' '--warn=clippy::verbose_file_reads' --warn=unused_qualifications --warn=unused_macro_rules --warn=unused_lifetimes --warn=unsafe_op_in_unsafe_fn --warn=unreachable_pub '--warn=clippy::trait_duplication_in_bounds' '--warn=clippy::todo' '--warn=clippy::string_to_string' '--warn=clippy::string_lit_as_bytes' '--warn=clippy::string_add_assign' '--warn=clippy::string_add' '--warn=clippy::str_to_string' '--warn=clippy::single_match_else' '--warn=clippy::semicolon_if_nothing_returned' '--warn=clippy::self_named_module_files' '--warn=clippy::same_functions_in_if_condition' --warn=rust_2018_idioms '--warn=clippy::rest_pat_in_fully_bound_structs' '--warn=clippy::ref_option_ref' '--warn=clippy::redundant_feature_names' '--warn=clippy::rc_mutex' '--warn=clippy::ptr_as_ptr' '--warn=clippy::path_buf_push_overwrite' '--warn=clippy::negative_feature_names' '--warn=clippy::needless_for_each' '--warn=clippy::needless_continue' '--warn=clippy::mutex_integer' '--warn=clippy::mem_forget' '--warn=clippy::match_wildcard_for_single_variants' '--warn=clippy::macro_use_imports' '--warn=clippy::lossy_float_literal' '--warn=clippy::linkedlist' '--allow=clippy::let_and_return' '--warn=clippy::large_types_passed_by_value' '--warn=clippy::large_stack_arrays' '--warn=clippy::large_digit_groups' '--warn=clippy::invalid_upcast_comparisons' '--warn=clippy::infinite_loop' '--warn=clippy::inefficient_to_string' '--warn=clippy::inconsistent_struct_constructor' '--warn=clippy::imprecise_flops' '--warn=clippy::implicit_clone' '--allow=clippy::if_same_then_else' '--warn=clippy::from_iter_instead_of_collect' '--warn=clippy::fn_params_excessive_bools' '--warn=clippy::float_cmp_const' '--warn=clippy::flat_map_option' '--warn=clippy::filter_map_next' '--warn=clippy::fallible_impl_from' '--warn=clippy::explicit_into_iter_loop' '--warn=clippy::explicit_deref_methods' '--warn=clippy::expl_impl_clone_on_copy' '--warn=clippy::enum_glob_use' '--warn=clippy::empty_enum' '--warn=clippy::doc_markdown' '--warn=clippy::debug_assert_with_mut_call' '--warn=clippy::dbg_macro' '--warn=clippy::create_dir' '--allow=clippy::collapsible_else_if' '--warn=clippy::checked_conversions' '--allow=clippy::branches_sharing_code' '--allow=clippy::bool_assert_comparison' --cfg 'feature="default"' --check-cfg 'cfg(docsrs,test)' --check-cfg 'cfg(feature, values("default"))' -C metadata=869e1545288a5215 -C extra-filename=-f14beee1f37f3fd7 --out-dir /home/runner/work/router/router/target/debug/deps -L dependency=/home/runner/work/router/router/target/debug/deps --cap-lints allow -Dwarnings`
Test (ubuntu-latest)	Run tests	2026-05-09T15:57:48.5475206Z ^[[1m^[[92m   Compiling^[[0m time-core v0.1.8
Test (ubuntu-latest)	Run tests	2026-05-09T15:57:48.5525061Z ^[[1m^[[92m     Running^[[0m `/home/runner/.rustup/toolchains/stable-x86_64-unknown-linux-gnu/bin/rustc --crate-name time_core --edition=2024 /home/runner/.cargo/registry/src/index.crates.io-1949cf8c6b5b557f/time-core-0.1.8/src/lib.rs --error-format=json --json=diagnostic-rendered-ansi,artifacts,future-incompat --crate-type lib --emit=dep-info,metadata,link -C embed-bitcode=no -C debuginfo=2 --warn=unused '--warn=clippy::nursery' '--warn=clippy::all' --warn=variant-size-differences '--warn=clippy::use-debug' '--warn=clippy::unwrap-used' '--warn=clippy::unwrap-in-result' --warn=unused-qualifications --warn=unused-lifetimes --warn=unused-import-braces --deny=unstable-syntax-pre-expansion --deny=unsafe-op-in-unsafe-fn --warn=unreachable-pub '--warn=clippy::unnested-or-patterns' --deny=unnameable-test-items '--warn=clippy::uninlined-format-args' '--warn=clippy::unimplemented' --deny=unexpected_cfgs '--warn=rustdoc::unescaped-backticks' '--deny=clippy::undocumented-unsafe-blocks' --deny=unconditional-recursion --warn=trivial-numeric-casts --warn=trivial-casts '--warn=clippy::todo' --deny=suspicious-double-ref-op '--deny=clippy::std-instead-of-core' --warn=single-use-lifetimes '--warn=clippy::semicolon-outside-block' '--warn=rustdoc::private-doc-tests' '--warn=clippy::print-stdout' --deny=overlapping-range-endpoints --deny=opaque-hidden-inferred-bound '--warn=clippy::obfuscated-if-else' --warn=noop-method-call --deny=non-ascii-idents --deny=named-arguments-used-positionally '--warn=clippy::missing-enforced-import-renames' '--warn=clippy::missing-docs-in-private-items' --warn=missing-docs --warn=missing-debug-implementations --warn=missing-copy-implementations --warn=missing-abi --warn=meta-variable-misuse '--warn=clippy::manual-let-else' --warn=macro-use-extern-crate --warn=let-underscore --warn=keyword-idents --deny=invalid-value --deny=invalid-reference-casting --deny=invalid-nan-comparisons --deny=invalid-macro-export-arguments --deny=invalid-from-utf8 --deny=improper-ctypes-definitions --deny=improper-ctypes --deny=hidden-glob-reexports '--warn=clippy::get-unwrap' --deny=future-incompatible '--warn=clippy::explicit-auto-deref' --deny=drop-bounds --deny=deref-nullptr '--warn=clippy::decimal-literal-representation' '--warn=clippy::dbg-macro' --deny=dangling-pointers-from-temporaries --deny=const-item-mutation --deny=clashing-extern-declarations '--warn=clippy::as-underscore' --deny=ambiguous-glob-reexports '--deny=clippy::alloc-instead-of-core' --allow=unstable-name-collisions '--allow=clippy::uninhabited-references' '--allow=clippy::redundant-pub-crate' '--allow=clippy::option-if-let-else' '--allow=clippy::incompatible-msrv' --check-cfg 'cfg(__ui_tests)' --check-cfg 'cfg(bench)' --check-cfg 'cfg(docsrs,test)' --check-cfg 'cfg(feature, values("large-dates"))' -C metadata=772f1db008523c1d -C extra-filename=-2797c90bb95f39f9 --out-dir /home/runner/work/router/router/target/debug/deps -L dependency=/home/runner/work/router/router/target/debug/deps --cap-lints allow -Dwarnings`
Test (ubuntu-latest)	Run tests	2026-05-09T15:57:48.6364782Z ^[[1m^[[92m   Compiling^[[0m anstyle-query v1.1.5
Test (ubuntu-latest)	Run tests	2026-05-09T15:57:48.6413660Z ^[[1m^[[92m     Running^[[0m `/home/runner/.rustup/toolchains/stable-x86_64-unknown-linux-gnu/bin/rustc --crate-name anstyle_query --edition=2021 /home/runner/.cargo/registry/src/index.crates.io-1949cf8c6b5b557f/anstyle-query-1.1.5/src/lib.rs --error-format=json --json=diagnostic-rendered-ansi,artifacts,future-incompat --crate-type lib --emit=dep-info,metadata,link -C embed-bitcode=no -C debuginfo=2 --warn=rust_2018_idioms '--warn=clippy::zero_sized_map_values' '--warn=clippy::wildcard_imports' '--warn=clippy::verbose_file_reads' --warn=unused_qualifications --warn=unused_macro_rules --warn=unused_lifetimes --warn=unsafe_op_in_unsafe_fn --warn=unreachable_pub --warn=unnameable_types '--warn=clippy::uninlined_format_args' '--warn=clippy::trait_duplication_in_bounds' '--warn=clippy::todo' '--warn=clippy::string_lit_as_bytes' '--warn=clippy::string_add_assign' '--warn=clippy::string_add' '--warn=clippy::str_to_string' '--warn=clippy::semicolon_if_nothing_returned' '--warn=clippy::self_named_module_files' '--warn=clippy::same_functions_in_if_condition' '--allow=clippy::result_large_err' '--warn=clippy::rest_pat_in_fully_bound_structs' '--warn=clippy::ref_option_ref' '--warn=clippy::redundant_feature_names' '--warn=clippy::rc_mutex' '--warn=clippy::ptr_as_ptr' '--warn=clippy::path_buf_push_overwrite' '--warn=clippy::negative_feature_names' '--warn=clippy::needless_for_each' '--allow=clippy::needless_continue' '--warn=clippy::mutex_integer' '--warn=clippy::mem_forget' '--warn=clippy::macro_use_imports' '--warn=clippy::lossy_float_literal' '--warn=clippy::linkedlist' '--allow=clippy::let_and_return' '--warn=clippy::large_types_passed_by_value' '--warn=clippy::large_stack_arrays' '--warn=clippy::large_digit_groups' '--warn=clippy::invalid_upcast_comparisons' '--warn=clippy::infinite_loop' '--warn=clippy::inefficient_to_string' '--warn=clippy::inconsistent_struct_constructor' '--warn=clippy::imprecise_flops' '--warn=clippy::implicit_clone' '--allow=clippy::if_same_then_else' '--warn=clippy::from_iter_instead_of_collect' '--warn=clippy::fn_params_excessive_bools' '--warn=clippy::float_cmp_const' '--warn=clippy::flat_map_option' '--warn=clippy::filter_map_next' '--warn=clippy::fallible_impl_from' '--warn=clippy::explicit_into_iter_loop' '--warn=clippy::explicit_deref_methods' '--warn=clippy::expl_impl_clone_on_copy' '--warn=clippy::enum_glob_use' '--warn=clippy::empty_enum' '--warn=clippy::doc_markdown' '--warn=clippy::debug_assert_with_mut_call' '--warn=clippy::dbg_macro' '--warn=clippy::create_dir' '--allow=clippy::collapsible_else_if' '--warn=clippy::checked_conversions' '--allow=clippy::branches_sharing_code' '--allow=clippy::bool_assert_comparison' --check-cfg 'cfg(docsrs,test)' --check-cfg 'cfg(feature, values())' -C metadata=e7feb15a751ede73 -C extra-filename=-071a43e4c4583fa3 --out-dir /home/runner/work/router/router/target/debug/deps -L dependency=/home/runner/work/router/router/target/debug/deps --cap-lints allow -Dwarnings`
Test (ubuntu-latest)	Run tests	2026-05-09T15:57:48.6754877Z ^[[1m^[[92m   Compiling^[[0m powerfmt v0.2.0
Test (ubuntu-latest)	Run tests	2026-05-09T15:57:48.6788777Z ^[[1m^[[92m     Running^[[0m `/home/runner/.rustup/toolchains/stable-x86_64-unknown-linux-gnu/bin/rustc --crate-name powerfmt --edition=2021 /home/runner/.cargo/registry/src/index.crates.io-1949cf8c6b5b557f/powerfmt-0.2.0/src/lib.rs --error-format=json --json=diagnostic-rendered-ansi,artifacts,future-incompat --crate-type lib --emit=dep-info,metadata,link -C embed-bitcode=no -C debuginfo=2 --check-cfg 'cfg(docsrs,test)' --check-cfg 'cfg(feature, values("alloc", "default", "macros", "std"))' -C metadata=eaa4225d16b5a342 -C extra-filename=-a942bac8b54c2346 --out-dir /home/runner/work/router/router/target/debug/deps -L dependency=/home/runner/work/router/router/target/debug/deps --cap-lints allow -Dwarnings`
Test (ubuntu-latest)	Run tests	2026-05-09T15:57:48.6865225Z ^[[1m^[[92m   Compiling^[[0m anstream v0.6.21
Test (ubuntu-latest)	Run tests	2026-05-09T15:57:48.6939776Z ^[[1m^[[92m     Running^[[0m `/home/runner/.rustup/toolchains/stable-x86_64-unknown-linux-gnu/bin/rustc --crate-name anstream --edition=2021 /home/runner/.cargo/registry/src/index.crates.io-1949cf8c6b5b557f/anstream-0.6.21/src/lib.rs --error-format=json --json=diagnostic-rendered-ansi,artifacts,future-incompat --crate-type lib --emit=dep-info,metadata,link -C embed-bitcode=no -C debuginfo=2 --warn=rust_2018_idioms '--warn=clippy::zero_sized_map_values' '--warn=clippy::wildcard_imports' '--warn=clippy::verbose_file_reads' --warn=unused_qualifications --warn=unused_macro_rules --warn=unused_lifetimes --warn=unsafe_op_in_unsafe_fn --warn=unreachable_pub --warn=unnameable_types '--warn=clippy::uninlined_format_args' '--warn=clippy::trait_duplication_in_bounds' '--warn=clippy::todo' '--warn=clippy::string_to_string' '--warn=clippy::string_lit_as_bytes' '--warn=clippy::string_add_assign' '--warn=clippy::string_add' '--warn=clippy::str_to_string' '--warn=clippy::semicolon_if_nothing_returned' '--warn=clippy::self_named_module_files' '--warn=clippy::same_functions_in_if_condition' '--allow=clippy::result_large_err' '--warn=clippy::rest_pat_in_fully_bound_structs' '--warn=clippy::ref_option_ref' '--warn=clippy::redundant_feature_names' '--warn=clippy::rc_mutex' '--warn=clippy::ptr_as_ptr' '--warn=clippy::path_buf_push_overwrite' '--warn=clippy::negative_feature_names' '--warn=clippy::needless_for_each' '--allow=clippy::needless_continue' '--warn=clippy::mutex_integer' '--warn=clippy::mem_forget' '--warn=clippy::macro_use_imports' '--warn=clippy::lossy_float_literal' '--warn=clippy::linkedlist' '--allow=clippy::let_and_return' '--warn=clippy::large_types_passed_by_value' '--warn=clippy::large_stack_arrays' '--warn=clippy::large_digit_groups' '--warn=clippy::invalid_upcast_comparisons' '--warn=clippy::infinite_loop' '--warn=clippy::inefficient_to_string' '--warn=clippy::inconsistent_struct_constructor' '--warn=clippy::imprecise_flops' '--warn=clippy::implicit_clone' '--allow=clippy::if_same_then_else' '--warn=clippy::from_iter_instead_of_collect' '--warn=clippy::fn_params_excessive_bools' '--warn=clippy::float_cmp_const' '--warn=clippy::flat_map_option' '--warn=clippy::filter_map_next' '--warn=clippy::fallible_impl_from' '--warn=clippy::explicit_into_iter_loop' '--warn=clippy::explicit_deref_methods' '--warn=clippy::expl_impl_clone_on_copy' '--warn=clippy::enum_glob_use' '--warn=clippy::empty_enum' '--warn=clippy::doc_markdown' '--warn=clippy::debug_assert_with_mut_call' '--warn=clippy::dbg_macro' '--warn=clippy::create_dir' '--allow=clippy::collapsible_else_if' '--warn=clippy::checked_conversions' '--allow=clippy::branches_sharing_code' '--allow=clippy::bool_assert_comparison' --cfg 'feature="auto"' --cfg 'feature="default"' --cfg 'feature="wincon"' --check-cfg 'cfg(docsrs,test)' --check-cfg 'cfg(feature, values("auto", "default", "test", "wincon"))' -C metadata=b9f8b53a009a8e39 -C extra-filename=-979c09a7636a0b34 --out-dir /home/runner/work/router/router/target/debug/deps -L dependency=/home/runner/work/router/router/target/debug/deps --extern anstyle=/home/runner/work/router/router/target/debug/deps/libanstyle-ff3ea2df8c717f6f.rmeta --extern anstyle_parse=/home/runner/work/router/router/target/debug/deps/libanstyle_parse-2d0ede557f5c0568.rmeta --extern anstyle_query=/home/runner/work/router/router/target/debug/deps/libanstyle_query-071a43e4c4583fa3.rmeta --extern colorchoice=/home/runner/work/router/router/target/debug/deps/libcolorchoice-0c543f3ee867b277.rmeta --extern is_terminal_polyfill=/home/runner/work/router/router/target/debug/deps/libis_terminal_polyfill-f14beee1f37f3fd7.rmeta --extern utf8parse=/home/runner/work/router/router/target/debug/deps/libutf8parse-ad56e31e69fc4f77.rmeta --cap-lints allow -Dwarnings`
Test (ubuntu-latest)	Run tests	2026-05-09T15:57:48.8024658Z ^[[1m^[[92m   Compiling^[[0m deranged v0.5.8
Test (ubuntu-latest)	Run tests	2026-05-09T15:57:48.8079123Z ^[[1m^[[92m     Running^[[0m `/home/runner/.rustup/toolchains/stable-x86_64-unknown-linux-gnu/bin/rustc --crate-name deranged --edition=2021 /home/runner/.cargo/registry/src/index.crates.io-1949cf8c6b5b557f/deranged-0.5.8/src/lib.rs --error-format=json --json=diagnostic-rendered-ansi,artifacts,future-incompat --crate-type lib --emit=dep-info,metadata,link -C embed-bitcode=no -C debuginfo=2 --warn=unused '--warn=clippy::nursery' '--warn=clippy::all' --warn=variant-size-differences '--warn=clippy::use-debug' '--warn=clippy::unwrap-used' '--warn=clippy::unwrap-in-result' --warn=unused-qualifications --warn=unused-lifetimes --warn=unused-import-braces --deny=unstable-syntax-pre-expansion --deny=unsafe-op-in-unsafe-fn --warn=unreachable-pub '--warn=clippy::unnested-or-patterns' --deny=unnameable-test-items '--warn=clippy::uninlined-format-args' '--warn=clippy::unimplemented' '--warn=rustdoc::unescaped-backticks' '--deny=clippy::undocumented-unsafe-blocks' --deny=unconditional-recursion --warn=trivial-numeric-casts --warn=trivial-casts '--warn=clippy::todo' --deny=suspicious-double-ref-op '--deny=clippy::std-instead-of-core' --warn=single-use-lifetimes '--warn=clippy::semicolon-outside-block' '--allow=clippy::redundant-pub-crate' '--warn=rustdoc::private-doc-tests' '--warn=clippy::print-stdout' --deny=overlapping-range-endpoints '--allow=clippy::option-if-let-else' --deny=opaque-hidden-inferred-bound '--warn=clippy::obfuscated-if-else' --warn=noop-method-call --deny=non-ascii-idents --deny=named-arguments-used-positionally '--warn=clippy::missing-enforced-import-renames' '--warn=clippy::missing-docs-in-private-items' --warn=missing-docs --warn=missing-debug-implementations --warn=missing-copy-implementations --warn=missing-abi --warn=meta-variable-misuse '--warn=clippy::manual-let-else' --warn=macro-use-extern-crate --warn=let-underscore --warn=keyword-idents --deny=invalid-value --deny=invalid-reference-casting --deny=invalid-nan-comparisons --deny=invalid-macro-export-arguments --deny=invalid-from-utf8 --deny=improper-ctypes-definitions --deny=improper-ctypes --deny=hidden-glob-reexports '--warn=clippy::get-unwrap' --deny=future-incompatible '--warn=clippy::explicit-auto-deref' --deny=drop-bounds --deny=deref-nullptr '--warn=clippy::decimal-literal-representation' '--warn=clippy::dbg-macro' --deny=dangling-pointers-from-temporaries --deny=const-item-mutation --deny=clashing-extern-declarations --deny=ambiguous-glob-reexports '--deny=clippy::alloc-instead-of-core' --warn=unstable-name-collisions --allow=path-statements --cfg 'feature="default"' --cfg 'feature="powerfmt"' --check-cfg 'cfg(docsrs,test)' --check-cfg 'cfg(feature, values("alloc", "default", "macros", "num", "powerfmt", "quickcheck", "rand", "rand010", "rand08", "rand09", "serde"))' -C metadata=3dc3f347abc84df4 -C extra-filename=-d64dc91371adee81 --out-dir /home/runner/work/router/router/target/debug/deps -L dependency=/home/runner/work/router/router/target/debug/deps --extern powerfmt=/home/runner/work/router/router/target/debug/deps/libpowerfmt-a942bac8b54c2346.rmeta --cap-lints allow -Dwarnings`
Test (ubuntu-latest)	Run tests	2026-05-09T15:57:48.9374550Z ^[[1m^[[92m   Compiling^[[0m hyper v1.8.1
Test (ubuntu-latest)	Run tests	2026-05-09T15:57:48.9411192Z ^[[1m^[[92m     Running^[[0m `/home/runner/.rustup/toolchains/stable-x86_64-unknown-linux-gnu/bin/rustc --crate-name hyper --edition=2021 /home/runner/.cargo/registry/src/index.crates.io-1949cf8c6b5b557f/hyper-1.8.1/src/lib.rs --error-format=json --json=diagnostic-rendered-ansi,artifacts,future-incompat --crate-type lib --emit=dep-info,metadata,link -C embed-bitcode=no -C debuginfo=2 --warn=unexpected_cfgs --check-cfg 'cfg(hyper_unstable_tracing)' --check-cfg 'cfg(hyper_unstable_ffi)' --cfg 'feature="client"' --cfg 'feature="default"' --cfg 'feature="full"' --cfg 'feature="http1"' --cfg 'feature="http2"' --cfg 'feature="server"' --check-cfg 'cfg(docsrs,test)' --check-cfg 'cfg(feature, values("capi", "client", "default", "ffi", "full", "http1", "http2", "nightly", "server", "tracing"))' -C metadata=aa09820aa074899d -C extra-filename=-8602e07f51d7f73e --out-dir /home/runner/work/router/router/target/debug/deps -L dependency=/home/runner/work/router/router/target/debug/deps --extern atomic_waker=/home/runner/work/router/router/target/debug/deps/libatomic_waker-408c93946b4fd2b2.rmeta --extern bytes=/home/runner/work/router/router/target/debug/deps/libbytes-c50adbf09ebed7c5.rmeta --extern futures_channel=/home/runner/work/router/router/target/debug/deps/libfutures_channel-d4f5a79143f4748d.rmeta --extern futures_core=/home/runner/work/router/router/target/debug/deps/libfutures_core-8242ac571ee06842.rmeta --extern h2=/home/runner/work/router/router/target/debug/deps/libh2-30b5517672b4dad1.rmeta --extern http=/home/runner/work/router/router/target/debug/deps/libhttp-df218f370a5dfd31.rmeta --extern http_body=/home/runner/work/router/router/target/debug/deps/libhttp_body-65f4a72022006c14.rmeta --extern httparse=/home/runner/work/router/router/target/debug/deps/libhttparse-fdaba4c3528fd7c7.rmeta --extern httpdate=/home/runner/work/router/router/target/debug/deps/libhttpdate-3825ddeccb26867c.rmeta --extern itoa=/home/runner/work/router/router/target/debug/deps/libitoa-1e9e28e3981cf9af.rmeta --extern pin_project_lite=/home/runner/work/router/router/target/debug/deps/libpin_project_lite-0f243a6b657e6a82.rmeta --extern pin_utils=/home/runner/work/router/router/target/debug/deps/libpin_utils-7c9a3e2df06b8c02.rmeta --extern smallvec=/home/runner/work/router/router/target/debug/deps/libsmallvec-96973b0900e7da08.rmeta --extern tokio=/home/runner/work/router/router/target/debug/deps/libtokio-6ab14ea65eea979a.rmeta --extern want=/home/runner/work/router/router/target/debug/deps/libwant-273877b5802dd28e.rmeta --cap-lints allow -Dwarnings`
Test (ubuntu-latest)	Run tests	2026-05-09T15:57:49.8243193Z ^[[1m^[[92m     Running^[[0m `/home/runner/.rustup/toolchains/stable-x86_64-unknown-linux-gnu/bin/rustc --crate-name native_tls --edition=2021 /home/runner/.cargo/registry/src/index.crates.io-1949cf8c6b5b557f/native-tls-0.2.18/src/lib.rs --error-format=json --json=diagnostic-rendered-ansi,artifacts,future-incompat --crate-type lib --emit=dep-info,metadata,link -C embed-bitcode=no -C debuginfo=2 --cfg 'feature="default"' --check-cfg 'cfg(docsrs,test)' --check-cfg 'cfg(feature, values("alpn", "alpn-accept", "default", "vendored"))' -C metadata=1280292bd5633908 -C extra-filename=-e82bc646e9dba778 --out-dir /home/runner/work/router/router/target/debug/deps -L dependency=/home/runner/work/router/router/target/debug/deps --extern log=/home/runner/work/router/router/target/debug/deps/liblog-059bc689be228a7e.rmeta --extern openssl=/home/runner/work/router/router/target/debug/deps/libopenssl-aa624242e53307c2.rmeta --extern openssl_probe=/home/runner/work/router/router/target/debug/deps/libopenssl_probe-27d2acbf424edb2c.rmeta --extern openssl_sys=/home/runner/work/router/router/target/debug/deps/libopenssl_sys-30e2f2106c2a630c.rmeta --cap-lints allow -Dwarnings --cfg have_min_max_version --check-cfg 'cfg(have_min_max_version)'`
Test (ubuntu-latest)	Run tests	2026-05-09T15:57:50.0494622Z ^[[1m^[[92m   Compiling^[[0m hyper-util v0.1.20
Test (ubuntu-latest)	Run tests	2026-05-09T15:57:50.0521783Z ^[[1m^[[92m     Running^[[0m `/home/runner/.rustup/toolchains/stable-x86_64-unknown-linux-gnu/bin/rustc --crate-name hyper_util --edition=2021 /home/runner/.cargo/registry/src/index.crates.io-1949cf8c6b5b557f/hyper-util-0.1.20/src/lib.rs --error-format=json --json=diagnostic-rendered-ansi,artifacts,future-incompat --crate-type lib --emit=dep-info,metadata,link -C embed-bitcode=no -C debuginfo=2 --cfg 'feature="client"' --cfg 'feature="client-legacy"' --cfg 'feature="client-proxy"' --cfg 'feature="client-proxy-system"' --cfg 'feature="default"' --cfg 'feature="http1"' --cfg 'feature="http2"' --cfg 'feature="server"' --cfg 'feature="service"' --cfg 'feature="tokio"' --check-cfg 'cfg(docsrs,test)' --check-cfg 'cfg(feature, values("__internal_happy_eyeballs_tests", "client", "client-legacy", "client-pool", "client-proxy", "client-proxy-system", "default", "full", "http1", "http2", "server", "server-auto", "server-graceful", "service", "tokio", "tracing"))' -C metadata=366b3065b9c89d64 -C extra-filename=-377b19218a12252c --out-dir /home/runner/work/router/router/target/debug/deps -L dependency=/home/runner/work/router/router/target/debug/deps --extern base64=/home/runner/work/router/router/target/debug/deps/libbase64-b0c1b91ad8713475.rmeta --extern bytes=/home/runner/work/router/router/target/debug/deps/libbytes-c50adbf09ebed7c5.rmeta --extern futures_channel=/home/runner/work/router/router/target/debug/deps/libfutures_channel-d4f5a79143f4748d.rmeta --extern futures_util=/home/runner/work/router/router/target/debug/deps/libfutures_util-c88af18fb62ccf3c.rmeta --extern http=/home/runner/work/router/router/target/debug/deps/libhttp-df218f370a5dfd31.rmeta --extern http_body=/home/runner/work/router/router/target/debug/deps/libhttp_body-65f4a72022006c14.rmeta --extern hyper=/home/runner/work/router/router/target/debug/deps/libhyper-8602e07f51d7f73e.rmeta --extern ipnet=/home/runner/work/router/router/target/debug/deps/libipnet-d40d5ca06faba06e.rmeta --extern libc=/home/runner/work/router/router/target/debug/deps/liblibc-2dbdca3d6c768140.rmeta --extern percent_encoding=/home/runner/work/router/router/target/debug/deps/libpercent_encoding-ff35adeb94c208c6.rmeta --extern pin_project_lite=/home/runner/work/router/router/target/debug/deps/libpin_project_lite-0f243a6b657e6a82.rmeta --extern socket2=/home/runner/work/router/router/target/debug/deps/libsocket2-b8ed74cb97f84293.rmeta --extern tokio=/home/runner/work/router/router/target/debug/deps/libtokio-6ab14ea65eea979a.rmeta --extern tower_service=/home/runner/work/router/router/target/debug/deps/libtower_service-6fadb8a635677679.rmeta --extern tracing=/home/runner/work/router/router/target/debug/deps/libtracing-80e998682bbd1908.rmeta --cap-lints allow -Dwarnings`
Test (ubuntu-latest)	Run tests	2026-05-09T15:57:50.0945368Z ^[[1m^[[92m   Compiling^[[0m time-macros v0.2.27
Test (ubuntu-latest)	Run tests	2026-05-09T15:57:50.0983251Z ^[[1m^[[92m     Running^[[0m `/home/runner/.rustup/toolchains/stable-x86_64-unknown-linux-gnu/bin/rustc --crate-name time_macros --edition=2024 /home/runner/.cargo/registry/src/index.crates.io-1949cf8c6b5b557f/time-macros-0.2.27/src/lib.rs --error-format=json --json=diagnostic-rendered-ansi,artifacts,future-incompat --crate-type proc-macro --emit=dep-info,link -C prefer-dynamic -C embed-bitcode=no --warn=unused '--warn=clippy::nursery' '--warn=clippy::all' --warn=variant-size-differences '--warn=clippy::use-debug' '--warn=clippy::unwrap-used' '--warn=clippy::unwrap-in-result' --warn=unused-qualifications --warn=unused-lifetimes --warn=unused-import-braces --deny=unstable-syntax-pre-expansion --deny=unsafe-op-in-unsafe-fn --warn=unreachable-pub '--warn=clippy::unnested-or-patterns' --deny=unnameable-test-items '--warn=clippy::uninlined-format-args' '--warn=clippy::unimplemented' --deny=unexpected_cfgs '--warn=rustdoc::unescaped-backticks' '--deny=clippy::undocumented-unsafe-blocks' --deny=unconditional-recursion --warn=trivial-numeric-casts --warn=trivial-casts '--warn=clippy::todo' --deny=suspicious-double-ref-op '--deny=clippy::std-instead-of-core' --warn=single-use-lifetimes '--warn=clippy::semicolon-outside-block' '--warn=rustdoc::private-doc-tests' '--warn=clippy::print-stdout' --deny=overlapping-range-endpoints --deny=opaque-hidden-inferred-bound '--warn=clippy::obfuscated-if-else' --warn=noop-method-call --deny=non-ascii-idents --deny=named-arguments-used-positionally '--warn=clippy::missing-enforced-import-renames' '--warn=clippy::missing-docs-in-private-items' --warn=missing-docs --warn=missing-debug-implementations --warn=missing-copy-implementations --warn=missing-abi --warn=meta-variable-misuse '--warn=clippy::manual-let-else' --warn=macro-use-extern-crate --warn=let-underscore --warn=keyword-idents --deny=invalid-value --deny=invalid-reference-casting --deny=invalid-nan-comparisons --deny=invalid-macro-export-arguments --deny=invalid-from-utf8 --deny=improper-ctypes-definitions --deny=improper-ctypes --deny=hidden-glob-reexports '--warn=clippy::get-unwrap' --deny=future-incompatible '--warn=clippy::explicit-auto-deref' --deny=drop-bounds --deny=deref-nullptr '--warn=clippy::decimal-literal-representation' '--warn=clippy::dbg-macro' --deny=dangling-pointers-from-temporaries --deny=const-item-mutation --deny=clashing-extern-declarations '--warn=clippy::as-underscore' --deny=ambiguous-glob-reexports '--deny=clippy::alloc-instead-of-core' --allow=unstable-name-collisions '--allow=clippy::uninhabited-references' '--allow=clippy::redundant-pub-crate' '--allow=clippy::option-if-let-else' '--allow=clippy::incompatible-msrv' --check-cfg 'cfg(__ui_tests)' --check-cfg 'cfg(bench)' --cfg 'feature="formatting"' --cfg 'feature="parsing"' --check-cfg 'cfg(docsrs,test)' --check-cfg 'cfg(feature, values("formatting", "large-dates", "parsing", "serde"))' -C metadata=ca10b7e1eb8ef9de -C extra-filename=-566fb43b07bb4011 --out-dir /home/runner/work/router/router/target/debug/deps -L dependency=/home/runner/work/router/router/target/debug/deps --extern num_conv=/home/runner/work/router/router/target/debug/deps/libnum_conv-8d4bf3b8cbb4b520.rlib --extern time_core=/home/runner/work/router/router/target/debug/deps/libtime_core-2797c90bb95f39f9.rlib --extern proc_macro --cap-lints allow -Dwarnings`
Test (ubuntu-latest)	Run tests	2026-05-09T15:57:50.3405434Z ^[[1m^[[92m     Running^[[0m `/home/runner/work/router/router/target/debug/build/thiserror-4191d7b7749c9848/build-script-build`
Test (ubuntu-latest)	Run tests	2026-05-09T15:57:50.3765537Z ^[[1m^[[92m     Running^[[0m `/home/runner/work/router/router/target/debug/build/getrandom-670cf02f9b7479d0/build-script-build`
Test (ubuntu-latest)	Run tests	2026-05-09T15:57:50.3834476Z ^[[1m^[[92m   Compiling^[[0m idna_adapter v1.2.1
Test (ubuntu-latest)	Run tests	2026-05-09T15:57:50.3870243Z ^[[1m^[[92m     Running^[[0m `/home/runner/.rustup/toolchains/stable-x86_64-unknown-linux-gnu/bin/rustc --crate-name idna_adapter --edition=2021 /home/runner/.cargo/registry/src/index.crates.io-1949cf8c6b5b557f/idna_adapter-1.2.1/src/lib.rs --error-format=json --json=diagnostic-rendered-ansi,artifacts,future-incompat --crate-type lib --emit=dep-info,metadata,link -C embed-bitcode=no -C debuginfo=2 --cfg 'feature="compiled_data"' --check-cfg 'cfg(docsrs,test)' --check-cfg 'cfg(feature, values("compiled_data"))' -C metadata=60d68981a8bf6d6f -C extra-filename=-95b987c908d44e20 --out-dir /home/runner/work/router/router/target/debug/deps -L dependency=/home/runner/work/router/router/target/debug/deps --extern icu_normalizer=/home/runner/work/router/router/target/debug/deps/libicu_normalizer-553551c472062282.rmeta --extern icu_properties=/home/runner/work/router/router/target/debug/deps/libicu_properties-53e9583fccbe4fd6.rmeta --cap-lints allow -Dwarnings`
Test (ubuntu-latest)	Run tests	2026-05-09T15:57:50.4354823Z ^[[1m^[[92m   Compiling^[[0m tower v0.5.3
Test (ubuntu-latest)	Run tests	2026-05-09T15:57:50.4428193Z ^[[1m^[[92m     Running^[[0m `/home/runner/.rustup/toolchains/stable-x86_64-unknown-linux-gnu/bin/rustc --crate-name tower --edition=2018 /home/runner/.cargo/registry/src/index.crates.io-1949cf8c6b5b557f/tower-0.5.3/src/lib.rs --error-format=json --json=diagnostic-rendered-ansi,artifacts,future-incompat --crate-type lib --emit=dep-info,metadata,link -C embed-bitcode=no -C debuginfo=2 --cfg 'feature="futures-core"' --cfg 'feature="futures-util"' --cfg 'feature="log"' --cfg 'feature="make"' --cfg 'feature="pin-project-lite"' --cfg 'feature="retry"' --cfg 'feature="sync_wrapper"' --cfg 'feature="timeout"' --cfg 'feature="tokio"' --cfg 'feature="tracing"' --cfg 'feature="util"' --check-cfg 'cfg(docsrs,test)' --check-cfg 'cfg(feature, values("balance", "buffer", "discover", "filter", "full", "futures-core", "futures-util", "hdrhistogram", "hedge", "indexmap", "limit", "load", "load-shed", "log", "make", "pin-project-lite", "ready-cache", "reconnect", "retry", "slab", "spawn-ready", "steer", "sync_wrapper", "timeout", "tokio", "tokio-stream", "tokio-util", "tracing", "util"))' -C metadata=6a3b98000b8a6735 -C extra-filename=-be514c44a084b3bb --out-dir /home/runner/work/router/router/target/debug/deps -L dependency=/home/runner/work/router/router/target/debug/deps --extern futures_core=/home/runner/work/router/router/target/debug/deps/libfutures_core-8242ac571ee06842.rmeta --extern futures_util=/home/runner/work/router/router/target/debug/deps/libfutures_util-c88af18fb62ccf3c.rmeta --extern pin_project_lite=/home/runner/work/router/router/target/debug/deps/libpin_project_lite-0f243a6b657e6a82.rmeta --extern sync_wrapper=/home/runner/work/router/router/target/debug/deps/libsync_wrapper-0deb6bfd05a69a77.rmeta --extern tokio=/home/runner/work/router/router/target/debug/deps/libtokio-6ab14ea65eea979a.rmeta --extern tower_layer=/home/runner/work/router/router/target/debug/deps/libtower_layer-4318b58fb692e0b4.rmeta --extern tower_service=/home/runner/work/router/router/target/debug/deps/libtower_service-6fadb8a635677679.rmeta --extern tracing=/home/runner/work/router/router/target/debug/deps/libtracing-80e998682bbd1908.rmeta --cap-lints allow -Dwarnings`
Test (ubuntu-latest)	Run tests	2026-05-09T15:57:50.7926840Z ^[[1m^[[92m   Compiling^[[0m num-integer v0.1.46
Test (ubuntu-latest)	Run tests	2026-05-09T15:57:50.7959202Z ^[[1m^[[92m     Running^[[0m `/home/runner/.rustup/toolchains/stable-x86_64-unknown-linux-gnu/bin/rustc --crate-name num_integer --edition=2018 /home/runner/.cargo/registry/src/index.crates.io-1949cf8c6b5b557f/num-integer-0.1.46/src/lib.rs --error-format=json --json=diagnostic-rendered-ansi,artifacts,future-incompat --crate-type lib --emit=dep-info,metadata,link -C embed-bitcode=no -C debuginfo=2 --cfg 'feature="i128"' --check-cfg 'cfg(docsrs,test)' --check-cfg 'cfg(feature, values("default", "i128", "std"))' -C metadata=1524196963a57809 -C extra-filename=-eb59d27ab5b2580c --out-dir /home/runner/work/router/router/target/debug/deps -L dependency=/home/runner/work/router/router/target/debug/deps --extern num_traits=/home/runner/work/router/router/target/debug/deps/libnum_traits-2d5af114e9bbb8ce.rmeta --cap-lints allow -Dwarnings`
Test (ubuntu-latest)	Run tests	2026-05-09T15:57:50.8774884Z ^[[1m^[[92m   Compiling^[[0m thiserror-impl v2.0.18
Test (ubuntu-latest)	Run tests	2026-05-09T15:57:50.8811507Z ^[[1m^[[92m     Running^[[0m `/home/runner/.rustup/toolchains/stable-x86_64-unknown-linux-gnu/bin/rustc --crate-name thiserror_impl --edition=2021 /home/runner/.cargo/registry/src/index.crates.io-1949cf8c6b5b557f/thiserror-impl-2.0.18/src/lib.rs --error-format=json --json=diagnostic-rendered-ansi,artifacts,future-incompat --crate-type proc-macro --emit=dep-info,link -C prefer-dynamic -C embed-bitcode=no --check-cfg 'cfg(docsrs,test)' --check-cfg 'cfg(feature, values())' -C metadata=4b3d68e5cf0fc04d -C extra-filename=-13551fc52cbec64c --out-dir /home/runner/work/router/router/target/debug/deps -L dependency=/home/runner/work/router/router/target/debug/deps --extern proc_macro2=/home/runner/work/router/router/target/debug/deps/libproc_macro2-cc22a5bd9cc2e88a.rlib --extern quote=/home/runner/work/router/router/target/debug/deps/libquote-c59734c285e87097.rlib --extern syn=/home/runner/work/router/router/target/debug/deps/libsyn-8cbfeb3153951041.rlib --extern proc_macro --cap-lints allow -Dwarnings`
Test (ubuntu-latest)	Run tests	2026-05-09T15:57:51.0603280Z ^[[1m^[[92m   Compiling^[[0m ring v0.17.14
Test (ubuntu-latest)	Run tests	2026-05-09T15:57:51.0611852Z ^[[1m^[[92m     Running^[[0m `/home/runner/.rustup/toolchains/stable-x86_64-unknown-linux-gnu/bin/rustc --crate-name build_script_build --edition=2021 /home/runner/.cargo/registry/src/index.crates.io-1949cf8c6b5b557f/ring-0.17.14/build.rs --error-format=json --json=diagnostic-rendered-ansi,artifacts,future-incompat --crate-type bin --emit=dep-info,link -C embed-bitcode=no --cfg 'feature="alloc"' --cfg 'feature="default"' --cfg 'feature="dev_urandom_fallback"' --cfg 'feature="std"' --check-cfg 'cfg(docsrs,test)' --check-cfg 'cfg(feature, values("alloc", "default", "dev_urandom_fallback", "less-safe-getrandom-custom-or-rdrand", "less-safe-getrandom-espidf", "slow_tests", "std", "test_logging", "unstable-testing-arm-no-hw", "unstable-testing-arm-no-neon", "wasm32_unknown_unknown_js"))' -C metadata=0023d79aad7f8441 -C extra-filename=-afe93a40a9861576 --out-dir /home/runner/work/router/router/target/debug/build/ring-afe93a40a9861576 -L dependency=/home/runner/work/router/router/target/debug/deps --extern cc=/home/runner/work/router/router/target/debug/deps/libcc-0c53cd3c138c67c4.rlib --cap-lints allow -Dwarnings`
Test (ubuntu-latest)	Run tests	2026-05-09T15:57:51.0644392Z ^[[1m^[[92m   Compiling^[[0m clap_lex v1.1.0
Test (ubuntu-latest)	Run tests	2026-05-09T15:57:51.0692854Z ^[[1m^[[92m     Running^[[0m `/home/runner/.rustup/toolchains/stable-x86_64-unknown-linux-gnu/bin/rustc --crate-name clap_lex --edition=2024 /home/runner/.cargo/registry/src/index.crates.io-1949cf8c6b5b557f/clap_lex-1.1.0/src/lib.rs --error-format=json --json=diagnostic-rendered-ansi,artifacts,future-incompat --crate-type lib --emit=dep-info,metadata,link -C embed-bitcode=no -C debuginfo=2 --warn=rust_2018_idioms '--warn=clippy::zero_sized_map_values' '--warn=clippy::verbose_file_reads' --warn=unused_qualifications --warn=unused_macro_rules --warn=unused_lifetimes --warn=unsafe_op_in_unsafe_fn --warn=unreachable_pub --allow=unnameable_types '--warn=clippy::uninlined_format_args' '--warn=clippy::trait_duplication_in_bounds' '--warn=clippy::todo' '--warn=clippy::string_lit_as_bytes' '--warn=clippy::string_add_assign' '--warn=clippy::semicolon_if_nothing_returned' '--warn=clippy::self_named_module_files' '--warn=clippy::same_functions_in_if_condition' '--allow=clippy::result_large_err' '--warn=clippy::rest_pat_in_fully_bound_structs' '--warn=clippy::ref_option_ref' '--warn=clippy::redundant_feature_names' '--warn=clippy::rc_mutex' '--warn=clippy::ptr_as_ptr' '--warn=clippy::path_buf_push_overwrite' '--warn=clippy::negative_feature_names' '--warn=clippy::needless_for_each' '--allow=clippy::needless_continue' '--warn=clippy::mutex_integer' '--allow=clippy::multiple_bound_locations' '--warn=clippy::mem_forget' '--warn=clippy::macro_use_imports' '--warn=clippy::lossy_float_literal' '--warn=clippy::linkedlist' '--allow=clippy::let_and_return' '--warn=clippy::large_types_passed_by_value' '--warn=clippy::large_stack_arrays' '--warn=clippy::large_digit_groups' '--warn=clippy::invalid_upcast_comparisons' '--warn=clippy::infinite_loop' '--warn=clippy::inefficient_to_string' '--warn=clippy::inconsistent_struct_constructor' '--warn=clippy::imprecise_flops' '--warn=clippy::implicit_clone' '--allow=clippy::if_same_then_else' '--warn=clippy::from_iter_instead_of_collect' '--warn=clippy::fn_params_excessive_bools' '--warn=clippy::float_cmp_const' '--warn=clippy::flat_map_option' '--warn=clippy::filter_map_next' '--warn=clippy::fallible_impl_from' '--warn=clippy::explicit_into_iter_loop' '--warn=clippy::explicit_deref_methods' '--warn=clippy::expl_impl_clone_on_copy' '--warn=clippy::enum_glob_use' '--warn=clippy::empty_enums' '--warn=clippy::doc_markdown' '--warn=clippy::debug_assert_with_mut_call' '--warn=clippy::dbg_macro' '--warn=clippy::create_dir' '--allow=clippy::collapsible_else_if' '--warn=clippy::checked_conversions' '--allow=clippy::branches_sharing_code' '--allow=clippy::bool_assert_comparison' '--allow=clippy::blocks_in_conditions' '--allow=clippy::assigning_clones' --check-cfg 'cfg(docsrs,test)' --check-cfg 'cfg(feature, values())' -C metadata=d4b0297dd2bae282 -C extra-filename=-67dfc332f1b6bbdc --out-dir /home/runner/work/router/router/target/debug/deps -L dependency=/home/runner/work/router/router/target/debug/deps --cap-lints allow -Dwarnings`
Test (ubuntu-latest)	Run tests	2026-05-09T15:57:51.2276261Z ^[[1m^[[92m   Compiling^[[0m mime v0.3.17
Test (ubuntu-latest)	Run tests	2026-05-09T15:57:51.2298993Z ^[[1m^[[92m     Running^[[0m `/home/runner/.rustup/toolchains/stable-x86_64-unknown-linux-gnu/bin/rustc --crate-name mime --edition=2015 /home/runner/.cargo/registry/src/index.crates.io-1949cf8c6b5b557f/mime-0.3.17/src/lib.rs --error-format=json --json=diagnostic-rendered-ansi,artifacts,future-incompat --crate-type lib --emit=dep-info,metadata,link -C embed-bitcode=no -C debuginfo=2 --check-cfg 'cfg(docsrs,test)' --check-cfg 'cfg(feature, values())' -C metadata=464d2dcb0983abc5 -C extra-filename=-932a196fb537a021 --out-dir /home/runner/work/router/router/target/debug/deps -L dependency=/home/runner/work/router/router/target/debug/deps --cap-lints allow -Dwarnings`
Test (ubuntu-latest)	Run tests	2026-05-09T15:57:51.4137726Z ^[[1m^[[92m   Compiling^[[0m heck v0.5.0
Test (ubuntu-latest)	Run tests	2026-05-09T15:57:51.4144928Z ^[[1m^[[92m     Running^[[0m `/home/runner/.rustup/toolchains/stable-x86_64-unknown-linux-gnu/bin/rustc --crate-name heck --edition=2021 /home/runner/.cargo/registry/src/index.crates.io-1949cf8c6b5b557f/heck-0.5.0/src/lib.rs --error-format=json --json=diagnostic-rendered-ansi,artifacts,future-incompat --crate-type lib --emit=dep-info,metadata,link -C embed-bitcode=no --check-cfg 'cfg(docsrs,test)' --check-cfg 'cfg(feature, values())' -C metadata=c3c77cea218e3f01 -C extra-filename=-30e3236056860247 --out-dir /home/runner/work/router/router/target/debug/deps -L dependency=/home/runner/work/router/router/target/debug/deps --cap-lints allow -Dwarnings`
Test (ubuntu-latest)	Run tests	2026-05-09T15:57:51.4410789Z ^[[1m^[[92m   Compiling^[[0m regex-syntax v0.8.10
Test (ubuntu-latest)	Run tests	2026-05-09T15:57:51.4450145Z ^[[1m^[[92m     Running^[[0m `/home/runner/.rustup/toolchains/stable-x86_64-unknown-linux-gnu/bin/rustc --crate-name regex_syntax --edition=2021 /home/runner/.cargo/registry/src/index.crates.io-1949cf8c6b5b557f/regex-syntax-0.8.10/src/lib.rs --error-format=json --json=diagnostic-rendered-ansi,artifacts,future-incompat --crate-type lib --emit=dep-info,metadata,link -C embed-bitcode=no -C debuginfo=2 --allow=unexpected_cfgs --check-cfg 'cfg(docsrs_regex)' --cfg 'feature="std"' --check-cfg 'cfg(docsrs,test)' --check-cfg 'cfg(feature, values("arbitrary", "default", "std", "unicode", "unicode-age", "unicode-bool", "unicode-case", "unicode-gencat", "unicode-perl", "unicode-script", "unicode-segment"))' -C metadata=78055da107fdd914 -C extra-filename=-d8e8f721cc712939 --out-dir /home/runner/work/router/router/target/debug/deps -L dependency=/home/runner/work/router/router/target/debug/deps --cap-lints allow -Dwarnings`
Test (ubuntu-latest)	Run tests	2026-05-09T15:57:51.5560951Z ^[[1m^[[92m   Compiling^[[0m thiserror v1.0.69
Test (ubuntu-latest)	Run tests	2026-05-09T15:57:51.5566462Z ^[[1m^[[92m     Running^[[0m `/home/runner/.rustup/toolchains/stable-x86_64-unknown-linux-gnu/bin/rustc --crate-name build_script_build --edition=2021 /home/runner/.cargo/registry/src/index.crates.io-1949cf8c6b5b557f/thiserror-1.0.69/build.rs --error-format=json --json=diagnostic-rendered-ansi,artifacts,future-incompat --crate-type bin --emit=dep-info,link -C embed-bitcode=no --check-cfg 'cfg(docsrs,test)' --check-cfg 'cfg(feature, values())' -C metadata=0d8ff8bef801ae8e -C extra-filename=-1534eba86ba13b63 --out-dir /home/runner/work/router/router/target/debug/build/thiserror-1534eba86ba13b63 -L dependency=/home/runner/work/router/router/target/debug/deps --cap-lints allow -Dwarnings`
Test (ubuntu-latest)	Run tests	2026-05-09T15:57:51.7155174Z ^[[1m^[[92m   Compiling^[[0m ryu v1.0.23
Test (ubuntu-latest)	Run tests	2026-05-09T15:57:51.7189128Z ^[[1m^[[92m     Running^[[0m `/home/runner/.rustup/toolchains/stable-x86_64-unknown-linux-gnu/bin/rustc --crate-name ryu --edition=2021 /home/runner/.cargo/registry/src/index.crates.io-1949cf8c6b5b557f/ryu-1.0.23/src/lib.rs --error-format=json --json=diagnostic-rendered-ansi,artifacts,future-incompat --crate-type lib --emit=dep-info,metadata,link -C embed-bitcode=no -C debuginfo=2 --check-cfg 'cfg(docsrs,test)' --check-cfg 'cfg(feature, values("no-panic", "small"))' -C metadata=b711733b0919036b -C extra-filename=-d0d5dc0957eb0ad7 --out-dir /home/runner/work/router/router/target/debug/deps -L dependency=/home/runner/work/router/router/target/debug/deps --cap-lints allow -Dwarnings`
Test (ubuntu-latest)	Run tests	2026-05-09T15:57:51.8339075Z ^[[1m^[[92m   Compiling^[[0m strsim v0.11.1
Test (ubuntu-latest)	Run tests	2026-05-09T15:57:51.8368987Z ^[[1m^[[92m     Running^[[0m `/home/runner/.rustup/toolchains/stable-x86_64-unknown-linux-gnu/bin/rustc --crate-name strsim --edition=2015 /home/runner/.cargo/registry/src/index.crates.io-1949cf8c6b5b557f/strsim-0.11.1/src/lib.rs --error-format=json --json=diagnostic-rendered-ansi,artifacts,future-incompat --crate-type lib --emit=dep-info,metadata,link -C embed-bitcode=no -C debuginfo=2 --check-cfg 'cfg(docsrs,test)' --check-cfg 'cfg(feature, values())' -C metadata=7bbde7bcf5f159b7 -C extra-filename=-99255136d28d9533 --out-dir /home/runner/work/router/router/target/debug/deps -L dependency=/home/runner/work/router/router/target/debug/deps --cap-lints allow -Dwarnings`
Test (ubuntu-latest)	Run tests	2026-05-09T15:57:51.9974796Z ^[[1m^[[92m   Compiling^[[0m utf8_iter v1.0.4
Test (ubuntu-latest)	Run tests	2026-05-09T15:57:52.0008534Z ^[[1m^[[92m     Running^[[0m `/home/runner/.rustup/toolchains/stable-x86_64-unknown-linux-gnu/bin/rustc --crate-name utf8_iter --edition=2021 /home/runner/.cargo/registry/src/index.crates.io-1949cf8c6b5b557f/utf8_iter-1.0.4/src/lib.rs --error-format=json --json=diagnostic-rendered-ansi,artifacts,future-incompat --crate-type lib --emit=dep-info,metadata,link -C embed-bitcode=no -C debuginfo=2 --check-cfg 'cfg(docsrs,test)' --check-cfg 'cfg(feature, values())' -C metadata=37277a4904f98ff4 -C extra-filename=-bdc4e829cf15bee3 --out-dir /home/runner/work/router/router/target/debug/deps -L dependency=/home/runner/work/router/router/target/debug/deps --cap-lints allow -Dwarnings`
Test (ubuntu-latest)	Run tests	2026-05-09T15:57:52.0155589Z ^[[1m^[[92m   Compiling^[[0m dtor-proc-macro v0.0.5
Test (ubuntu-latest)	Run tests	2026-05-09T15:57:52.0193843Z ^[[1m^[[92m     Running^[[0m `/home/runner/.rustup/toolchains/stable-x86_64-unknown-linux-gnu/bin/rustc --crate-name dtor_proc_macro --edition=2021 /home/runner/.cargo/registry/src/index.crates.io-1949cf8c6b5b557f/dtor-proc-macro-0.0.5/src/lib.rs --error-format=json --json=diagnostic-rendered-ansi,artifacts,future-incompat --crate-type proc-macro --emit=dep-info,link -C prefer-dynamic -C embed-bitcode=no --cfg 'feature="default"' --check-cfg 'cfg(docsrs,test)' --check-cfg 'cfg(feature, values("default"))' -C metadata=22f677e65eb0ba40 -C extra-filename=-6190e986fe4a5c40 --out-dir /home/runner/work/router/router/target/debug/deps -L dependency=/home/runner/work/router/router/target/debug/deps --extern proc_macro --cap-lints allow -Dwarnings`
Test (ubuntu-latest)	Run tests	2026-05-09T15:57:52.0726432Z ^[[1m^[[92m   Compiling^[[0m idna v1.1.0
Test (ubuntu-latest)	Run tests	2026-05-09T15:57:52.0735392Z ^[[1m^[[92m     Running^[[0m `/home/runner/.rustup/toolchains/stable-x86_64-unknown-linux-gnu/bin/rustc --crate-name idna --edition=2018 /home/runner/.cargo/registry/src/index.crates.io-1949cf8c6b5b557f/idna-1.1.0/src/lib.rs --error-format=json --json=diagnostic-rendered-ansi,artifacts,future-incompat --crate-type lib --emit=dep-info,metadata,link -C embed-bitcode=no -C debuginfo=2 --cfg 'feature="alloc"' --cfg 'feature="compiled_data"' --cfg 'feature="std"' --check-cfg 'cfg(docsrs,test)' --check-cfg 'cfg(feature, values("alloc", "compiled_data", "default", "std"))' -C metadata=7e03fd79fcf40b20 -C extra-filename=-29856d9cb86b2704 --out-dir /home/runner/work/router/router/target/debug/deps -L dependency=/home/runner/work/router/router/target/debug/deps --extern idna_adapter=/home/runner/work/router/router/target/debug/deps/libidna_adapter-95b987c908d44e20.rmeta --extern smallvec=/home/runner/work/router/router/target/debug/deps/libsmallvec-96973b0900e7da08.rmeta --extern utf8_iter=/home/runner/work/router/router/target/debug/deps/libutf8_iter-bdc4e829cf15bee3.rmeta --cap-lints allow -Dwarnings`
Test (ubuntu-latest)	Run tests	2026-05-09T15:57:52.1701053Z ^[[1m^[[92m     Running^[[0m `/home/runner/.rustup/toolchains/stable-x86_64-unknown-linux-gnu/bin/rustc --crate-name thiserror --edition=2021 /home/runner/.cargo/registry/src/index.crates.io-1949cf8c6b5b557f/thiserror-2.0.18/src/lib.rs --error-format=json --json=diagnostic-rendered-ansi,artifacts,future-incompat --crate-type lib --emit=dep-info,metadata,link -C embed-bitcode=no -C debuginfo=2 --check-cfg 'cfg(docsrs,test)' --check-cfg 'cfg(feature, values("default", "std"))' -C metadata=2cabe6528bdc3ea3 -C extra-filename=-996d59fc16b78122 --out-dir /home/runner/work/router/router/target/debug/deps -L dependency=/home/runner/work/router/router/target/debug/deps --extern thiserror_impl=/home/runner/work/router/router/target/debug/deps/libthiserror_impl-13551fc52cbec64c.so --cap-lints allow -Dwarnings --check-cfg 'cfg(error_generic_member_access)' --check-cfg 'cfg(thiserror_nightly_testing)' --check-cfg 'cfg(thiserror_no_backtrace_type)'`
Test (ubuntu-latest)	Run tests	2026-05-09T15:57:52.1982668Z ^[[1m^[[92m   Compiling^[[0m dtor v0.0.6
Test (ubuntu-latest)	Run tests	2026-05-09T15:57:52.2037659Z ^[[1m^[[92m     Running^[[0m `/home/runner/.rustup/toolchains/stable-x86_64-unknown-linux-gnu/bin/rustc --crate-name dtor --edition=2021 /home/runner/.cargo/registry/src/index.crates.io-1949cf8c6b5b557f/dtor-0.0.6/src/lib.rs --error-format=json --json=diagnostic-rendered-ansi,artifacts,future-incompat --crate-type lib --emit=dep-info,metadata,link -C embed-bitcode=no -C debuginfo=2 --cfg 'feature="__no_warn_on_missing_unsafe"' --cfg 'feature="proc_macro"' --check-cfg 'cfg(docsrs,test)' --check-cfg 'cfg(feature, values("__no_warn_on_missing_unsafe", "default", "proc_macro", "used_linker"))' -C metadata=cf84eb4ce49b3d09 -C extra-filename=-0bd324d7d6e575bb --out-dir /home/runner/work/router/router/target/debug/deps -L dependency=/home/runner/work/router/router/target/debug/deps --extern dtor_proc_macro=/home/runner/work/router/router/target/debug/deps/libdtor_proc_macro-6190e986fe4a5c40.so --cap-lints allow -Dwarnings`
Test (ubuntu-latest)	Run tests	2026-05-09T15:57:52.2075362Z ^[[1m^[[92m   Compiling^[[0m clap_builder v4.5.60
Test (ubuntu-latest)	Run tests	2026-05-09T15:57:52.2129446Z ^[[1m^[[92m     Running^[[0m `/home/runner/.rustup/toolchains/stable-x86_64-unknown-linux-gnu/bin/rustc --crate-name clap_builder --edition=2021 /home/runner/.cargo/registry/src/index.crates.io-1949cf8c6b5b557f/clap_builder-4.5.60/src/lib.rs --error-format=json --json=diagnostic-rendered-ansi,artifacts,future-incompat --crate-type lib --emit=dep-info,metadata,link -C embed-bitcode=no -C debuginfo=2 --warn=rust_2018_idioms '--warn=clippy::zero_sized_map_values' '--warn=clippy::verbose_file_reads' --warn=unused_qualifications --warn=unused_macro_rules --warn=unused_lifetimes --warn=unsafe_op_in_unsafe_fn --warn=unreachable_pub --allow=unnameable_types '--warn=clippy::uninlined_format_args' '--warn=clippy::trait_duplication_in_bounds' '--warn=clippy::todo' '--warn=clippy::string_lit_as_bytes' '--warn=clippy::string_add_assign' '--warn=clippy::semicolon_if_nothing_returned' '--warn=clippy::self_named_module_files' '--warn=clippy::same_functions_in_if_condition' '--allow=clippy::result_large_err' '--warn=clippy::rest_pat_in_fully_bound_structs' '--warn=clippy::ref_option_ref' '--warn=clippy::redundant_feature_names' '--warn=clippy::rc_mutex' '--warn=clippy::ptr_as_ptr' '--warn=clippy::path_buf_push_overwrite' '--warn=clippy::negative_feature_names' '--warn=clippy::needless_for_each' '--allow=clippy::needless_continue' '--warn=clippy::mutex_integer' '--allow=clippy::multiple_bound_locations' '--warn=clippy::mem_forget' '--warn=clippy::macro_use_imports' '--warn=clippy::lossy_float_literal' '--warn=clippy::linkedlist' '--allow=clippy::let_and_return' '--warn=clippy::large_types_passed_by_value' '--warn=clippy::large_stack_arrays' '--warn=clippy::large_digit_groups' '--warn=clippy::invalid_upcast_comparisons' '--warn=clippy::infinite_loop' '--warn=clippy::inefficient_to_string' '--warn=clippy::inconsistent_struct_constructor' '--warn=clippy::imprecise_flops' '--warn=clippy::implicit_clone' '--allow=clippy::if_same_then_else' '--warn=clippy::from_iter_instead_of_collect' '--warn=clippy::fn_params_excessive_bools' '--warn=clippy::float_cmp_const' '--warn=clippy::flat_map_option' '--warn=clippy::filter_map_next' '--warn=clippy::fallible_impl_from' '--warn=clippy::explicit_into_iter_loop' '--warn=clippy::explicit_deref_methods' '--warn=clippy::expl_impl_clone_on_copy' '--warn=clippy::enum_glob_use' '--warn=clippy::empty_enums' '--warn=clippy::doc_markdown' '--warn=clippy::debug_assert_with_mut_call' '--warn=clippy::dbg_macro' '--warn=clippy::create_dir' '--allow=clippy::collapsible_else_if' '--warn=clippy::checked_conversions' '--allow=clippy::branches_sharing_code' '--allow=clippy::bool_assert_comparison' '--allow=clippy::blocks_in_conditions' '--allow=clippy::assigning_clones' --cfg 'feature="color"' --cfg 'feature="env"' --cfg 'feature="error-context"' --cfg 'feature="help"' --cfg 'feature="std"' --cfg 'feature="string"' --cfg 'feature="suggestions"' --cfg 'feature="usage"' --check-cfg 'cfg(docsrs,test)' --check-cfg 'cfg(feature, values("cargo", "color", "debug", "default", "deprecated", "env", "error-context", "help", "std", "string", "suggestions", "unicode", "unstable-doc", "unstable-ext", "unstable-styles", "unstable-v5", "usage", "wrap_help"))' -C metadata=dca5541ed67e78b6 -C extra-filename=-3e5945c2388981ae --out-dir /home/runner/work/router/router/target/debug/deps -L dependency=/home/runner/work/router/router/target/debug/deps --extern anstream=/home/runner/work/router/router/target/debug/deps/libanstream-979c09a7636a0b34.rmeta --extern anstyle=/home/runner/work/router/router/target/debug/deps/libanstyle-ff3ea2df8c717f6f.rmeta --extern clap_lex=/home/runner/work/router/router/target/debug/deps/libclap_lex-67dfc332f1b6bbdc.rmeta --extern strsim=/home/runner/work/router/router/target/debug/deps/libstrsim-99255136d28d9533.rmeta --cap-lints allow -Dwarnings`
Test (ubuntu-latest)	Run tests	2026-05-09T15:57:52.2378053Z ^[[1m^[[92m   Compiling^[[0m serde_urlencoded v0.7.1
Test (ubuntu-latest)	Run tests	2026-05-09T15:57:52.2394321Z ^[[1m^[[92m     Running^[[0m `/home/runner/.rustup/toolchains/stable-x86_64-unknown-linux-gnu/bin/rustc --crate-name serde_urlencoded --edition=2018 /home/runner/.cargo/registry/src/index.crates.io-1949cf8c6b5b557f/serde_urlencoded-0.7.1/src/lib.rs --error-format=json --json=diagnostic-rendered-ansi,artifacts,future-incompat --crate-type lib --emit=dep-info,metadata,link -C embed-bitcode=no -C debuginfo=2 --check-cfg 'cfg(docsrs,test)' --check-cfg 'cfg(feature, values())' -C metadata=e18555ed2018d01e -C extra-filename=-1e4400318910d70b --out-dir /home/runner/work/router/router/target/debug/deps -L dependency=/home/runner/work/router/router/target/debug/deps --extern form_urlencoded=/home/runner/work/router/router/target/debug/deps/libform_urlencoded-06380def9d28a005.rmeta --extern itoa=/home/runner/work/router/router/target/debug/deps/libitoa-1e9e28e3981cf9af.rmeta --extern ryu=/home/runner/work/router/router/target/debug/deps/libryu-d0d5dc0957eb0ad7.rmeta --extern serde=/home/runner/work/router/router/target/debug/deps/libserde-85292091c9f44e38.rmeta --cap-lints allow -Dwarnings`
Test (ubuntu-latest)	Run tests	2026-05-09T15:57:52.4185404Z ^[[1m^[[92m     Running^[[0m `/home/runner/work/router/router/target/debug/build/thiserror-1534eba86ba13b63/build-script-build`
Test (ubuntu-latest)	Run tests	2026-05-09T15:57:52.4524652Z ^[[1m^[[92m   Compiling^[[0m clap_derive v4.5.55
Test (ubuntu-latest)	Run tests	2026-05-09T15:57:52.4577113Z ^[[1m^[[92m     Running^[[0m `/home/runner/.rustup/toolchains/stable-x86_64-unknown-linux-gnu/bin/rustc --crate-name clap_derive --edition=2021 /home/runner/.cargo/registry/src/index.crates.io-1949cf8c6b5b557f/clap_derive-4.5.55/src/lib.rs --error-format=json --json=diagnostic-rendered-ansi,artifacts,future-incompat --crate-type proc-macro --emit=dep-info,link -C prefer-dynamic -C embed-bitcode=no --warn=rust_2018_idioms '--warn=clippy::zero_sized_map_values' '--warn=clippy::verbose_file_reads' --warn=unused_qualifications --warn=unused_macro_rules --warn=unused_lifetimes --warn=unsafe_op_in_unsafe_fn --warn=unreachable_pub --allow=unnameable_types '--warn=clippy::uninlined_format_args' '--warn=clippy::trait_duplication_in_bounds' '--warn=clippy::todo' '--warn=clippy::string_lit_as_bytes' '--warn=clippy::string_add_assign' '--warn=clippy::semicolon_if_nothing_returned' '--warn=clippy::self_named_module_files' '--warn=clippy::same_functions_in_if_condition' '--allow=clippy::result_large_err' '--warn=clippy::rest_pat_in_fully_bound_structs' '--warn=clippy::ref_option_ref' '--warn=clippy::redundant_feature_names' '--warn=clippy::rc_mutex' '--warn=clippy::ptr_as_ptr' '--warn=clippy::path_buf_push_overwrite' '--warn=clippy::negative_feature_names' '--warn=clippy::needless_for_each' '--allow=clippy::needless_continue' '--warn=clippy::mutex_integer' '--allow=clippy::multiple_bound_locations' '--warn=clippy::mem_forget' '--warn=clippy::macro_use_imports' '--warn=clippy::lossy_float_literal' '--warn=clippy::linkedlist' '--allow=clippy::let_and_return' '--warn=clippy::large_types_passed_by_value' '--warn=clippy::large_stack_arrays' '--warn=clippy::large_digit_groups' '--warn=clippy::invalid_upcast_comparisons' '--warn=clippy::infinite_loop' '--warn=clippy::inefficient_to_string' '--warn=clippy::inconsistent_struct_constructor' '--warn=clippy::imprecise_flops' '--warn=clippy::implicit_clone' '--allow=clippy::if_same_then_else' '--warn=clippy::from_iter_instead_of_collect' '--warn=clippy::fn_params_excessive_bools' '--warn=clippy::float_cmp_const' '--warn=clippy::flat_map_option' '--warn=clippy::filter_map_next' '--warn=clippy::fallible_impl_from' '--warn=clippy::explicit_into_iter_loop' '--warn=clippy::explicit_deref_methods' '--warn=clippy::expl_impl_clone_on_copy' '--warn=clippy::enum_glob_use' '--warn=clippy::empty_enums' '--warn=clippy::doc_markdown' '--warn=clippy::debug_assert_with_mut_call' '--warn=clippy::dbg_macro' '--warn=clippy::create_dir' '--allow=clippy::collapsible_else_if' '--warn=clippy::checked_conversions' '--allow=clippy::branches_sharing_code' '--allow=clippy::bool_assert_comparison' '--allow=clippy::blocks_in_conditions' '--allow=clippy::assigning_clones' --cfg 'feature="default"' --check-cfg 'cfg(docsrs,test)' --check-cfg 'cfg(feature, values("debug", "default", "deprecated", "raw-deprecated", "unstable-markdown", "unstable-v5"))' -C metadata=ed3d37fba1c17855 -C extra-filename=-acc27ed704518964 --out-dir /home/runner/work/router/router/target/debug/deps -L dependency=/home/runner/work/router/router/target/debug/deps --extern heck=/home/runner/work/router/router/target/debug/deps/libheck-30e3236056860247.rlib --extern proc_macro2=/home/runner/work/router/router/target/debug/deps/libproc_macro2-cc22a5bd9cc2e88a.rlib --extern quote=/home/runner/work/router/router/target/debug/deps/libquote-c59734c285e87097.rlib --extern syn=/home/runner/work/router/router/target/debug/deps/libsyn-8cbfeb3153951041.rlib --extern proc_macro --cap-lints allow -Dwarnings`
Test (ubuntu-latest)	Run tests	2026-05-09T15:57:52.8890563Z ^[[1m^[[92m   Compiling^[[0m regex-automata v0.4.14
Test (ubuntu-latest)	Run tests	2026-05-09T15:57:52.8957591Z ^[[1m^[[92m     Running^[[0m `/home/runner/.rustup/toolchains/stable-x86_64-unknown-linux-gnu/bin/rustc --crate-name regex_automata --edition=2021 /home/runner/.cargo/registry/src/index.crates.io-1949cf8c6b5b557f/regex-automata-0.4.14/src/lib.rs --error-format=json --json=diagnostic-rendered-ansi,artifacts,future-incompat --crate-type lib --emit=dep-info,metadata,link -C embed-bitcode=no -C debuginfo=2 --allow=unexpected_cfgs --check-cfg 'cfg(docsrs_regex)' --cfg 'feature="alloc"' --cfg 'feature="dfa-build"' --cfg 'feature="dfa-search"' --cfg 'feature="nfa-thompson"' --cfg 'feature="std"' --cfg 'feature="syntax"' --check-cfg 'cfg(docsrs,test)' --check-cfg 'cfg(feature, values("alloc", "default", "dfa", "dfa-build", "dfa-onepass", "dfa-search", "hybrid", "internal-instrument", "internal-instrument-pikevm", "logging", "meta", "nfa", "nfa-backtrack", "nfa-pikevm", "nfa-thompson", "perf", "perf-inline", "perf-literal", "perf-literal-multisubstring", "perf-literal-substring", "std", "syntax", "unicode", "unicode-age", "unicode-bool", "unicode-case", "unicode-gencat", "unicode-perl", "unicode-script", "unicode-segment", "unicode-word-boundary"))' -C metadata=d6c9cc999e6d02a1 -C extra-filename=-8a4a735361d4b704 --out-dir /home/runner/work/router/router/target/debug/deps -L dependency=/home/runner/work/router/router/target/debug/deps --extern regex_syntax=/home/runner/work/router/router/target/debug/deps/libregex_syntax-d8e8f721cc712939.rmeta --cap-lints allow -Dwarnings`
Test (ubuntu-latest)	Run tests	2026-05-09T15:57:53.7555015Z ^[[1m^[[92m     Running^[[0m `/home/runner/work/router/router/target/debug/build/ring-afe93a40a9861576/build-script-build`
Test (ubuntu-latest)	Run tests	2026-05-09T15:57:54.0804840Z ^[[1m^[[92m   Compiling^[[0m time v0.3.47
Test (ubuntu-latest)	Run tests	2026-05-09T15:57:54.0852494Z ^[[1m^[[92m     Running^[[0m `/home/runner/.rustup/toolchains/stable-x86_64-unknown-linux-gnu/bin/rustc --crate-name time --edition=2024 /home/runner/.cargo/registry/src/index.crates.io-1949cf8c6b5b557f/time-0.3.47/src/lib.rs --error-format=json --json=diagnostic-rendered-ansi,artifacts,future-incompat --crate-type lib --emit=dep-info,metadata,link -C embed-bitcode=no -C debuginfo=2 --warn=unused '--warn=clippy::nursery' '--warn=clippy::all' --warn=variant-size-differences '--warn=clippy::use-debug' '--warn=clippy::unwrap-used' '--warn=clippy::unwrap-in-result' --warn=unused-qualifications --warn=unused-lifetimes --warn=unused-import-braces --deny=unstable-syntax-pre-expansion --deny=unsafe-op-in-unsafe-fn --warn=unreachable-pub '--warn=clippy::unnested-or-patterns' --deny=unnameable-test-items '--warn=clippy::uninlined-format-args' '--warn=clippy::unimplemented' --deny=unexpected_cfgs '--warn=rustdoc::unescaped-backticks' '--deny=clippy::undocumented-unsafe-blocks' --deny=unconditional-recursion --warn=trivial-numeric-casts --warn=trivial-casts '--warn=clippy::todo' --deny=suspicious-double-ref-op '--deny=clippy::std-instead-of-core' --warn=single-use-lifetimes '--warn=clippy::semicolon-outside-block' '--warn=rustdoc::private-doc-tests' '--warn=clippy::print-stdout' --deny=overlapping-range-endpoints --deny=opaque-hidden-inferred-bound '--warn=clippy::obfuscated-if-else' --warn=noop-method-call --deny=non-ascii-idents --deny=named-arguments-used-positionally '--warn=clippy::missing-enforced-import-renames' '--warn=clippy::missing-docs-in-private-items' --warn=missing-docs --warn=missing-debug-implementations --warn=missing-copy-implementations --warn=missing-abi --warn=meta-variable-misuse '--warn=clippy::manual-let-else' --warn=macro-use-extern-crate --warn=let-underscore --warn=keyword-idents --deny=invalid-value --deny=invalid-reference-casting --deny=invalid-nan-comparisons --deny=invalid-macro-export-arguments --deny=invalid-from-utf8 --deny=improper-ctypes-definitions --deny=improper-ctypes --deny=hidden-glob-reexports '--warn=clippy::get-unwrap' --deny=future-incompatible '--warn=clippy::explicit-auto-deref' --deny=drop-bounds --deny=deref-nullptr '--warn=clippy::decimal-literal-representation' '--warn=clippy::dbg-macro' --deny=dangling-pointers-from-temporaries --deny=const-item-mutation --deny=clashing-extern-declarations '--warn=clippy::as-underscore' --deny=ambiguous-glob-reexports '--deny=clippy::alloc-instead-of-core' --allow=unstable-name-collisions '--allow=clippy::uninhabited-references' '--allow=clippy::redundant-pub-crate' '--allow=clippy::option-if-let-else' '--allow=clippy::incompatible-msrv' --check-cfg 'cfg(__ui_tests)' --check-cfg 'cfg(bench)' --cfg 'feature="alloc"' --cfg 'feature="formatting"' --cfg 'feature="macros"' --cfg 'feature="parsing"' --cfg 'feature="std"' --check-cfg 'cfg(docsrs,test)' --check-cfg 'cfg(feature, values("alloc", "default", "formatting", "large-dates", "local-offset", "macros", "parsing", "quickcheck", "rand", "rand08", "rand09", "serde", "serde-human-readable", "serde-well-known", "std", "wasm-bindgen"))' -C metadata=9537b73127850b8f -C extra-filename=-4bbbe340952b5daa --out-dir /home/runner/work/router/router/target/debug/deps -L dependency=/home/runner/work/router/router/target/debug/deps --extern deranged=/home/runner/work/router/router/target/debug/deps/libderanged-d64dc91371adee81.rmeta --extern itoa=/home/runner/work/router/router/target/debug/deps/libitoa-1e9e28e3981cf9af.rmeta --extern num_conv=/home/runner/work/router/router/target/debug/deps/libnum_conv-8d4bf3b8cbb4b520.rmeta --extern powerfmt=/home/runner/work/router/router/target/debug/deps/libpowerfmt-a942bac8b54c2346.rmeta --extern time_core=/home/runner/work/router/router/target/debug/deps/libtime_core-2797c90bb95f39f9.rmeta --extern time_macros=/home/runner/work/router/router/target/debug/deps/libtime_macros-566fb43b07bb4011.so --cap-lints allow -Dwarnings`
Test (ubuntu-latest)	Run tests	2026-05-09T15:57:55.8434609Z ^[[1m^[[92m   Compiling^[[0m num-bigint v0.4.6
Test (ubuntu-latest)	Run tests	2026-05-09T15:57:55.8442097Z ^[[1m^[[92m     Running^[[0m `/home/runner/.rustup/toolchains/stable-x86_64-unknown-linux-gnu/bin/rustc --crate-name num_bigint --edition=2021 /home/runner/.cargo/registry/src/index.crates.io-1949cf8c6b5b557f/num-bigint-0.4.6/src/lib.rs --error-format=json --json=diagnostic-rendered-ansi,artifacts,future-incompat --crate-type lib --emit=dep-info,metadata,link -C embed-bitcode=no -C debuginfo=2 --check-cfg 'cfg(docsrs,test)' --check-cfg 'cfg(feature, values("arbitrary", "default", "quickcheck", "rand", "serde", "std"))' -C metadata=a3ad8cfcdffc8c70 -C extra-filename=-4235a04eb6477bd3 --out-dir /home/runner/work/router/router/target/debug/deps -L dependency=/home/runner/work/router/router/target/debug/deps --extern num_integer=/home/runner/work/router/router/target/debug/deps/libnum_integer-eb59d27ab5b2580c.rmeta --extern num_traits=/home/runner/work/router/router/target/debug/deps/libnum_traits-2d5af114e9bbb8ce.rmeta --cap-lints allow -Dwarnings`
Test (ubuntu-latest)	Run tests	2026-05-09T15:57:56.2565334Z ^[[1m^[[92m     Running^[[0m `/home/runner/.rustup/toolchains/stable-x86_64-unknown-linux-gnu/bin/rustc --crate-name getrandom --edition=2024 /home/runner/.cargo/registry/src/index.crates.io-1949cf8c6b5b557f/getrandom-0.4.2/src/lib.rs --error-format=json --json=diagnostic-rendered-ansi,artifacts,future-incompat --crate-type lib --emit=dep-info,metadata,link -C embed-bitcode=no -C debuginfo=2 '--warn=clippy::useless_conversion' --warn=unused_lifetimes '--warn=clippy::unnecessary_cast' --warn=unexpected_cfgs '--warn=clippy::ptr_as_ptr' --warn=missing_docs '--warn=clippy::fn_to_numeric_cast_with_truncation' '--warn=clippy::fn_to_numeric_cast' '--warn=clippy::checked_conversions' '--warn=clippy::char_lit_as_u8' '--warn=clippy::cast_sign_loss' '--warn=clippy::cast_ptr_alignment' '--warn=clippy::cast_precision_loss' '--warn=clippy::cast_possible_wrap' '--warn=clippy::cast_possible_truncation' '--warn=clippy::cast_lossless' --check-cfg 'cfg(getrandom_backend, values("custom", "efi_rng", "rdrand", "rndr", "linux_getrandom", "linux_raw", "windows_legacy", "unsupported", "extern_impl"))' --check-cfg 'cfg(getrandom_msan)' --check-cfg 'cfg(getrandom_test_linux_fallback)' --check-cfg 'cfg(getrandom_test_linux_without_fallback)' --check-cfg 'cfg(getrandom_test_netbsd_fallback)' --check-cfg 'cfg(target_os, values("cygwin"))' --check-cfg 'cfg(target_os, values("motor"))' --check-cfg 'cfg(docsrs,test)' --check-cfg 'cfg(feature, values("std", "sys_rng", "wasm_js"))' -C metadata=eeb28c180f4bb0db -C extra-filename=-6b58f48365f0ee29 --out-dir /home/runner/work/router/router/target/debug/deps -L dependency=/home/runner/work/router/router/target/debug/deps --extern cfg_if=/home/runner/work/router/router/target/debug/deps/libcfg_if-0ee797985b074c2f.rmeta --extern libc=/home/runner/work/router/router/target/debug/deps/liblibc-2dbdca3d6c768140.rmeta --cap-lints allow -Dwarnings`
Test (ubuntu-latest)	Run tests	2026-05-09T15:57:56.3596756Z ^[[1m^[[92m   Compiling^[[0m tokio-native-tls v0.3.1
Test (ubuntu-latest)	Run tests	2026-05-09T15:57:56.3603716Z ^[[1m^[[92m     Running^[[0m `/home/runner/.rustup/toolchains/stable-x86_64-unknown-linux-gnu/bin/rustc --crate-name tokio_native_tls --edition=2018 /home/runner/.cargo/registry/src/index.crates.io-1949cf8c6b5b557f/tokio-native-tls-0.3.1/src/lib.rs --error-format=json --json=diagnostic-rendered-ansi,artifacts,future-incompat --crate-type lib --emit=dep-info,metadata,link -C embed-bitcode=no -C debuginfo=2 --check-cfg 'cfg(docsrs,test)' --check-cfg 'cfg(feature, values("vendored"))' -C metadata=deef7ef5106a1b8b -C extra-filename=-69bdf714f5ec81bd --out-dir /home/runner/work/router/router/target/debug/deps -L dependency=/home/runner/work/router/router/target/debug/deps --extern native_tls=/home/runner/work/router/router/target/debug/deps/libnative_tls-e82bc646e9dba778.rmeta --extern tokio=/home/runner/work/router/router/target/debug/deps/libtokio-6ab14ea65eea979a.rmeta --cap-lints allow -Dwarnings`
Test (ubuntu-latest)	Run tests	2026-05-09T15:57:56.3934766Z ^[[1m^[[92m   Compiling^[[0m block-buffer v0.10.4
Test (ubuntu-latest)	Run tests	2026-05-09T15:57:56.3940836Z ^[[1m^[[92m     Running^[[0m `/home/runner/.rustup/toolchains/stable-x86_64-unknown-linux-gnu/bin/rustc --crate-name block_buffer --edition=2018 /home/runner/.cargo/registry/src/index.crates.io-1949cf8c6b5b557f/block-buffer-0.10.4/src/lib.rs --error-format=json --json=diagnostic-rendered-ansi,artifacts,future-incompat --crate-type lib --emit=dep-info,metadata,link -C embed-bitcode=no -C debuginfo=2 --check-cfg 'cfg(docsrs,test)' --check-cfg 'cfg(feature, values())' -C metadata=c2027dc41a5467e0 -C extra-filename=-5498155e6f1b0ff7 --out-dir /home/runner/work/router/router/target/debug/deps -L dependency=/home/runner/work/router/router/target/debug/deps --extern generic_array=/home/runner/work/router/router/target/debug/deps/libgeneric_array-0c39488556be0003.rmeta --cap-lints allow -Dwarnings`
Test (ubuntu-latest)	Run tests	2026-05-09T15:57:56.4302026Z ^[[1m^[[92m   Compiling^[[0m crypto-common v0.1.7
Test (ubuntu-latest)	Run tests	2026-05-09T15:57:56.4309202Z ^[[1m^[[92m     Running^[[0m `/home/runner/.rustup/toolchains/stable-x86_64-unknown-linux-gnu/bin/rustc --crate-name crypto_common --edition=2018 /home/runner/.cargo/registry/src/index.crates.io-1949cf8c6b5b557f/crypto-common-0.1.7/src/lib.rs --error-format=json --json=diagnostic-rendered-ansi,artifacts,future-incompat --crate-type lib --emit=dep-info,metadata,link -C embed-bitcode=no -C debuginfo=2 --cfg 'feature="std"' --check-cfg 'cfg(docsrs,test)' --check-cfg 'cfg(feature, values("getrandom", "rand_core", "std"))' -C metadata=a9a499642a8c3ab0 -C extra-filename=-78bc1ed9a9f4677f --out-dir /home/runner/work/router/router/target/debug/deps -L dependency=/home/runner/work/router/router/target/debug/deps --extern generic_array=/home/runner/work/router/router/target/debug/deps/libgeneric_array-0c39488556be0003.rmeta --extern typenum=/home/runner/work/router/router/target/debug/deps/libtypenum-5439c900d4b7d7d3.rmeta --cap-lints allow -Dwarnings`
Test (ubuntu-latest)	Run tests	2026-05-09T15:57:56.4594639Z ^[[1m^[[92m   Compiling^[[0m thiserror-impl v1.0.69
Test (ubuntu-latest)	Run tests	2026-05-09T15:57:56.4623127Z ^[[1m^[[92m     Running^[[0m `/home/runner/.rustup/toolchains/stable-x86_64-unknown-linux-gnu/bin/rustc --crate-name thiserror_impl --edition=2021 /home/runner/.cargo/registry/src/index.crates.io-1949cf8c6b5b557f/thiserror-impl-1.0.69/src/lib.rs --error-format=json --json=diagnostic-rendered-ansi,artifacts,future-incompat --crate-type proc-macro --emit=dep-info,link -C prefer-dynamic -C embed-bitcode=no --check-cfg 'cfg(docsrs,test)' --check-cfg 'cfg(feature, values())' -C metadata=69bb07652e56b7a7 -C extra-filename=-80e36a1702257822 --out-dir /home/runner/work/router/router/target/debug/deps -L dependency=/home/runner/work/router/router/target/debug/deps --extern proc_macro2=/home/runner/work/router/router/target/debug/deps/libproc_macro2-cc22a5bd9cc2e88a.rlib --extern quote=/home/runner/work/router/router/target/debug/deps/libquote-c59734c285e87097.rlib --extern syn=/home/runner/work/router/router/target/debug/deps/libsyn-8cbfeb3153951041.rlib --extern proc_macro --cap-lints allow -Dwarnings`
Test (ubuntu-latest)	Run tests	2026-05-09T15:57:56.4704436Z ^[[1m^[[92m   Compiling^[[0m getrandom v0.2.17
Test (ubuntu-latest)	Run tests	2026-05-09T15:57:56.4712109Z ^[[1m^[[92m     Running^[[0m `/home/runner/.rustup/toolchains/stable-x86_64-unknown-linux-gnu/bin/rustc --crate-name getrandom --edition=2018 /home/runner/.cargo/registry/src/index.crates.io-1949cf8c6b5b557f/getrandom-0.2.17/src/lib.rs --error-format=json --json=diagnostic-rendered-ansi,artifacts,future-incompat --crate-type lib --emit=dep-info,metadata,link -C embed-bitcode=no -C debuginfo=2 --check-cfg 'cfg(docsrs,test)' --check-cfg 'cfg(feature, values("compiler_builtins", "core", "custom", "js", "js-sys", "linux_disable_fallback", "rdrand", "rustc-dep-of-std", "std", "test-in-browser", "wasm-bindgen"))' -C metadata=7afd145c6e3123d8 -C extra-filename=-a899884d97a244fb --out-dir /home/runner/work/router/router/target/debug/deps -L dependency=/home/runner/work/router/router/target/debug/deps --extern cfg_if=/home/runner/work/router/router/target/debug/deps/libcfg_if-0ee797985b074c2f.rmeta --extern libc=/home/runner/work/router/router/target/debug/deps/liblibc-2dbdca3d6c768140.rmeta --cap-lints allow -Dwarnings`
Test (ubuntu-latest)	Run tests	2026-05-09T15:57:56.5766366Z ^[[1m^[[92m   Compiling^[[0m untrusted v0.9.0
Test (ubuntu-latest)	Run tests	2026-05-09T15:57:56.5774913Z ^[[1m^[[92m     Running^[[0m `/home/runner/.rustup/toolchains/stable-x86_64-unknown-linux-gnu/bin/rustc --crate-name untrusted --edition=2018 /home/runner/.cargo/registry/src/index.crates.io-1949cf8c6b5b557f/untrusted-0.9.0/src/lib.rs --error-format=json --json=diagnostic-rendered-ansi,artifacts,future-incompat --crate-type lib --emit=dep-info,metadata,link -C embed-bitcode=no -C debuginfo=2 --check-cfg 'cfg(docsrs,test)' --check-cfg 'cfg(feature, values())' -C metadata=8754734fb16efffb -C extra-filename=-06bdaf5dd3801150 --out-dir /home/runner/work/router/router/target/debug/deps -L dependency=/home/runner/work/router/router/target/debug/deps --cap-lints allow -Dwarnings`
Test (ubuntu-latest)	Run tests	2026-05-09T15:57:56.6212134Z ^[[1m^[[92m   Compiling^[[0m ctor-proc-macro v0.0.6
Test (ubuntu-latest)	Run tests	2026-05-09T15:57:56.6248875Z ^[[1m^[[92m     Running^[[0m `/home/runner/.rustup/toolchains/stable-x86_64-unknown-linux-gnu/bin/rustc --crate-name ctor_proc_macro --edition=2021 /home/runner/.cargo/registry/src/index.crates.io-1949cf8c6b5b557f/ctor-proc-macro-0.0.6/src/lib.rs --error-format=json --json=diagnostic-rendered-ansi,artifacts,future-incompat --crate-type proc-macro --emit=dep-info,link -C prefer-dynamic -C embed-bitcode=no --cfg 'feature="default"' --check-cfg 'cfg(docsrs,test)' --check-cfg 'cfg(feature, values("default"))' -C metadata=9ac93cfa1d892f2e -C extra-filename=-81bf6ae46de2fc75 --out-dir /home/runner/work/router/router/target/debug/deps -L dependency=/home/runner/work/router/router/target/debug/deps --extern proc_macro --cap-lints allow -Dwarnings`
Test (ubuntu-latest)	Run tests	2026-05-09T15:57:56.7699749Z ^[[1m^[[92m   Compiling^[[0m lazy_static v1.5.0
Test (ubuntu-latest)	Run tests	2026-05-09T15:57:56.7720436Z ^[[1m^[[92m     Running^[[0m `/home/runner/.rustup/toolchains/stable-x86_64-unknown-linux-gnu/bin/rustc --crate-name lazy_static --edition=2015 /home/runner/.cargo/registry/src/index.crates.io-1949cf8c6b5b557f/lazy_static-1.5.0/src/lib.rs --error-format=json --json=diagnostic-rendered-ansi,artifacts,future-incompat --crate-type lib --emit=dep-info,metadata,link -C embed-bitcode=no -C debuginfo=2 --check-cfg 'cfg(docsrs,test)' --check-cfg 'cfg(feature, values("spin", "spin_no_std"))' -C metadata=9c1da1701740b720 -C extra-filename=-cc9fd5ca6a591ee9 --out-dir /home/runner/work/router/router/target/debug/deps -L dependency=/home/runner/work/router/router/target/debug/deps --cap-lints allow -Dwarnings`
Test (ubuntu-latest)	Run tests	2026-05-09T15:57:56.8031161Z ^[[1m^[[92m   Compiling^[[0m zeroize v1.8.2
Test (ubuntu-latest)	Run tests	2026-05-09T15:57:56.8038959Z ^[[1m^[[92m     Running^[[0m `/home/runner/.rustup/toolchains/stable-x86_64-unknown-linux-gnu/bin/rustc --crate-name zeroize --edition=2021 /home/runner/.cargo/registry/src/index.crates.io-1949cf8c6b5b557f/zeroize-1.8.2/src/lib.rs --error-format=json --json=diagnostic-rendered-ansi,artifacts,future-incompat --crate-type lib --emit=dep-info,metadata,link -C embed-bitcode=no -C debuginfo=2 --cfg 'feature="alloc"' --cfg 'feature="default"' --check-cfg 'cfg(docsrs,test)' --check-cfg 'cfg(feature, values("aarch64", "alloc", "default", "derive", "serde", "simd", "std", "zeroize_derive"))' -C metadata=9a548fc331000b40 -C extra-filename=-778305482d1e7251 --out-dir /home/runner/work/router/router/target/debug/deps -L dependency=/home/runner/work/router/router/target/debug/deps --cap-lints allow -Dwarnings`
Test (ubuntu-latest)	Run tests	2026-05-09T15:57:56.8918794Z ^[[1m^[[92m   Compiling^[[0m iri-string v0.7.10
Test (ubuntu-latest)	Run tests	2026-05-09T15:57:56.8925694Z ^[[1m^[[92m     Running^[[0m `/home/runner/.rustup/toolchains/stable-x86_64-unknown-linux-gnu/bin/rustc --crate-name iri_string --edition=2021 /home/runner/.cargo/registry/src/index.crates.io-1949cf8c6b5b557f/iri-string-0.7.10/src/lib.rs --error-format=json --json=diagnostic-rendered-ansi,artifacts,future-incompat --crate-type lib --emit=dep-info,metadata,link -C embed-bitcode=no -C debuginfo=2 --cfg 'feature="alloc"' --cfg 'feature="default"' --cfg 'feature="std"' --check-cfg 'cfg(docsrs,test)' --check-cfg 'cfg(feature, values("alloc", "default", "memchr", "serde", "std"))' -C metadata=572e6e289473fec5 -C extra-filename=-a56e7bedf8bc2734 --out-dir /home/runner/work/router/router/target/debug/deps -L dependency=/home/runner/work/router/router/target/debug/deps --cap-lints allow -Dwarnings`
Test (ubuntu-latest)	Run tests	2026-05-09T15:57:57.1213868Z ^[[1m^[[92m   Compiling^[[0m rustls-pki-types v1.14.0
Test (ubuntu-latest)	Run tests	2026-05-09T15:57:57.1224588Z ^[[1m^[[92m     Running^[[0m `/home/runner/.rustup/toolchains/stable-x86_64-unknown-linux-gnu/bin/rustc --crate-name rustls_pki_types --edition=2021 /home/runner/.cargo/registry/src/index.crates.io-1949cf8c6b5b557f/rustls-pki-types-1.14.0/src/lib.rs --error-format=json --json=diagnostic-rendered-ansi,artifacts,future-incompat --crate-type lib --emit=dep-info,metadata,link -C embed-bitcode=no -C debuginfo=2 --warn=unused_qualifications --warn=unused_import_braces --warn=unused_extern_crates --warn=unreachable_pub --warn=unnameable_types --warn=unexpected_cfgs --warn=trivial_numeric_casts --warn=elided_lifetimes_in_paths --check-cfg 'cfg(rustls_pki_types_docsrs)' --cfg 'feature="alloc"' --cfg 'feature="default"' --cfg 'feature="std"' --check-cfg 'cfg(docsrs,test)' --check-cfg 'cfg(feature, values("alloc", "default", "std", "web", "web-time"))' -C metadata=6ea32ff2d795aeed -C extra-filename=-16df57573cca2fdb --out-dir /home/runner/work/router/router/target/debug/deps -L dependency=/home/runner/work/router/router/target/debug/deps --extern zeroize=/home/runner/work/router/router/target/debug/deps/libzeroize-778305482d1e7251.rmeta --cap-lints allow -Dwarnings`
Test (ubuntu-latest)	Run tests	2026-05-09T15:57:57.2482429Z ^[[1m^[[92m     Running^[[0m `/home/runner/.rustup/toolchains/stable-x86_64-unknown-linux-gnu/bin/rustc --crate-name thiserror --edition=2021 /home/runner/.cargo/registry/src/index.crates.io-1949cf8c6b5b557f/thiserror-1.0.69/src/lib.rs --error-format=json --json=diagnostic-rendered-ansi,artifacts,future-incompat --crate-type lib --emit=dep-info,metadata,link -C embed-bitcode=no -C debuginfo=2 --check-cfg 'cfg(docsrs,test)' --check-cfg 'cfg(feature, values())' -C metadata=871844e80ccaaadc -C extra-filename=-8bbe3e8bb6d7fdd9 --out-dir /home/runner/work/router/router/target/debug/deps -L dependency=/home/runner/work/router/router/target/debug/deps --extern thiserror_impl=/home/runner/work/router/router/target/debug/deps/libthiserror_impl-80e36a1702257822.so --cap-lints allow -Dwarnings --check-cfg 'cfg(error_generic_member_access)' --check-cfg 'cfg(thiserror_nightly_testing)'`
Test (ubuntu-latest)	Run tests	2026-05-09T15:57:57.2820832Z ^[[1m^[[92m   Compiling^[[0m sharded-slab v0.1.7
Test (ubuntu-latest)	Run tests	2026-05-09T15:57:57.2839931Z ^[[1m^[[92m     Running^[[0m `/home/runner/.rustup/toolchains/stable-x86_64-unknown-linux-gnu/bin/rustc --crate-name sharded_slab --edition=2018 /home/runner/.cargo/registry/src/index.crates.io-1949cf8c6b5b557f/sharded-slab-0.1.7/src/lib.rs --error-format=json --json=diagnostic-rendered-ansi,artifacts,future-incompat --crate-type lib --emit=dep-info,metadata,link -C embed-bitcode=no -C debuginfo=2 --check-cfg 'cfg(docsrs,test)' --check-cfg 'cfg(feature, values("loom"))' -C metadata=336e6f5e8442abea -C extra-filename=-a1c1a3e55835d9a8 --out-dir /home/runner/work/router/router/target/debug/deps -L dependency=/home/runner/work/router/router/target/debug/deps --extern lazy_static=/home/runner/work/router/router/target/debug/deps/liblazy_static-cc9fd5ca6a591ee9.rmeta --cap-lints allow -Dwarnings`
Test (ubuntu-latest)	Run tests	2026-05-09T15:57:57.5089737Z ^[[1m^[[92m   Compiling^[[0m ctor v0.4.3
Test (ubuntu-latest)	Run tests	2026-05-09T15:57:57.5102341Z ^[[1m^[[92m     Running^[[0m `/home/runner/.rustup/toolchains/stable-x86_64-unknown-linux-gnu/bin/rustc --crate-name ctor --edition=2021 /home/runner/.cargo/registry/src/index.crates.io-1949cf8c6b5b557f/ctor-0.4.3/src/lib.rs --error-format=json --json=diagnostic-rendered-ansi,artifacts,future-incompat --crate-type lib --emit=dep-info,metadata,link -C embed-bitcode=no -C debuginfo=2 --cfg 'feature="__no_warn_on_missing_unsafe"' --cfg 'feature="default"' --cfg 'feature="dtor"' --cfg 'feature="proc_macro"' --check-cfg 'cfg(docsrs,test)' --check-cfg 'cfg(feature, values("__no_warn_on_missing_unsafe", "default", "dtor", "proc_macro", "used_linker"))' -C metadata=276aa0ef003a48a0 -C extra-filename=-1dff8812c58b9d77 --out-dir /home/runner/work/router/router/target/debug/deps -L dependency=/home/runner/work/router/router/target/debug/deps --extern ctor_proc_macro=/home/runner/work/router/router/target/debug/deps/libctor_proc_macro-81bf6ae46de2fc75.so --extern dtor=/home/runner/work/router/router/target/debug/deps/libdtor-0bd324d7d6e575bb.rmeta --cap-lints allow -Dwarnings`
Test (ubuntu-latest)	Run tests	2026-05-09T15:57:57.5395112Z ^[[1m^[[92m   Compiling^[[0m simple_asn1 v0.6.4
Test (ubuntu-latest)	Run tests	2026-05-09T15:57:57.5405912Z ^[[1m^[[92m     Running^[[0m `/home/runner/.rustup/toolchains/stable-x86_64-unknown-linux-gnu/bin/rustc --crate-name simple_asn1 --edition=2018 /home/runner/.cargo/registry/src/index.crates.io-1949cf8c6b5b557f/simple_asn1-0.6.4/src/lib.rs --error-format=json --json=diagnostic-rendered-ansi,artifacts,future-incompat --crate-type lib --emit=dep-info,metadata,link -C embed-bitcode=no -C debuginfo=2 --check-cfg 'cfg(docsrs,test)' --check-cfg 'cfg(feature, values())' -C metadata=88cc76a592d5969c -C extra-filename=-0db6722478b2fcb2 --out-dir /home/runner/work/router/router/target/debug/deps -L dependency=/home/runner/work/router/router/target/debug/deps --extern num_bigint=/home/runner/work/router/router/target/debug/deps/libnum_bigint-4235a04eb6477bd3.rmeta --extern num_traits=/home/runner/work/router/router/target/debug/deps/libnum_traits-2d5af114e9bbb8ce.rmeta --extern thiserror=/home/runner/work/router/router/target/debug/deps/libthiserror-996d59fc16b78122.rmeta --extern time=/home/runner/work/router/router/target/debug/deps/libtime-4bbbe340952b5daa.rmeta --cap-lints allow -Dwarnings`
Test (ubuntu-latest)	Run tests	2026-05-09T15:57:57.6320809Z ^[[1m^[[92m   Compiling^[[0m digest v0.10.7
Test (ubuntu-latest)	Run tests	2026-05-09T15:57:57.6329079Z ^[[1m^[[92m     Running^[[0m `/home/runner/.rustup/toolchains/stable-x86_64-unknown-linux-gnu/bin/rustc --crate-name digest --edition=2018 /home/runner/.cargo/registry/src/index.crates.io-1949cf8c6b5b557f/digest-0.10.7/src/lib.rs --error-format=json --json=diagnostic-rendered-ansi,artifacts,future-incompat --crate-type lib --emit=dep-info,metadata,link -C embed-bitcode=no -C debuginfo=2 --cfg 'feature="alloc"' --cfg 'feature="block-buffer"' --cfg 'feature="core-api"' --cfg 'feature="default"' --cfg 'feature="std"' --check-cfg 'cfg(docsrs,test)' --check-cfg 'cfg(feature, values("alloc", "blobby", "block-buffer", "const-oid", "core-api", "default", "dev", "mac", "oid", "rand_core", "std", "subtle"))' -C metadata=be97160efc467118 -C extra-filename=-de4407d0212f5a40 --out-dir /home/runner/work/router/router/target/debug/deps -L dependency=/home/runner/work/router/router/target/debug/deps --extern block_buffer=/home/runner/work/router/router/target/debug/deps/libblock_buffer-5498155e6f1b0ff7.rmeta --extern crypto_common=/home/runner/work/router/router/target/debug/deps/libcrypto_common-78bc1ed9a9f4677f.rmeta --cap-lints allow -Dwarnings`
Test (ubuntu-latest)	Run tests	2026-05-09T15:57:57.7186422Z ^[[1m^[[92m   Compiling^[[0m hyper-tls v0.6.0
Test (ubuntu-latest)	Run tests	2026-05-09T15:57:57.7197537Z ^[[1m^[[92m     Running^[[0m `/home/runner/.rustup/toolchains/stable-x86_64-unknown-linux-gnu/bin/rustc --crate-name hyper_tls --edition=2018 /home/runner/.cargo/registry/src/index.crates.io-1949cf8c6b5b557f/hyper-tls-0.6.0/src/lib.rs --error-format=json --json=diagnostic-rendered-ansi,artifacts,future-incompat --crate-type lib --emit=dep-info,metadata,link -C embed-bitcode=no -C debuginfo=2 --check-cfg 'cfg(docsrs,test)' --check-cfg 'cfg(feature, values("alpn", "vendored"))' -C metadata=fae472edea6bfda3 -C extra-filename=-4576a84498fd86cc --out-dir /home/runner/work/router/router/target/debug/deps -L dependency=/home/runner/work/router/router/target/debug/deps --extern bytes=/home/runner/work/router/router/target/debug/deps/libbytes-c50adbf09ebed7c5.rmeta --extern http_body_util=/home/runner/work/router/router/target/debug/deps/libhttp_body_util-c38ae8cbb28b45d6.rmeta --extern hyper=/home/runner/work/router/router/target/debug/deps/libhyper-8602e07f51d7f73e.rmeta --extern hyper_util=/home/runner/work/router/router/target/debug/deps/libhyper_util-377b19218a12252c.rmeta --extern native_tls=/home/runner/work/router/router/target/debug/deps/libnative_tls-e82bc646e9dba778.rmeta --extern tokio=/home/runner/work/router/router/target/debug/deps/libtokio-6ab14ea65eea979a.rmeta --extern tokio_native_tls=/home/runner/work/router/router/target/debug/deps/libtokio_native_tls-69bdf714f5ec81bd.rmeta --extern tower_service=/home/runner/work/router/router/target/debug/deps/libtower_service-6fadb8a635677679.rmeta --cap-lints allow -Dwarnings`
Test (ubuntu-latest)	Run tests	2026-05-09T15:57:57.8202038Z ^[[1m^[[92m   Compiling^[[0m matchers v0.2.0
Test (ubuntu-latest)	Run tests	2026-05-09T15:57:57.8208491Z ^[[1m^[[92m     Running^[[0m `/home/runner/.rustup/toolchains/stable-x86_64-unknown-linux-gnu/bin/rustc --crate-name matchers --edition=2018 /home/runner/.cargo/registry/src/index.crates.io-1949cf8c6b5b557f/matchers-0.2.0/src/lib.rs --error-format=json --json=diagnostic-rendered-ansi,artifacts,future-incompat --crate-type lib --emit=dep-info,metadata,link -C embed-bitcode=no -C debuginfo=2 --check-cfg 'cfg(docsrs,test)' --check-cfg 'cfg(feature, values("unicode"))' -C metadata=12d0f63e8a3058db -C extra-filename=-e0401b4225797df4 --out-dir /home/runner/work/router/router/target/debug/deps -L dependency=/home/runner/work/router/router/target/debug/deps --extern regex_automata=/home/runner/work/router/router/target/debug/deps/libregex_automata-8a4a735361d4b704.rmeta --cap-lints allow -Dwarnings`
Test (ubuntu-latest)	Run tests	2026-05-09T15:57:57.8676681Z ^[[1m^[[92m   Compiling^[[0m clap v4.5.60
Test (ubuntu-latest)	Run tests	2026-05-09T15:57:57.8701502Z ^[[1m^[[92m     Running^[[0m `/home/runner/.rustup/toolchains/stable-x86_64-unknown-linux-gnu/bin/rustc --crate-name clap --edition=2021 /home/runner/.cargo/registry/src/index.crates.io-1949cf8c6b5b557f/clap-4.5.60/src/lib.rs --error-format=json --json=diagnostic-rendered-ansi,artifacts,future-incompat --crate-type lib --emit=dep-info,metadata,link -C embed-bitcode=no -C debuginfo=2 --warn=rust_2018_idioms '--warn=clippy::zero_sized_map_values' '--warn=clippy::verbose_file_reads' --warn=unused_qualifications --warn=unused_macro_rules --warn=unused_lifetimes --warn=unsafe_op_in_unsafe_fn --warn=unreachable_pub --allow=unnameable_types '--warn=clippy::uninlined_format_args' '--warn=clippy::trait_duplication_in_bounds' '--warn=clippy::todo' '--warn=clippy::string_lit_as_bytes' '--warn=clippy::string_add_assign' '--warn=clippy::semicolon_if_nothing_returned' '--warn=clippy::self_named_module_files' '--warn=clippy::same_functions_in_if_condition' '--allow=clippy::result_large_err' '--warn=clippy::rest_pat_in_fully_bound_structs' '--warn=clippy::ref_option_ref' '--warn=clippy::redundant_feature_names' '--warn=clippy::rc_mutex' '--warn=clippy::ptr_as_ptr' '--warn=clippy::path_buf_push_overwrite' '--warn=clippy::negative_feature_names' '--warn=clippy::needless_for_each' '--allow=clippy::needless_continue' '--warn=clippy::mutex_integer' '--allow=clippy::multiple_bound_locations' '--warn=clippy::mem_forget' '--warn=clippy::macro_use_imports' '--warn=clippy::lossy_float_literal' '--warn=clippy::linkedlist' '--allow=clippy::let_and_return' '--warn=clippy::large_types_passed_by_value' '--warn=clippy::large_stack_arrays' '--warn=clippy::large_digit_groups' '--warn=clippy::invalid_upcast_comparisons' '--warn=clippy::infinite_loop' '--warn=clippy::inefficient_to_string' '--warn=clippy::inconsistent_struct_constructor' '--warn=clippy::imprecise_flops' '--warn=clippy::implicit_clone' '--allow=clippy::if_same_then_else' '--warn=clippy::from_iter_instead_of_collect' '--warn=clippy::fn_params_excessive_bools' '--warn=clippy::float_cmp_const' '--warn=clippy::flat_map_option' '--warn=clippy::filter_map_next' '--warn=clippy::fallible_impl_from' '--warn=clippy::explicit_into_iter_loop' '--warn=clippy::explicit_deref_methods' '--warn=clippy::expl_impl_clone_on_copy' '--warn=clippy::enum_glob_use' '--warn=clippy::empty_enums' '--warn=clippy::doc_markdown' '--warn=clippy::debug_assert_with_mut_call' '--warn=clippy::dbg_macro' '--warn=clippy::create_dir' '--allow=clippy::collapsible_else_if' '--warn=clippy::checked_conversions' '--allow=clippy::branches_sharing_code' '--allow=clippy::bool_assert_comparison' '--allow=clippy::blocks_in_conditions' '--allow=clippy::assigning_clones' --cfg 'feature="color"' --cfg 'feature="default"' --cfg 'feature="derive"' --cfg 'feature="env"' --cfg 'feature="error-context"' --cfg 'feature="help"' --cfg 'feature="std"' --cfg 'feature="string"' --cfg 'feature="suggestions"' --cfg 'feature="usage"' --check-cfg 'cfg(docsrs,test)' --check-cfg 'cfg(feature, values("cargo", "color", "debug", "default", "deprecated", "derive", "env", "error-context", "help", "std", "string", "suggestions", "unicode", "unstable-derive-ui-tests", "unstable-doc", "unstable-ext", "unstable-markdown", "unstable-styles", "unstable-v5", "usage", "wrap_help"))' -C metadata=11e40dac14b0a131 -C extra-filename=-7d7f9365a9432301 --out-dir /home/runner/work/router/router/target/debug/deps -L dependency=/home/runner/work/router/router/target/debug/deps --extern clap_builder=/home/runner/work/router/router/target/debug/deps/libclap_builder-3e5945c2388981ae.rmeta --extern clap_derive=/home/runner/work/router/router/target/debug/deps/libclap_derive-acc27ed704518964.so --cap-lints allow -Dwarnings`
Test (ubuntu-latest)	Run tests	2026-05-09T15:57:57.8938673Z ^[[1m^[[92m   Compiling^[[0m url v2.5.8
Test (ubuntu-latest)	Run tests	2026-05-09T15:57:57.8947086Z ^[[1m^[[92m     Running^[[0m `/home/runner/.rustup/toolchains/stable-x86_64-unknown-linux-gnu/bin/rustc --crate-name url --edition=2018 /home/runner/.cargo/registry/src/index.crates.io-1949cf8c6b5b557f/url-2.5.8/src/lib.rs --error-format=json --json=diagnostic-rendered-ansi,artifacts,future-incompat --crate-type lib --emit=dep-info,metadata,link -C embed-bitcode=no -C debuginfo=2 --cfg 'feature="default"' --cfg 'feature="std"' --check-cfg 'cfg(docsrs,test)' --check-cfg 'cfg(feature, values("debugger_visualizer", "default", "expose_internals", "serde", "std"))' -C metadata=d7dbf0d96e125f45 -C extra-filename=-298b1a7f3864f681 --out-dir /home/runner/work/router/router/target/debug/deps -L dependency=/home/runner/work/router/router/target/debug/deps --extern form_urlencoded=/home/runner/work/router/router/target/debug/deps/libform_urlencoded-06380def9d28a005.rmeta --extern idna=/home/runner/work/router/router/target/debug/deps/libidna-29856d9cb86b2704.rmeta --extern percent_encoding=/home/runner/work/router/router/target/debug/deps/libpercent_encoding-ff35adeb94c208c6.rmeta --cap-lints allow -Dwarnings`
Test (ubuntu-latest)	Run tests	2026-05-09T15:57:58.1304260Z ^[[1m^[[92m   Compiling^[[0m tower-http v0.6.8
Test (ubuntu-latest)	Run tests	2026-05-09T15:57:58.1342903Z ^[[1m^[[92m     Running^[[0m `/home/runner/.rustup/toolchains/stable-x86_64-unknown-linux-gnu/bin/rustc --crate-name tower_http --edition=2018 /home/runner/.cargo/registry/src/index.crates.io-1949cf8c6b5b557f/tower-http-0.6.8/src/lib.rs --error-format=json --json=diagnostic-rendered-ansi,artifacts,future-incompat --crate-type lib --emit=dep-info,metadata,link -C embed-bitcode=no -C debuginfo=2 --cfg 'feature="cors"' --cfg 'feature="default"' --cfg 'feature="follow-redirect"' --cfg 'feature="futures-util"' --cfg 'feature="iri-string"' --cfg 'feature="tower"' --cfg 'feature="trace"' --cfg 'feature="tracing"' --check-cfg 'cfg(docsrs,test)' --check-cfg 'cfg(feature, values("add-extension", "async-compression", "auth", "base64", "catch-panic", "compression-br", "compression-deflate", "compression-full", "compression-gzip", "compression-zstd", "cors", "decompression-br", "decompression-deflate", "decompression-full", "decompression-gzip", "decompression-zstd", "default", "follow-redirect", "fs", "full", "futures-core", "futures-util", "httpdate", "iri-string", "limit", "map-request-body", "map-response-body", "metrics", "mime", "mime_guess", "normalize-path", "percent-encoding", "propagate-header", "redirect", "request-id", "sensitive-headers", "set-header", "set-status", "timeout", "tokio", "tokio-util", "tower", "trace", "tracing", "util", "uuid", "validate-request"))' -C metadata=83c226693a93e86d -C extra-filename=-68ae00c2f6f4f2c1 --out-dir /home/runner/work/router/router/target/debug/deps -L dependency=/home/runner/work/router/router/target/debug/deps --extern bitflags=/home/runner/work/router/router/target/debug/deps/libbitflags-1dca89d257b7e756.rmeta --extern bytes=/home/runner/work/router/router/target/debug/deps/libbytes-c50adbf09ebed7c5.rmeta --extern futures_util=/home/runner/work/router/router/target/debug/deps/libfutures_util-c88af18fb62ccf3c.rmeta --extern http=/home/runner/work/router/router/target/debug/deps/libhttp-df218f370a5dfd31.rmeta --extern http_body=/home/runner/work/router/router/target/debug/deps/libhttp_body-65f4a72022006c14.rmeta --extern iri_string=/home/runner/work/router/router/target/debug/deps/libiri_string-a56e7bedf8bc2734.rmeta --extern pin_project_lite=/home/runner/work/router/router/target/debug/deps/libpin_project_lite-0f243a6b657e6a82.rmeta --extern tower=/home/runner/work/router/router/target/debug/deps/libtower-be514c44a084b3bb.rmeta --extern tower_layer=/home/runner/work/router/router/target/debug/deps/libtower_layer-4318b58fb692e0b4.rmeta --extern tower_service=/home/runner/work/router/router/target/debug/deps/libtower_service-6fadb8a635677679.rmeta --extern tracing=/home/runner/work/router/router/target/debug/deps/libtracing-80e998682bbd1908.rmeta --cap-lints allow -Dwarnings`
Test (ubuntu-latest)	Run tests	2026-05-09T15:57:58.4971845Z ^[[1m^[[92m   Compiling^[[0m axum-core v0.5.6
Test (ubuntu-latest)	Run tests	2026-05-09T15:57:58.4996732Z ^[[1m^[[92m     Running^[[0m `/home/runner/.rustup/toolchains/stable-x86_64-unknown-linux-gnu/bin/rustc --crate-name axum_core --edition=2021 /home/runner/.cargo/registry/src/index.crates.io-1949cf8c6b5b557f/axum-core-0.5.6/src/lib.rs --error-format=json --json=diagnostic-rendered-ansi,artifacts,future-incompat --crate-type lib --emit=dep-info,metadata,link -C embed-bitcode=no -C debuginfo=2 --warn=rust_2018_idioms '--warn=clippy::verbose_file_reads' '--warn=clippy::use_self' '--warn=clippy::unused_self' --forbid=unsafe_code --warn=unreachable_pub '--warn=clippy::unnested_or_patterns' '--warn=clippy::uninlined_format_args' '--allow=clippy::type_complexity' '--warn=clippy::trivially_copy_pass_by_ref' '--warn=clippy::todo' '--warn=clippy::suboptimal_flops' '--warn=clippy::str_to_string' '--warn=clippy::single_match_else' '--warn=clippy::return_self_not_must_use' '--warn=clippy::rest_pat_in_fully_bound_structs' '--warn=clippy::ref_option' '--warn=clippy::redundant_clone' '--warn=clippy::option_option' '--warn=clippy::needless_pass_by_value' '--warn=clippy::needless_pass_by_ref_mut' '--warn=clippy::needless_continue' '--warn=clippy::needless_borrow' '--warn=clippy::must_use_candidate' --warn=missing_docs --warn=missing_debug_implementations '--warn=clippy::mem_forget' '--warn=clippy::match_wildcard_for_single_variants' '--warn=clippy::match_same_arms' '--warn=clippy::manual_let_else' '--warn=clippy::macro_use_imports' '--warn=clippy::lossy_float_literal' '--warn=clippy::linkedlist' '--warn=clippy::inefficient_to_string' '--warn=clippy::imprecise_flops' '--warn=clippy::implicit_clone' '--warn=clippy::if_let_mutex' '--warn=clippy::fn_params_excessive_bools' '--warn=clippy::filter_map_next' '--warn=clippy::exit' '--warn=clippy::equatable_if_let' '--warn=clippy::enum_glob_use' '--warn=clippy::empty_enum' '--warn=clippy::dbg_macro' '--warn=clippy::await_holding_lock' --cfg 'feature="tracing"' --check-cfg 'cfg(docsrs,test)' --check-cfg 'cfg(feature, values("__private_docs", "tracing"))' -C metadata=aea5d9253c32ff49 -C extra-filename=-5bd5f4d6838f1ed5 --out-dir /home/runner/work/router/router/target/debug/deps -L dependency=/home/runner/work/router/router/target/debug/deps --extern bytes=/home/runner/work/router/router/target/debug/deps/libbytes-c50adbf09ebed7c5.rmeta --extern futures_core=/home/runner/work/router/router/target/debug/deps/libfutures_core-8242ac571ee06842.rmeta --extern http=/home/runner/work/router/router/target/debug/deps/libhttp-df218f370a5dfd31.rmeta --extern http_body=/home/runner/work/router/router/target/debug/deps/libhttp_body-65f4a72022006c14.rmeta --extern http_body_util=/home/runner/work/router/router/target/debug/deps/libhttp_body_util-c38ae8cbb28b45d6.rmeta --extern mime=/home/runner/work/router/router/target/debug/deps/libmime-932a196fb537a021.rmeta --extern pin_project_lite=/home/runner/work/router/router/target/debug/deps/libpin_project_lite-0f243a6b657e6a82.rmeta --extern sync_wrapper=/home/runner/work/router/router/target/debug/deps/libsync_wrapper-0deb6bfd05a69a77.rmeta --extern tower_layer=/home/runner/work/router/router/target/debug/deps/libtower_layer-4318b58fb692e0b4.rmeta --extern tower_service=/home/runner/work/router/router/target/debug/deps/libtower_service-6fadb8a635677679.rmeta --extern tracing=/home/runner/work/router/router/target/debug/deps/libtracing-80e998682bbd1908.rmeta --cap-lints allow -Dwarnings`
Test (ubuntu-latest)	Run tests	2026-05-09T15:57:58.6665927Z ^[[1m^[[92m   Compiling^[[0m tracing-serde v0.2.0
Test (ubuntu-latest)	Run tests	2026-05-09T15:57:58.6677471Z ^[[1m^[[92m     Running^[[0m `/home/runner/.rustup/toolchains/stable-x86_64-unknown-linux-gnu/bin/rustc --crate-name tracing_serde --edition=2018 /home/runner/.cargo/registry/src/index.crates.io-1949cf8c6b5b557f/tracing-serde-0.2.0/src/lib.rs --error-format=json --json=diagnostic-rendered-ansi,artifacts,future-incompat --crate-type lib --emit=dep-info,metadata,link -C embed-bitcode=no -C debuginfo=2 --warn=unexpected_cfgs --check-cfg 'cfg(flaky_tests)' --check-cfg 'cfg(tracing_unstable)' --check-cfg 'cfg(docsrs,test)' --check-cfg 'cfg(feature, values("valuable", "valuable-serde", "valuable_crate"))' -C metadata=0f13dd88776986fd -C extra-filename=-d655570122485fb5 --out-dir /home/runner/work/router/router/target/debug/deps -L dependency=/home/runner/work/router/router/target/debug/deps --extern serde=/home/runner/work/router/router/target/debug/deps/libserde-85292091c9f44e38.rmeta --extern tracing_core=/home/runner/work/router/router/target/debug/deps/libtracing_core-3ccb6be0dd339440.rmeta --cap-lints allow -Dwarnings`
Test (ubuntu-latest)	Run tests	2026-05-09T15:57:58.7511306Z ^[[1m^[[92m   Compiling^[[0m axum-macros v0.5.0
Test (ubuntu-latest)	Run tests	2026-05-09T15:57:58.7551813Z ^[[1m^[[92m     Running^[[0m `/home/runner/.rustup/toolchains/stable-x86_64-unknown-linux-gnu/bin/rustc --crate-name axum_macros --edition=2021 /home/runner/.cargo/registry/src/index.crates.io-1949cf8c6b5b557f/axum-macros-0.5.0/src/lib.rs --error-format=json --json=diagnostic-rendered-ansi,artifacts,future-incompat --crate-type proc-macro --emit=dep-info,link -C prefer-dynamic -C embed-bitcode=no --warn=rust_2018_idioms '--warn=clippy::verbose_file_reads' '--warn=clippy::unused_self' --forbid=unsafe_code --warn=unreachable_pub '--warn=clippy::unnested_or_patterns' '--warn=clippy::uninlined_format_args' '--allow=clippy::type_complexity' '--warn=clippy::todo' '--warn=clippy::suboptimal_flops' '--warn=clippy::str_to_string' '--warn=clippy::rest_pat_in_fully_bound_structs' '--warn=clippy::option_option' '--warn=clippy::needless_continue' '--warn=clippy::needless_borrow' --warn=missing_docs --warn=missing_debug_implementations '--warn=clippy::mem_forget' '--warn=clippy::match_wildcard_for_single_variants' '--warn=clippy::match_on_vec_items' '--warn=clippy::macro_use_imports' '--warn=clippy::lossy_float_literal' '--warn=clippy::linkedlist' '--warn=clippy::inefficient_to_string' '--warn=clippy::imprecise_flops' '--warn=clippy::if_let_mutex' '--warn=clippy::fn_params_excessive_bools' '--warn=clippy::filter_map_next' '--warn=clippy::exit' '--warn=clippy::enum_glob_use' '--warn=clippy::empty_enum' '--warn=clippy::dbg_macro' '--warn=clippy::await_holding_lock' --cfg 'feature="default"' --check-cfg 'cfg(docsrs,test)' --check-cfg 'cfg(feature, values("__private", "default"))' -C metadata=e472413840d86a5e -C extra-filename=-4ee776d51149f0f5 --out-dir /home/runner/work/router/router/target/debug/deps -L dependency=/home/runner/work/router/router/target/debug/deps --extern proc_macro2=/home/runner/work/router/router/target/debug/deps/libproc_macro2-cc22a5bd9cc2e88a.rlib --extern quote=/home/runner/work/router/router/target/debug/deps/libquote-c59734c285e87097.rlib --extern syn=/home/runner/work/router/router/target/debug/deps/libsyn-8cbfeb3153951041.rlib --extern proc_macro --cap-lints allow -Dwarnings`
Test (ubuntu-latest)	Run tests	2026-05-09T15:57:59.0494951Z ^[[1m^[[92m   Compiling^[[0m pem v3.0.6
Test (ubuntu-latest)	Run tests	2026-05-09T15:57:59.0521267Z ^[[1m^[[92m     Running^[[0m `/home/runner/.rustup/toolchains/stable-x86_64-unknown-linux-gnu/bin/rustc --crate-name pem --edition=2021 /home/runner/.cargo/registry/src/index.crates.io-1949cf8c6b5b557f/pem-3.0.6/src/lib.rs --error-format=json --json=diagnostic-rendered-ansi,artifacts,future-incompat --crate-type lib --emit=dep-info,metadata,link -C embed-bitcode=no -C debuginfo=2 --cfg 'feature="default"' --cfg 'feature="std"' --check-cfg 'cfg(docsrs,test)' --check-cfg 'cfg(feature, values("default", "serde", "std"))' -C metadata=4906f0335e83f740 -C extra-filename=-d4a0138437bcc8a5 --out-dir /home/runner/work/router/router/target/debug/deps -L dependency=/home/runner/work/router/router/target/debug/deps --extern base64=/home/runner/work/router/router/target/debug/deps/libbase64-b0c1b91ad8713475.rmeta --cap-lints allow -Dwarnings`
Test (ubuntu-latest)	Run tests	2026-05-09T15:57:59.1885765Z ^[[1m^[[92m     Running^[[0m `/home/runner/.rustup/toolchains/stable-x86_64-unknown-linux-gnu/bin/rustc --crate-name ring --edition=2021 /home/runner/.cargo/registry/src/index.crates.io-1949cf8c6b5b557f/ring-0.17.14/src/lib.rs --error-format=json --json=diagnostic-rendered-ansi,artifacts,future-incompat --crate-type lib --emit=dep-info,metadata,link -C embed-bitcode=no -C debuginfo=2 --cfg 'feature="alloc"' --cfg 'feature="default"' --cfg 'feature="dev_urandom_fallback"' --cfg 'feature="std"' --check-cfg 'cfg(docsrs,test)' --check-cfg 'cfg(feature, values("alloc", "default", "dev_urandom_fallback", "less-safe-getrandom-custom-or-rdrand", "less-safe-getrandom-espidf", "slow_tests", "std", "test_logging", "unstable-testing-arm-no-hw", "unstable-testing-arm-no-neon", "wasm32_unknown_unknown_js"))' -C metadata=eddd3b76b9ead166 -C extra-filename=-d8bca5629a94ddd9 --out-dir /home/runner/work/router/router/target/debug/deps -L dependency=/home/runner/work/router/router/target/debug/deps --extern cfg_if=/home/runner/work/router/router/target/debug/deps/libcfg_if-0ee797985b074c2f.rmeta --extern getrandom=/home/runner/work/router/router/target/debug/deps/libgetrandom-a899884d97a244fb.rmeta --extern untrusted=/home/runner/work/router/router/target/debug/deps/libuntrusted-06bdaf5dd3801150.rmeta --cap-lints allow -Dwarnings -L native=/home/runner/work/router/router/target/debug/build/ring-bd1e6b00a9b3f90b/out -l static=ring_core_0_17_14_ -l static=ring_core_0_17_14__test`
Test (ubuntu-latest)	Run tests	2026-05-09T15:57:59.3615115Z ^[[1m^[[92m   Compiling^[[0m serde_path_to_error v0.1.20
Test (ubuntu-latest)	Run tests	2026-05-09T15:57:59.3629899Z ^[[1m^[[92m     Running^[[0m `/home/runner/.rustup/toolchains/stable-x86_64-unknown-linux-gnu/bin/rustc --crate-name serde_path_to_error --edition=2021 /home/runner/.cargo/registry/src/index.crates.io-1949cf8c6b5b557f/serde_path_to_error-0.1.20/src/lib.rs --error-format=json --json=diagnostic-rendered-ansi,artifacts,future-incompat --crate-type lib --emit=dep-info,metadata,link -C embed-bitcode=no -C debuginfo=2 --check-cfg 'cfg(docsrs,test)' --check-cfg 'cfg(feature, values())' -C metadata=0cb86c8f4e0b2cf1 -C extra-filename=-9dcf6a481168e159 --out-dir /home/runner/work/router/router/target/debug/deps -L dependency=/home/runner/work/router/router/target/debug/deps --extern itoa=/home/runner/work/router/router/target/debug/deps/libitoa-1e9e28e3981cf9af.rmeta --extern serde_core=/home/runner/work/router/router/target/debug/deps/libserde_core-d9146068b4f8a12a.rmeta --cap-lints allow -Dwarnings`
Test (ubuntu-latest)	Run tests	2026-05-09T15:57:59.6795357Z ^[[1m^[[92m   Compiling^[[0m tracing-log v0.2.0
Test (ubuntu-latest)	Run tests	2026-05-09T15:57:59.6826778Z ^[[1m^[[92m     Running^[[0m `/home/runner/.rustup/toolchains/stable-x86_64-unknown-linux-gnu/bin/rustc --crate-name tracing_log --edition=2018 /home/runner/.cargo/registry/src/index.crates.io-1949cf8c6b5b557f/tracing-log-0.2.0/src/lib.rs --error-format=json --json=diagnostic-rendered-ansi,artifacts,future-incompat --crate-type lib --emit=dep-info,metadata,link -C embed-bitcode=no -C debuginfo=2 --cfg 'feature="log-tracer"' --cfg 'feature="std"' --check-cfg 'cfg(docsrs,test)' --check-cfg 'cfg(feature, values("ahash", "default", "interest-cache", "log-tracer", "lru", "std"))' -C metadata=6d561c927d2cbb0f -C extra-filename=-35b54488d9a2a366 --out-dir /home/runner/work/router/router/target/debug/deps -L dependency=/home/runner/work/router/router/target/debug/deps --extern log=/home/runner/work/router/router/target/debug/deps/liblog-059bc689be228a7e.rmeta --extern once_cell=/home/runner/work/router/router/target/debug/deps/libonce_cell-12d43d541c2c1369.rmeta --extern tracing_core=/home/runner/work/router/router/target/debug/deps/libtracing_core-3ccb6be0dd339440.rmeta --cap-lints allow -Dwarnings`
Test (ubuntu-latest)	Run tests	2026-05-09T15:57:59.8392166Z ^[[1m^[[92m   Compiling^[[0m thread_local v1.1.9
Test (ubuntu-latest)	Run tests	2026-05-09T15:57:59.8459988Z ^[[1m^[[92m     Running^[[0m `/home/runner/.rustup/toolchains/stable-x86_64-unknown-linux-gnu/bin/rustc --crate-name thread_local --edition=2021 /home/runner/.cargo/registry/src/index.crates.io-1949cf8c6b5b557f/thread_local-1.1.9/src/lib.rs --error-format=json --json=diagnostic-rendered-ansi,artifacts,future-incompat --crate-type lib --emit=dep-info,metadata,link -C embed-bitcode=no -C debuginfo=2 --check-cfg 'cfg(docsrs,test)' --check-cfg 'cfg(feature, values("nightly"))' -C metadata=082bb7d7c4e495c7 -C extra-filename=-8173cc8c33796d0d --out-dir /home/runner/work/router/router/target/debug/deps -L dependency=/home/runner/work/router/router/target/debug/deps --extern cfg_if=/home/runner/work/router/router/target/debug/deps/libcfg_if-0ee797985b074c2f.rmeta --cap-lints allow -Dwarnings`
Test (ubuntu-latest)	Run tests	2026-05-09T15:57:59.9396573Z ^[[1m^[[92m   Compiling^[[0m encoding_rs v0.8.35
Test (ubuntu-latest)	Run tests	2026-05-09T15:57:59.9406142Z ^[[1m^[[92m     Running^[[0m `/home/runner/.rustup/toolchains/stable-x86_64-unknown-linux-gnu/bin/rustc --crate-name encoding_rs --edition=2018 /home/runner/.cargo/registry/src/index.crates.io-1949cf8c6b5b557f/encoding_rs-0.8.35/src/lib.rs --error-format=json --json=diagnostic-rendered-ansi,artifacts,future-incompat --crate-type lib --emit=dep-info,metadata,link -C embed-bitcode=no -C debuginfo=2 --cfg 'feature="alloc"' --cfg 'feature="default"' --check-cfg 'cfg(docsrs,test)' --check-cfg 'cfg(feature, values("alloc", "any_all_workaround", "default", "fast-big5-hanzi-encode", "fast-gb-hanzi-encode", "fast-hangul-encode", "fast-hanja-encode", "fast-kanji-encode", "fast-legacy-encode", "less-slow-big5-hanzi-encode", "less-slow-gb-hanzi-encode", "less-slow-kanji-encode", "serde", "simd-accel"))' -C metadata=0e94e385332aa2c4 -C extra-filename=-7d451f7aaab2af99 --out-dir /home/runner/work/router/router/target/debug/deps -L dependency=/home/runner/work/router/router/target/debug/deps --extern cfg_if=/home/runner/work/router/router/target/debug/deps/libcfg_if-0ee797985b074c2f.rmeta --cap-lints allow -Dwarnings`
Test (ubuntu-latest)	Run tests	2026-05-09T15:58:00.0037586Z ^[[1m^[[92m   Compiling^[[0m dotenvy v0.15.7
Test (ubuntu-latest)	Run tests	2026-05-09T15:58:00.0059089Z ^[[1m^[[92m     Running^[[0m `/home/runner/.rustup/toolchains/stable-x86_64-unknown-linux-gnu/bin/rustc --crate-name dotenvy --edition=2018 /home/runner/.cargo/registry/src/index.crates.io-1949cf8c6b5b557f/dotenvy-0.15.7/src/lib.rs --error-format=json --json=diagnostic-rendered-ansi,artifacts,future-incompat --crate-type lib --emit=dep-info,metadata,link -C embed-bitcode=no -C debuginfo=2 --check-cfg 'cfg(docsrs,test)' --check-cfg 'cfg(feature, values("clap", "cli"))' -C metadata=1a362853cf6b4b03 -C extra-filename=-ec32129acf1681cf --out-dir /home/runner/work/router/router/target/debug/deps -L dependency=/home/runner/work/router/router/target/debug/deps --cap-lints allow -Dwarnings`
Test (ubuntu-latest)	Run tests	2026-05-09T15:58:00.2624976Z ^[[1m^[[92m   Compiling^[[0m matchit v0.8.4
Test (ubuntu-latest)	Run tests	2026-05-09T15:58:00.2630712Z ^[[1m^[[92m     Running^[[0m `/home/runner/.rustup/toolchains/stable-x86_64-unknown-linux-gnu/bin/rustc --crate-name matchit --edition=2021 /home/runner/.cargo/registry/src/index.crates.io-1949cf8c6b5b557f/matchit-0.8.4/src/lib.rs --error-format=json --json=diagnostic-rendered-ansi,artifacts,future-incompat --crate-type lib --emit=dep-info,metadata,link -C embed-bitcode=no -C debuginfo=2 --cfg 'feature="default"' --check-cfg 'cfg(docsrs,test)' --check-cfg 'cfg(feature, values("__test_helpers", "default"))' -C metadata=3b7f60129ff70953 -C extra-filename=-243c19eb6bc5cfbb --out-dir /home/runner/work/router/router/target/debug/deps -L dependency=/home/runner/work/router/router/target/debug/deps --cap-lints allow -Dwarnings`
Test (ubuntu-latest)	Run tests	2026-05-09T15:58:00.3496009Z ^[[1m^[[92m   Compiling^[[0m lino-env v0.1.0
Test (ubuntu-latest)	Run tests	2026-05-09T15:58:00.3520472Z ^[[1m^[[92m     Running^[[0m `/home/runner/.rustup/toolchains/stable-x86_64-unknown-linux-gnu/bin/rustc --crate-name lino_env --edition=2021 /home/runner/.cargo/registry/src/index.crates.io-1949cf8c6b5b557f/lino-env-0.1.0/src/lib.rs --error-format=json --json=diagnostic-rendered-ansi,artifacts,future-incompat --crate-type lib --emit=dep-info,metadata,link -C embed-bitcode=no -C debuginfo=2 '--warn=clippy::pedantic' '--warn=clippy::nursery' '--warn=clippy::all' --forbid=unsafe_code '--allow=clippy::too_many_lines' '--allow=clippy::module_name_repetitions' '--allow=clippy::missing_panics_doc' '--allow=clippy::missing_errors_doc' --check-cfg 'cfg(docsrs,test)' --check-cfg 'cfg(feature, values())' -C metadata=5b888fffb69024cf -C extra-filename=-64a0a14809d56eb6 --out-dir /home/runner/work/router/router/target/debug/deps -L dependency=/home/runner/work/router/router/target/debug/deps --cap-lints allow -Dwarnings`
Test (ubuntu-latest)	Run tests	2026-05-09T15:58:00.5777171Z ^[[1m^[[92m   Compiling^[[0m cpufeatures v0.2.17
Test (ubuntu-latest)	Run tests	2026-05-09T15:58:00.5819940Z ^[[1m^[[92m     Running^[[0m `/home/runner/.rustup/toolchains/stable-x86_64-unknown-linux-gnu/bin/rustc --crate-name cpufeatures --edition=2018 /home/runner/.cargo/registry/src/index.crates.io-1949cf8c6b5b557f/cpufeatures-0.2.17/src/lib.rs --error-format=json --json=diagnostic-rendered-ansi,artifacts,future-incompat --crate-type lib --emit=dep-info,metadata,link -C embed-bitcode=no -C debuginfo=2 --check-cfg 'cfg(docsrs,test)' --check-cfg 'cfg(feature, values())' -C metadata=f66598f697aa1da0 -C extra-filename=-96f5a68ed525e27a --out-dir /home/runner/work/router/router/target/debug/deps -L dependency=/home/runner/work/router/router/target/debug/deps --cap-lints allow -Dwarnings`
Test (ubuntu-latest)	Run tests	2026-05-09T15:58:00.6054831Z ^[[1m^[[92m   Compiling^[[0m rustix v1.1.4
Test (ubuntu-latest)	Run tests	2026-05-09T15:58:00.6104659Z ^[[1m^[[92m     Running^[[0m `/home/runner/.rustup/toolchains/stable-x86_64-unknown-linux-gnu/bin/rustc --crate-name build_script_build --edition=2021 /home/runner/.cargo/registry/src/index.crates.io-1949cf8c6b5b557f/rustix-1.1.4/build.rs --error-format=json --json=diagnostic-rendered-ansi,artifacts,future-incompat --crate-type bin --emit=dep-info,link -C embed-bitcode=no --warn=unexpected_cfgs --check-cfg 'cfg(alloc_c_string)' --check-cfg 'cfg(alloc_ffi)' --check-cfg 'cfg(apple)' --check-cfg 'cfg(asm_experimental_arch)' --check-cfg 'cfg(bsd)' --check-cfg 'cfg(core_c_str)' --check-cfg 'cfg(core_ffi_c)' --check-cfg 'cfg(core_intrinsics)' --check-cfg 'cfg(criterion)' --check-cfg 'cfg(document_experimental_runtime_api)' --check-cfg 'cfg(error_in_core)' --check-cfg 'cfg(fix_y2038)' --check-cfg 'cfg(freebsdlike)' --check-cfg 'cfg(libc)' --check-cfg 'cfg(linux_kernel)' --check-cfg 'cfg(linux_like)' --check-cfg 'cfg(linux_raw)' --check-cfg 'cfg(linux_raw_dep)' --check-cfg 'cfg(lower_upper_exp_for_non_zero)' --check-cfg 'cfg(sanitize_memory)' --check-cfg 'cfg(netbsdlike)' --check-cfg 'cfg(rustc_attrs)' --check-cfg 'cfg(rustc_diagnostics)' --check-cfg 'cfg(solarish)' --check-cfg 'cfg(staged_api)' --check-cfg 'cfg(static_assertions)' --check-cfg 'cfg(thumb_mode)' --check-cfg 'cfg(wasi)' --check-cfg 'cfg(wasi_ext)' --check-cfg 'cfg(wasip2)' --check-cfg 'cfg(target_arch, values("xtensa"))' --check-cfg 'cfg(target_os, values("cygwin"))' --cfg 'feature="alloc"' --cfg 'feature="default"' --cfg 'feature="fs"' --cfg 'feature="std"' --check-cfg 'cfg(docsrs,test)' --check-cfg 'cfg(feature, values("all-apis", "alloc", "core", "default", "event", "fs", "io_uring", "libc", "libc_errno", "linux_4_11", "linux_5_1", "linux_5_11", "linux_latest", "mm", "mount", "net", "param", "pipe", "process", "pty", "rand", "runtime", "rustc-dep-of-std", "rustc-std-workspace-alloc", "shm", "std", "stdio", "system", "termios", "thread", "time", "try_close", "use-explicitly-provided-auxv", "use-libc", "use-libc-auxv"))' -C metadata=421f0b70c33b6e91 -C extra-filename=-0caf51910b44fbe1 --out-dir /home/runner/work/router/router/target/debug/build/rustix-0caf51910b44fbe1 -L dependency=/home/runner/work/router/router/target/debug/deps --cap-lints allow -Dwarnings`
Test (ubuntu-latest)	Run tests	2026-05-09T15:58:00.6584846Z ^[[1m^[[92m   Compiling^[[0m iana-time-zone v0.1.65
Test (ubuntu-latest)	Run tests	2026-05-09T15:58:00.6629014Z ^[[1m^[[92m     Running^[[0m `/home/runner/.rustup/toolchains/stable-x86_64-unknown-linux-gnu/bin/rustc --crate-name iana_time_zone --edition=2021 /home/runner/.cargo/registry/src/index.crates.io-1949cf8c6b5b557f/iana-time-zone-0.1.65/src/lib.rs --error-format=json --json=diagnostic-rendered-ansi,artifacts,future-incompat --crate-type lib --emit=dep-info,metadata,link -C embed-bitcode=no -C debuginfo=2 --cfg 'feature="fallback"' --check-cfg 'cfg(docsrs,test)' --check-cfg 'cfg(feature, values("fallback"))' -C metadata=4a53750c6a8cbea2 -C extra-filename=-9bc046a68a93050d --out-dir /home/runner/work/router/router/target/debug/deps -L dependency=/home/runner/work/router/router/target/debug/deps --cap-lints allow -Dwarnings`
Test (ubuntu-latest)	Run tests	2026-05-09T15:58:00.8204775Z ^[[1m^[[92m   Compiling^[[0m nu-ansi-term v0.50.3
Test (ubuntu-latest)	Run tests	2026-05-09T15:58:00.8269360Z ^[[1m^[[92m     Running^[[0m `/home/runner/.rustup/toolchains/stable-x86_64-unknown-linux-gnu/bin/rustc --crate-name nu_ansi_term --edition=2021 /home/runner/.cargo/registry/src/index.crates.io-1949cf8c6b5b557f/nu-ansi-term-0.50.3/src/lib.rs --error-format=json --json=diagnostic-rendered-ansi,artifacts,future-incompat --crate-type lib --emit=dep-info,metadata,link -C embed-bitcode=no -C debuginfo=2 --cfg 'feature="default"' --cfg 'feature="std"' --check-cfg 'cfg(docsrs,test)' --check-cfg 'cfg(feature, values("default", "derive_serde_style", "gnu_legacy", "serde", "std"))' -C metadata=65df1795f90474a6 -C extra-filename=-b9a8fb4695c147b2 --out-dir /home/runner/work/router/router/target/debug/deps -L dependency=/home/runner/work/router/router/target/debug/deps --cap-lints allow -Dwarnings`
Test (ubuntu-latest)	Run tests	2026-05-09T15:58:00.8565800Z ^[[1m^[[92m     Running^[[0m `/home/runner/work/router/router/target/debug/build/rustix-0caf51910b44fbe1/build-script-build`
Test (ubuntu-latest)	Run tests	2026-05-09T15:58:00.9184755Z ^[[1m^[[92m   Compiling^[[0m chrono v0.4.44
Test (ubuntu-latest)	Run tests	2026-05-09T15:58:00.9224401Z ^[[1m^[[92m     Running^[[0m `/home/runner/.rustup/toolchains/stable-x86_64-unknown-linux-gnu/bin/rustc --crate-name chrono --edition=2021 /home/runner/.cargo/registry/src/index.crates.io-1949cf8c6b5b557f/chrono-0.4.44/src/lib.rs --error-format=json --json=diagnostic-rendered-ansi,artifacts,future-incompat --crate-type lib --emit=dep-info,metadata,link -C embed-bitcode=no -C debuginfo=2 --cfg 'feature="alloc"' --cfg 'feature="clock"' --cfg 'feature="default"' --cfg 'feature="iana-time-zone"' --cfg 'feature="js-sys"' --cfg 'feature="now"' --cfg 'feature="oldtime"' --cfg 'feature="serde"' --cfg 'feature="std"' --cfg 'feature="wasm-bindgen"' --cfg 'feature="wasmbind"' --cfg 'feature="winapi"' --cfg 'feature="windows-link"' --check-cfg 'cfg(docsrs,test)' --check-cfg 'cfg(feature, values("__internal_bench", "alloc", "arbitrary", "clock", "core-error", "default", "defmt", "iana-time-zone", "js-sys", "libc", "now", "oldtime", "pure-rust-locales", "rkyv", "rkyv-16", "rkyv-32", "rkyv-64", "rkyv-validation", "serde", "std", "unstable-locales", "wasm-bindgen", "wasmbind", "winapi", "windows-link"))' -C metadata=d046f5920670f78f -C extra-filename=-33b50abaf643a4d9 --out-dir /home/runner/work/router/router/target/debug/deps -L dependency=/home/runner/work/router/router/target/debug/deps --extern iana_time_zone=/home/runner/work/router/router/target/debug/deps/libiana_time_zone-9bc046a68a93050d.rmeta --extern num_traits=/home/runner/work/router/router/target/debug/deps/libnum_traits-2d5af114e9bbb8ce.rmeta --extern serde=/home/runner/work/router/router/target/debug/deps/libserde-85292091c9f44e38.rmeta --cap-lints allow -Dwarnings`
Test (ubuntu-latest)	Run tests	2026-05-09T15:58:01.1115148Z ^[[1m^[[92m   Compiling^[[0m tracing-subscriber v0.3.23
Test (ubuntu-latest)	Run tests	2026-05-09T15:58:01.1154292Z ^[[1m^[[92m     Running^[[0m `/home/runner/.rustup/toolchains/stable-x86_64-unknown-linux-gnu/bin/rustc --crate-name tracing_subscriber --edition=2018 /home/runner/.cargo/registry/src/index.crates.io-1949cf8c6b5b557f/tracing-subscriber-0.3.23/src/lib.rs --error-format=json --json=diagnostic-rendered-ansi,artifacts,future-incompat --crate-type lib --emit=dep-info,metadata,link -C embed-bitcode=no -C debuginfo=2 --warn=unexpected_cfgs --check-cfg 'cfg(flaky_tests)' --check-cfg 'cfg(tracing_unstable)' --check-cfg 'cfg(unsound_local_offset)' --cfg 'feature="alloc"' --cfg 'feature="ansi"' --cfg 'feature="default"' --cfg 'feature="env-filter"' --cfg 'feature="fmt"' --cfg 'feature="json"' --cfg 'feature="matchers"' --cfg 'feature="nu-ansi-term"' --cfg 'feature="once_cell"' --cfg 'feature="registry"' --cfg 'feature="serde"' --cfg 'feature="serde_json"' --cfg 'feature="sharded-slab"' --cfg 'feature="smallvec"' --cfg 'feature="std"' --cfg 'feature="thread_local"' --cfg 'feature="tracing"' --cfg 'feature="tracing-log"' --cfg 'feature="tracing-serde"' --check-cfg 'cfg(docsrs,test)' --check-cfg 'cfg(feature, values("alloc", "ansi", "chrono", "default", "env-filter", "fmt", "json", "local-time", "matchers", "nu-ansi-term", "once_cell", "parking_lot", "regex", "registry", "serde", "serde_json", "sharded-slab", "smallvec", "std", "thread_local", "time", "tracing", "tracing-log", "tracing-serde", "valuable", "valuable-serde", "valuable_crate"))' -C metadata=5144eeaf965a3b68 -C extra-filename=-6410644e7fa1d2f7 --out-dir /home/runner/work/router/router/target/debug/deps -L dependency=/home/runner/work/router/router/target/debug/deps --extern matchers=/home/runner/work/router/router/target/debug/deps/libmatchers-e0401b4225797df4.rmeta --extern nu_ansi_term=/home/runner/work/router/router/target/debug/deps/libnu_ansi_term-b9a8fb4695c147b2.rmeta --extern once_cell=/home/runner/work/router/router/target/debug/deps/libonce_cell-12d43d541c2c1369.rmeta --extern regex_automata=/home/runner/work/router/router/target/debug/deps/libregex_automata-8a4a735361d4b704.rmeta --extern serde=/home/runner/work/router/router/target/debug/deps/libserde-85292091c9f44e38.rmeta --extern serde_json=/home/runner/work/router/router/target/debug/deps/libserde_json-2a929f6947643107.rmeta --extern sharded_slab=/home/runner/work/router/router/target/debug/deps/libsharded_slab-a1c1a3e55835d9a8.rmeta --extern smallvec=/home/runner/work/router/router/target/debug/deps/libsmallvec-96973b0900e7da08.rmeta --extern thread_local=/home/runner/work/router/router/target/debug/deps/libthread_local-8173cc8c33796d0d.rmeta --extern tracing=/home/runner/work/router/router/target/debug/deps/libtracing-80e998682bbd1908.rmeta --extern tracing_core=/home/runner/work/router/router/target/debug/deps/libtracing_core-3ccb6be0dd339440.rmeta --extern tracing_log=/home/runner/work/router/router/target/debug/deps/libtracing_log-35b54488d9a2a366.rmeta --extern tracing_serde=/home/runner/work/router/router/target/debug/deps/libtracing_serde-d655570122485fb5.rmeta --cap-lints allow -Dwarnings`
Test (ubuntu-latest)	Run tests	2026-05-09T15:58:01.4851708Z ^[[1m^[[92m   Compiling^[[0m reqwest v0.12.28
Test (ubuntu-latest)	Run tests	2026-05-09T15:58:01.4923203Z ^[[1m^[[92m     Running^[[0m `/home/runner/.rustup/toolchains/stable-x86_64-unknown-linux-gnu/bin/rustc --crate-name reqwest --edition=2021 /home/runner/.cargo/registry/src/index.crates.io-1949cf8c6b5b557f/reqwest-0.12.28/src/lib.rs --error-format=json --json=diagnostic-rendered-ansi,artifacts,future-incompat --crate-type lib --emit=dep-info,metadata,link -C embed-bitcode=no -C debuginfo=2 --warn=unexpected_cfgs --check-cfg 'cfg(reqwest_unstable)' --cfg 'feature="__tls"' --cfg 'feature="charset"' --cfg 'feature="default"' --cfg 'feature="default-tls"' --cfg 'feature="h2"' --cfg 'feature="http2"' --cfg 'feature="json"' --cfg 'feature="stream"' --cfg 'feature="system-proxy"' --check-cfg 'cfg(docsrs,test)' --check-cfg 'cfg(feature, values("__rustls", "__rustls-ring", "__tls", "blocking", "brotli", "charset", "cookies", "default", "default-tls", "deflate", "gzip", "h2", "hickory-dns", "http2", "http3", "json", "macos-system-configuration", "multipart", "native-tls", "native-tls-alpn", "native-tls-vendored", "rustls-tls", "rustls-tls-manual-roots", "rustls-tls-manual-roots-no-provider", "rustls-tls-native-roots", "rustls-tls-native-roots-no-provider", "rustls-tls-no-provider", "rustls-tls-webpki-roots", "rustls-tls-webpki-roots-no-provider", "socks", "stream", "system-proxy", "trust-dns", "zstd"))' -C metadata=db7454858f28970d -C extra-filename=-ec07d56440b19866 --out-dir /home/runner/work/router/router/target/debug/deps -L dependency=/home/runner/work/router/router/target/debug/deps --extern base64=/home/runner/work/router/router/target/debug/deps/libbase64-b0c1b91ad8713475.rmeta --extern bytes=/home/runner/work/router/router/target/debug/deps/libbytes-c50adbf09ebed7c5.rmeta --extern encoding_rs=/home/runner/work/router/router/target/debug/deps/libencoding_rs-7d451f7aaab2af99.rmeta --extern futures_core=/home/runner/work/router/router/target/debug/deps/libfutures_core-8242ac571ee06842.rmeta --extern futures_util=/home/runner/work/router/router/target/debug/deps/libfutures_util-c88af18fb62ccf3c.rmeta --extern h2=/home/runner/work/router/router/target/debug/deps/libh2-30b5517672b4dad1.rmeta --extern http=/home/runner/work/router/router/target/debug/deps/libhttp-df218f370a5dfd31.rmeta --extern http_body=/home/runner/work/router/router/target/debug/deps/libhttp_body-65f4a72022006c14.rmeta --extern http_body_util=/home/runner/work/router/router/target/debug/deps/libhttp_body_util-c38ae8cbb28b45d6.rmeta --extern hyper=/home/runner/work/router/router/target/debug/deps/libhyper-8602e07f51d7f73e.rmeta --extern hyper_tls=/home/runner/work/router/router/target/debug/deps/libhyper_tls-4576a84498fd86cc.rmeta --extern hyper_util=/home/runner/work/router/router/target/debug/deps/libhyper_util-377b19218a12252c.rmeta --extern log=/home/runner/work/router/router/target/debug/deps/liblog-059bc689be228a7e.rmeta --extern mime=/home/runner/work/router/router/target/debug/deps/libmime-932a196fb537a021.rmeta --extern native_tls_crate=/home/runner/work/router/router/target/debug/deps/libnative_tls-e82bc646e9dba778.rmeta --extern percent_encoding=/home/runner/work/router/router/target/debug/deps/libpercent_encoding-ff35adeb94c208c6.rmeta --extern pin_project_lite=/home/runner/work/router/router/target/debug/deps/libpin_project_lite-0f243a6b657e6a82.rmeta --extern rustls_pki_types=/home/runner/work/router/router/target/debug/deps/librustls_pki_types-16df57573cca2fdb.rmeta --extern serde=/home/runner/work/router/router/target/debug/deps/libserde-85292091c9f44e38.rmeta --extern serde_json=/home/runner/work/router/router/target/debug/deps/libserde_json-2a929f6947643107.rmeta --extern serde_urlencoded=/home/runner/work/router/router/target/debug/deps/libserde_urlencoded-1e4400318910d70b.rmeta --extern sync_wrapper=/home/runner/work/router/router/target/debug/deps/libsync_wrapper-0deb6bfd05a69a77.rmeta --extern tokio=/home/runner/work/router/router/target/debug/deps/libtokio-6ab14ea65eea979a.rmeta --extern tokio_native_tls=/home/runner/work/router/router/target/debug/deps/libtokio_native_tls-69bdf714f5ec81bd.rmeta --extern tokio_util=/home/runner/work/router/router/target/debug/deps/libtokio_util-525f4cf8d7312076.rmeta --extern tower=/home/runner/work/router/router/target/debug/deps/libtower-be514c44a084b3bb.rmeta --extern tower_http=/home/runner/work/router/router/target/debug/deps/libtower_http-68ae00c2f6f4f2c1.rmeta --extern tower_service=/home/runner/work/router/router/target/debug/deps/libtower_service-6fadb8a635677679.rmeta --extern url=/home/runner/work/router/router/target/debug/deps/liburl-298b1a7f3864f681.rmeta --cap-lints allow -Dwarnings`
Test (ubuntu-latest)	Run tests	2026-05-09T15:58:01.7839996Z ^[[1m^[[92m   Compiling^[[0m sha2 v0.10.9
Test (ubuntu-latest)	Run tests	2026-05-09T15:58:01.7871413Z ^[[1m^[[92m     Running^[[0m `/home/runner/.rustup/toolchains/stable-x86_64-unknown-linux-gnu/bin/rustc --crate-name sha2 --edition=2018 /home/runner/.cargo/registry/src/index.crates.io-1949cf8c6b5b557f/sha2-0.10.9/src/lib.rs --error-format=json --json=diagnostic-rendered-ansi,artifacts,future-incompat --crate-type lib --emit=dep-info,metadata,link -C embed-bitcode=no -C debuginfo=2 --cfg 'feature="default"' --cfg 'feature="std"' --check-cfg 'cfg(docsrs,test)' --check-cfg 'cfg(feature, values("asm", "asm-aarch64", "compress", "default", "force-soft", "force-soft-compact", "loongarch64_asm", "oid", "sha2-asm", "std"))' -C metadata=7c7ebe1cdd671099 -C extra-filename=-6fd3cec4e769ac0c --out-dir /home/runner/work/router/router/target/debug/deps -L dependency=/home/runner/work/router/router/target/debug/deps --extern cfg_if=/home/runner/work/router/router/target/debug/deps/libcfg_if-0ee797985b074c2f.rmeta --extern cpufeatures=/home/runner/work/router/router/target/debug/deps/libcpufeatures-96f5a68ed525e27a.rmeta --extern digest=/home/runner/work/router/router/target/debug/deps/libdigest-de4407d0212f5a40.rmeta --cap-lints allow -Dwarnings`
Test (ubuntu-latest)	Run tests	2026-05-09T15:58:02.1124851Z ^[[1m^[[92m   Compiling^[[0m jsonwebtoken v9.3.1
Test (ubuntu-latest)	Run tests	2026-05-09T15:58:02.1164249Z ^[[1m^[[92m     Running^[[0m `/home/runner/.rustup/toolchains/stable-x86_64-unknown-linux-gnu/bin/rustc --crate-name jsonwebtoken --edition=2021 /home/runner/.cargo/registry/src/index.crates.io-1949cf8c6b5b557f/jsonwebtoken-9.3.1/src/lib.rs --error-format=json --json=diagnostic-rendered-ansi,artifacts,future-incompat --crate-type lib --emit=dep-info,metadata,link -C embed-bitcode=no -C debuginfo=2 --cfg 'feature="default"' --cfg 'feature="pem"' --cfg 'feature="simple_asn1"' --cfg 'feature="use_pem"' --check-cfg 'cfg(docsrs,test)' --check-cfg 'cfg(feature, values("default", "pem", "simple_asn1", "use_pem"))' -C metadata=4a0b41f841bca0d2 -C extra-filename=-962bb7944d5bfe65 --out-dir /home/runner/work/router/router/target/debug/deps -L dependency=/home/runner/work/router/router/target/debug/deps --extern base64=/home/runner/work/router/router/target/debug/deps/libbase64-b0c1b91ad8713475.rmeta --extern pem=/home/runner/work/router/router/target/debug/deps/libpem-d4a0138437bcc8a5.rmeta --extern ring=/home/runner/work/router/router/target/debug/deps/libring-d8bca5629a94ddd9.rmeta --extern serde=/home/runner/work/router/router/target/debug/deps/libserde-85292091c9f44e38.rmeta --extern serde_json=/home/runner/work/router/router/target/debug/deps/libserde_json-2a929f6947643107.rmeta --extern simple_asn1=/home/runner/work/router/router/target/debug/deps/libsimple_asn1-0db6722478b2fcb2.rmeta --cap-lints allow -Dwarnings -L native=/home/runner/work/router/router/target/debug/build/ring-bd1e6b00a9b3f90b/out`
Test (ubuntu-latest)	Run tests	2026-05-09T15:58:02.5675355Z ^[[1m^[[92m   Compiling^[[0m axum v0.8.8
Test (ubuntu-latest)	Run tests	2026-05-09T15:58:02.5778741Z ^[[1m^[[92m     Running^[[0m `/home/runner/.rustup/toolchains/stable-x86_64-unknown-linux-gnu/bin/rustc --crate-name axum --edition=2021 /home/runner/.cargo/registry/src/index.crates.io-1949cf8c6b5b557f/axum-0.8.8/src/lib.rs --error-format=json --json=diagnostic-rendered-ansi,artifacts,future-incompat --crate-type lib --emit=dep-info,metadata,link -C embed-bitcode=no -C debuginfo=2 --warn=rust_2018_idioms '--warn=clippy::verbose_file_reads' '--warn=clippy::unused_self' --forbid=unsafe_code --warn=unreachable_pub '--warn=clippy::unnested_or_patterns' '--warn=clippy::uninlined_format_args' '--allow=clippy::type_complexity' '--warn=clippy::todo' '--warn=clippy::suboptimal_flops' '--warn=clippy::str_to_string' '--warn=clippy::return_self_not_must_use' '--warn=clippy::rest_pat_in_fully_bound_structs' '--warn=clippy::option_option' '--warn=clippy::needless_continue' '--warn=clippy::needless_borrow' '--warn=clippy::must_use_candidate' --warn=missing_docs --warn=missing_debug_implementations '--warn=clippy::mem_forget' '--warn=clippy::match_wildcard_for_single_variants' '--warn=clippy::macro_use_imports' '--warn=clippy::lossy_float_literal' '--warn=clippy::linkedlist' '--warn=clippy::inefficient_to_string' '--warn=clippy::imprecise_flops' '--warn=clippy::if_let_mutex' '--warn=clippy::fn_params_excessive_bools' '--warn=clippy::filter_map_next' '--warn=clippy::exit' '--warn=clippy::enum_glob_use' '--warn=clippy::empty_enum' '--warn=clippy::dbg_macro' '--warn=clippy::await_holding_lock' --cfg 'feature="default"' --cfg 'feature="form"' --cfg 'feature="http1"' --cfg 'feature="json"' --cfg 'feature="macros"' --cfg 'feature="matched-path"' --cfg 'feature="original-uri"' --cfg 'feature="query"' --cfg 'feature="tokio"' --cfg 'feature="tower-log"' --cfg 'feature="tracing"' --check-cfg 'cfg(docsrs,test)' --check-cfg 'cfg(feature, values("__private", "__private_docs", "default", "form", "http1", "http2", "json", "macros", "matched-path", "multipart", "original-uri", "query", "tokio", "tower-log", "tracing", "ws"))' -C metadata=da3c73c629a6072a -C extra-filename=-b288ffadbe69dbe6 --out-dir /home/runner/work/router/router/target/debug/deps -L dependency=/home/runner/work/router/router/target/debug/deps --extern axum_core=/home/runner/work/router/router/target/debug/deps/libaxum_core-5bd5f4d6838f1ed5.rmeta --extern axum_macros=/home/runner/work/router/router/target/debug/deps/libaxum_macros-4ee776d51149f0f5.so --extern bytes=/home/runner/work/router/router/target/debug/deps/libbytes-c50adbf09ebed7c5.rmeta --extern form_urlencoded=/home/runner/work/router/router/target/debug/deps/libform_urlencoded-06380def9d28a005.rmeta --extern futures_util=/home/runner/work/router/router/target/debug/deps/libfutures_util-c88af18fb62ccf3c.rmeta --extern http=/home/runner/work/router/router/target/debug/deps/libhttp-df218f370a5dfd31.rmeta --extern http_body=/home/runner/work/router/router/target/debug/deps/libhttp_body-65f4a72022006c14.rmeta --extern http_body_util=/home/runner/work/router/router/target/debug/deps/libhttp_body_util-c38ae8cbb28b45d6.rmeta --extern hyper=/home/runner/work/router/router/target/debug/deps/libhyper-8602e07f51d7f73e.rmeta --extern hyper_util=/home/runner/work/router/router/target/debug/deps/libhyper_util-377b19218a12252c.rmeta --extern itoa=/home/runner/work/router/router/target/debug/deps/libitoa-1e9e28e3981cf9af.rmeta --extern matchit=/home/runner/work/router/router/target/debug/deps/libmatchit-243c19eb6bc5cfbb.rmeta --extern memchr=/home/runner/work/router/router/target/debug/deps/libmemchr-d13335c1baa51a89.rmeta --extern mime=/home/runner/work/router/router/target/debug/deps/libmime-932a196fb537a021.rmeta --extern percent_encoding=/home/runner/work/router/router/target/debug/deps/libpercent_encoding-ff35adeb94c208c6.rmeta --extern pin_project_lite=/home/runner/work/router/router/target/debug/deps/libpin_project_lite-0f243a6b657e6a82.rmeta --extern serde_core=/home/runner/work/router/router/target/debug/deps/libserde_core-d9146068b4f8a12a.rmeta --extern serde_json=/home/runner/work/router/router/target/debug/deps/libserde_json-2a929f6947643107.rmeta --extern serde_path_to_error=/home/runner/work/router/router/target/debug/deps/libserde_path_to_error-9dcf6a481168e159.rmeta --extern serde_urlencoded=/home/runner/work/router/router/target/debug/deps/libserde_urlencoded-1e4400318910d70b.rmeta --extern sync_wrapper=/home/runner/work/router/router/target/debug/deps/libsync_wrapper-0deb6bfd05a69a77.rmeta --extern tokio=/home/runner/work/router/router/target/debug/deps/libtokio-6ab14ea65eea979a.rmeta --extern tower=/home/runner/work/router/router/target/debug/deps/libtower-be514c44a084b3bb.rmeta --extern tower_layer=/home/runner/work/router/router/target/debug/deps/libtower_layer-4318b58fb692e0b4.rmeta --extern tower_service=/home/runner/work/router/router/target/debug/deps/libtower_service-6fadb8a635677679.rmeta --extern tracing=/home/runner/work/router/router/target/debug/deps/libtracing-80e998682bbd1908.rmeta --cap-lints allow -Dwarnings`
Test (ubuntu-latest)	Run tests	2026-05-09T15:58:03.4184877Z ^[[1m^[[92m   Compiling^[[0m lino-arguments v0.3.0
Test (ubuntu-latest)	Run tests	2026-05-09T15:58:03.4232997Z ^[[1m^[[92m     Running^[[0m `/home/runner/.rustup/toolchains/stable-x86_64-unknown-linux-gnu/bin/rustc --crate-name lino_arguments --edition=2021 /home/runner/.cargo/registry/src/index.crates.io-1949cf8c6b5b557f/lino-arguments-0.3.0/src/lib.rs --error-format=json --json=diagnostic-rendered-ansi,artifacts,future-incompat --crate-type lib --emit=dep-info,metadata,link -C embed-bitcode=no -C debuginfo=2 --check-cfg 'cfg(docsrs,test)' --check-cfg 'cfg(feature, values())' -C metadata=1d452a4b68c55481 -C extra-filename=-8ba631e19f2d5887 --out-dir /home/runner/work/router/router/target/debug/deps -L dependency=/home/runner/work/router/router/target/debug/deps --extern clap=/home/runner/work/router/router/target/debug/deps/libclap-7d7f9365a9432301.rmeta --extern ctor=/home/runner/work/router/router/target/debug/deps/libctor-1dff8812c58b9d77.rmeta --extern dotenvy=/home/runner/work/router/router/target/debug/deps/libdotenvy-ec32129acf1681cf.rmeta --extern lino_env=/home/runner/work/router/router/target/debug/deps/liblino_env-64a0a14809d56eb6.rmeta --extern serde=/home/runner/work/router/router/target/debug/deps/libserde-85292091c9f44e38.rmeta --extern thiserror=/home/runner/work/router/router/target/debug/deps/libthiserror-8bbe3e8bb6d7fdd9.rmeta --cap-lints allow -Dwarnings`
Test (ubuntu-latest)	Run tests	2026-05-09T15:58:03.7385240Z ^[[1m^[[92m   Compiling^[[0m uuid v1.22.0
Test (ubuntu-latest)	Run tests	2026-05-09T15:58:03.7393979Z ^[[1m^[[92m     Running^[[0m `/home/runner/.rustup/toolchains/stable-x86_64-unknown-linux-gnu/bin/rustc --crate-name uuid --edition=2021 /home/runner/.cargo/registry/src/index.crates.io-1949cf8c6b5b557f/uuid-1.22.0/src/lib.rs --error-format=json --json=diagnostic-rendered-ansi,artifacts,future-incompat --crate-type lib --emit=dep-info,metadata,link -C embed-bitcode=no -C debuginfo=2 --allow=unexpected_cfgs --check-cfg 'cfg(uuid_unstable)' --cfg 'feature="default"' --cfg 'feature="rng"' --cfg 'feature="std"' --cfg 'feature="v4"' --check-cfg 'cfg(docsrs,test)' --check-cfg 'cfg(feature, values("arbitrary", "atomic", "borsh", "bytemuck", "default", "fast-rng", "js", "macro-diagnostics", "md5", "rng", "rng-getrandom", "rng-rand", "serde", "sha1", "slog", "std", "uuid-rng-internal-lib", "v1", "v3", "v4", "v5", "v6", "v7", "v8", "zerocopy"))' -C metadata=8b95bb599eed8f2c -C extra-filename=-38a24d21d58112df --out-dir /home/runner/work/router/router/target/debug/deps -L dependency=/home/runner/work/router/router/target/debug/deps --extern getrandom=/home/runner/work/router/router/target/debug/deps/libgetrandom-6b58f48365f0ee29.rmeta --cap-lints allow -Dwarnings`
Test (ubuntu-latest)	Run tests	2026-05-09T15:58:03.7904984Z ^[[1m^[[92m   Compiling^[[0m async-trait v0.1.89
Test (ubuntu-latest)	Run tests	2026-05-09T15:58:03.7950746Z ^[[1m^[[92m     Running^[[0m `/home/runner/.rustup/toolchains/stable-x86_64-unknown-linux-gnu/bin/rustc --crate-name async_trait --edition=2021 /home/runner/.cargo/registry/src/index.crates.io-1949cf8c6b5b557f/async-trait-0.1.89/src/lib.rs --error-format=json --json=diagnostic-rendered-ansi,artifacts,future-incompat --crate-type proc-macro --emit=dep-info,link -C prefer-dynamic -C embed-bitcode=no --check-cfg 'cfg(docsrs,test)' --check-cfg 'cfg(feature, values())' -C metadata=ba2a55858b4d7a93 -C extra-filename=-fdb89a2215dfae70 --out-dir /home/runner/work/router/router/target/debug/deps -L dependency=/home/runner/work/router/router/target/debug/deps --extern proc_macro2=/home/runner/work/router/router/target/debug/deps/libproc_macro2-cc22a5bd9cc2e88a.rlib --extern quote=/home/runner/work/router/router/target/debug/deps/libquote-c59734c285e87097.rlib --extern syn=/home/runner/work/router/router/target/debug/deps/libsyn-8cbfeb3153951041.rlib --extern proc_macro --cap-lints allow -Dwarnings`
Test (ubuntu-latest)	Run tests	2026-05-09T15:58:04.0399653Z ^[[1m^[[92m   Compiling^[[0m async-stream-impl v0.3.6
Test (ubuntu-latest)	Run tests	2026-05-09T15:58:04.0437207Z ^[[1m^[[92m     Running^[[0m `/home/runner/.rustup/toolchains/stable-x86_64-unknown-linux-gnu/bin/rustc --crate-name async_stream_impl --edition=2021 /home/runner/.cargo/registry/src/index.crates.io-1949cf8c6b5b557f/async-stream-impl-0.3.6/src/lib.rs --error-format=json --json=diagnostic-rendered-ansi,artifacts,future-incompat --crate-type proc-macro --emit=dep-info,link -C prefer-dynamic -C embed-bitcode=no --check-cfg 'cfg(docsrs,test)' --check-cfg 'cfg(feature, values())' -C metadata=03358cc894118b7e -C extra-filename=-722c67c10e6068d4 --out-dir /home/runner/work/router/router/target/debug/deps -L dependency=/home/runner/work/router/router/target/debug/deps --extern proc_macro2=/home/runner/work/router/router/target/debug/deps/libproc_macro2-cc22a5bd9cc2e88a.rlib --extern quote=/home/runner/work/router/router/target/debug/deps/libquote-c59734c285e87097.rlib --extern syn=/home/runner/work/router/router/target/debug/deps/libsyn-8cbfeb3153951041.rlib --extern proc_macro --cap-lints allow -Dwarnings`
Test (ubuntu-latest)	Run tests	2026-05-09T15:58:04.3905054Z ^[[1m^[[92m   Compiling^[[0m hex v0.4.3
Test (ubuntu-latest)	Run tests	2026-05-09T15:58:04.3939375Z ^[[1m^[[92m     Running^[[0m `/home/runner/.rustup/toolchains/stable-x86_64-unknown-linux-gnu/bin/rustc --crate-name hex --edition=2018 /home/runner/.cargo/registry/src/index.crates.io-1949cf8c6b5b557f/hex-0.4.3/src/lib.rs --error-format=json --json=diagnostic-rendered-ansi,artifacts,future-incompat --crate-type lib --emit=dep-info,metadata,link -C embed-bitcode=no -C debuginfo=2 --cfg 'feature="alloc"' --cfg 'feature="default"' --cfg 'feature="std"' --check-cfg 'cfg(docsrs,test)' --check-cfg 'cfg(feature, values("alloc", "default", "serde", "std"))' -C metadata=1b0573f56155a97d -C extra-filename=-87f1440371f04de8 --out-dir /home/runner/work/router/router/target/debug/deps -L dependency=/home/runner/work/router/router/target/debug/deps --cap-lints allow -Dwarnings`
Test (ubuntu-latest)	Run tests	2026-05-09T15:58:04.5434939Z ^[[1m^[[92m   Compiling^[[0m linux-raw-sys v0.12.1
Test (ubuntu-latest)	Run tests	2026-05-09T15:58:04.5481812Z ^[[1m^[[92m     Running^[[0m `/home/runner/.rustup/toolchains/stable-x86_64-unknown-linux-gnu/bin/rustc --crate-name linux_raw_sys --edition=2021 /home/runner/.cargo/registry/src/index.crates.io-1949cf8c6b5b557f/linux-raw-sys-0.12.1/src/lib.rs --error-format=json --json=diagnostic-rendered-ansi,artifacts,future-incompat --crate-type lib --emit=dep-info,metadata,link -C embed-bitcode=no -C debuginfo=2 --warn=unexpected_cfgs --check-cfg 'cfg(target_arch, values("xtensa"))' --cfg 'feature="auxvec"' --cfg 'feature="elf"' --cfg 'feature="errno"' --cfg 'feature="general"' --cfg 'feature="ioctl"' --cfg 'feature="no_std"' --check-cfg 'cfg(docsrs,test)' --check-cfg 'cfg(feature, values("auxvec", "bootparam", "btrfs", "core", "default", "elf", "elf_uapi", "errno", "general", "if_arp", "if_ether", "if_packet", "if_tun", "image", "io_uring", "ioctl", "landlock", "loop_device", "mempolicy", "net", "netlink", "no_std", "prctl", "ptrace", "rustc-dep-of-std", "std", "system", "vm_sockets", "xdp"))' -C metadata=544da5143127b72f -C extra-filename=-f8041d58b94a5d82 --out-dir /home/runner/work/router/router/target/debug/deps -L dependency=/home/runner/work/router/router/target/debug/deps --cap-lints allow -Dwarnings`
Test (ubuntu-latest)	Run tests	2026-05-09T15:58:04.5845677Z ^[[1m^[[92m   Compiling^[[0m log-lazy v0.1.0
Test (ubuntu-latest)	Run tests	2026-05-09T15:58:04.5881247Z ^[[1m^[[92m     Running^[[0m `/home/runner/.rustup/toolchains/stable-x86_64-unknown-linux-gnu/bin/rustc --crate-name log_lazy --edition=2021 /home/runner/.cargo/registry/src/index.crates.io-1949cf8c6b5b557f/log-lazy-0.1.0/src/lib.rs --error-format=json --json=diagnostic-rendered-ansi,artifacts,future-incompat --crate-type lib --emit=dep-info,metadata,link -C embed-bitcode=no -C debuginfo=2 --forbid=unsafe_code --check-cfg 'cfg(docsrs,test)' --check-cfg 'cfg(feature, values())' -C metadata=6a84aa20a528da8a -C extra-filename=-9e3abe687b2c7fa0 --out-dir /home/runner/work/router/router/target/debug/deps -L dependency=/home/runner/work/router/router/target/debug/deps --cap-lints allow -Dwarnings`
Test (ubuntu-latest)	Run tests	2026-05-09T15:58:04.8420007Z ^[[1m^[[92m     Running^[[0m `/home/runner/.rustup/toolchains/stable-x86_64-unknown-linux-gnu/bin/rustc --crate-name rustix --edition=2021 /home/runner/.cargo/registry/src/index.crates.io-1949cf8c6b5b557f/rustix-1.1.4/src/lib.rs --error-format=json --json=diagnostic-rendered-ansi,artifacts,future-incompat --crate-type lib --emit=dep-info,metadata,link -C embed-bitcode=no -C debuginfo=2 --warn=unexpected_cfgs --check-cfg 'cfg(alloc_c_string)' --check-cfg 'cfg(alloc_ffi)' --check-cfg 'cfg(apple)' --check-cfg 'cfg(asm_experimental_arch)' --check-cfg 'cfg(bsd)' --check-cfg 'cfg(core_c_str)' --check-cfg 'cfg(core_ffi_c)' --check-cfg 'cfg(core_intrinsics)' --check-cfg 'cfg(criterion)' --check-cfg 'cfg(document_experimental_runtime_api)' --check-cfg 'cfg(error_in_core)' --check-cfg 'cfg(fix_y2038)' --check-cfg 'cfg(freebsdlike)' --check-cfg 'cfg(libc)' --check-cfg 'cfg(linux_kernel)' --check-cfg 'cfg(linux_like)' --check-cfg 'cfg(linux_raw)' --check-cfg 'cfg(linux_raw_dep)' --check-cfg 'cfg(lower_upper_exp_for_non_zero)' --check-cfg 'cfg(sanitize_memory)' --check-cfg 'cfg(netbsdlike)' --check-cfg 'cfg(rustc_attrs)' --check-cfg 'cfg(rustc_diagnostics)' --check-cfg 'cfg(solarish)' --check-cfg 'cfg(staged_api)' --check-cfg 'cfg(static_assertions)' --check-cfg 'cfg(thumb_mode)' --check-cfg 'cfg(wasi)' --check-cfg 'cfg(wasi_ext)' --check-cfg 'cfg(wasip2)' --check-cfg 'cfg(target_arch, values("xtensa"))' --check-cfg 'cfg(target_os, values("cygwin"))' --cfg 'feature="alloc"' --cfg 'feature="default"' --cfg 'feature="fs"' --cfg 'feature="std"' --check-cfg 'cfg(docsrs,test)' --check-cfg 'cfg(feature, values("all-apis", "alloc", "core", "default", "event", "fs", "io_uring", "libc", "libc_errno", "linux_4_11", "linux_5_1", "linux_5_11", "linux_latest", "mm", "mount", "net", "param", "pipe", "process", "pty", "rand", "runtime", "rustc-dep-of-std", "rustc-std-workspace-alloc", "shm", "std", "stdio", "system", "termios", "thread", "time", "try_close", "use-explicitly-provided-auxv", "use-libc", "use-libc-auxv"))' -C metadata=ff56f406b5508975 -C extra-filename=-e6c4f6efb91e4580 --out-dir /home/runner/work/router/router/target/debug/deps -L dependency=/home/runner/work/router/router/target/debug/deps --extern bitflags=/home/runner/work/router/router/target/debug/deps/libbitflags-1dca89d257b7e756.rmeta --extern linux_raw_sys=/home/runner/work/router/router/target/debug/deps/liblinux_raw_sys-f8041d58b94a5d82.rmeta --cap-lints allow -Dwarnings --cfg linux_raw_dep --cfg linux_raw --cfg linux_like --cfg linux_kernel`
Test (ubuntu-latest)	Run tests	2026-05-09T15:58:04.8545223Z ^[[1m^[[92m   Compiling^[[0m async-stream v0.3.6
Test (ubuntu-latest)	Run tests	2026-05-09T15:58:04.8581597Z ^[[1m^[[92m     Running^[[0m `/home/runner/.rustup/toolchains/stable-x86_64-unknown-linux-gnu/bin/rustc --crate-name async_stream --edition=2021 /home/runner/.cargo/registry/src/index.crates.io-1949cf8c6b5b557f/async-stream-0.3.6/src/lib.rs --error-format=json --json=diagnostic-rendered-ansi,artifacts,future-incompat --crate-type lib --emit=dep-info,metadata,link -C embed-bitcode=no -C debuginfo=2 --check-cfg 'cfg(docsrs,test)' --check-cfg 'cfg(feature, values())' -C metadata=c04c5f318f0f4c44 -C extra-filename=-888cd3662f0569a2 --out-dir /home/runner/work/router/router/target/debug/deps -L dependency=/home/runner/work/router/router/target/debug/deps --extern async_stream_impl=/home/runner/work/router/router/target/debug/deps/libasync_stream_impl-722c67c10e6068d4.so --extern futures_core=/home/runner/work/router/router/target/debug/deps/libfutures_core-8242ac571ee06842.rmeta --extern pin_project_lite=/home/runner/work/router/router/target/debug/deps/libpin_project_lite-0f243a6b657e6a82.rmeta --cap-lints allow -Dwarnings`
Test (ubuntu-latest)	Run tests	2026-05-09T15:58:04.9188861Z ^[[1m^[[92m   Compiling^[[0m tokio-stream v0.1.17
Test (ubuntu-latest)	Run tests	2026-05-09T15:58:04.9197689Z ^[[1m^[[92m     Running^[[0m `/home/runner/.rustup/toolchains/stable-x86_64-unknown-linux-gnu/bin/rustc --crate-name tokio_stream --edition=2021 /home/runner/.cargo/registry/src/index.crates.io-1949cf8c6b5b557f/tokio-stream-0.1.17/src/lib.rs --error-format=json --json=diagnostic-rendered-ansi,artifacts,future-incompat --crate-type lib --emit=dep-info,metadata,link -C embed-bitcode=no -C debuginfo=2 --cfg 'feature="default"' --cfg 'feature="time"' --check-cfg 'cfg(docsrs,test)' --check-cfg 'cfg(feature, values("default", "fs", "full", "io-util", "net", "signal", "sync", "time", "tokio-util"))' -C metadata=4a9dc125f70e175e -C extra-filename=-fbb609ac7931c6cb --out-dir /home/runner/work/router/router/target/debug/deps -L dependency=/home/runner/work/router/router/target/debug/deps --extern futures_core=/home/runner/work/router/router/target/debug/deps/libfutures_core-8242ac571ee06842.rmeta --extern pin_project_lite=/home/runner/work/router/router/target/debug/deps/libpin_project_lite-0f243a6b657e6a82.rmeta --extern tokio=/home/runner/work/router/router/target/debug/deps/libtokio-6ab14ea65eea979a.rmeta --cap-lints allow -Dwarnings`
Test (ubuntu-latest)	Run tests	2026-05-09T15:58:05.2695264Z ^[[1m^[[92m   Compiling^[[0m fastrand v2.3.0
Test (ubuntu-latest)	Run tests	2026-05-09T15:58:05.2739194Z ^[[1m^[[92m     Running^[[0m `/home/runner/.rustup/toolchains/stable-x86_64-unknown-linux-gnu/bin/rustc --crate-name fastrand --edition=2018 /home/runner/.cargo/registry/src/index.crates.io-1949cf8c6b5b557f/fastrand-2.3.0/src/lib.rs --error-format=json --json=diagnostic-rendered-ansi,artifacts,future-incompat --crate-type lib --emit=dep-info,metadata,link -C embed-bitcode=no -C debuginfo=2 --cfg 'feature="alloc"' --cfg 'feature="default"' --cfg 'feature="std"' --check-cfg 'cfg(docsrs,test)' --check-cfg 'cfg(feature, values("alloc", "default", "getrandom", "js", "std"))' -C metadata=398b2504d7bb18f3 -C extra-filename=-37cd5e06d6cf41c6 --out-dir /home/runner/work/router/router/target/debug/deps -L dependency=/home/runner/work/router/router/target/debug/deps --cap-lints allow -Dwarnings`
Test (ubuntu-latest)	Run tests	2026-05-09T15:58:05.4365098Z ^[[1m^[[92m   Compiling^[[0m tokio-test v0.4.4
Test (ubuntu-latest)	Run tests	2026-05-09T15:58:05.4402149Z ^[[1m^[[92m     Running^[[0m `/home/runner/.rustup/toolchains/stable-x86_64-unknown-linux-gnu/bin/rustc --crate-name tokio_test --edition=2021 /home/runner/.cargo/registry/src/index.crates.io-1949cf8c6b5b557f/tokio-test-0.4.4/src/lib.rs --error-format=json --json=diagnostic-rendered-ansi,artifacts,future-incompat --crate-type lib --emit=dep-info,metadata,link -C embed-bitcode=no -C debuginfo=2 --check-cfg 'cfg(docsrs,test)' --check-cfg 'cfg(feature, values())' -C metadata=8212fb9a164d2bd6 -C extra-filename=-ff7b2edcfaacba85 --out-dir /home/runner/work/router/router/target/debug/deps -L dependency=/home/runner/work/router/router/target/debug/deps --extern async_stream=/home/runner/work/router/router/target/debug/deps/libasync_stream-888cd3662f0569a2.rmeta --extern bytes=/home/runner/work/router/router/target/debug/deps/libbytes-c50adbf09ebed7c5.rmeta --extern futures_core=/home/runner/work/router/router/target/debug/deps/libfutures_core-8242ac571ee06842.rmeta --extern tokio=/home/runner/work/router/router/target/debug/deps/libtokio-6ab14ea65eea979a.rmeta --extern tokio_stream=/home/runner/work/router/router/target/debug/deps/libtokio_stream-fbb609ac7931c6cb.rmeta --cap-lints allow -Dwarnings`
Test (ubuntu-latest)	Run tests	2026-05-09T15:58:06.0158391Z ^[[1m^[[92m   Compiling^[[0m link-assistant-router v0.13.0 (/home/runner/work/router/router)
Test (ubuntu-latest)	Run tests	2026-05-09T15:58:06.0188159Z ^[[1m^[[92m     Running^[[0m `/home/runner/.rustup/toolchains/stable-x86_64-unknown-linux-gnu/bin/rustc --crate-name link_assistant_router --edition=2021 src/lib.rs --error-format=json --json=diagnostic-rendered-ansi,artifacts,future-incompat --crate-type lib --emit=dep-info,metadata,link -C embed-bitcode=no -C debuginfo=2 '--warn=clippy::pedantic' '--warn=clippy::nursery' '--warn=clippy::all' --forbid=unsafe_code '--allow=clippy::too_many_lines' '--allow=clippy::module_name_repetitions' '--allow=clippy::missing_panics_doc' '--allow=clippy::missing_errors_doc' --check-cfg 'cfg(docsrs,test)' --check-cfg 'cfg(feature, values())' -C metadata=2749ab61cecf2e6b -C extra-filename=-6b4117404aec62eb --out-dir /home/runner/work/router/router/target/debug/deps -L dependency=/home/runner/work/router/router/target/debug/deps --extern async_trait=/home/runner/work/router/router/target/debug/deps/libasync_trait-fdb89a2215dfae70.so --extern axum=/home/runner/work/router/router/target/debug/deps/libaxum-b288ffadbe69dbe6.rmeta --extern base64=/home/runner/work/router/router/target/debug/deps/libbase64-b0c1b91ad8713475.rmeta --extern bytes=/home/runner/work/router/router/target/debug/deps/libbytes-c50adbf09ebed7c5.rmeta --extern chrono=/home/runner/work/router/router/target/debug/deps/libchrono-33b50abaf643a4d9.rmeta --extern clap=/home/runner/work/router/router/target/debug/deps/libclap-7d7f9365a9432301.rmeta --extern futures_util=/home/runner/work/router/router/target/debug/deps/libfutures_util-c88af18fb62ccf3c.rmeta --extern hex=/home/runner/work/router/router/target/debug/deps/libhex-87f1440371f04de8.rmeta --extern http=/home/runner/work/router/router/target/debug/deps/libhttp-df218f370a5dfd31.rmeta --extern http_body_util=/home/runner/work/router/router/target/debug/deps/libhttp_body_util-c38ae8cbb28b45d6.rmeta --extern hyper=/home/runner/work/router/router/target/debug/deps/libhyper-8602e07f51d7f73e.rmeta --extern hyper_util=/home/runner/work/router/router/target/debug/deps/libhyper_util-377b19218a12252c.rmeta --extern jsonwebtoken=/home/runner/work/router/router/target/debug/deps/libjsonwebtoken-962bb7944d5bfe65.rmeta --extern lino_arguments=/home/runner/work/router/router/target/debug/deps/liblino_arguments-8ba631e19f2d5887.rmeta --extern log_lazy=/home/runner/work/router/router/target/debug/deps/liblog_lazy-9e3abe687b2c7fa0.rmeta --extern reqwest=/home/runner/work/router/router/target/debug/deps/libreqwest-ec07d56440b19866.rmeta --extern serde=/home/runner/work/router/router/target/debug/deps/libserde-85292091c9f44e38.rmeta --extern serde_json=/home/runner/work/router/router/target/debug/deps/libserde_json-2a929f6947643107.rmeta --extern sha2=/home/runner/work/router/router/target/debug/deps/libsha2-6fd3cec4e769ac0c.rmeta --extern tokio=/home/runner/work/router/router/target/debug/deps/libtokio-6ab14ea65eea979a.rmeta --extern tower=/home/runner/work/router/router/target/debug/deps/libtower-be514c44a084b3bb.rmeta --extern tower_http=/home/runner/work/router/router/target/debug/deps/libtower_http-68ae00c2f6f4f2c1.rmeta --extern tracing=/home/runner/work/router/router/target/debug/deps/libtracing-80e998682bbd1908.rmeta --extern tracing_subscriber=/home/runner/work/router/router/target/debug/deps/libtracing_subscriber-6410644e7fa1d2f7.rmeta --extern uuid=/home/runner/work/router/router/target/debug/deps/libuuid-38a24d21d58112df.rmeta -Dwarnings -L native=/home/runner/work/router/router/target/debug/build/ring-bd1e6b00a9b3f90b/out`
Test (ubuntu-latest)	Run tests	2026-05-09T15:58:06.1514874Z ^[[1m^[[92m   Compiling^[[0m tempfile v3.27.0
Test (ubuntu-latest)	Run tests	2026-05-09T15:58:06.1551830Z ^[[1m^[[92m     Running^[[0m `/home/runner/.rustup/toolchains/stable-x86_64-unknown-linux-gnu/bin/rustc --crate-name tempfile --edition=2021 /home/runner/.cargo/registry/src/index.crates.io-1949cf8c6b5b557f/tempfile-3.27.0/src/lib.rs --error-format=json --json=diagnostic-rendered-ansi,artifacts,future-incompat --crate-type lib --emit=dep-info,metadata,link -C embed-bitcode=no -C debuginfo=2 --cfg 'feature="default"' --cfg 'feature="getrandom"' --check-cfg 'cfg(docsrs,test)' --check-cfg 'cfg(feature, values("default", "getrandom", "nightly"))' -C metadata=e61b1cb3f7346312 -C extra-filename=-918bb86f4375d8ae --out-dir /home/runner/work/router/router/target/debug/deps -L dependency=/home/runner/work/router/router/target/debug/deps --extern fastrand=/home/runner/work/router/router/target/debug/deps/libfastrand-37cd5e06d6cf41c6.rmeta --extern getrandom=/home/runner/work/router/router/target/debug/deps/libgetrandom-6b58f48365f0ee29.rmeta --extern once_cell=/home/runner/work/router/router/target/debug/deps/libonce_cell-12d43d541c2c1369.rmeta --extern rustix=/home/runner/work/router/router/target/debug/deps/librustix-e6c4f6efb91e4580.rmeta --cap-lints allow -Dwarnings`
Test (ubuntu-latest)	Run tests	2026-05-09T15:58:06.5748017Z ^[[1m^[[92m     Running^[[0m `/home/runner/.rustup/toolchains/stable-x86_64-unknown-linux-gnu/bin/rustc --crate-name link_assistant_router --edition=2021 src/lib.rs --error-format=json --json=diagnostic-rendered-ansi,artifacts,future-incompat --emit=dep-info,link -C embed-bitcode=no -C debuginfo=2 '--warn=clippy::pedantic' '--warn=clippy::nursery' '--warn=clippy::all' --forbid=unsafe_code '--allow=clippy::too_many_lines' '--allow=clippy::module_name_repetitions' '--allow=clippy::missing_panics_doc' '--allow=clippy::missing_errors_doc' --test --check-cfg 'cfg(docsrs,test)' --check-cfg 'cfg(feature, values())' -C metadata=98e61aa346296230 -C extra-filename=-d9a9319f99b65455 --out-dir /home/runner/work/router/router/target/debug/deps -L dependency=/home/runner/work/router/router/target/debug/deps --extern async_trait=/home/runner/work/router/router/target/debug/deps/libasync_trait-fdb89a2215dfae70.so --extern axum=/home/runner/work/router/router/target/debug/deps/libaxum-b288ffadbe69dbe6.rlib --extern base64=/home/runner/work/router/router/target/debug/deps/libbase64-b0c1b91ad8713475.rlib --extern bytes=/home/runner/work/router/router/target/debug/deps/libbytes-c50adbf09ebed7c5.rlib --extern chrono=/home/runner/work/router/router/target/debug/deps/libchrono-33b50abaf643a4d9.rlib --extern clap=/home/runner/work/router/router/target/debug/deps/libclap-7d7f9365a9432301.rlib --extern futures_util=/home/runner/work/router/router/target/debug/deps/libfutures_util-c88af18fb62ccf3c.rlib --extern hex=/home/runner/work/router/router/target/debug/deps/libhex-87f1440371f04de8.rlib --extern http=/home/runner/work/router/router/target/debug/deps/libhttp-df218f370a5dfd31.rlib --extern http_body_util=/home/runner/work/router/router/target/debug/deps/libhttp_body_util-c38ae8cbb28b45d6.rlib --extern hyper=/home/runner/work/router/router/target/debug/deps/libhyper-8602e07f51d7f73e.rlib --extern hyper_util=/home/runner/work/router/router/target/debug/deps/libhyper_util-377b19218a12252c.rlib --extern jsonwebtoken=/home/runner/work/router/router/target/debug/deps/libjsonwebtoken-962bb7944d5bfe65.rlib --extern lino_arguments=/home/runner/work/router/router/target/debug/deps/liblino_arguments-8ba631e19f2d5887.rlib --extern log_lazy=/home/runner/work/router/router/target/debug/deps/liblog_lazy-9e3abe687b2c7fa0.rlib --extern reqwest=/home/runner/work/router/router/target/debug/deps/libreqwest-ec07d56440b19866.rlib --extern serde=/home/runner/work/router/router/target/debug/deps/libserde-85292091c9f44e38.rlib --extern serde_json=/home/runner/work/router/router/target/debug/deps/libserde_json-2a929f6947643107.rlib --extern sha2=/home/runner/work/router/router/target/debug/deps/libsha2-6fd3cec4e769ac0c.rlib --extern tempfile=/home/runner/work/router/router/target/debug/deps/libtempfile-918bb86f4375d8ae.rlib --extern tokio=/home/runner/work/router/router/target/debug/deps/libtokio-6ab14ea65eea979a.rlib --extern tokio_test=/home/runner/work/router/router/target/debug/deps/libtokio_test-ff7b2edcfaacba85.rlib --extern tower=/home/runner/work/router/router/target/debug/deps/libtower-be514c44a084b3bb.rlib --extern tower_http=/home/runner/work/router/router/target/debug/deps/libtower_http-68ae00c2f6f4f2c1.rlib --extern tracing=/home/runner/work/router/router/target/debug/deps/libtracing-80e998682bbd1908.rlib --extern tracing_subscriber=/home/runner/work/router/router/target/debug/deps/libtracing_subscriber-6410644e7fa1d2f7.rlib --extern uuid=/home/runner/work/router/router/target/debug/deps/libuuid-38a24d21d58112df.rlib -Dwarnings -L native=/home/runner/work/router/router/target/debug/build/ring-bd1e6b00a9b3f90b/out`
Test (ubuntu-latest)	Run tests	2026-05-09T15:58:07.8108438Z ^[[1m^[[92m     Running^[[0m `/home/runner/.rustup/toolchains/stable-x86_64-unknown-linux-gnu/bin/rustc --crate-name link_assistant_router --edition=2021 src/main.rs --error-format=json --json=diagnostic-rendered-ansi,artifacts,future-incompat --crate-type bin --emit=dep-info,link -C embed-bitcode=no -C debuginfo=2 '--warn=clippy::pedantic' '--warn=clippy::nursery' '--warn=clippy::all' --forbid=unsafe_code '--allow=clippy::too_many_lines' '--allow=clippy::module_name_repetitions' '--allow=clippy::missing_panics_doc' '--allow=clippy::missing_errors_doc' --check-cfg 'cfg(docsrs,test)' --check-cfg 'cfg(feature, values())' -C metadata=206faedd5ecc9692 -C extra-filename=-718fea9ef1ab03dd --out-dir /home/runner/work/router/router/target/debug/deps -L dependency=/home/runner/work/router/router/target/debug/deps --extern async_trait=/home/runner/work/router/router/target/debug/deps/libasync_trait-fdb89a2215dfae70.so --extern axum=/home/runner/work/router/router/target/debug/deps/libaxum-b288ffadbe69dbe6.rlib --extern base64=/home/runner/work/router/router/target/debug/deps/libbase64-b0c1b91ad8713475.rlib --extern bytes=/home/runner/work/router/router/target/debug/deps/libbytes-c50adbf09ebed7c5.rlib --extern chrono=/home/runner/work/router/router/target/debug/deps/libchrono-33b50abaf643a4d9.rlib --extern clap=/home/runner/work/router/router/target/debug/deps/libclap-7d7f9365a9432301.rlib --extern futures_util=/home/runner/work/router/router/target/debug/deps/libfutures_util-c88af18fb62ccf3c.rlib --extern hex=/home/runner/work/router/router/target/debug/deps/libhex-87f1440371f04de8.rlib --extern http=/home/runner/work/router/router/target/debug/deps/libhttp-df218f370a5dfd31.rlib --extern http_body_util=/home/runner/work/router/router/target/debug/deps/libhttp_body_util-c38ae8cbb28b45d6.rlib --extern hyper=/home/runner/work/router/router/target/debug/deps/libhyper-8602e07f51d7f73e.rlib --extern hyper_util=/home/runner/work/router/router/target/debug/deps/libhyper_util-377b19218a12252c.rlib --extern jsonwebtoken=/home/runner/work/router/router/target/debug/deps/libjsonwebtoken-962bb7944d5bfe65.rlib --extern link_assistant_router=/home/runner/work/router/router/target/debug/deps/liblink_assistant_router-6b4117404aec62eb.rlib --extern lino_arguments=/home/runner/work/router/router/target/debug/deps/liblino_arguments-8ba631e19f2d5887.rlib --extern log_lazy=/home/runner/work/router/router/target/debug/deps/liblog_lazy-9e3abe687b2c7fa0.rlib --extern reqwest=/home/runner/work/router/router/target/debug/deps/libreqwest-ec07d56440b19866.rlib --extern serde=/home/runner/work/router/router/target/debug/deps/libserde-85292091c9f44e38.rlib --extern serde_json=/home/runner/work/router/router/target/debug/deps/libserde_json-2a929f6947643107.rlib --extern sha2=/home/runner/work/router/router/target/debug/deps/libsha2-6fd3cec4e769ac0c.rlib --extern tokio=/home/runner/work/router/router/target/debug/deps/libtokio-6ab14ea65eea979a.rlib --extern tower=/home/runner/work/router/router/target/debug/deps/libtower-be514c44a084b3bb.rlib --extern tower_http=/home/runner/work/router/router/target/debug/deps/libtower_http-68ae00c2f6f4f2c1.rlib --extern tracing=/home/runner/work/router/router/target/debug/deps/libtracing-80e998682bbd1908.rlib --extern tracing_subscriber=/home/runner/work/router/router/target/debug/deps/libtracing_subscriber-6410644e7fa1d2f7.rlib --extern uuid=/home/runner/work/router/router/target/debug/deps/libuuid-38a24d21d58112df.rlib -Dwarnings -L native=/home/runner/work/router/router/target/debug/build/ring-bd1e6b00a9b3f90b/out`
Test (ubuntu-latest)	Run tests	2026-05-09T15:58:07.8800342Z ^[[1m^[[92m     Running^[[0m `/home/runner/.rustup/toolchains/stable-x86_64-unknown-linux-gnu/bin/rustc --crate-name basic_usage --edition=2021 examples/basic_usage.rs --error-format=json --json=diagnostic-rendered-ansi,artifacts,future-incompat --crate-type bin --emit=dep-info,link -C embed-bitcode=no -C debuginfo=2 '--warn=clippy::pedantic' '--warn=clippy::nursery' '--warn=clippy::all' --forbid=unsafe_code '--allow=clippy::too_many_lines' '--allow=clippy::module_name_repetitions' '--allow=clippy::missing_panics_doc' '--allow=clippy::missing_errors_doc' --check-cfg 'cfg(docsrs,test)' --check-cfg 'cfg(feature, values())' -C metadata=6085a4a2e6037f54 -C extra-filename=-0809ebe1b8b46e4f --out-dir /home/runner/work/router/router/target/debug/examples -L dependency=/home/runner/work/router/router/target/debug/deps --extern async_trait=/home/runner/work/router/router/target/debug/deps/libasync_trait-fdb89a2215dfae70.so --extern axum=/home/runner/work/router/router/target/debug/deps/libaxum-b288ffadbe69dbe6.rlib --extern base64=/home/runner/work/router/router/target/debug/deps/libbase64-b0c1b91ad8713475.rlib --extern bytes=/home/runner/work/router/router/target/debug/deps/libbytes-c50adbf09ebed7c5.rlib --extern chrono=/home/runner/work/router/router/target/debug/deps/libchrono-33b50abaf643a4d9.rlib --extern clap=/home/runner/work/router/router/target/debug/deps/libclap-7d7f9365a9432301.rlib --extern futures_util=/home/runner/work/router/router/target/debug/deps/libfutures_util-c88af18fb62ccf3c.rlib --extern hex=/home/runner/work/router/router/target/debug/deps/libhex-87f1440371f04de8.rlib --extern http=/home/runner/work/router/router/target/debug/deps/libhttp-df218f370a5dfd31.rlib --extern http_body_util=/home/runner/work/router/router/target/debug/deps/libhttp_body_util-c38ae8cbb28b45d6.rlib --extern hyper=/home/runner/work/router/router/target/debug/deps/libhyper-8602e07f51d7f73e.rlib --extern hyper_util=/home/runner/work/router/router/target/debug/deps/libhyper_util-377b19218a12252c.rlib --extern jsonwebtoken=/home/runner/work/router/router/target/debug/deps/libjsonwebtoken-962bb7944d5bfe65.rlib --extern link_assistant_router=/home/runner/work/router/router/target/debug/deps/liblink_assistant_router-6b4117404aec62eb.rlib --extern lino_arguments=/home/runner/work/router/router/target/debug/deps/liblino_arguments-8ba631e19f2d5887.rlib --extern log_lazy=/home/runner/work/router/router/target/debug/deps/liblog_lazy-9e3abe687b2c7fa0.rlib --extern reqwest=/home/runner/work/router/router/target/debug/deps/libreqwest-ec07d56440b19866.rlib --extern serde=/home/runner/work/router/router/target/debug/deps/libserde-85292091c9f44e38.rlib --extern serde_json=/home/runner/work/router/router/target/debug/deps/libserde_json-2a929f6947643107.rlib --extern sha2=/home/runner/work/router/router/target/debug/deps/libsha2-6fd3cec4e769ac0c.rlib --extern tempfile=/home/runner/work/router/router/target/debug/deps/libtempfile-918bb86f4375d8ae.rlib --extern tokio=/home/runner/work/router/router/target/debug/deps/libtokio-6ab14ea65eea979a.rlib --extern tokio_test=/home/runner/work/router/router/target/debug/deps/libtokio_test-ff7b2edcfaacba85.rlib --extern tower=/home/runner/work/router/router/target/debug/deps/libtower-be514c44a084b3bb.rlib --extern tower_http=/home/runner/work/router/router/target/debug/deps/libtower_http-68ae00c2f6f4f2c1.rlib --extern tracing=/home/runner/work/router/router/target/debug/deps/libtracing-80e998682bbd1908.rlib --extern tracing_subscriber=/home/runner/work/router/router/target/debug/deps/libtracing_subscriber-6410644e7fa1d2f7.rlib --extern uuid=/home/runner/work/router/router/target/debug/deps/libuuid-38a24d21d58112df.rlib -Dwarnings -L native=/home/runner/work/router/router/target/debug/build/ring-bd1e6b00a9b3f90b/out`
Test (ubuntu-latest)	Run tests	2026-05-09T15:58:08.0120054Z ^[[1m^[[92m     Running^[[0m `/home/runner/.rustup/toolchains/stable-x86_64-unknown-linux-gnu/bin/rustc --crate-name link_assistant_router --edition=2021 src/main.rs --error-format=json --json=diagnostic-rendered-ansi,artifacts,future-incompat --emit=dep-info,link -C embed-bitcode=no -C debuginfo=2 '--warn=clippy::pedantic' '--warn=clippy::nursery' '--warn=clippy::all' --forbid=unsafe_code '--allow=clippy::too_many_lines' '--allow=clippy::module_name_repetitions' '--allow=clippy::missing_panics_doc' '--allow=clippy::missing_errors_doc' --test --check-cfg 'cfg(docsrs,test)' --check-cfg 'cfg(feature, values())' -C metadata=5cebba53ddf918f9 -C extra-filename=-5e9874fe894dd4d4 --out-dir /home/runner/work/router/router/target/debug/deps -L dependency=/home/runner/work/router/router/target/debug/deps --extern async_trait=/home/runner/work/router/router/target/debug/deps/libasync_trait-fdb89a2215dfae70.so --extern axum=/home/runner/work/router/router/target/debug/deps/libaxum-b288ffadbe69dbe6.rlib --extern base64=/home/runner/work/router/router/target/debug/deps/libbase64-b0c1b91ad8713475.rlib --extern bytes=/home/runner/work/router/router/target/debug/deps/libbytes-c50adbf09ebed7c5.rlib --extern chrono=/home/runner/work/router/router/target/debug/deps/libchrono-33b50abaf643a4d9.rlib --extern clap=/home/runner/work/router/router/target/debug/deps/libclap-7d7f9365a9432301.rlib --extern futures_util=/home/runner/work/router/router/target/debug/deps/libfutures_util-c88af18fb62ccf3c.rlib --extern hex=/home/runner/work/router/router/target/debug/deps/libhex-87f1440371f04de8.rlib --extern http=/home/runner/work/router/router/target/debug/deps/libhttp-df218f370a5dfd31.rlib --extern http_body_util=/home/runner/work/router/router/target/debug/deps/libhttp_body_util-c38ae8cbb28b45d6.rlib --extern hyper=/home/runner/work/router/router/target/debug/deps/libhyper-8602e07f51d7f73e.rlib --extern hyper_util=/home/runner/work/router/router/target/debug/deps/libhyper_util-377b19218a12252c.rlib --extern jsonwebtoken=/home/runner/work/router/router/target/debug/deps/libjsonwebtoken-962bb7944d5bfe65.rlib --extern link_assistant_router=/home/runner/work/router/router/target/debug/deps/liblink_assistant_router-6b4117404aec62eb.rlib --extern lino_arguments=/home/runner/work/router/router/target/debug/deps/liblino_arguments-8ba631e19f2d5887.rlib --extern log_lazy=/home/runner/work/router/router/target/debug/deps/liblog_lazy-9e3abe687b2c7fa0.rlib --extern reqwest=/home/runner/work/router/router/target/debug/deps/libreqwest-ec07d56440b19866.rlib --extern serde=/home/runner/work/router/router/target/debug/deps/libserde-85292091c9f44e38.rlib --extern serde_json=/home/runner/work/router/router/target/debug/deps/libserde_json-2a929f6947643107.rlib --extern sha2=/home/runner/work/router/router/target/debug/deps/libsha2-6fd3cec4e769ac0c.rlib --extern tempfile=/home/runner/work/router/router/target/debug/deps/libtempfile-918bb86f4375d8ae.rlib --extern tokio=/home/runner/work/router/router/target/debug/deps/libtokio-6ab14ea65eea979a.rlib --extern tokio_test=/home/runner/work/router/router/target/debug/deps/libtokio_test-ff7b2edcfaacba85.rlib --extern tower=/home/runner/work/router/router/target/debug/deps/libtower-be514c44a084b3bb.rlib --extern tower_http=/home/runner/work/router/router/target/debug/deps/libtower_http-68ae00c2f6f4f2c1.rlib --extern tracing=/home/runner/work/router/router/target/debug/deps/libtracing-80e998682bbd1908.rlib --extern tracing_subscriber=/home/runner/work/router/router/target/debug/deps/libtracing_subscriber-6410644e7fa1d2f7.rlib --extern uuid=/home/runner/work/router/router/target/debug/deps/libuuid-38a24d21d58112df.rlib -Dwarnings -L native=/home/runner/work/router/router/target/debug/build/ring-bd1e6b00a9b3f90b/out`
Test (ubuntu-latest)	Run tests	2026-05-09T15:58:08.4492733Z ^[[1m^[[92m     Running^[[0m `/home/runner/.rustup/toolchains/stable-x86_64-unknown-linux-gnu/bin/rustc --crate-name release_workflow_test --edition=2021 tests/release_workflow_test.rs --error-format=json --json=diagnostic-rendered-ansi,artifacts,future-incompat --emit=dep-info,link -C embed-bitcode=no -C debuginfo=2 '--warn=clippy::pedantic' '--warn=clippy::nursery' '--warn=clippy::all' --forbid=unsafe_code '--allow=clippy::too_many_lines' '--allow=clippy::module_name_repetitions' '--allow=clippy::missing_panics_doc' '--allow=clippy::missing_errors_doc' --test --check-cfg 'cfg(docsrs,test)' --check-cfg 'cfg(feature, values())' -C metadata=fb750f8c9ddc4589 -C extra-filename=-abb158869e4812a7 --out-dir /home/runner/work/router/router/target/debug/deps -L dependency=/home/runner/work/router/router/target/debug/deps --extern async_trait=/home/runner/work/router/router/target/debug/deps/libasync_trait-fdb89a2215dfae70.so --extern axum=/home/runner/work/router/router/target/debug/deps/libaxum-b288ffadbe69dbe6.rlib --extern base64=/home/runner/work/router/router/target/debug/deps/libbase64-b0c1b91ad8713475.rlib --extern bytes=/home/runner/work/router/router/target/debug/deps/libbytes-c50adbf09ebed7c5.rlib --extern chrono=/home/runner/work/router/router/target/debug/deps/libchrono-33b50abaf643a4d9.rlib --extern clap=/home/runner/work/router/router/target/debug/deps/libclap-7d7f9365a9432301.rlib --extern futures_util=/home/runner/work/router/router/target/debug/deps/libfutures_util-c88af18fb62ccf3c.rlib --extern hex=/home/runner/work/router/router/target/debug/deps/libhex-87f1440371f04de8.rlib --extern http=/home/runner/work/router/router/target/debug/deps/libhttp-df218f370a5dfd31.rlib --extern http_body_util=/home/runner/work/router/router/target/debug/deps/libhttp_body_util-c38ae8cbb28b45d6.rlib --extern hyper=/home/runner/work/router/router/target/debug/deps/libhyper-8602e07f51d7f73e.rlib --extern hyper_util=/home/runner/work/router/router/target/debug/deps/libhyper_util-377b19218a12252c.rlib --extern jsonwebtoken=/home/runner/work/router/router/target/debug/deps/libjsonwebtoken-962bb7944d5bfe65.rlib --extern link_assistant_router=/home/runner/work/router/router/target/debug/deps/liblink_assistant_router-6b4117404aec62eb.rlib --extern lino_arguments=/home/runner/work/router/router/target/debug/deps/liblino_arguments-8ba631e19f2d5887.rlib --extern log_lazy=/home/runner/work/router/router/target/debug/deps/liblog_lazy-9e3abe687b2c7fa0.rlib --extern reqwest=/home/runner/work/router/router/target/debug/deps/libreqwest-ec07d56440b19866.rlib --extern serde=/home/runner/work/router/router/target/debug/deps/libserde-85292091c9f44e38.rlib --extern serde_json=/home/runner/work/router/router/target/debug/deps/libserde_json-2a929f6947643107.rlib --extern sha2=/home/runner/work/router/router/target/debug/deps/libsha2-6fd3cec4e769ac0c.rlib --extern tempfile=/home/runner/work/router/router/target/debug/deps/libtempfile-918bb86f4375d8ae.rlib --extern tokio=/home/runner/work/router/router/target/debug/deps/libtokio-6ab14ea65eea979a.rlib --extern tokio_test=/home/runner/work/router/router/target/debug/deps/libtokio_test-ff7b2edcfaacba85.rlib --extern tower=/home/runner/work/router/router/target/debug/deps/libtower-be514c44a084b3bb.rlib --extern tower_http=/home/runner/work/router/router/target/debug/deps/libtower_http-68ae00c2f6f4f2c1.rlib --extern tracing=/home/runner/work/router/router/target/debug/deps/libtracing-80e998682bbd1908.rlib --extern tracing_subscriber=/home/runner/work/router/router/target/debug/deps/libtracing_subscriber-6410644e7fa1d2f7.rlib --extern uuid=/home/runner/work/router/router/target/debug/deps/libuuid-38a24d21d58112df.rlib -Dwarnings -L native=/home/runner/work/router/router/target/debug/build/ring-bd1e6b00a9b3f90b/out`
Test (ubuntu-latest)	Run tests	2026-05-09T15:58:08.5659296Z ^[[1m^[[92m     Running^[[0m `/home/runner/.rustup/toolchains/stable-x86_64-unknown-linux-gnu/bin/rustc --crate-name integration_test --edition=2021 tests/integration_test.rs --error-format=json --json=diagnostic-rendered-ansi,artifacts,future-incompat --emit=dep-info,link -C embed-bitcode=no -C debuginfo=2 '--warn=clippy::pedantic' '--warn=clippy::nursery' '--warn=clippy::all' --forbid=unsafe_code '--allow=clippy::too_many_lines' '--allow=clippy::module_name_repetitions' '--allow=clippy::missing_panics_doc' '--allow=clippy::missing_errors_doc' --test --check-cfg 'cfg(docsrs,test)' --check-cfg 'cfg(feature, values())' -C metadata=0e73815af24f0b5d -C extra-filename=-3a02cfb0cd176a1e --out-dir /home/runner/work/router/router/target/debug/deps -L dependency=/home/runner/work/router/router/target/debug/deps --extern async_trait=/home/runner/work/router/router/target/debug/deps/libasync_trait-fdb89a2215dfae70.so --extern axum=/home/runner/work/router/router/target/debug/deps/libaxum-b288ffadbe69dbe6.rlib --extern base64=/home/runner/work/router/router/target/debug/deps/libbase64-b0c1b91ad8713475.rlib --extern bytes=/home/runner/work/router/router/target/debug/deps/libbytes-c50adbf09ebed7c5.rlib --extern chrono=/home/runner/work/router/router/target/debug/deps/libchrono-33b50abaf643a4d9.rlib --extern clap=/home/runner/work/router/router/target/debug/deps/libclap-7d7f9365a9432301.rlib --extern futures_util=/home/runner/work/router/router/target/debug/deps/libfutures_util-c88af18fb62ccf3c.rlib --extern hex=/home/runner/work/router/router/target/debug/deps/libhex-87f1440371f04de8.rlib --extern http=/home/runner/work/router/router/target/debug/deps/libhttp-df218f370a5dfd31.rlib --extern http_body_util=/home/runner/work/router/router/target/debug/deps/libhttp_body_util-c38ae8cbb28b45d6.rlib --extern hyper=/home/runner/work/router/router/target/debug/deps/libhyper-8602e07f51d7f73e.rlib --extern hyper_util=/home/runner/work/router/router/target/debug/deps/libhyper_util-377b19218a12252c.rlib --extern jsonwebtoken=/home/runner/work/router/router/target/debug/deps/libjsonwebtoken-962bb7944d5bfe65.rlib --extern link_assistant_router=/home/runner/work/router/router/target/debug/deps/liblink_assistant_router-6b4117404aec62eb.rlib --extern lino_arguments=/home/runner/work/router/router/target/debug/deps/liblino_arguments-8ba631e19f2d5887.rlib --extern log_lazy=/home/runner/work/router/router/target/debug/deps/liblog_lazy-9e3abe687b2c7fa0.rlib --extern reqwest=/home/runner/work/router/router/target/debug/deps/libreqwest-ec07d56440b19866.rlib --extern serde=/home/runner/work/router/router/target/debug/deps/libserde-85292091c9f44e38.rlib --extern serde_json=/home/runner/work/router/router/target/debug/deps/libserde_json-2a929f6947643107.rlib --extern sha2=/home/runner/work/router/router/target/debug/deps/libsha2-6fd3cec4e769ac0c.rlib --extern tempfile=/home/runner/work/router/router/target/debug/deps/libtempfile-918bb86f4375d8ae.rlib --extern tokio=/home/runner/work/router/router/target/debug/deps/libtokio-6ab14ea65eea979a.rlib --extern tokio_test=/home/runner/work/router/router/target/debug/deps/libtokio_test-ff7b2edcfaacba85.rlib --extern tower=/home/runner/work/router/router/target/debug/deps/libtower-be514c44a084b3bb.rlib --extern tower_http=/home/runner/work/router/router/target/debug/deps/libtower_http-68ae00c2f6f4f2c1.rlib --extern tracing=/home/runner/work/router/router/target/debug/deps/libtracing-80e998682bbd1908.rlib --extern tracing_subscriber=/home/runner/work/router/router/target/debug/deps/libtracing_subscriber-6410644e7fa1d2f7.rlib --extern uuid=/home/runner/work/router/router/target/debug/deps/libuuid-38a24d21d58112df.rlib -Dwarnings -L native=/home/runner/work/router/router/target/debug/build/ring-bd1e6b00a9b3f90b/out`
Test (ubuntu-latest)	Run tests	2026-05-09T15:58:10.3119796Z ^[[1m^[[92m    Finished^[[0m `test` profile [unoptimized + debuginfo] target(s) in 36.78s
Test (ubuntu-latest)	Run tests	2026-05-09T15:58:10.3266223Z ^[[1m^[[92m     Running^[[0m `/home/runner/work/router/router/target/debug/deps/link_assistant_router-d9a9319f99b65455`
Test (ubuntu-latest)	Run tests	2026-05-09T15:58:10.3281829Z
Test (ubuntu-latest)	Run tests	2026-05-09T15:58:10.3281971Z running 57 tests
Test (ubuntu-latest)	Run tests	2026-05-09T15:58:10.3287734Z test accounts::tests::no_healthy_returns_error ... ok
Test (ubuntu-latest)	Run tests	2026-05-09T15:58:10.3288633Z test accounts::tests::cooldown_skips_unhealthy_account ... ok
Test (ubuntu-latest)	Run tests	2026-05-09T15:58:10.3290837Z test accounts::tests::least_used_picks_lowest_count ... ok
Test (ubuntu-latest)	Run tests	2026-05-09T15:58:10.3291955Z test activitypub::tests::actor_contains_required_activitypub_and_forgefed_metadata ... ok
Test (ubuntu-latest)	Run tests	2026-05-09T15:58:10.3292880Z test activitypub::tests::follow_activity_targets_problemsets_actor ... ok
Test (ubuntu-latest)	Run tests	2026-05-09T15:58:10.3293739Z test accounts::tests::round_robin_distributes_calls ... ok
Test (ubuntu-latest)	Run tests	2026-05-09T15:58:10.3294381Z test cli::tests::cli_invalid_routing_mode_rejected ... ok
Test (ubuntu-latest)	Run tests	2026-05-09T15:58:10.3295013Z test cli::tests::cli_defaults_round_trip_to_config ... ok
Test (ubuntu-latest)	Run tests	2026-05-09T15:58:10.3295614Z test config::tests::default_provider_is_anthropic ... ok
Test (ubuntu-latest)	Run tests	2026-05-09T15:58:10.3296379Z test activitypub::tests::inbound_activity_requires_core_fields ... ok
Test (ubuntu-latest)	Run tests	2026-05-09T15:58:10.3297166Z test config::tests::gonka_provider_builds_with_private_key_and_defaults ... ok
Test (ubuntu-latest)	Run tests	2026-05-09T15:58:10.3297949Z test config::tests::gonka_provider_requires_private_key ... ok
Test (ubuntu-latest)	Run tests	2026-05-09T15:58:10.3298919Z test config::tests::test_config_invalid_port ... ok
Test (ubuntu-latest)	Run tests	2026-05-09T15:58:10.3299467Z test config::tests::test_api_format_parsing ... ok
Test (ubuntu-latest)	Run tests	2026-05-09T15:58:10.3299982Z test config::tests::test_config_default_port ... ok
Test (ubuntu-latest)	Run tests	2026-05-09T15:58:10.3300528Z test config::tests::test_config_missing_token_secret ... ok
Test (ubuntu-latest)	Run tests	2026-05-09T15:58:10.3301139Z test config::tests::test_config_empty_token_secret ... ok
Test (ubuntu-latest)	Run tests	2026-05-09T15:58:10.3301547Z test config::tests::test_config_with_valid_values ... ok
Test (ubuntu-latest)	Run tests	2026-05-09T15:58:10.3302105Z test config::tests::test_routing_mode_parsing ... ok
Test (ubuntu-latest)	Run tests	2026-05-09T15:58:10.3302672Z test config::tests::test_storage_policy_parsing ... ok
Test (ubuntu-latest)	Run tests	2026-05-09T15:58:10.3303443Z test gonka::tests::default_model_is_added_when_missing ... ok
Test (ubuntu-latest)	Run tests	2026-05-09T15:58:10.3304052Z test config::tests::test_verbose_default_false ... ok
Test (ubuntu-latest)	Run tests	2026-05-09T15:58:10.3304605Z test gonka::tests::existing_model_is_preserved ... ok
Test (ubuntu-latest)	Run tests	2026-05-09T15:58:10.3305187Z test gonka::tests::models_endpoint_uses_gonka_owner ... ok
Test (ubuntu-latest)	Run tests	2026-05-09T15:58:10.3305868Z test gonka::tests::signing_headers_do_not_include_private_key ... ok
Test (ubuntu-latest)	Run tests	2026-05-09T15:58:10.3306657Z test metrics::tests::record_and_render_basic_counters ... ok
Test (ubuntu-latest)	Run tests	2026-05-09T15:58:10.3310575Z test metrics::tests::usage_snapshot_returns_consistent_values ... ok
Test (ubuntu-latest)	Run tests	2026-05-09T15:58:10.3311470Z test mpp::tests::detects_payment_authorization_credentials ... ok
Test (ubuntu-latest)	Run tests	2026-05-09T15:58:10.3312698Z test mpp::tests::requires_enabled_and_charge_details ... ok
Test (ubuntu-latest)	Run tests	2026-05-09T15:58:10.3313283Z test oauth::tests::test_no_credential_files ... ok
Test (ubuntu-latest)	Run tests	2026-05-09T15:58:10.3313962Z test oauth::tests::test_cached_token_returned ... ok
Test (ubuntu-latest)	Run tests	2026-05-09T15:58:10.3314577Z test mpp::tests::challenge_response_uses_http_402_and_payment_auth_scheme ... ok
Test (ubuntu-latest)	Run tests	2026-05-09T15:58:10.3315263Z test oauth::tests::test_set_token_manually ... ok
Test (ubuntu-latest)	Run tests	2026-05-09T15:58:10.3315836Z test openai::tests::anthropic_tool_use_to_openai_tool_calls ... ok
Test (ubuntu-latest)	Run tests	2026-05-09T15:58:10.3316420Z test oauth::tests::test_read_credential_file ... ok
Test (ubuntu-latest)	Run tests	2026-05-09T15:58:10.3316932Z test openai::tests::anthropic_to_chat_basic ... ok
Test (ubuntu-latest)	Run tests	2026-05-09T15:58:10.3317497Z test openai::tests::list_models_includes_known_ids ... ok
Test (ubuntu-latest)	Run tests	2026-05-09T15:58:10.3318069Z test openai::tests::preserves_claude_native_model_id ... ok
Test (ubuntu-latest)	Run tests	2026-05-09T15:58:10.3318656Z test openai::tests::translates_basic_chat_completion ... ok
Test (ubuntu-latest)	Run tests	2026-05-09T15:58:10.3319224Z test openai::tests::responses_api_translation ... ok
Test (ubuntu-latest)	Run tests	2026-05-09T15:58:10.3319820Z test openai::tests::translates_multipart_user_content ... ok
Test (ubuntu-latest)	Run tests	2026-05-09T15:58:10.3320421Z test openai::tests::translates_tool_call_blocks ... ok
Test (ubuntu-latest)	Run tests	2026-05-09T15:58:10.3325234Z test storage::tests::lino_codec_handles_special_chars ... ok
Test (ubuntu-latest)	Run tests	2026-05-09T15:58:10.3325638Z test storage::tests::memory_store_roundtrip ... ok
Test (ubuntu-latest)	Run tests	2026-05-09T15:58:10.3326341Z test storage::tests::revoke_marks_record ... ok
Test (ubuntu-latest)	Run tests	2026-05-09T15:58:10.3341667Z test storage::tests::dual_store_writes_both ... ok
Test (ubuntu-latest)	Run tests	2026-05-09T15:58:10.3345416Z test storage::tests::binary_store_roundtrip ... ok
Test (ubuntu-latest)	Run tests	2026-05-09T15:58:10.3349394Z test token::tests::test_issue_token_has_prefix ... ok
Test (ubuntu-latest)	Run tests	2026-05-09T15:58:10.3357875Z test token::tests::test_expired_token ... ok
Test (ubuntu-latest)	Run tests	2026-05-09T15:58:10.3358424Z test storage::tests::text_store_roundtrip ... ok
Test (ubuntu-latest)	Run tests	2026-05-09T15:58:10.3358988Z test token::tests::test_list_tokens_returns_records ... ok
Test (ubuntu-latest)	Run tests	2026-05-09T15:58:10.3359631Z test storage::tests::build_token_store_dispatches_correctly ... ok
Test (ubuntu-latest)	Run tests	2026-05-09T15:58:10.3360024Z test token::tests::test_revoke_token ... ok
Test (ubuntu-latest)	Run tests	2026-05-09T15:58:10.3360333Z test token::tests::test_validate_invalid_jwt ... ok
Test (ubuntu-latest)	Run tests	2026-05-09T15:58:10.3360679Z test token::tests::test_validate_wrong_prefix ... ok
Test (ubuntu-latest)	Run tests	2026-05-09T15:58:10.3361034Z test token::tests::test_validate_valid_token ... ok
Test (ubuntu-latest)	Run tests	2026-05-09T15:58:10.3367975Z test token::tests::test_persistent_store_roundtrip ... ok
Test (ubuntu-latest)	Run tests	2026-05-09T15:58:10.3368357Z
Test (ubuntu-latest)	Run tests	2026-05-09T15:58:10.3368744Z test result: ok. 57 passed; 0 failed; 0 ignored; 0 measured; 0 filtered out; finished in 0.01s
Test (ubuntu-latest)	Run tests	2026-05-09T15:58:10.3369269Z
Test (ubuntu-latest)	Run tests	2026-05-09T15:58:10.3384536Z ^[[1m^[[92m     Running^[[0m `/home/runner/work/router/router/target/debug/deps/link_assistant_router-5e9874fe894dd4d4`
Test (ubuntu-latest)	Run tests	2026-05-09T15:58:10.3394037Z
Test (ubuntu-latest)	Run tests	2026-05-09T15:58:10.3394186Z running 0 tests
Test (ubuntu-latest)	Run tests	2026-05-09T15:58:10.3394391Z
Test (ubuntu-latest)	Run tests	2026-05-09T15:58:10.3396871Z test result: ok. 0 passed; 0 failed; 0 ignored; 0 measured; 0 filtered out; finished in 0.00s
Test (ubuntu-latest)	Run tests	2026-05-09T15:58:10.3397252Z
Test (ubuntu-latest)	Run tests	2026-05-09T15:58:10.3398678Z ^[[1m^[[92m     Running^[[0m `/home/runner/work/router/router/target/debug/deps/integration_test-3a02cfb0cd176a1e`
Test (ubuntu-latest)	Run tests	2026-05-09T15:58:10.3409626Z
Test (ubuntu-latest)	Run tests	2026-05-09T15:58:10.3409765Z running 49 tests
Test (ubuntu-latest)	Run tests	2026-05-09T15:58:10.3414368Z test activitypub_tests::actor_document_exposes_required_activitypub_fields ... ok
Test (ubuntu-latest)	Run tests	2026-05-09T15:58:10.3415236Z test activitypub_tests::collections_are_addressable_ordered_collections ... ok
Test (ubuntu-latest)	Run tests	2026-05-09T15:58:10.3416138Z test activitypub_tests::actor_context_includes_forgefed_and_fep_ef61_aliases ... ok
Test (ubuntu-latest)	Run tests	2026-05-09T15:58:10.3417107Z test activitypub_tests::follow_activity_can_be_posted_to_problemsets_inbox ... ok
Test (ubuntu-latest)	Run tests	2026-05-09T15:58:10.3418301Z test activitypub_tests::inbox_validation_rejects_objects_without_actor_or_attributed_to ... ok
Test (ubuntu-latest)	Run tests	2026-05-09T15:58:10.3444521Z test api_format_tests::test_api_format_bedrock_parsing ... ok
Test (ubuntu-latest)	Run tests	2026-05-09T15:58:10.3446541Z test api_format_tests::test_api_format_anthropic_parsing ... ok
Test (ubuntu-latest)	Run tests	2026-05-09T15:58:10.3447300Z test api_format_tests::test_api_format_unknown ... ok
Test (ubuntu-latest)	Run tests	2026-05-09T15:58:10.3447987Z test api_format_tests::test_api_format_vertex_parsing ... ok
Test (ubuntu-latest)	Run tests	2026-05-09T15:58:10.3448669Z test cli_parser_tests::cli_parses_disable_flags ... ok
Test (ubuntu-latest)	Run tests	2026-05-09T15:58:10.3449356Z test cli_parser_tests::cli_parses_doctor_subcommand ... ok
Test (ubuntu-latest)	Run tests	2026-05-09T15:58:10.3450040Z test config_verbose_tests::test_verbose_disabled ... ok
Test (ubuntu-latest)	Run tests	2026-05-09T15:58:10.3450707Z test config_verbose_tests::test_verbose_enabled ... ok
Test (ubuntu-latest)	Run tests	2026-05-09T15:58:10.3451545Z test metrics_rendering_tests::prometheus_output_contains_all_required_counters ... ok
Test (ubuntu-latest)	Run tests	2026-05-09T15:58:10.3452499Z test metrics_rendering_tests::usage_snapshot_serialises_cleanly ... ok
Test (ubuntu-latest)	Run tests	2026-05-09T15:58:10.3453635Z test mpp_tests::mpp_payment_authorization_is_not_treated_as_bearer_token ... ok
Test (ubuntu-latest)	Run tests	2026-05-09T15:58:10.3454514Z test cli_parser_tests::cli_default_subcommand_is_none ... ok
Test (ubuntu-latest)	Run tests	2026-05-09T15:58:10.3455507Z test mpp_tests::openai_mpp_challenge_is_machine_readable_402 ... ok
Test (ubuntu-latest)	Run tests	2026-05-09T15:58:10.3456435Z test oauth_integration_tests::test_manual_token_set_and_get ... ok
Test (ubuntu-latest)	Run tests	2026-05-09T15:58:10.3457459Z test oauth_integration_tests::test_credential_file_parsing ... ok
Test (ubuntu-latest)	Run tests	2026-05-09T15:58:10.3458266Z test oauth_integration_tests::test_missing_credentials_error ... ok
Test (ubuntu-latest)	Run tests	2026-05-09T15:58:10.3459294Z test cli_parser_tests::cli_parses_tokens_issue_with_label ... ok
Test (ubuntu-latest)	Run tests	2026-05-09T15:58:10.3460077Z test openai_translation_tests::chat_completion_translates_system_and_user ... ok
Test (ubuntu-latest)	Run tests	2026-05-09T15:58:10.3460974Z test openai_translation_tests::anthropic_response_to_openai_chat_completion ... ok
Test (ubuntu-latest)	Run tests	2026-05-09T15:58:10.3461784Z test path_routing_tests::test_anthropic_count_tokens_path ... ok
Test (ubuntu-latest)	Run tests	2026-05-09T15:58:10.3462531Z test openai_translation_tests::maps_openai_aliases_to_claude_models ... ok
Test (ubuntu-latest)	Run tests	2026-05-09T15:58:10.3464644Z test openai_translation_tests::models_endpoint_includes_known_claude_ids ... ok
Test (ubuntu-latest)	Run tests	2026-05-09T15:58:10.3465474Z test cli_parser_tests::cli_parses_serve_subcommand ... ok
Test (ubuntu-latest)	Run tests	2026-05-09T15:58:10.3466091Z test path_routing_tests::test_legacy_prefix_root ... ok
Test (ubuntu-latest)	Run tests	2026-05-09T15:58:10.3466713Z test path_routing_tests::test_anthropic_messages_path ... ok
Test (ubuntu-latest)	Run tests	2026-05-09T15:58:10.3467321Z test path_routing_tests::test_bedrock_invoke_path ... ok
Test (ubuntu-latest)	Run tests	2026-05-09T15:58:10.3467916Z test path_routing_tests::test_bedrock_invoke_stream_path ... ok
Test (ubuntu-latest)	Run tests	2026-05-09T15:58:10.3468582Z test path_routing_tests::test_legacy_prefix_stripped ... ok
Test (ubuntu-latest)	Run tests	2026-05-09T15:58:10.3469301Z test path_routing_tests::test_legacy_prefix_with_nested_path ... ok
Test (ubuntu-latest)	Run tests	2026-05-09T15:58:10.3470090Z test path_routing_tests::test_vertex_count_tokens_raw_predict_path ... ok
Test (ubuntu-latest)	Run tests	2026-05-09T15:58:10.3470807Z test path_routing_tests::test_vertex_raw_predict_path ... ok
Test (ubuntu-latest)	Run tests	2026-05-09T15:58:10.3471456Z test path_routing_tests::test_vertex_stream_raw_predict_path ... ok
Test (ubuntu-latest)	Run tests	2026-05-09T15:58:10.3472518Z test required_headers_tests::test_required_headers_include_session_id ... ok
Test (ubuntu-latest)	Run tests	2026-05-09T15:58:10.3473646Z test support_docs_tests::akash_template_exposes_router_and_required_configuration ... ok
Test (ubuntu-latest)	Run tests	2026-05-09T15:58:10.3474708Z test required_headers_tests::test_required_headers_include_anthropic_beta ... ok
Test (ubuntu-latest)	Run tests	2026-05-09T15:58:10.3475609Z test required_headers_tests::test_required_headers_include_anthropic_version ... ok
Test (ubuntu-latest)	Run tests	2026-05-09T15:58:10.3476472Z test support_docs_tests::forgefed_docs_describe_public_actor_and_inbox ... ok
Test (ubuntu-latest)	Run tests	2026-05-09T15:58:10.3477479Z test support_docs_tests::kubernetes_template_includes_deployment_service_and_health_probes ... ok
Test (ubuntu-latest)	Run tests	2026-05-09T15:58:10.3478393Z test token_integration_tests::test_different_secrets_reject ... ok
Test (ubuntu-latest)	Run tests	2026-05-09T15:58:10.3479111Z test token_integration_tests::test_multiple_tokens_independent ... ok
Test (ubuntu-latest)	Run tests	2026-05-09T15:58:10.3479786Z test token_integration_tests::test_token_roundtrip ... ok
Test (ubuntu-latest)	Run tests	2026-05-09T15:58:10.3480290Z test token_integration_tests::test_revoke_then_reject ... ok
Test (ubuntu-latest)	Run tests	2026-05-09T15:58:10.3480667Z test version_tests::test_version_is_not_empty ... ok
Test (ubuntu-latest)	Run tests	2026-05-09T15:58:10.3481394Z ^[[1m^[[92m     Running^[[0m `/home/runner/work/router/router/target/debug/deps/release_workflow_test-abb158869e4812a7`
Test (ubuntu-latest)	Run tests	2026-05-09T15:58:10.3481999Z test version_tests::test_version_matches_cargo_toml ... ok
Test (ubuntu-latest)	Run tests	2026-05-09T15:58:10.3482244Z
Test (ubuntu-latest)	Run tests	2026-05-09T15:58:10.3482482Z test result: ok. 49 passed; 0 failed; 0 ignored; 0 measured; 0 filtered out; finished in 0.01s
Test (ubuntu-latest)	Run tests	2026-05-09T15:58:10.3482831Z
Test (ubuntu-latest)	Run tests	2026-05-09T15:58:10.3489467Z
Test (ubuntu-latest)	Run tests	2026-05-09T15:58:10.3489596Z running 7 tests
Test (ubuntu-latest)	Run tests	2026-05-09T15:58:10.3495929Z test dockerfile_builder_uses_supported_rust_toolchain ... ok
Test (ubuntu-latest)	Run tests	2026-05-09T15:58:10.3496903Z test readme_exposes_release_status_badges ... ok
Test (ubuntu-latest)	Run tests	2026-05-09T15:58:10.3497537Z test release_workflow_adds_crates_io_link_to_github_releases ... ok
Test (ubuntu-latest)	Run tests	2026-05-09T15:58:10.3498222Z test release_scripts_check_all_release_artifacts ... ok
Test (ubuntu-latest)	Run tests	2026-05-09T15:58:10.3500647Z test release_workflow_maps_crates_io_token_fallback_to_cargo_native_env ... ok
Test (ubuntu-latest)	Run tests	2026-05-09T15:58:10.3501529Z test cargo_lock_package_version_matches_manifest ... ok
Test (ubuntu-latest)	Run tests	2026-05-09T15:58:10.3502336Z test release_workflow_publishes_synced_docker_hub_image_after_crate ... ok
Test (ubuntu-latest)	Run tests	2026-05-09T15:58:10.3502874Z
Test (ubuntu-latest)	Run tests	2026-05-09T15:58:10.3503528Z ^[[1m^[[92m   Doc-tests^[[0m link_assistant_router
Test (ubuntu-latest)	Run tests	2026-05-09T15:58:10.3504225Z test result: ok. 7 passed; 0 failed; 0 ignored; 0 measured; 0 filtered out; finished in 0.00s
Test (ubuntu-latest)	Run tests	2026-05-09T15:58:10.3504686Z
Test (ubuntu-latest)	Run tests	2026-05-09T15:58:10.3520459Z ^[[1m^[[92m     Running^[[0m `/home/runner/.rustup/toolchains/stable-x86_64-unknown-linux-gnu/bin/rustdoc --edition=2021 --crate-type lib --color always --crate-name link_assistant_router --test src/lib.rs --test-run-directory /home/runner/work/router/router -L native=/home/runner/work/router/router/target/debug/build/ring-bd1e6b00a9b3f90b/out '--warn=clippy::pedantic' '--warn=clippy::nursery' '--warn=clippy::all' --forbid=unsafe_code '--allow=clippy::too_many_lines' '--allow=clippy::module_name_repetitions' '--allow=clippy::missing_panics_doc' '--allow=clippy::missing_errors_doc' --extern async_trait=/home/runner/work/router/router/target/debug/deps/libasync_trait-fdb89a2215dfae70.so --extern axum=/home/runner/work/router/router/target/debug/deps/libaxum-b288ffadbe69dbe6.rlib --extern base64=/home/runner/work/router/router/target/debug/deps/libbase64-b0c1b91ad8713475.rlib --extern bytes=/home/runner/work/router/router/target/debug/deps/libbytes-c50adbf09ebed7c5.rlib --extern chrono=/home/runner/work/router/router/target/debug/deps/libchrono-33b50abaf643a4d9.rlib --extern clap=/home/runner/work/router/router/target/debug/deps/libclap-7d7f9365a9432301.rlib --extern futures_util=/home/runner/work/router/router/target/debug/deps/libfutures_util-c88af18fb62ccf3c.rlib --extern hex=/home/runner/work/router/router/target/debug/deps/libhex-87f1440371f04de8.rlib --extern http=/home/runner/work/router/router/target/debug/deps/libhttp-df218f370a5dfd31.rlib --extern http_body_util=/home/runner/work/router/router/target/debug/deps/libhttp_body_util-c38ae8cbb28b45d6.rlib --extern hyper=/home/runner/work/router/router/target/debug/deps/libhyper-8602e07f51d7f73e.rlib --extern hyper_util=/home/runner/work/router/router/target/debug/deps/libhyper_util-377b19218a12252c.rlib --extern jsonwebtoken=/home/runner/work/router/router/target/debug/deps/libjsonwebtoken-962bb7944d5bfe65.rlib --extern link_assistant_router=/home/runner/work/router/router/target/debug/deps/liblink_assistant_router-6b4117404aec62eb.rlib --extern lino_arguments=/home/runner/work/router/router/target/debug/deps/liblino_arguments-8ba631e19f2d5887.rlib --extern log_lazy=/home/runner/work/router/router/target/debug/deps/liblog_lazy-9e3abe687b2c7fa0.rlib --extern reqwest=/home/runner/work/router/router/target/debug/deps/libreqwest-ec07d56440b19866.rlib --extern serde=/home/runner/work/router/router/target/debug/deps/libserde-85292091c9f44e38.rlib --extern serde_json=/home/runner/work/router/router/target/debug/deps/libserde_json-2a929f6947643107.rlib --extern sha2=/home/runner/work/router/router/target/debug/deps/libsha2-6fd3cec4e769ac0c.rlib --extern tempfile=/home/runner/work/router/router/target/debug/deps/libtempfile-918bb86f4375d8ae.rlib --extern tokio=/home/runner/work/router/router/target/debug/deps/libtokio-6ab14ea65eea979a.rlib --extern tokio_test=/home/runner/work/router/router/target/debug/deps/libtokio_test-ff7b2edcfaacba85.rlib --extern tower=/home/runner/work/router/router/target/debug/deps/libtower-be514c44a084b3bb.rlib --extern tower_http=/home/runner/work/router/router/target/debug/deps/libtower_http-68ae00c2f6f4f2c1.rlib --extern tracing=/home/runner/work/router/router/target/debug/deps/libtracing-80e998682bbd1908.rlib --extern tracing_subscriber=/home/runner/work/router/router/target/debug/deps/libtracing_subscriber-6410644e7fa1d2f7.rlib --extern uuid=/home/runner/work/router/router/target/debug/deps/libuuid-38a24d21d58112df.rlib -L dependency=/home/runner/work/router/router/target/debug/deps -C embed-bitcode=no --check-cfg 'cfg(docsrs,test)' --check-cfg 'cfg(feature, values())' --error-format human`
Test (ubuntu-latest)	Run tests	2026-05-09T15:58:10.4716669Z
Test (ubuntu-latest)	Run tests	2026-05-09T15:58:10.4717275Z running 0 tests
Test (ubuntu-latest)	Run tests	2026-05-09T15:58:10.4717535Z
Test (ubuntu-latest)	Run tests	2026-05-09T15:58:10.4717944Z test result: ok. 0 passed; 0 failed; 0 ignored; 0 measured; 0 filtered out; finished in 0.00s
Test (ubuntu-latest)	Run tests	2026-05-09T15:58:10.4718498Z
Test (ubuntu-latest)	Run doc tests	﻿2026-05-09T15:58:10.4834086Z ##[group]Run cargo test --doc --verbose
Test (ubuntu-latest)	Run doc tests	2026-05-09T15:58:10.4834496Z ^[[36;1mcargo test --doc --verbose^[[0m
Test (ubuntu-latest)	Run doc tests	2026-05-09T15:58:10.4856646Z shell: /usr/bin/bash -e {0}
Test (ubuntu-latest)	Run doc tests	2026-05-09T15:58:10.4857066Z env:
Test (ubuntu-latest)	Run doc tests	2026-05-09T15:58:10.4857261Z   CARGO_TERM_COLOR: always
Test (ubuntu-latest)	Run doc tests	2026-05-09T15:58:10.4857493Z   RUSTFLAGS: -Dwarnings
Test (ubuntu-latest)	Run doc tests	2026-05-09T15:58:10.4857878Z   CARGO_REGISTRY_TOKEN: ***
Test (ubuntu-latest)	Run doc tests	2026-05-09T15:58:10.4858144Z   DOCKERHUB_IMAGE: konard/link-assistant-router
Test (ubuntu-latest)	Run doc tests	2026-05-09T15:58:10.4858447Z   CARGO_HOME: /home/runner/.cargo
Test (ubuntu-latest)	Run doc tests	2026-05-09T15:58:10.4858693Z   CARGO_INCREMENTAL: 0
Test (ubuntu-latest)	Run doc tests	2026-05-09T15:58:10.4858899Z ##[endgroup]
Test (ubuntu-latest)	Run doc tests	2026-05-09T15:58:10.6147267Z ^[[1m^[[92m       Fresh^[[0m unicode-ident v1.0.22
Test (ubuntu-latest)	Run doc tests	2026-05-09T15:58:10.6147917Z ^[[1m^[[92m       Fresh^[[0m proc-macro2 v1.0.103
Test (ubuntu-latest)	Run doc tests	2026-05-09T15:58:10.6148483Z ^[[1m^[[92m       Fresh^[[0m pin-project-lite v0.2.16
Test (ubuntu-latest)	Run doc tests	2026-05-09T15:58:10.6148997Z ^[[1m^[[92m       Fresh^[[0m quote v1.0.42
Test (ubuntu-latest)	Run doc tests	2026-05-09T15:58:10.6149452Z ^[[1m^[[92m       Fresh^[[0m libc v0.2.183
Test (ubuntu-latest)	Run doc tests	2026-05-09T15:58:10.6149921Z ^[[1m^[[92m       Fresh^[[0m once_cell v1.21.4
Test (ubuntu-latest)	Run doc tests	2026-05-09T15:58:10.6150452Z ^[[1m^[[92m       Fresh^[[0m itoa v1.0.17
Test (ubuntu-latest)	Run doc tests	2026-05-09T15:58:10.6150893Z ^[[1m^[[92m       Fresh^[[0m syn v2.0.111
Test (ubuntu-latest)	Run doc tests	2026-05-09T15:58:10.6151382Z ^[[1m^[[92m       Fresh^[[0m futures-core v0.3.32
Test (ubuntu-latest)	Run doc tests	2026-05-09T15:58:10.6151857Z ^[[1m^[[92m       Fresh^[[0m bytes v1.11.0
Test (ubuntu-latest)	Run doc tests	2026-05-09T15:58:10.6152334Z ^[[1m^[[92m       Fresh^[[0m find-msvc-tools v0.1.9
Test (ubuntu-latest)	Run doc tests	2026-05-09T15:58:10.6152857Z ^[[1m^[[92m       Fresh^[[0m synstructure v0.13.2
Test (ubuntu-latest)	Run doc tests	2026-05-09T15:58:10.6153514Z ^[[1m^[[92m       Fresh^[[0m cfg-if v1.0.4
Test (ubuntu-latest)	Run doc tests	2026-05-09T15:58:10.6153960Z ^[[1m^[[92m       Fresh^[[0m shlex v1.3.0
Test (ubuntu-latest)	Run doc tests	2026-05-09T15:58:10.6154404Z ^[[1m^[[92m       Fresh^[[0m errno v0.3.14
Test (ubuntu-latest)	Run doc tests	2026-05-09T15:58:10.6154885Z ^[[1m^[[92m       Fresh^[[0m zerofrom-derive v0.1.6
Test (ubuntu-latest)	Run doc tests	2026-05-09T15:58:10.6155389Z ^[[1m^[[92m       Fresh^[[0m yoke-derive v0.8.1
Test (ubuntu-latest)	Run doc tests	2026-05-09T15:58:10.6155854Z ^[[1m^[[92m       Fresh^[[0m cc v1.2.57
Test (ubuntu-latest)	Run doc tests	2026-05-09T15:58:10.6156343Z ^[[1m^[[92m       Fresh^[[0m stable_deref_trait v1.2.1
Test (ubuntu-latest)	Run doc tests	2026-05-09T15:58:10.6156849Z ^[[1m^[[92m       Fresh^[[0m zerofrom v0.1.6
Test (ubuntu-latest)	Run doc tests	2026-05-09T15:58:10.6157319Z ^[[1m^[[92m       Fresh^[[0m log v0.4.29
Test (ubuntu-latest)	Run doc tests	2026-05-09T15:58:10.6157822Z ^[[1m^[[92m       Fresh^[[0m signal-hook-registry v1.4.8
Test (ubuntu-latest)	Run doc tests	2026-05-09T15:58:10.6158359Z ^[[1m^[[92m       Fresh^[[0m tokio-macros v2.6.0
Test (ubuntu-latest)	Run doc tests	2026-05-09T15:58:10.6158831Z ^[[1m^[[92m       Fresh^[[0m yoke v0.8.1
Test (ubuntu-latest)	Run doc tests	2026-05-09T15:58:10.6159278Z ^[[1m^[[92m       Fresh^[[0m socket2 v0.6.3
Test (ubuntu-latest)	Run doc tests	2026-05-09T15:58:10.6159755Z ^[[1m^[[92m       Fresh^[[0m tracing-core v0.1.36
Test (ubuntu-latest)	Run doc tests	2026-05-09T15:58:10.6160220Z ^[[1m^[[92m       Fresh^[[0m mio v1.1.1
Test (ubuntu-latest)	Run doc tests	2026-05-09T15:58:10.6160660Z ^[[1m^[[92m       Fresh^[[0m tokio v1.48.0
Test (ubuntu-latest)	Run doc tests	2026-05-09T15:58:10.6161138Z ^[[1m^[[92m       Fresh^[[0m zerovec-derive v0.11.2
Test (ubuntu-latest)	Run doc tests	2026-05-09T15:58:10.6161684Z ^[[1m^[[92m       Fresh^[[0m tracing-attributes v0.1.31
Test (ubuntu-latest)	Run doc tests	2026-05-09T15:58:10.6162217Z ^[[1m^[[92m       Fresh^[[0m zerovec v0.11.5
Test (ubuntu-latest)	Run doc tests	2026-05-09T15:58:10.6162683Z ^[[1m^[[92m       Fresh^[[0m displaydoc v0.2.5
Test (ubuntu-latest)	Run doc tests	2026-05-09T15:58:10.6163152Z ^[[1m^[[92m       Fresh^[[0m tracing v0.1.44
Test (ubuntu-latest)	Run doc tests	2026-05-09T15:58:10.6163778Z ^[[1m^[[92m       Fresh^[[0m serde_core v1.0.228
Test (ubuntu-latest)	Run doc tests	2026-05-09T15:58:10.6164257Z ^[[1m^[[92m       Fresh^[[0m http v1.4.0
Test (ubuntu-latest)	Run doc tests	2026-05-09T15:58:10.6164688Z ^[[1m^[[92m       Fresh^[[0m vcpkg v0.2.15
Test (ubuntu-latest)	Run doc tests	2026-05-09T15:58:10.6165159Z ^[[1m^[[92m       Fresh^[[0m smallvec v1.15.1
Test (ubuntu-latest)	Run doc tests	2026-05-09T15:58:10.6165643Z ^[[1m^[[92m       Fresh^[[0m pkg-config v0.3.32
Test (ubuntu-latest)	Run doc tests	2026-05-09T15:58:10.6166142Z ^[[1m^[[92m       Fresh^[[0m serde_derive v1.0.228
Test (ubuntu-latest)	Run doc tests	2026-05-09T15:58:10.6166622Z ^[[1m^[[92m       Fresh^[[0m slab v0.4.12
Test (ubuntu-latest)	Run doc tests	2026-05-09T15:58:10.6167057Z ^[[1m^[[92m       Fresh^[[0m serde v1.0.228
Test (ubuntu-latest)	Run doc tests	2026-05-09T15:58:10.6167515Z ^[[1m^[[92m       Fresh^[[0m http-body v1.0.1
Test (ubuntu-latest)	Run doc tests	2026-05-09T15:58:10.6167970Z ^[[1m^[[92m       Fresh^[[0m tinystr v0.8.2
Test (ubuntu-latest)	Run doc tests	2026-05-09T15:58:10.6168416Z ^[[1m^[[92m       Fresh^[[0m autocfg v1.5.0
Test (ubuntu-latest)	Run doc tests	2026-05-09T15:58:10.6168864Z ^[[1m^[[92m       Fresh^[[0m writeable v0.6.2
Test (ubuntu-latest)	Run doc tests	2026-05-09T15:58:10.6169330Z ^[[1m^[[92m       Fresh^[[0m bitflags v2.11.0
Test (ubuntu-latest)	Run doc tests	2026-05-09T15:58:10.6169786Z ^[[1m^[[92m       Fresh^[[0m litemap v0.8.1
Test (ubuntu-latest)	Run doc tests	2026-05-09T15:58:10.6170234Z ^[[1m^[[92m       Fresh^[[0m zerotrie v0.2.3
Test (ubuntu-latest)	Run doc tests	2026-05-09T15:58:10.6171128Z ^[[1m^[[92m       Fresh^[[0m icu_locale_core v2.1.1
Test (ubuntu-latest)	Run doc tests	2026-05-09T15:58:10.6171635Z ^[[1m^[[92m       Fresh^[[0m potential_utf v0.1.4
Test (ubuntu-latest)	Run doc tests	2026-05-09T15:58:10.6172152Z ^[[1m^[[92m       Fresh^[[0m futures-macro v0.3.32
Test (ubuntu-latest)	Run doc tests	2026-05-09T15:58:10.6172849Z ^[[1m^[[92m       Fresh^[[0m version_check v0.9.5
Test (ubuntu-latest)	Run doc tests	2026-05-09T15:58:10.6173474Z ^[[1m^[[92m       Fresh^[[0m tower-service v0.3.3
Test (ubuntu-latest)	Run doc tests	2026-05-09T15:58:10.6173963Z ^[[1m^[[92m       Fresh^[[0m hashbrown v0.16.1
Test (ubuntu-latest)	Run doc tests	2026-05-09T15:58:10.6174437Z ^[[1m^[[92m       Fresh^[[0m equivalent v1.0.2
Test (ubuntu-latest)	Run doc tests	2026-05-09T15:58:10.6174913Z ^[[1m^[[92m       Fresh^[[0m futures-task v0.3.32
Test (ubuntu-latest)	Run doc tests	2026-05-09T15:58:10.6175439Z ^[[1m^[[92m       Fresh^[[0m percent-encoding v2.3.2
Test (ubuntu-latest)	Run doc tests	2026-05-09T15:58:10.6175952Z ^[[1m^[[92m       Fresh^[[0m futures-sink v0.3.32
Test (ubuntu-latest)	Run doc tests	2026-05-09T15:58:10.6176445Z ^[[1m^[[92m       Fresh^[[0m futures-util v0.3.32
Test (ubuntu-latest)	Run doc tests	2026-05-09T15:58:10.6176934Z ^[[1m^[[92m       Fresh^[[0m tokio-util v0.7.18
Test (ubuntu-latest)	Run doc tests	2026-05-09T15:58:10.6177406Z ^[[1m^[[92m       Fresh^[[0m indexmap v2.13.0
Test (ubuntu-latest)	Run doc tests	2026-05-09T15:58:10.6177886Z ^[[1m^[[92m       Fresh^[[0m icu_collections v2.1.1
Test (ubuntu-latest)	Run doc tests	2026-05-09T15:58:10.6178394Z ^[[1m^[[92m       Fresh^[[0m icu_provider v2.1.1
Test (ubuntu-latest)	Run doc tests	2026-05-09T15:58:10.6178869Z ^[[1m^[[92m       Fresh^[[0m try-lock v0.2.5
Test (ubuntu-latest)	Run doc tests	2026-05-09T15:58:10.6179322Z ^[[1m^[[92m       Fresh^[[0m fnv v1.0.7
Test (ubuntu-latest)	Run doc tests	2026-05-09T15:58:10.6179772Z ^[[1m^[[92m       Fresh^[[0m atomic-waker v1.1.2
Test (ubuntu-latest)	Run doc tests	2026-05-09T15:58:10.6180299Z ^[[1m^[[92m       Fresh^[[0m foreign-types-shared v0.1.1
Test (ubuntu-latest)	Run doc tests	2026-05-09T15:58:10.6180803Z ^[[1m^[[92m       Fresh^[[0m base64 v0.22.1
Test (ubuntu-latest)	Run doc tests	2026-05-09T15:58:10.6181237Z ^[[1m^[[92m       Fresh^[[0m h2 v0.4.13
Test (ubuntu-latest)	Run doc tests	2026-05-09T15:58:10.6181689Z ^[[1m^[[92m       Fresh^[[0m foreign-types v0.3.2
Test (ubuntu-latest)	Run doc tests	2026-05-09T15:58:10.6182178Z ^[[1m^[[92m       Fresh^[[0m num-traits v0.2.19
Test (ubuntu-latest)	Run doc tests	2026-05-09T15:58:10.6182634Z ^[[1m^[[92m       Fresh^[[0m want v0.3.1
Test (ubuntu-latest)	Run doc tests	2026-05-09T15:58:10.6183079Z ^[[1m^[[92m       Fresh^[[0m httparse v1.10.1
Test (ubuntu-latest)	Run doc tests	2026-05-09T15:58:10.6183724Z ^[[1m^[[92m       Fresh^[[0m icu_properties_data v2.1.2
Test (ubuntu-latest)	Run doc tests	2026-05-09T15:58:10.6184238Z ^[[1m^[[92m       Fresh^[[0m zmij v1.0.21
Test (ubuntu-latest)	Run doc tests	2026-05-09T15:58:10.6184750Z ^[[1m^[[92m       Fresh^[[0m icu_normalizer_data v2.1.1
Test (ubuntu-latest)	Run doc tests	2026-05-09T15:58:10.6185301Z ^[[1m^[[92m       Fresh^[[0m openssl-sys v0.9.112
Test (ubuntu-latest)	Run doc tests	2026-05-09T15:58:10.6185820Z ^[[1m^[[92m       Fresh^[[0m futures-channel v0.3.32
Test (ubuntu-latest)	Run doc tests	2026-05-09T15:58:10.6186353Z ^[[1m^[[92m       Fresh^[[0m sync_wrapper v1.0.2
Test (ubuntu-latest)	Run doc tests	2026-05-09T15:58:10.6186862Z ^[[1m^[[92m       Fresh^[[0m openssl-macros v0.1.1
Test (ubuntu-latest)	Run doc tests	2026-05-09T15:58:10.6187327Z ^[[1m^[[92m       Fresh^[[0m httpdate v1.0.3
Test (ubuntu-latest)	Run doc tests	2026-05-09T15:58:10.6187628Z ^[[1m^[[92m       Fresh^[[0m memchr v2.8.0
Test (ubuntu-latest)	Run doc tests	2026-05-09T15:58:10.6187922Z ^[[1m^[[92m       Fresh^[[0m utf8parse v0.2.2
Test (ubuntu-latest)	Run doc tests	2026-05-09T15:58:10.6188226Z ^[[1m^[[92m       Fresh^[[0m tower-layer v0.3.3
Test (ubuntu-latest)	Run doc tests	2026-05-09T15:58:10.6188527Z ^[[1m^[[92m       Fresh^[[0m pin-utils v0.1.0
Test (ubuntu-latest)	Run doc tests	2026-05-09T15:58:10.6188827Z ^[[1m^[[92m       Fresh^[[0m typenum v1.20.0
Test (ubuntu-latest)	Run doc tests	2026-05-09T15:58:10.6189130Z ^[[1m^[[92m       Fresh^[[0m anstyle-parse v0.2.7
Test (ubuntu-latest)	Run doc tests	2026-05-09T15:58:10.6189452Z ^[[1m^[[92m       Fresh^[[0m generic-array v0.14.7
Test (ubuntu-latest)	Run doc tests	2026-05-09T15:58:10.6189760Z ^[[1m^[[92m       Fresh^[[0m hyper v1.8.1
Test (ubuntu-latest)	Run doc tests	2026-05-09T15:58:10.6190065Z ^[[1m^[[92m       Fresh^[[0m serde_json v1.0.149
Test (ubuntu-latest)	Run doc tests	2026-05-09T15:58:10.6190377Z ^[[1m^[[92m       Fresh^[[0m openssl v0.10.76
Test (ubuntu-latest)	Run doc tests	2026-05-09T15:58:10.6190687Z ^[[1m^[[92m       Fresh^[[0m icu_normalizer v2.1.1
Test (ubuntu-latest)	Run doc tests	2026-05-09T15:58:10.6191006Z ^[[1m^[[92m       Fresh^[[0m icu_properties v2.1.2
Test (ubuntu-latest)	Run doc tests	2026-05-09T15:58:10.6191327Z ^[[1m^[[92m       Fresh^[[0m form_urlencoded v1.2.2
Test (ubuntu-latest)	Run doc tests	2026-05-09T15:58:10.6191643Z ^[[1m^[[92m       Fresh^[[0m http-body-util v0.1.3
Test (ubuntu-latest)	Run doc tests	2026-05-09T15:58:10.6191957Z ^[[1m^[[92m       Fresh^[[0m anstyle-query v1.1.5
Test (ubuntu-latest)	Run doc tests	2026-05-09T15:58:10.6192299Z ^[[1m^[[92m       Fresh^[[0m is_terminal_polyfill v1.70.2
Test (ubuntu-latest)	Run doc tests	2026-05-09T15:58:10.6192626Z ^[[1m^[[92m       Fresh^[[0m num-conv v0.2.0
Test (ubuntu-latest)	Run doc tests	2026-05-09T15:58:10.6192924Z ^[[1m^[[92m       Fresh^[[0m powerfmt v0.2.0
Test (ubuntu-latest)	Run doc tests	2026-05-09T15:58:10.6193206Z ^[[1m^[[92m       Fresh^[[0m anstyle v1.0.14
Test (ubuntu-latest)	Run doc tests	2026-05-09T15:58:10.6193688Z ^[[1m^[[92m       Fresh^[[0m time-core v0.1.8
Test (ubuntu-latest)	Run doc tests	2026-05-09T15:58:10.6194186Z ^[[1m^[[92m       Fresh^[[0m openssl-probe v0.2.1
Test (ubuntu-latest)	Run doc tests	2026-05-09T15:58:10.6194690Z ^[[1m^[[92m       Fresh^[[0m colorchoice v1.0.5
Test (ubuntu-latest)	Run doc tests	2026-05-09T15:58:10.6195219Z ^[[1m^[[92m       Fresh^[[0m ipnet v2.12.0
Test (ubuntu-latest)	Run doc tests	2026-05-09T15:58:10.6195552Z ^[[1m^[[92m       Fresh^[[0m time-macros v0.2.27
Test (ubuntu-latest)	Run doc tests	2026-05-09T15:58:10.6195860Z ^[[1m^[[92m       Fresh^[[0m hyper-util v0.1.20
Test (ubuntu-latest)	Run doc tests	2026-05-09T15:58:10.6196274Z ^[[1m^[[92m       Fresh^[[0m anstream v0.6.21
Test (ubuntu-latest)	Run doc tests	2026-05-09T15:58:10.6196577Z ^[[1m^[[92m       Fresh^[[0m native-tls v0.2.18
Test (ubuntu-latest)	Run doc tests	2026-05-09T15:58:10.6196876Z ^[[1m^[[92m       Fresh^[[0m deranged v0.5.8
Test (ubuntu-latest)	Run doc tests	2026-05-09T15:58:10.6197178Z ^[[1m^[[92m       Fresh^[[0m idna_adapter v1.2.1
Test (ubuntu-latest)	Run doc tests	2026-05-09T15:58:10.6202839Z ^[[1m^[[92m       Fresh^[[0m tower v0.5.3
Test (ubuntu-latest)	Run doc tests	2026-05-09T15:58:10.6203587Z ^[[1m^[[92m       Fresh^[[0m num-integer v0.1.46
Test (ubuntu-latest)	Run doc tests	2026-05-09T15:58:10.6204002Z ^[[1m^[[92m       Fresh^[[0m thiserror-impl v2.0.18
Test (ubuntu-latest)	Run doc tests	2026-05-09T15:58:10.6204349Z ^[[1m^[[92m       Fresh^[[0m utf8_iter v1.0.4
Test (ubuntu-latest)	Run doc tests	2026-05-09T15:58:10.6204662Z ^[[1m^[[92m       Fresh^[[0m ryu v1.0.23
Test (ubuntu-latest)	Run doc tests	2026-05-09T15:58:10.6204956Z ^[[1m^[[92m       Fresh^[[0m strsim v0.11.1
Test (ubuntu-latest)	Run doc tests	2026-05-09T15:58:10.6205261Z ^[[1m^[[92m       Fresh^[[0m heck v0.5.0
Test (ubuntu-latest)	Run doc tests	2026-05-09T15:58:10.6205579Z ^[[1m^[[92m       Fresh^[[0m regex-syntax v0.8.10
Test (ubuntu-latest)	Run doc tests	2026-05-09T15:58:10.6205915Z ^[[1m^[[92m       Fresh^[[0m clap_lex v1.1.0
Test (ubuntu-latest)	Run doc tests	2026-05-09T15:58:10.6206241Z ^[[1m^[[92m       Fresh^[[0m dtor-proc-macro v0.0.5
Test (ubuntu-latest)	Run doc tests	2026-05-09T15:58:10.6206561Z ^[[1m^[[92m       Fresh^[[0m mime v0.3.17
Test (ubuntu-latest)	Run doc tests	2026-05-09T15:58:10.6206848Z ^[[1m^[[92m       Fresh^[[0m dtor v0.0.6
Test (ubuntu-latest)	Run doc tests	2026-05-09T15:58:10.6207155Z ^[[1m^[[92m       Fresh^[[0m clap_builder v4.5.60
Test (ubuntu-latest)	Run doc tests	2026-05-09T15:58:10.6207467Z ^[[1m^[[92m       Fresh^[[0m clap_derive v4.5.55
Test (ubuntu-latest)	Run doc tests	2026-05-09T15:58:10.6207793Z ^[[1m^[[92m       Fresh^[[0m serde_urlencoded v0.7.1
Test (ubuntu-latest)	Run doc tests	2026-05-09T15:58:10.6208129Z ^[[1m^[[92m       Fresh^[[0m regex-automata v0.4.14
Test (ubuntu-latest)	Run doc tests	2026-05-09T15:58:10.6208457Z ^[[1m^[[92m       Fresh^[[0m num-bigint v0.4.6
Test (ubuntu-latest)	Run doc tests	2026-05-09T15:58:10.6208765Z ^[[1m^[[92m       Fresh^[[0m thiserror v2.0.18
Test (ubuntu-latest)	Run doc tests	2026-05-09T15:58:10.6209052Z ^[[1m^[[92m       Fresh^[[0m idna v1.1.0
Test (ubuntu-latest)	Run doc tests	2026-05-09T15:58:10.6209332Z ^[[1m^[[92m       Fresh^[[0m time v0.3.47
Test (ubuntu-latest)	Run doc tests	2026-05-09T15:58:10.6209664Z ^[[1m^[[92m       Fresh^[[0m tokio-native-tls v0.3.1
Test (ubuntu-latest)	Run doc tests	2026-05-09T15:58:10.6210021Z ^[[1m^[[92m       Fresh^[[0m getrandom v0.4.2
Test (ubuntu-latest)	Run doc tests	2026-05-09T15:58:10.6210367Z ^[[1m^[[92m       Fresh^[[0m crypto-common v0.1.7
Test (ubuntu-latest)	Run doc tests	2026-05-09T15:58:10.6210699Z ^[[1m^[[92m       Fresh^[[0m block-buffer v0.10.4
Test (ubuntu-latest)	Run doc tests	2026-05-09T15:58:10.6211018Z ^[[1m^[[92m       Fresh^[[0m getrandom v0.2.17
Test (ubuntu-latest)	Run doc tests	2026-05-09T15:58:10.6211342Z ^[[1m^[[92m       Fresh^[[0m thiserror-impl v1.0.69
Test (ubuntu-latest)	Run doc tests	2026-05-09T15:58:10.6211662Z ^[[1m^[[92m       Fresh^[[0m untrusted v0.9.0
Test (ubuntu-latest)	Run doc tests	2026-05-09T15:58:10.6211974Z ^[[1m^[[92m       Fresh^[[0m lazy_static v1.5.0
Test (ubuntu-latest)	Run doc tests	2026-05-09T15:58:10.6212276Z ^[[1m^[[92m       Fresh^[[0m zeroize v1.8.2
Test (ubuntu-latest)	Run doc tests	2026-05-09T15:58:10.6212586Z ^[[1m^[[92m       Fresh^[[0m ctor-proc-macro v0.0.6
Test (ubuntu-latest)	Run doc tests	2026-05-09T15:58:10.6212912Z ^[[1m^[[92m       Fresh^[[0m iri-string v0.7.10
Test (ubuntu-latest)	Run doc tests	2026-05-09T15:58:10.6213212Z ^[[1m^[[92m       Fresh^[[0m thiserror v1.0.69
Test (ubuntu-latest)	Run doc tests	2026-05-09T15:58:10.6213729Z ^[[1m^[[92m       Fresh^[[0m ctor v0.4.3
Test (ubuntu-latest)	Run doc tests	2026-05-09T15:58:10.6214070Z ^[[1m^[[92m       Fresh^[[0m rustls-pki-types v1.14.0
Test (ubuntu-latest)	Run doc tests	2026-05-09T15:58:10.6214418Z ^[[1m^[[92m       Fresh^[[0m tower-http v0.6.8
Test (ubuntu-latest)	Run doc tests	2026-05-09T15:58:10.6214755Z ^[[1m^[[92m       Fresh^[[0m sharded-slab v0.1.7
Test (ubuntu-latest)	Run doc tests	2026-05-09T15:58:10.6215072Z ^[[1m^[[92m       Fresh^[[0m ring v0.17.14
Test (ubuntu-latest)	Run doc tests	2026-05-09T15:58:10.6215367Z ^[[1m^[[92m       Fresh^[[0m digest v0.10.7
Test (ubuntu-latest)	Run doc tests	2026-05-09T15:58:10.6215656Z ^[[1m^[[92m       Fresh^[[0m url v2.5.8
Test (ubuntu-latest)	Run doc tests	2026-05-09T15:58:10.6215970Z ^[[1m^[[92m       Fresh^[[0m simple_asn1 v0.6.4
Test (ubuntu-latest)	Run doc tests	2026-05-09T15:58:10.6216290Z ^[[1m^[[92m       Fresh^[[0m hyper-tls v0.6.0
Test (ubuntu-latest)	Run doc tests	2026-05-09T15:58:10.6216595Z ^[[1m^[[92m       Fresh^[[0m matchers v0.2.0
Test (ubuntu-latest)	Run doc tests	2026-05-09T15:58:10.6216890Z ^[[1m^[[92m       Fresh^[[0m clap v4.5.60
Test (ubuntu-latest)	Run doc tests	2026-05-09T15:58:10.6217207Z ^[[1m^[[92m       Fresh^[[0m axum-core v0.5.6
Test (ubuntu-latest)	Run doc tests	2026-05-09T15:58:10.6217500Z ^[[1m^[[92m       Fresh^[[0m pem v3.0.6
Test (ubuntu-latest)	Run doc tests	2026-05-09T15:58:10.6217810Z ^[[1m^[[92m       Fresh^[[0m tracing-serde v0.2.0
Test (ubuntu-latest)	Run doc tests	2026-05-09T15:58:10.6218149Z ^[[1m^[[92m       Fresh^[[0m serde_path_to_error v0.1.20
Test (ubuntu-latest)	Run doc tests	2026-05-09T15:58:10.6218489Z ^[[1m^[[92m       Fresh^[[0m tracing-log v0.2.0
Test (ubuntu-latest)	Run doc tests	2026-05-09T15:58:10.6218798Z ^[[1m^[[92m       Fresh^[[0m encoding_rs v0.8.35
Test (ubuntu-latest)	Run doc tests	2026-05-09T15:58:10.6219108Z ^[[1m^[[92m       Fresh^[[0m thread_local v1.1.9
Test (ubuntu-latest)	Run doc tests	2026-05-09T15:58:10.6219661Z ^[[1m^[[92m       Fresh^[[0m async-stream-impl v0.3.6
Test (ubuntu-latest)	Run doc tests	2026-05-09T15:58:10.6219993Z ^[[1m^[[92m       Fresh^[[0m axum-macros v0.5.0
Test (ubuntu-latest)	Run doc tests	2026-05-09T15:58:10.6220452Z ^[[1m^[[92m       Fresh^[[0m iana-time-zone v0.1.65
Test (ubuntu-latest)	Run doc tests	2026-05-09T15:58:10.6220782Z ^[[1m^[[92m       Fresh^[[0m nu-ansi-term v0.50.3
Test (ubuntu-latest)	Run doc tests	2026-05-09T15:58:10.6221080Z ^[[1m^[[92m       Fresh^[[0m lino-env v0.1.0
Test (ubuntu-latest)	Run doc tests	2026-05-09T15:58:10.6221396Z ^[[1m^[[92m       Fresh^[[0m linux-raw-sys v0.12.1
Test (ubuntu-latest)	Run doc tests	2026-05-09T15:58:10.6221708Z ^[[1m^[[92m       Fresh^[[0m dotenvy v0.15.7
Test (ubuntu-latest)	Run doc tests	2026-05-09T15:58:10.6222011Z ^[[1m^[[92m       Fresh^[[0m cpufeatures v0.2.17
Test (ubuntu-latest)	Run doc tests	2026-05-09T15:58:10.6222305Z ^[[1m^[[92m       Fresh^[[0m matchit v0.8.4
Test (ubuntu-latest)	Run doc tests	2026-05-09T15:58:10.6222618Z ^[[1m^[[92m       Fresh^[[0m lino-arguments v0.3.0
Test (ubuntu-latest)	Run doc tests	2026-05-09T15:58:10.6222918Z ^[[1m^[[92m       Fresh^[[0m sha2 v0.10.9
Test (ubuntu-latest)	Run doc tests	2026-05-09T15:58:10.6223230Z ^[[1m^[[92m       Fresh^[[0m rustix v1.1.4
Test (ubuntu-latest)	Run doc tests	2026-05-09T15:58:10.6223820Z ^[[1m^[[92m       Fresh^[[0m axum v0.8.8
Test (ubuntu-latest)	Run doc tests	2026-05-09T15:58:10.6224150Z ^[[1m^[[92m       Fresh^[[0m tracing-subscriber v0.3.23
Test (ubuntu-latest)	Run doc tests	2026-05-09T15:58:10.6224487Z ^[[1m^[[92m       Fresh^[[0m chrono v0.4.44
Test (ubuntu-latest)	Run doc tests	2026-05-09T15:58:10.6224796Z ^[[1m^[[92m       Fresh^[[0m reqwest v0.12.28
Test (ubuntu-latest)	Run doc tests	2026-05-09T15:58:10.6225127Z ^[[1m^[[92m       Fresh^[[0m async-stream v0.3.6
Test (ubuntu-latest)	Run doc tests	2026-05-09T15:58:10.6225439Z ^[[1m^[[92m       Fresh^[[0m jsonwebtoken v9.3.1
Test (ubuntu-latest)	Run doc tests	2026-05-09T15:58:10.6225738Z ^[[1m^[[92m       Fresh^[[0m uuid v1.22.0
Test (ubuntu-latest)	Run doc tests	2026-05-09T15:58:10.6226044Z ^[[1m^[[92m       Fresh^[[0m tokio-stream v0.1.17
Test (ubuntu-latest)	Run doc tests	2026-05-09T15:58:10.6226362Z ^[[1m^[[92m       Fresh^[[0m async-trait v0.1.89
Test (ubuntu-latest)	Run doc tests	2026-05-09T15:58:10.6226654Z ^[[1m^[[92m       Fresh^[[0m hex v0.4.3
Test (ubuntu-latest)	Run doc tests	2026-05-09T15:58:10.6226968Z ^[[1m^[[92m       Fresh^[[0m log-lazy v0.1.0
Test (ubuntu-latest)	Run doc tests	2026-05-09T15:58:10.6227270Z ^[[1m^[[92m       Fresh^[[0m fastrand v2.3.0
Test (ubuntu-latest)	Run doc tests	2026-05-09T15:58:10.6227574Z ^[[1m^[[92m       Fresh^[[0m tokio-test v0.4.4
Test (ubuntu-latest)	Run doc tests	2026-05-09T15:58:10.6227872Z ^[[1m^[[92m       Fresh^[[0m tempfile v3.27.0
Test (ubuntu-latest)	Run doc tests	2026-05-09T15:58:10.6228328Z ^[[1m^[[92m       Fresh^[[0m link-assistant-router v0.13.0 (/home/runner/work/router/router)
Test (ubuntu-latest)	Run doc tests	2026-05-09T15:58:10.6228911Z ^[[1m^[[92m    Finished^[[0m `test` profile [unoptimized + debuginfo] target(s) in 0.12s
Test (ubuntu-latest)	Run doc tests	2026-05-09T15:58:10.6267900Z ^[[1m^[[92m   Doc-tests^[[0m link_assistant_router
Test (ubuntu-latest)	Run doc tests	2026-05-09T15:58:10.6284963Z ^[[1m^[[92m     Running^[[0m `/home/runner/.rustup/toolchains/stable-x86_64-unknown-linux-gnu/bin/rustdoc --edition=2021 --crate-type lib --color always --crate-name link_assistant_router --test src/lib.rs --test-run-directory /home/runner/work/router/router -L native=/home/runner/work/router/router/target/debug/build/ring-bd1e6b00a9b3f90b/out '--warn=clippy::pedantic' '--warn=clippy::nursery' '--warn=clippy::all' --forbid=unsafe_code '--allow=clippy::too_many_lines' '--allow=clippy::module_name_repetitions' '--allow=clippy::missing_panics_doc' '--allow=clippy::missing_errors_doc' --extern async_trait=/home/runner/work/router/router/target/debug/deps/libasync_trait-fdb89a2215dfae70.so --extern axum=/home/runner/work/router/router/target/debug/deps/libaxum-b288ffadbe69dbe6.rlib --extern base64=/home/runner/work/router/router/target/debug/deps/libbase64-b0c1b91ad8713475.rlib --extern bytes=/home/runner/work/router/router/target/debug/deps/libbytes-c50adbf09ebed7c5.rlib --extern chrono=/home/runner/work/router/router/target/debug/deps/libchrono-33b50abaf643a4d9.rlib --extern clap=/home/runner/work/router/router/target/debug/deps/libclap-7d7f9365a9432301.rlib --extern futures_util=/home/runner/work/router/router/target/debug/deps/libfutures_util-c88af18fb62ccf3c.rlib --extern hex=/home/runner/work/router/router/target/debug/deps/libhex-87f1440371f04de8.rlib --extern http=/home/runner/work/router/router/target/debug/deps/libhttp-df218f370a5dfd31.rlib --extern http_body_util=/home/runner/work/router/router/target/debug/deps/libhttp_body_util-c38ae8cbb28b45d6.rlib --extern hyper=/home/runner/work/router/router/target/debug/deps/libhyper-8602e07f51d7f73e.rlib --extern hyper_util=/home/runner/work/router/router/target/debug/deps/libhyper_util-377b19218a12252c.rlib --extern jsonwebtoken=/home/runner/work/router/router/target/debug/deps/libjsonwebtoken-962bb7944d5bfe65.rlib --extern link_assistant_router=/home/runner/work/router/router/target/debug/deps/liblink_assistant_router-6b4117404aec62eb.rlib --extern lino_arguments=/home/runner/work/router/router/target/debug/deps/liblino_arguments-8ba631e19f2d5887.rlib --extern log_lazy=/home/runner/work/router/router/target/debug/deps/liblog_lazy-9e3abe687b2c7fa0.rlib --extern reqwest=/home/runner/work/router/router/target/debug/deps/libreqwest-ec07d56440b19866.rlib --extern serde=/home/runner/work/router/router/target/debug/deps/libserde-85292091c9f44e38.rlib --extern serde_json=/home/runner/work/router/router/target/debug/deps/libserde_json-2a929f6947643107.rlib --extern sha2=/home/runner/work/router/router/target/debug/deps/libsha2-6fd3cec4e769ac0c.rlib --extern tempfile=/home/runner/work/router/router/target/debug/deps/libtempfile-918bb86f4375d8ae.rlib --extern tokio=/home/runner/work/router/router/target/debug/deps/libtokio-6ab14ea65eea979a.rlib --extern tokio_test=/home/runner/work/router/router/target/debug/deps/libtokio_test-ff7b2edcfaacba85.rlib --extern tower=/home/runner/work/router/router/target/debug/deps/libtower-be514c44a084b3bb.rlib --extern tower_http=/home/runner/work/router/router/target/debug/deps/libtower_http-68ae00c2f6f4f2c1.rlib --extern tracing=/home/runner/work/router/router/target/debug/deps/libtracing-80e998682bbd1908.rlib --extern tracing_subscriber=/home/runner/work/router/router/target/debug/deps/libtracing_subscriber-6410644e7fa1d2f7.rlib --extern uuid=/home/runner/work/router/router/target/debug/deps/libuuid-38a24d21d58112df.rlib -L dependency=/home/runner/work/router/router/target/debug/deps -C embed-bitcode=no --check-cfg 'cfg(docsrs,test)' --check-cfg 'cfg(feature, values())' --error-format human`
Test (ubuntu-latest)	Run doc tests	2026-05-09T15:58:10.7479107Z
Test (ubuntu-latest)	Run doc tests	2026-05-09T15:58:10.7479675Z running 0 tests
Test (ubuntu-latest)	Run doc tests	2026-05-09T15:58:10.7479861Z
Test (ubuntu-latest)	Run doc tests	2026-05-09T15:58:10.7480145Z test result: ok. 0 passed; 0 failed; 0 ignored; 0 measured; 0 filtered out; finished in 0.00s
Test (ubuntu-latest)	Run doc tests	2026-05-09T15:58:10.7480544Z
Test (ubuntu-latest)	Post Cache cargo registry	﻿2026-05-09T15:58:11.0775059Z Post job cleanup.
Test (ubuntu-latest)	Post Cache cargo registry	2026-05-09T15:58:11.2260153Z [command]/usr/bin/tar --posix -cf cache.tzst --exclude cache.tzst -P -C /home/runner/work/router/router --files-from manifest.txt --use-compress-program zstdmt
Test (ubuntu-latest)	Post Cache cargo registry	2026-05-09T15:58:15.3881058Z Failed to save: Unable to reserve cache with key Linux-cargo-c8469037771668bcb04056713cd1016fce250f1f3cf2be9d0d4de0a241d33a30, another job may be creating this cache.
Test (ubuntu-latest)	Post Run actions/checkout@v4	﻿2026-05-09T15:58:15.4370023Z Post job cleanup.
Test (ubuntu-latest)	Post Run actions/checkout@v4	2026-05-09T15:58:15.5358054Z [command]/usr/bin/git version
Test (ubuntu-latest)	Post Run actions/checkout@v4	2026-05-09T15:58:15.5395584Z git version 2.53.0
Test (ubuntu-latest)	Post Run actions/checkout@v4	2026-05-09T15:58:15.5445312Z Temporarily overriding HOME='/home/runner/work/_temp/f64a3525-82e7-4d1e-b493-7510cd95838c' before making global git config changes
Test (ubuntu-latest)	Post Run actions/checkout@v4	2026-05-09T15:58:15.5446612Z Adding repository directory to the temporary git global config as a safe directory
Test (ubuntu-latest)	Post Run actions/checkout@v4	2026-05-09T15:58:15.5451476Z [command]/usr/bin/git config --global --add safe.directory /home/runner/work/router/router
Test (ubuntu-latest)	Post Run actions/checkout@v4	2026-05-09T15:58:15.5487033Z [command]/usr/bin/git config --local --name-only --get-regexp core\.sshCommand
Test (ubuntu-latest)	Post Run actions/checkout@v4	2026-05-09T15:58:15.5519924Z [command]/usr/bin/git submodule foreach --recursive sh -c "git config --local --name-only --get-regexp 'core\.sshCommand' && git config --local --unset-all 'core.sshCommand' || :"
Test (ubuntu-latest)	Post Run actions/checkout@v4	2026-05-09T15:58:15.5757812Z [command]/usr/bin/git config --local --name-only --get-regexp http\.https\:\/\/github\.com\/\.extraheader
Test (ubuntu-latest)	Post Run actions/checkout@v4	2026-05-09T15:58:15.5780532Z http.https://github.com/.extraheader
Test (ubuntu-latest)	Post Run actions/checkout@v4	2026-05-09T15:58:15.5792872Z [command]/usr/bin/git config --local --unset-all http.https://github.com/.extraheader
Test (ubuntu-latest)	Post Run actions/checkout@v4	2026-05-09T15:58:15.5824418Z [command]/usr/bin/git submodule foreach --recursive sh -c "git config --local --name-only --get-regexp 'http\.https\:\/\/github\.com\/\.extraheader' && git config --local --unset-all 'http.https://github.com/.extraheader' || :"
Test (ubuntu-latest)	Post Run actions/checkout@v4	2026-05-09T15:58:15.6058823Z [command]/usr/bin/git config --local --name-only --get-regexp ^includeIf\.gitdir:
Test (ubuntu-latest)	Post Run actions/checkout@v4	2026-05-09T15:58:15.6091087Z [command]/usr/bin/git submodule foreach --recursive git config --local --show-origin --name-only --get-regexp remote.origin.url
Test (ubuntu-latest)	Complete job	﻿2026-05-09T15:58:15.6449677Z Cleaning up orphan processes
Test (ubuntu-latest)	Complete job	2026-05-09T15:58:15.6741734Z ##[warning]Node.js 20 actions are deprecated. The following actions are running on Node.js 20 and may not work as expected: actions/cache@v4, actions/checkout@v4. Actions will be forced to run with Node.js 24 by default starting June 2nd, 2026. Node.js 20 will be removed from the runner on September 16th, 2026. Please check if updated versions of these actions are available that support Node.js 24. To opt into Node.js 24 now, set the FORCE_JAVASCRIPT_ACTIONS_TO_NODE24=true environment variable on the runner or in your workflow file. Once Node.js 24 becomes the default, you can temporarily opt out by setting ACTIONS_ALLOW_USE_UNSECURE_NODE_VERSION=true. For more information see: https://github.blog/changelog/2025-09-19-deprecation-of-node-20-on-github-actions-runners/
Test (windows-latest)	Set up job	﻿2026-05-09T15:57:17.6213606Z Current runner version: '2.334.0'
Test (windows-latest)	Set up job	2026-05-09T15:57:17.6280593Z ##[group]Runner Image Provisioner
Test (windows-latest)	Set up job	2026-05-09T15:57:17.6281903Z Hosted Compute Agent
Test (windows-latest)	Set up job	2026-05-09T15:57:17.6282780Z Version: 20260422.526
Test (windows-latest)	Set up job	2026-05-09T15:57:17.6283713Z Commit: e1a9e573f4d0838b3a7c1b07401aeb29ed3635a9
Test (windows-latest)	Set up job	2026-05-09T15:57:17.6285197Z Build Date: 2026-04-22T09:31:31Z
Test (windows-latest)	Set up job	2026-05-09T15:57:17.6286233Z Worker ID: {f9648ade-fb82-4668-9716-7288f70a708c}
Test (windows-latest)	Set up job	2026-05-09T15:57:17.6287362Z Azure Region: eastus
Test (windows-latest)	Set up job	2026-05-09T15:57:17.6288207Z ##[endgroup]
Test (windows-latest)	Set up job	2026-05-09T15:57:17.6290194Z ##[group]Operating System
Test (windows-latest)	Set up job	2026-05-09T15:57:17.6291155Z Microsoft Windows Server 2025
Test (windows-latest)	Set up job	2026-05-09T15:57:17.6292061Z 10.0.26100
Test (windows-latest)	Set up job	2026-05-09T15:57:17.6292780Z Datacenter
Test (windows-latest)	Set up job	2026-05-09T15:57:17.6293453Z ##[endgroup]
Test (windows-latest)	Set up job	2026-05-09T15:57:17.6294236Z ##[group]Runner Image
Test (windows-latest)	Set up job	2026-05-09T15:57:17.6295041Z Image: windows-2025
Test (windows-latest)	Set up job	2026-05-09T15:57:17.6295737Z Version: 20260428.110.2
Test (windows-latest)	Set up job	2026-05-09T15:57:17.6297479Z Included Software: https://github.com/actions/runner-images/blob/win25/20260428.110/images/windows/Windows2025-Readme.md
Test (windows-latest)	Set up job	2026-05-09T15:57:17.6300552Z Image Release: https://github.com/actions/runner-images/releases/tag/win25%2F20260428.110
Test (windows-latest)	Set up job	2026-05-09T15:57:17.6302104Z ##[endgroup]
Test (windows-latest)	Set up job	2026-05-09T15:57:17.6307408Z ##[group]GITHUB_TOKEN Permissions
Test (windows-latest)	Set up job	2026-05-09T15:57:17.6310362Z Actions: write
Test (windows-latest)	Set up job	2026-05-09T15:57:17.6311196Z ArtifactMetadata: write
Test (windows-latest)	Set up job	2026-05-09T15:57:17.6311959Z Attestations: write
Test (windows-latest)	Set up job	2026-05-09T15:57:17.6312779Z Checks: write
Test (windows-latest)	Set up job	2026-05-09T15:57:17.6313478Z Contents: write
Test (windows-latest)	Set up job	2026-05-09T15:57:17.6314159Z Deployments: write
Test (windows-latest)	Set up job	2026-05-09T15:57:17.6314923Z Discussions: write
Test (windows-latest)	Set up job	2026-05-09T15:57:17.6315621Z Issues: write
Test (windows-latest)	Set up job	2026-05-09T15:57:17.6316337Z Metadata: read
Test (windows-latest)	Set up job	2026-05-09T15:57:17.6317079Z Models: read
Test (windows-latest)	Set up job	2026-05-09T15:57:17.6317729Z Packages: write
Test (windows-latest)	Set up job	2026-05-09T15:57:17.6318437Z Pages: write
Test (windows-latest)	Set up job	2026-05-09T15:57:17.6319298Z PullRequests: write
Test (windows-latest)	Set up job	2026-05-09T15:57:17.6320070Z RepositoryProjects: write
Test (windows-latest)	Set up job	2026-05-09T15:57:17.6320927Z SecurityEvents: write
Test (windows-latest)	Set up job	2026-05-09T15:57:17.6321687Z Statuses: write
Test (windows-latest)	Set up job	2026-05-09T15:57:17.6322569Z VulnerabilityAlerts: read
Test (windows-latest)	Set up job	2026-05-09T15:57:17.6323444Z ##[endgroup]
Test (windows-latest)	Set up job	2026-05-09T15:57:17.6326046Z Secret source: Actions
Test (windows-latest)	Set up job	2026-05-09T15:57:17.6326804Z Prepare workflow directory
Test (windows-latest)	Set up job	2026-05-09T15:57:17.6918097Z Prepare all required actions
Test (windows-latest)	Set up job	2026-05-09T15:57:17.6957659Z Getting action download info
Test (windows-latest)	Set up job	2026-05-09T15:57:17.9212820Z Download action repository 'actions/checkout@v4' (SHA:34e114876b0b11c390a56381ad16ebd13914f8d5)
Test (windows-latest)	Set up job	2026-05-09T15:57:18.0567878Z Download action repository 'dtolnay/rust-toolchain@stable' (SHA:29eef336d9b2848a0b548edc03f92a220660cdb8)
Test (windows-latest)	Set up job	2026-05-09T15:57:18.1413659Z Download action repository 'actions/cache@v4' (SHA:0057852bfaa89a56745cba8c7296529d2fc39830)
Test (windows-latest)	Set up job	2026-05-09T15:57:18.5557176Z Complete job name: Test (windows-latest)
Test (windows-latest)	Run actions/checkout@v4	﻿2026-05-09T15:57:18.7114668Z ##[group]Run actions/checkout@v4
Test (windows-latest)	Run actions/checkout@v4	2026-05-09T15:57:18.7116789Z with:
Test (windows-latest)	Run actions/checkout@v4	2026-05-09T15:57:18.7117384Z   repository: link-assistant/router
Test (windows-latest)	Run actions/checkout@v4	2026-05-09T15:57:18.7118365Z   token: ***
Test (windows-latest)	Run actions/checkout@v4	2026-05-09T15:57:18.7118862Z   ssh-strict: true
Test (windows-latest)	Run actions/checkout@v4	2026-05-09T15:57:18.7119316Z   ssh-user: git
Test (windows-latest)	Run actions/checkout@v4	2026-05-09T15:57:18.7119740Z   persist-credentials: true
Test (windows-latest)	Run actions/checkout@v4	2026-05-09T15:57:18.7120157Z   clean: true
Test (windows-latest)	Run actions/checkout@v4	2026-05-09T15:57:18.7120523Z   sparse-checkout-cone-mode: true
Test (windows-latest)	Run actions/checkout@v4	2026-05-09T15:57:18.7120967Z   fetch-depth: 1
Test (windows-latest)	Run actions/checkout@v4	2026-05-09T15:57:18.7121327Z   fetch-tags: false
Test (windows-latest)	Run actions/checkout@v4	2026-05-09T15:57:18.7121694Z   show-progress: true
Test (windows-latest)	Run actions/checkout@v4	2026-05-09T15:57:18.7122070Z   lfs: false
Test (windows-latest)	Run actions/checkout@v4	2026-05-09T15:57:18.7122411Z   submodules: false
Test (windows-latest)	Run actions/checkout@v4	2026-05-09T15:57:18.7122805Z   set-safe-directory: true
Test (windows-latest)	Run actions/checkout@v4	2026-05-09T15:57:18.7123529Z env:
Test (windows-latest)	Run actions/checkout@v4	2026-05-09T15:57:18.7123887Z   CARGO_TERM_COLOR: always
Test (windows-latest)	Run actions/checkout@v4	2026-05-09T15:57:18.7124322Z   RUSTFLAGS: -Dwarnings
Test (windows-latest)	Run actions/checkout@v4	2026-05-09T15:57:18.7124915Z   CARGO_REGISTRY_TOKEN: ***
Test (windows-latest)	Run actions/checkout@v4	2026-05-09T15:57:18.7125391Z   DOCKERHUB_IMAGE: konard/link-assistant-router
Test (windows-latest)	Run actions/checkout@v4	2026-05-09T15:57:18.7125952Z ##[endgroup]
Test (windows-latest)	Run actions/checkout@v4	2026-05-09T15:57:18.8914934Z Syncing repository: link-assistant/router
Test (windows-latest)	Run actions/checkout@v4	2026-05-09T15:57:18.8917312Z ##[group]Getting Git version info
Test (windows-latest)	Run actions/checkout@v4	2026-05-09T15:57:18.8917927Z Working directory is 'D:\a\router\router'
Test (windows-latest)	Run actions/checkout@v4	2026-05-09T15:57:19.0075583Z [command]"C:\Program Files\Git\bin\git.exe" version
Test (windows-latest)	Run actions/checkout@v4	2026-05-09T15:57:19.3537713Z git version 2.54.0.windows.1
Test (windows-latest)	Run actions/checkout@v4	2026-05-09T15:57:19.3593192Z ##[endgroup]
Test (windows-latest)	Run actions/checkout@v4	2026-05-09T15:57:19.3615467Z Temporarily overriding HOME='D:\a\_temp\00c486e5-7c7c-4a4c-b495-88d1dfa6c902' before making global git config changes
Test (windows-latest)	Run actions/checkout@v4	2026-05-09T15:57:19.3616876Z Adding repository directory to the temporary git global config as a safe directory
Test (windows-latest)	Run actions/checkout@v4	2026-05-09T15:57:19.3628675Z [command]"C:\Program Files\Git\bin\git.exe" config --global --add safe.directory D:\a\router\router
Test (windows-latest)	Run actions/checkout@v4	2026-05-09T15:57:19.4275783Z Deleting the contents of 'D:\a\router\router'
Test (windows-latest)	Run actions/checkout@v4	2026-05-09T15:57:19.4283553Z ##[group]Initializing the repository
Test (windows-latest)	Run actions/checkout@v4	2026-05-09T15:57:19.4293684Z [command]"C:\Program Files\Git\bin\git.exe" init D:\a\router\router
Test (windows-latest)	Run actions/checkout@v4	2026-05-09T15:57:19.5094819Z Initialized empty Git repository in D:/a/router/router/.git/
Test (windows-latest)	Run actions/checkout@v4	2026-05-09T15:57:19.5146659Z [command]"C:\Program Files\Git\bin\git.exe" remote add origin https://github.com/link-assistant/router
Test (windows-latest)	Run actions/checkout@v4	2026-05-09T15:57:19.5748351Z ##[endgroup]
Test (windows-latest)	Run actions/checkout@v4	2026-05-09T15:57:19.5749680Z ##[group]Disabling automatic garbage collection
Test (windows-latest)	Run actions/checkout@v4	2026-05-09T15:57:19.5759856Z [command]"C:\Program Files\Git\bin\git.exe" config --local gc.auto 0
Test (windows-latest)	Run actions/checkout@v4	2026-05-09T15:57:19.6118944Z ##[endgroup]
Test (windows-latest)	Run actions/checkout@v4	2026-05-09T15:57:19.6121168Z ##[group]Setting up auth
Test (windows-latest)	Run actions/checkout@v4	2026-05-09T15:57:19.6140276Z [command]"C:\Program Files\Git\bin\git.exe" config --local --name-only --get-regexp core\.sshCommand
Test (windows-latest)	Run actions/checkout@v4	2026-05-09T15:57:19.6501456Z [command]"C:\Program Files\Git\bin\git.exe" submodule foreach --recursive "sh -c \"git config --local --name-only --get-regexp 'core\.sshCommand' && git config --local --unset-all 'core.sshCommand' || :\""
Test (windows-latest)	Run actions/checkout@v4	2026-05-09T15:57:21.0834527Z [command]"C:\Program Files\Git\bin\git.exe" config --local --name-only --get-regexp http\.https\:\/\/github\.com\/\.extraheader
Test (windows-latest)	Run actions/checkout@v4	2026-05-09T15:57:21.1161917Z [command]"C:\Program Files\Git\bin\git.exe" submodule foreach --recursive "sh -c \"git config --local --name-only --get-regexp 'http\.https\:\/\/github\.com\/\.extraheader' && git config --local --unset-all 'http.https://github.com/.extraheader' || :\""
Test (windows-latest)	Run actions/checkout@v4	2026-05-09T15:57:21.6840276Z [command]"C:\Program Files\Git\bin\git.exe" config --local --name-only --get-regexp ^includeIf\.gitdir:
Test (windows-latest)	Run actions/checkout@v4	2026-05-09T15:57:21.7186779Z [command]"C:\Program Files\Git\bin\git.exe" submodule foreach --recursive "git config --local --show-origin --name-only --get-regexp remote.origin.url"
Test (windows-latest)	Run actions/checkout@v4	2026-05-09T15:57:22.2670706Z [command]"C:\Program Files\Git\bin\git.exe" config --local http.https://github.com/.extraheader "AUTHORIZATION: basic ***"
Test (windows-latest)	Run actions/checkout@v4	2026-05-09T15:57:22.2967002Z ##[endgroup]
Test (windows-latest)	Run actions/checkout@v4	2026-05-09T15:57:22.2967614Z ##[group]Fetching the repository
Test (windows-latest)	Run actions/checkout@v4	2026-05-09T15:57:22.2981411Z [command]"C:\Program Files\Git\bin\git.exe" -c protocol.version=2 fetch --no-tags --prune --no-recurse-submodules --depth=1 origin +e9692c509449e98bfd3bc6c9ad427480ee4f6de9:refs/remotes/pull/26/merge
Test (windows-latest)	Run actions/checkout@v4	2026-05-09T15:57:23.1498941Z From https://github.com/link-assistant/router
Test (windows-latest)	Run actions/checkout@v4	2026-05-09T15:57:23.1499952Z  * [new ref]         e9692c509449e98bfd3bc6c9ad427480ee4f6de9 -> pull/26/merge
Test (windows-latest)	Run actions/checkout@v4	2026-05-09T15:57:23.1814212Z ##[endgroup]
Test (windows-latest)	Run actions/checkout@v4	2026-05-09T15:57:23.1814859Z ##[group]Determining the checkout info
Test (windows-latest)	Run actions/checkout@v4	2026-05-09T15:57:23.1816710Z ##[endgroup]
Test (windows-latest)	Run actions/checkout@v4	2026-05-09T15:57:23.1828534Z [command]"C:\Program Files\Git\bin\git.exe" sparse-checkout disable
Test (windows-latest)	Run actions/checkout@v4	2026-05-09T15:57:23.2252287Z [command]"C:\Program Files\Git\bin\git.exe" config --local --unset-all extensions.worktreeConfig
Test (windows-latest)	Run actions/checkout@v4	2026-05-09T15:57:23.2562292Z ##[group]Checking out the ref
Test (windows-latest)	Run actions/checkout@v4	2026-05-09T15:57:23.2572728Z [command]"C:\Program Files\Git\bin\git.exe" checkout --progress --force refs/remotes/pull/26/merge
Test (windows-latest)	Run actions/checkout@v4	2026-05-09T15:57:23.3683630Z Note: switching to 'refs/remotes/pull/26/merge'.
Test (windows-latest)	Run actions/checkout@v4	2026-05-09T15:57:23.3684143Z
Test (windows-latest)	Run actions/checkout@v4	2026-05-09T15:57:23.3684593Z You are in 'detached HEAD' state. You can look around, make experimental
Test (windows-latest)	Run actions/checkout@v4	2026-05-09T15:57:23.3685312Z changes and commit them, and you can discard any commits you make in this
Test (windows-latest)	Run actions/checkout@v4	2026-05-09T15:57:23.3687226Z state without impacting any branches by switching back to a branch.
Test (windows-latest)	Run actions/checkout@v4	2026-05-09T15:57:23.3687832Z
Test (windows-latest)	Run actions/checkout@v4	2026-05-09T15:57:23.3688020Z If you want to create a new branch to retain commits you create, you may
Test (windows-latest)	Run actions/checkout@v4	2026-05-09T15:57:23.3688521Z do so (now or later) by using -c with the switch command. Example:
Test (windows-latest)	Run actions/checkout@v4	2026-05-09T15:57:23.3688766Z
Test (windows-latest)	Run actions/checkout@v4	2026-05-09T15:57:23.3688867Z   git switch -c <new-branch-name>
Test (windows-latest)	Run actions/checkout@v4	2026-05-09T15:57:23.3689027Z
Test (windows-latest)	Run actions/checkout@v4	2026-05-09T15:57:23.3689126Z Or undo this operation with:
Test (windows-latest)	Run actions/checkout@v4	2026-05-09T15:57:23.3689310Z
Test (windows-latest)	Run actions/checkout@v4	2026-05-09T15:57:23.3689399Z   git switch -
Test (windows-latest)	Run actions/checkout@v4	2026-05-09T15:57:23.3689504Z
Test (windows-latest)	Run actions/checkout@v4	2026-05-09T15:57:23.3689699Z Turn off this advice by setting config variable advice.detachedHead to false
Test (windows-latest)	Run actions/checkout@v4	2026-05-09T15:57:23.3689989Z
Test (windows-latest)	Run actions/checkout@v4	2026-05-09T15:57:23.3690360Z HEAD is now at e9692c5 Merge 79b6dd6bc499c0effbb7d27f0eb02d74f41a4a07 into 32be51c7464978cfb12e66692bfe04b8849db236
Test (windows-latest)	Run actions/checkout@v4	2026-05-09T15:57:23.3821910Z ##[endgroup]
Test (windows-latest)	Run actions/checkout@v4	2026-05-09T15:57:23.4237674Z [command]"C:\Program Files\Git\bin\git.exe" log -1 --format=%H
Test (windows-latest)	Run actions/checkout@v4	2026-05-09T15:57:23.4513789Z e9692c509449e98bfd3bc6c9ad427480ee4f6de9
Test (windows-latest)	Setup Rust	﻿2026-05-09T15:57:23.5191251Z ##[group]Run dtolnay/rust-toolchain@stable
Test (windows-latest)	Setup Rust	2026-05-09T15:57:23.5191660Z with:
Test (windows-latest)	Setup Rust	2026-05-09T15:57:23.5191856Z   toolchain: stable
Test (windows-latest)	Setup Rust	2026-05-09T15:57:23.5192059Z env:
Test (windows-latest)	Setup Rust	2026-05-09T15:57:23.5192241Z   CARGO_TERM_COLOR: always
Test (windows-latest)	Setup Rust	2026-05-09T15:57:23.5192489Z   RUSTFLAGS: -Dwarnings
Test (windows-latest)	Setup Rust	2026-05-09T15:57:23.5193081Z   CARGO_REGISTRY_TOKEN: ***
Test (windows-latest)	Setup Rust	2026-05-09T15:57:23.5193376Z   DOCKERHUB_IMAGE: konard/link-assistant-router
Test (windows-latest)	Setup Rust	2026-05-09T15:57:23.5193691Z ##[endgroup]
Test (windows-latest)	Setup Rust	2026-05-09T15:57:23.5497065Z ##[group]Run : parse toolchain version
Test (windows-latest)	Setup Rust	2026-05-09T15:57:23.5497424Z ^[[36;1m: parse toolchain version^[[0m
Test (windows-latest)	Setup Rust	2026-05-09T15:57:23.5497672Z ^[[36;1mif [[ -z $toolchain ]]; then^[[0m
Test (windows-latest)	Setup Rust	2026-05-09T15:57:23.5498180Z ^[[36;1m  # GitHub does not enforce `required: true` inputs itself. https://github.com/actions/runner/issues/1070^[[0m
Test (windows-latest)	Setup Rust	2026-05-09T15:57:23.5498707Z ^[[36;1m  echo "'toolchain' is a required input" >&2^[[0m
Test (windows-latest)	Setup Rust	2026-05-09T15:57:23.5498987Z ^[[36;1m  exit 1^[[0m
Test (windows-latest)	Setup Rust	2026-05-09T15:57:23.5499278Z ^[[36;1melif [[ $toolchain =~ ^stable' '[0-9]+' '(year|month|week|day)s?' 'ago$ ]]; then^[[0m
Test (windows-latest)	Setup Rust	2026-05-09T15:57:23.5499698Z ^[[36;1m  if [[ Windows == macOS ]]; then^[[0m
Test (windows-latest)	Setup Rust	2026-05-09T15:57:23.5500472Z ^[[36;1m    echo "toolchain=1.$((($(date -v-$(sed 's/stable \([0-9]*\) \(.\).*/\1\2/' <<< $toolchain) +%s)/60/60/24-16569)/7/6))" >> $GITHUB_OUTPUT^[[0m
Test (windows-latest)	Setup Rust	2026-05-09T15:57:23.5500950Z ^[[36;1m  else^[[0m
Test (windows-latest)	Setup Rust	2026-05-09T15:57:23.5501305Z ^[[36;1m    echo "toolchain=1.$((($(date --date "${toolchain#stable }" +%s)/60/60/24-16569)/7/6))" >> $GITHUB_OUTPUT^[[0m
Test (windows-latest)	Setup Rust	2026-05-09T15:57:23.5501721Z ^[[36;1m  fi^[[0m
Test (windows-latest)	Setup Rust	2026-05-09T15:57:23.5502178Z ^[[36;1melif [[ $toolchain =~ ^stable' 'minus' '[0-9]+' 'releases?$ ]]; then^[[0m
Test (windows-latest)	Setup Rust	2026-05-09T15:57:23.5502662Z ^[[36;1m  echo "toolchain=1.$((($(date +%s)/60/60/24-16569)/7/6-${toolchain//[^0-9]/}))" >> $GITHUB_OUTPUT^[[0m
Test (windows-latest)	Setup Rust	2026-05-09T15:57:23.5503083Z ^[[36;1melif [[ $toolchain =~ ^1\.[0-9]+$ ]]; then^[[0m
Test (windows-latest)	Setup Rust	2026-05-09T15:57:23.5503554Z ^[[36;1m  echo "toolchain=1.$((i=${toolchain#1.}, c=($(date +%s)/60/60/24-16569)/7/6, i+9*i*(10*i<=c)+90*i*(100*i<=c)))" >> $GITHUB_OUTPUT^[[0m
Test (windows-latest)	Setup Rust	2026-05-09T15:57:23.5504015Z ^[[36;1melse^[[0m
Test (windows-latest)	Setup Rust	2026-05-09T15:57:23.5504216Z ^[[36;1m  echo "toolchain=$toolchain" >> $GITHUB_OUTPUT^[[0m
Test (windows-latest)	Setup Rust	2026-05-09T15:57:23.5504467Z ^[[36;1mfi^[[0m
Test (windows-latest)	Setup Rust	2026-05-09T15:57:23.5521776Z shell: C:\Program Files\Git\bin\bash.EXE --noprofile --norc -e -o pipefail {0}
Test (windows-latest)	Setup Rust	2026-05-09T15:57:23.5522415Z env:
Test (windows-latest)	Setup Rust	2026-05-09T15:57:23.5522569Z   CARGO_TERM_COLOR: always
Test (windows-latest)	Setup Rust	2026-05-09T15:57:23.5522773Z   RUSTFLAGS: -Dwarnings
Test (windows-latest)	Setup Rust	2026-05-09T15:57:23.5523134Z   CARGO_REGISTRY_TOKEN: ***
Test (windows-latest)	Setup Rust	2026-05-09T15:57:23.5523362Z   DOCKERHUB_IMAGE: konard/link-assistant-router
Test (windows-latest)	Setup Rust	2026-05-09T15:57:23.5523614Z   toolchain: stable
Test (windows-latest)	Setup Rust	2026-05-09T15:57:23.5523773Z ##[endgroup]
Test (windows-latest)	Setup Rust	2026-05-09T15:57:23.7342951Z ##[group]Run : construct rustup command line
Test (windows-latest)	Setup Rust	2026-05-09T15:57:23.7343263Z ^[[36;1m: construct rustup command line^[[0m
Test (windows-latest)	Setup Rust	2026-05-09T15:57:23.7343694Z ^[[36;1mecho "targets=$(for t in ${targets//,/ }; do echo -n ' --target' $t; done)" >> $GITHUB_OUTPUT^[[0m
Test (windows-latest)	Setup Rust	2026-05-09T15:57:23.7344470Z ^[[36;1mecho "components=$(for c in ${components//,/ }; do echo -n ' --component' $c; done)" >> $GITHUB_OUTPUT^[[0m
Test (windows-latest)	Setup Rust	2026-05-09T15:57:23.7344947Z ^[[36;1mecho "downgrade=" >> $GITHUB_OUTPUT^[[0m
Test (windows-latest)	Setup Rust	2026-05-09T15:57:23.7358145Z shell: C:\Program Files\Git\bin\bash.EXE --noprofile --norc -e -o pipefail {0}
Test (windows-latest)	Setup Rust	2026-05-09T15:57:23.7358508Z env:
Test (windows-latest)	Setup Rust	2026-05-09T15:57:23.7358660Z   CARGO_TERM_COLOR: always
Test (windows-latest)	Setup Rust	2026-05-09T15:57:23.7358848Z   RUSTFLAGS: -Dwarnings
Test (windows-latest)	Setup Rust	2026-05-09T15:57:23.7359197Z   CARGO_REGISTRY_TOKEN: ***
Test (windows-latest)	Setup Rust	2026-05-09T15:57:23.7359429Z   DOCKERHUB_IMAGE: konard/link-assistant-router
Test (windows-latest)	Setup Rust	2026-05-09T15:57:23.7359676Z   targets:
Test (windows-latest)	Setup Rust	2026-05-09T15:57:23.7359816Z   components:
Test (windows-latest)	Setup Rust	2026-05-09T15:57:23.7359974Z ##[endgroup]
Test (windows-latest)	Setup Rust	2026-05-09T15:57:23.8094416Z ##[group]Run : set $CARGO_HOME
Test (windows-latest)	Setup Rust	2026-05-09T15:57:23.8094673Z ^[[36;1m: set $CARGO_HOME^[[0m
Test (windows-latest)	Setup Rust	2026-05-09T15:57:23.8094976Z ^[[36;1mecho CARGO_HOME=${CARGO_HOME:-"$USERPROFILE\.cargo"} >> $GITHUB_ENV^[[0m
Test (windows-latest)	Setup Rust	2026-05-09T15:57:23.8108334Z shell: C:\Program Files\Git\bin\bash.EXE --noprofile --norc -e -o pipefail {0}
Test (windows-latest)	Setup Rust	2026-05-09T15:57:23.8110562Z env:
Test (windows-latest)	Setup Rust	2026-05-09T15:57:23.8110722Z   CARGO_TERM_COLOR: always
Test (windows-latest)	Setup Rust	2026-05-09T15:57:23.8110929Z   RUSTFLAGS: -Dwarnings
Test (windows-latest)	Setup Rust	2026-05-09T15:57:23.8111315Z   CARGO_REGISTRY_TOKEN: ***
Test (windows-latest)	Setup Rust	2026-05-09T15:57:23.8111543Z   DOCKERHUB_IMAGE: konard/link-assistant-router
Test (windows-latest)	Setup Rust	2026-05-09T15:57:23.8111796Z ##[endgroup]
Test (windows-latest)	Setup Rust	2026-05-09T15:57:23.8692715Z ##[group]Run : install rustup if needed on windows
Test (windows-latest)	Setup Rust	2026-05-09T15:57:23.8693074Z ^[[36;1m: install rustup if needed on windows^[[0m
Test (windows-latest)	Setup Rust	2026-05-09T15:57:23.8693372Z ^[[36;1mif ! command -v rustup &>/dev/null; then^[[0m
Test (windows-latest)	Setup Rust	2026-05-09T15:57:23.8694098Z ^[[36;1m  curl --proto '=https' --tlsv1.2 --retry 10 --retry-connrefused --location --silent --show-error --fail https://win.rustup.rs/x86_64 --output 'D:\a\_temp\rustup-init.exe'^[[0m
Test (windows-latest)	Setup Rust	2026-05-09T15:57:23.8694945Z ^[[36;1m  'D:\a\_temp\rustup-init.exe' --default-toolchain none --no-modify-path -y^[[0m
Test (windows-latest)	Setup Rust	2026-05-09T15:57:23.8695358Z ^[[36;1m  echo "$CARGO_HOME\bin" >> $GITHUB_PATH^[[0m
Test (windows-latest)	Setup Rust	2026-05-09T15:57:23.8695589Z ^[[36;1mfi^[[0m
Test (windows-latest)	Setup Rust	2026-05-09T15:57:23.8709281Z shell: C:\Program Files\Git\bin\bash.EXE --noprofile --norc -e -o pipefail {0}
Test (windows-latest)	Setup Rust	2026-05-09T15:57:23.8710079Z env:
Test (windows-latest)	Setup Rust	2026-05-09T15:57:23.8710234Z   CARGO_TERM_COLOR: always
Test (windows-latest)	Setup Rust	2026-05-09T15:57:23.8710435Z   RUSTFLAGS: -Dwarnings
Test (windows-latest)	Setup Rust	2026-05-09T15:57:23.8710804Z   CARGO_REGISTRY_TOKEN: ***
Test (windows-latest)	Setup Rust	2026-05-09T15:57:23.8711045Z   DOCKERHUB_IMAGE: konard/link-assistant-router
Test (windows-latest)	Setup Rust	2026-05-09T15:57:23.8711327Z   CARGO_HOME: C:\Users\runneradmin\.cargo
Test (windows-latest)	Setup Rust	2026-05-09T15:57:23.8711552Z ##[endgroup]
Test (windows-latest)	Setup Rust	2026-05-09T15:57:23.9339696Z ##[group]Run rustup toolchain install stable --profile minimal --no-self-update
Test (windows-latest)	Setup Rust	2026-05-09T15:57:23.9340229Z ^[[36;1mrustup toolchain install stable --profile minimal --no-self-update^[[0m
Test (windows-latest)	Setup Rust	2026-05-09T15:57:23.9354055Z shell: C:\Program Files\Git\bin\bash.EXE --noprofile --norc -e -o pipefail {0}
Test (windows-latest)	Setup Rust	2026-05-09T15:57:23.9354423Z env:
Test (windows-latest)	Setup Rust	2026-05-09T15:57:23.9354577Z   CARGO_TERM_COLOR: always
Test (windows-latest)	Setup Rust	2026-05-09T15:57:23.9354784Z   RUSTFLAGS: -Dwarnings
Test (windows-latest)	Setup Rust	2026-05-09T15:57:23.9355162Z   CARGO_REGISTRY_TOKEN: ***
Test (windows-latest)	Setup Rust	2026-05-09T15:57:23.9355413Z   DOCKERHUB_IMAGE: konard/link-assistant-router
Test (windows-latest)	Setup Rust	2026-05-09T15:57:23.9355681Z   CARGO_HOME: C:\Users\runneradmin\.cargo
Test (windows-latest)	Setup Rust	2026-05-09T15:57:23.9355919Z   RUSTUP_PERMIT_COPY_RENAME: 1
Test (windows-latest)	Setup Rust	2026-05-09T15:57:23.9356116Z ##[endgroup]
Test (windows-latest)	Setup Rust	2026-05-09T15:57:35.7387002Z info: syncing channel updates for stable-x86_64-pc-windows-msvc
Test (windows-latest)	Setup Rust	2026-05-09T15:57:36.7986893Z
Test (windows-latest)	Setup Rust	2026-05-09T15:57:36.8190709Z   stable-x86_64-pc-windows-msvc unchanged - rustc 1.95.0 (59807616e 2026-04-14)
Test (windows-latest)	Setup Rust	2026-05-09T15:57:36.8191967Z
Test (windows-latest)	Setup Rust	2026-05-09T15:57:36.8555680Z ##[group]Run rustup default stable
Test (windows-latest)	Setup Rust	2026-05-09T15:57:36.8555949Z ^[[36;1mrustup default stable^[[0m
Test (windows-latest)	Setup Rust	2026-05-09T15:57:36.8569208Z shell: C:\Program Files\Git\bin\bash.EXE --noprofile --norc -e -o pipefail {0}
Test (windows-latest)	Setup Rust	2026-05-09T15:57:36.8569570Z env:
Test (windows-latest)	Setup Rust	2026-05-09T15:57:36.8569722Z   CARGO_TERM_COLOR: always
Test (windows-latest)	Setup Rust	2026-05-09T15:57:36.8569920Z   RUSTFLAGS: -Dwarnings
Test (windows-latest)	Setup Rust	2026-05-09T15:57:36.8570572Z   CARGO_REGISTRY_TOKEN: ***
Test (windows-latest)	Setup Rust	2026-05-09T15:57:36.8570827Z   DOCKERHUB_IMAGE: konard/link-assistant-router
Test (windows-latest)	Setup Rust	2026-05-09T15:57:36.8571112Z   CARGO_HOME: C:\Users\runneradmin\.cargo
Test (windows-latest)	Setup Rust	2026-05-09T15:57:36.8571342Z ##[endgroup]
Test (windows-latest)	Setup Rust	2026-05-09T15:57:36.9253700Z info: using existing install for stable-x86_64-pc-windows-msvc
Test (windows-latest)	Setup Rust	2026-05-09T15:57:36.9329452Z info: default toolchain set to stable-x86_64-pc-windows-msvc
Test (windows-latest)	Setup Rust	2026-05-09T15:57:36.9329993Z
Test (windows-latest)	Setup Rust	2026-05-09T15:57:36.9531357Z   stable-x86_64-pc-windows-msvc unchanged - rustc 1.95.0 (59807616e 2026-04-14)
Test (windows-latest)	Setup Rust	2026-05-09T15:57:36.9531713Z
Test (windows-latest)	Setup Rust	2026-05-09T15:57:36.9726998Z ##[group]Run : create cachekey
Test (windows-latest)	Setup Rust	2026-05-09T15:57:36.9727243Z ^[[36;1m: create cachekey^[[0m
Test (windows-latest)	Setup Rust	2026-05-09T15:57:36.9727716Z ^[[36;1mDATE=$(rustc +stable --version --verbose | sed -ne 's/^commit-date: \(20[0-9][0-9]\)-\([01][0-9]\)-\([0-3][0-9]\)$/\1\2\3/p')^[[0m
Test (windows-latest)	Setup Rust	2026-05-09T15:57:36.9728337Z ^[[36;1mHASH=$(rustc +stable --version --verbose | sed -ne 's/^commit-hash: //p')^[[0m
Test (windows-latest)	Setup Rust	2026-05-09T15:57:36.9728808Z ^[[36;1mecho "cachekey=$(echo $DATE$HASH | head -c12)" >> $GITHUB_OUTPUT^[[0m
Test (windows-latest)	Setup Rust	2026-05-09T15:57:36.9742204Z shell: C:\Program Files\Git\bin\bash.EXE --noprofile --norc -e -o pipefail {0}
Test (windows-latest)	Setup Rust	2026-05-09T15:57:36.9742577Z env:
Test (windows-latest)	Setup Rust	2026-05-09T15:57:36.9742724Z   CARGO_TERM_COLOR: always
Test (windows-latest)	Setup Rust	2026-05-09T15:57:36.9742928Z   RUSTFLAGS: -Dwarnings
Test (windows-latest)	Setup Rust	2026-05-09T15:57:36.9743310Z   CARGO_REGISTRY_TOKEN: ***
Test (windows-latest)	Setup Rust	2026-05-09T15:57:36.9743545Z   DOCKERHUB_IMAGE: konard/link-assistant-router
Test (windows-latest)	Setup Rust	2026-05-09T15:57:36.9743824Z   CARGO_HOME: C:\Users\runneradmin\.cargo
Test (windows-latest)	Setup Rust	2026-05-09T15:57:36.9744044Z ##[endgroup]
Test (windows-latest)	Setup Rust	2026-05-09T15:57:38.0215773Z ##[group]Run : disable incremental compilation
Test (windows-latest)	Setup Rust	2026-05-09T15:57:38.0216093Z ^[[36;1m: disable incremental compilation^[[0m
Test (windows-latest)	Setup Rust	2026-05-09T15:57:38.0216376Z ^[[36;1mif [ -z "${CARGO_INCREMENTAL+set}" ]; then^[[0m
Test (windows-latest)	Setup Rust	2026-05-09T15:57:38.0216659Z ^[[36;1m  echo CARGO_INCREMENTAL=0 >> $GITHUB_ENV^[[0m
Test (windows-latest)	Setup Rust	2026-05-09T15:57:38.0216903Z ^[[36;1mfi^[[0m
Test (windows-latest)	Setup Rust	2026-05-09T15:57:38.0229171Z shell: C:\Program Files\Git\bin\bash.EXE --noprofile --norc -e -o pipefail {0}
Test (windows-latest)	Setup Rust	2026-05-09T15:57:38.0229552Z env:
Test (windows-latest)	Setup Rust	2026-05-09T15:57:38.0229713Z   CARGO_TERM_COLOR: always
Test (windows-latest)	Setup Rust	2026-05-09T15:57:38.0229906Z   RUSTFLAGS: -Dwarnings
Test (windows-latest)	Setup Rust	2026-05-09T15:57:38.0230266Z   CARGO_REGISTRY_TOKEN: ***
Test (windows-latest)	Setup Rust	2026-05-09T15:57:38.0230505Z   DOCKERHUB_IMAGE: konard/link-assistant-router
Test (windows-latest)	Setup Rust	2026-05-09T15:57:38.0230785Z   CARGO_HOME: C:\Users\runneradmin\.cargo
Test (windows-latest)	Setup Rust	2026-05-09T15:57:38.0231012Z ##[endgroup]
Test (windows-latest)	Setup Rust	2026-05-09T15:57:38.0726482Z ##[group]Run : enable colors in Cargo output
Test (windows-latest)	Setup Rust	2026-05-09T15:57:38.0726790Z ^[[36;1m: enable colors in Cargo output^[[0m
Test (windows-latest)	Setup Rust	2026-05-09T15:57:38.0727065Z ^[[36;1mif [ -z "${CARGO_TERM_COLOR+set}" ]; then^[[0m
Test (windows-latest)	Setup Rust	2026-05-09T15:57:38.0727355Z ^[[36;1m  echo CARGO_TERM_COLOR=always >> $GITHUB_ENV^[[0m
Test (windows-latest)	Setup Rust	2026-05-09T15:57:38.0727604Z ^[[36;1mfi^[[0m
Test (windows-latest)	Setup Rust	2026-05-09T15:57:38.0739959Z shell: C:\Program Files\Git\bin\bash.EXE --noprofile --norc -e -o pipefail {0}
Test (windows-latest)	Setup Rust	2026-05-09T15:57:38.0740321Z env:
Test (windows-latest)	Setup Rust	2026-05-09T15:57:38.0740474Z   CARGO_TERM_COLOR: always
Test (windows-latest)	Setup Rust	2026-05-09T15:57:38.0740688Z   RUSTFLAGS: -Dwarnings
Test (windows-latest)	Setup Rust	2026-05-09T15:57:38.0741262Z   CARGO_REGISTRY_TOKEN: ***
Test (windows-latest)	Setup Rust	2026-05-09T15:57:38.0741524Z   DOCKERHUB_IMAGE: konard/link-assistant-router
Test (windows-latest)	Setup Rust	2026-05-09T15:57:38.0741792Z   CARGO_HOME: C:\Users\runneradmin\.cargo
Test (windows-latest)	Setup Rust	2026-05-09T15:57:38.0742025Z   CARGO_INCREMENTAL: 0
Test (windows-latest)	Setup Rust	2026-05-09T15:57:38.0742198Z ##[endgroup]
Test (windows-latest)	Setup Rust	2026-05-09T15:57:38.1297489Z ##[group]Run : enable Cargo sparse registry
Test (windows-latest)	Setup Rust	2026-05-09T15:57:38.1297816Z ^[[36;1m: enable Cargo sparse registry^[[0m
Test (windows-latest)	Setup Rust	2026-05-09T15:57:38.1298150Z ^[[36;1m# implemented in 1.66, stabilized in 1.68, made default in 1.70^[[0m
Test (windows-latest)	Setup Rust	2026-05-09T15:57:38.1298774Z ^[[36;1mif [ -z "${CARGO_REGISTRIES_CRATES_IO_PROTOCOL+set}" -o -f "D:\a\_temp"/.implicit_cargo_registries_crates_io_protocol ]; then^[[0m
Test (windows-latest)	Setup Rust	2026-05-09T15:57:38.1299417Z ^[[36;1m  if rustc +stable --version --verbose | grep -q '^release: 1\.6[89]\.'; then^[[0m
Test (windows-latest)	Setup Rust	2026-05-09T15:57:38.1299897Z ^[[36;1m    touch "D:\a\_temp"/.implicit_cargo_registries_crates_io_protocol || true^[[0m
Test (windows-latest)	Setup Rust	2026-05-09T15:57:38.1300350Z ^[[36;1m    echo CARGO_REGISTRIES_CRATES_IO_PROTOCOL=sparse >> $GITHUB_ENV^[[0m
Test (windows-latest)	Setup Rust	2026-05-09T15:57:38.1301602Z ^[[36;1m  elif rustc +stable --version --verbose | grep -q '^release: 1\.6[67]\.'; then^[[0m
Test (windows-latest)	Setup Rust	2026-05-09T15:57:38.1302104Z ^[[36;1m    touch "D:\a\_temp"/.implicit_cargo_registries_crates_io_protocol || true^[[0m
Test (windows-latest)	Setup Rust	2026-05-09T15:57:38.1302542Z ^[[36;1m    echo CARGO_REGISTRIES_CRATES_IO_PROTOCOL=git >> $GITHUB_ENV^[[0m
Test (windows-latest)	Setup Rust	2026-05-09T15:57:38.1302873Z ^[[36;1m  fi^[[0m
Test (windows-latest)	Setup Rust	2026-05-09T15:57:38.1303012Z ^[[36;1mfi^[[0m
Test (windows-latest)	Setup Rust	2026-05-09T15:57:38.1315251Z shell: C:\Program Files\Git\bin\bash.EXE --noprofile --norc -e -o pipefail {0}
Test (windows-latest)	Setup Rust	2026-05-09T15:57:38.1315742Z env:
Test (windows-latest)	Setup Rust	2026-05-09T15:57:38.1316005Z   CARGO_TERM_COLOR: always
Test (windows-latest)	Setup Rust	2026-05-09T15:57:38.1316212Z   RUSTFLAGS: -Dwarnings
Test (windows-latest)	Setup Rust	2026-05-09T15:57:38.1316583Z   CARGO_REGISTRY_TOKEN: ***
Test (windows-latest)	Setup Rust	2026-05-09T15:57:38.1316817Z   DOCKERHUB_IMAGE: konard/link-assistant-router
Test (windows-latest)	Setup Rust	2026-05-09T15:57:38.1317088Z   CARGO_HOME: C:\Users\runneradmin\.cargo
Test (windows-latest)	Setup Rust	2026-05-09T15:57:38.1317310Z   CARGO_INCREMENTAL: 0
Test (windows-latest)	Setup Rust	2026-05-09T15:57:38.1317493Z ##[endgroup]
Test (windows-latest)	Setup Rust	2026-05-09T15:57:38.3633196Z ##[group]Run : work around spurious network errors in curl 8.0
Test (windows-latest)	Setup Rust	2026-05-09T15:57:38.3633771Z ^[[36;1m: work around spurious network errors in curl 8.0^[[0m
Test (windows-latest)	Setup Rust	2026-05-09T15:57:38.3634275Z ^[[36;1m# https://rust-lang.zulipchat.com/#narrow/stream/246057-t-cargo/topic/timeout.20investigation^[[0m
Test (windows-latest)	Setup Rust	2026-05-09T15:57:38.3634855Z ^[[36;1mif rustc +stable --version --verbose | grep -q '^release: 1\.7[01]\.'; then^[[0m
Test (windows-latest)	Setup Rust	2026-05-09T15:57:38.3635279Z ^[[36;1m  echo CARGO_HTTP_MULTIPLEXING=false >> $GITHUB_ENV^[[0m
Test (windows-latest)	Setup Rust	2026-05-09T15:57:38.3635546Z ^[[36;1mfi^[[0m
Test (windows-latest)	Setup Rust	2026-05-09T15:57:38.3647729Z shell: C:\Program Files\Git\bin\bash.EXE --noprofile --norc -e -o pipefail {0}
Test (windows-latest)	Setup Rust	2026-05-09T15:57:38.3648095Z env:
Test (windows-latest)	Setup Rust	2026-05-09T15:57:38.3648239Z   CARGO_TERM_COLOR: always
Test (windows-latest)	Setup Rust	2026-05-09T15:57:38.3648436Z   RUSTFLAGS: -Dwarnings
Test (windows-latest)	Setup Rust	2026-05-09T15:57:38.3648795Z   CARGO_REGISTRY_TOKEN: ***
Test (windows-latest)	Setup Rust	2026-05-09T15:57:38.3649033Z   DOCKERHUB_IMAGE: konard/link-assistant-router
Test (windows-latest)	Setup Rust	2026-05-09T15:57:38.3649319Z   CARGO_HOME: C:\Users\runneradmin\.cargo
Test (windows-latest)	Setup Rust	2026-05-09T15:57:38.3649543Z   CARGO_INCREMENTAL: 0
Test (windows-latest)	Setup Rust	2026-05-09T15:57:38.3649730Z ##[endgroup]
Test (windows-latest)	Setup Rust	2026-05-09T15:57:38.5047662Z ##[group]Run rustc +stable --version --verbose
Test (windows-latest)	Setup Rust	2026-05-09T15:57:38.5047975Z ^[[36;1mrustc +stable --version --verbose^[[0m
Test (windows-latest)	Setup Rust	2026-05-09T15:57:38.5060152Z shell: C:\Program Files\Git\bin\bash.EXE --noprofile --norc -e -o pipefail {0}
Test (windows-latest)	Setup Rust	2026-05-09T15:57:38.5060524Z env:
Test (windows-latest)	Setup Rust	2026-05-09T15:57:38.5060675Z   CARGO_TERM_COLOR: always
Test (windows-latest)	Setup Rust	2026-05-09T15:57:38.5060880Z   RUSTFLAGS: -Dwarnings
Test (windows-latest)	Setup Rust	2026-05-09T15:57:38.5061291Z   CARGO_REGISTRY_TOKEN: ***
Test (windows-latest)	Setup Rust	2026-05-09T15:57:38.5061536Z   DOCKERHUB_IMAGE: konard/link-assistant-router
Test (windows-latest)	Setup Rust	2026-05-09T15:57:38.5061809Z   CARGO_HOME: C:\Users\runneradmin\.cargo
Test (windows-latest)	Setup Rust	2026-05-09T15:57:38.5062036Z   CARGO_INCREMENTAL: 0
Test (windows-latest)	Setup Rust	2026-05-09T15:57:38.5062212Z ##[endgroup]
Test (windows-latest)	Setup Rust	2026-05-09T15:57:38.5872749Z rustc 1.95.0 (59807616e 2026-04-14)
Test (windows-latest)	Setup Rust	2026-05-09T15:57:38.5873416Z binary: rustc
Test (windows-latest)	Setup Rust	2026-05-09T15:57:38.5873799Z commit-hash: 59807616e1fa2540724bfbac14d7976d7e4a3860
Test (windows-latest)	Setup Rust	2026-05-09T15:57:38.5874502Z commit-date: 2026-04-14
Test (windows-latest)	Setup Rust	2026-05-09T15:57:38.5874868Z host: x86_64-pc-windows-msvc
Test (windows-latest)	Setup Rust	2026-05-09T15:57:38.5875098Z release: 1.95.0
Test (windows-latest)	Setup Rust	2026-05-09T15:57:38.5876688Z LLVM version: 22.1.2
Test (windows-latest)	Cache cargo registry	﻿2026-05-09T15:57:38.7691513Z ##[group]Run actions/cache@v4
Test (windows-latest)	Cache cargo registry	2026-05-09T15:57:38.7691826Z with:
Test (windows-latest)	Cache cargo registry	2026-05-09T15:57:38.7692052Z   path: ~/.cargo/registry
Test (windows-latest)	Cache cargo registry	~/.cargo/git
Test (windows-latest)	Cache cargo registry	target
Test (windows-latest)	Cache cargo registry
Test (windows-latest)	Cache cargo registry	2026-05-09T15:57:38.7692529Z   key: Windows-cargo-2fde1249f2c42dd9eb7d52817b96bf1fbc172c5d18c45cdbb76910de61739d14
Test (windows-latest)	Cache cargo registry	2026-05-09T15:57:38.7692998Z   restore-keys: Windows-cargo-
Test (windows-latest)	Cache cargo registry
Test (windows-latest)	Cache cargo registry	2026-05-09T15:57:38.7693244Z   enableCrossOsArchive: false
Test (windows-latest)	Cache cargo registry	2026-05-09T15:57:38.7693468Z   fail-on-cache-miss: false
Test (windows-latest)	Cache cargo registry	2026-05-09T15:57:38.7693679Z   lookup-only: false
Test (windows-latest)	Cache cargo registry	2026-05-09T15:57:38.7693856Z   save-always: false
Test (windows-latest)	Cache cargo registry	2026-05-09T15:57:38.7694027Z env:
Test (windows-latest)	Cache cargo registry	2026-05-09T15:57:38.7694184Z   CARGO_TERM_COLOR: always
Test (windows-latest)	Cache cargo registry	2026-05-09T15:57:38.7694388Z   RUSTFLAGS: -Dwarnings
Test (windows-latest)	Cache cargo registry	2026-05-09T15:57:38.7694810Z   CARGO_REGISTRY_TOKEN: ***
Test (windows-latest)	Cache cargo registry	2026-05-09T15:57:38.7695269Z   DOCKERHUB_IMAGE: konard/link-assistant-router
Test (windows-latest)	Cache cargo registry	2026-05-09T15:57:38.7695545Z   CARGO_HOME: C:\Users\runneradmin\.cargo
Test (windows-latest)	Cache cargo registry	2026-05-09T15:57:38.7695782Z   CARGO_INCREMENTAL: 0
Test (windows-latest)	Cache cargo registry	2026-05-09T15:57:38.7695950Z ##[endgroup]
Test (windows-latest)	Cache cargo registry	2026-05-09T15:57:39.3171847Z Cache hit for restore-key: Windows-cargo-aa8db31321df8cca284683837fcf45f562c4202da0a5e8bbc7a82588d0ec3230
Test (windows-latest)	Cache cargo registry	2026-05-09T15:57:40.4047415Z Received 180355072 of 448712834 (40.2%), 167.5 MBs/sec
Test (windows-latest)	Cache cargo registry	2026-05-09T15:57:41.5769029Z Received 402653184 of 448712834 (89.7%), 174.6 MBs/sec
Test (windows-latest)	Cache cargo registry	2026-05-09T15:57:41.8102839Z Received 448712834 of 448712834 (100.0%), 176.0 MBs/sec
Test (windows-latest)	Cache cargo registry	2026-05-09T15:57:41.8109317Z Cache Size: ~428 MB (448712834 B)
Test (windows-latest)	Cache cargo registry	2026-05-09T15:57:41.8233668Z [command]"C:\Program Files\Git\usr\bin\tar.exe" -xf D:/a/_temp/c553c7e5-1110-4c8f-93c3-14460553e9e1/cache.tzst -P -C D:/a/router/router --force-local --use-compress-program "zstd -d"
Test (windows-latest)	Cache cargo registry	2026-05-09T15:57:59.6795011Z Cache restored successfully
Test (windows-latest)	Cache cargo registry	2026-05-09T15:57:59.7171719Z Cache restored from key: Windows-cargo-aa8db31321df8cca284683837fcf45f562c4202da0a5e8bbc7a82588d0ec3230
Test (windows-latest)	Run tests	﻿2026-05-09T15:57:59.7469476Z ##[group]Run cargo test --all-features --verbose
Test (windows-latest)	Run tests	2026-05-09T15:57:59.7469921Z ^[[36;1mcargo test --all-features --verbose^[[0m
Test (windows-latest)	Run tests	2026-05-09T15:57:59.8236257Z shell: C:\Program Files\PowerShell\7\pwsh.EXE -command ". '{0}'"
Test (windows-latest)	Run tests	2026-05-09T15:57:59.8236715Z env:
Test (windows-latest)	Run tests	2026-05-09T15:57:59.8236932Z   CARGO_TERM_COLOR: always
Test (windows-latest)	Run tests	2026-05-09T15:57:59.8237213Z   RUSTFLAGS: -Dwarnings
Test (windows-latest)	Run tests	2026-05-09T15:57:59.8237691Z   CARGO_REGISTRY_TOKEN: ***
Test (windows-latest)	Run tests	2026-05-09T15:57:59.8238039Z   DOCKERHUB_IMAGE: konard/link-assistant-router
Test (windows-latest)	Run tests	2026-05-09T15:57:59.8238433Z   CARGO_HOME: C:\Users\runneradmin\.cargo
Test (windows-latest)	Run tests	2026-05-09T15:57:59.8238768Z   CARGO_INCREMENTAL: 0
Test (windows-latest)	Run tests	2026-05-09T15:57:59.8239013Z ##[endgroup]
Test (windows-latest)	Run tests	2026-05-09T15:58:12.3791755Z ^[[1m^[[92m       Fresh^[[0m unicode-ident v1.0.22
Test (windows-latest)	Run tests	2026-05-09T15:58:12.3792550Z ^[[1m^[[92m       Fresh^[[0m windows-link v0.2.1
Test (windows-latest)	Run tests	2026-05-09T15:58:12.3793199Z ^[[1m^[[92m       Fresh^[[0m proc-macro2 v1.0.103
Test (windows-latest)	Run tests	2026-05-09T15:58:12.3794514Z ^[[1m^[[92m       Fresh^[[0m windows-sys v0.61.2
Test (windows-latest)	Run tests	2026-05-09T15:58:12.3795855Z ^[[1m^[[92m       Fresh^[[0m pin-project-lite v0.2.16
Test (windows-latest)	Run tests	2026-05-09T15:58:12.3797821Z ^[[1m^[[92m       Fresh^[[0m quote v1.0.42
Test (windows-latest)	Run tests	2026-05-09T15:58:12.3799297Z ^[[1m^[[92m       Fresh^[[0m itoa v1.0.17
Test (windows-latest)	Run tests	2026-05-09T15:58:12.3800926Z ^[[1m^[[92m       Fresh^[[0m futures-core v0.3.32
Test (windows-latest)	Run tests	2026-05-09T15:58:12.3802804Z ^[[1m^[[92m       Fresh^[[0m bytes v1.11.0
Test (windows-latest)	Run tests	2026-05-09T15:58:12.3804725Z ^[[1m^[[92m       Fresh^[[0m syn v2.0.111
Test (windows-latest)	Run tests	2026-05-09T15:58:12.3806403Z ^[[1m^[[92m       Fresh^[[0m once_cell v1.21.4
Test (windows-latest)	Run tests	2026-05-09T15:58:12.3807899Z ^[[1m^[[92m       Fresh^[[0m stable_deref_trait v1.2.1
Test (windows-latest)	Run tests	2026-05-09T15:58:12.3809288Z ^[[1m^[[92m       Fresh^[[0m mio v1.1.1
Test (windows-latest)	Run tests	2026-05-09T15:58:12.3810753Z ^[[1m^[[92m       Fresh^[[0m synstructure v0.13.2
Test (windows-latest)	Run tests	2026-05-09T15:58:12.3812455Z ^[[1m^[[92m       Fresh^[[0m tracing-core v0.1.36
Test (windows-latest)	Run tests	2026-05-09T15:58:12.3813812Z ^[[1m^[[92m       Fresh^[[0m tokio-macros v2.6.0
Test (windows-latest)	Run tests	2026-05-09T15:58:12.3815503Z ^[[1m^[[92m       Fresh^[[0m socket2 v0.6.3
Test (windows-latest)	Run tests	2026-05-09T15:58:12.3816938Z ^[[1m^[[92m       Fresh^[[0m zerofrom-derive v0.1.6
Test (windows-latest)	Run tests	2026-05-09T15:58:12.3818964Z ^[[1m^[[92m       Fresh^[[0m yoke-derive v0.8.1
Test (windows-latest)	Run tests	2026-05-09T15:58:12.3823169Z ^[[1m^[[92m       Fresh^[[0m tokio v1.48.0
Test (windows-latest)	Run tests	2026-05-09T15:58:12.3825061Z ^[[1m^[[92m       Fresh^[[0m zerofrom v0.1.6
Test (windows-latest)	Run tests	2026-05-09T15:58:12.3826394Z ^[[1m^[[92m       Fresh^[[0m zerovec-derive v0.11.2
Test (windows-latest)	Run tests	2026-05-09T15:58:12.3828006Z ^[[1m^[[92m       Fresh^[[0m log v0.4.29
Test (windows-latest)	Run tests	2026-05-09T15:58:12.3829473Z ^[[1m^[[92m       Fresh^[[0m yoke v0.8.1
Test (windows-latest)	Run tests	2026-05-09T15:58:12.3830530Z ^[[1m^[[92m       Fresh^[[0m serde_core v1.0.228
Test (windows-latest)	Run tests	2026-05-09T15:58:12.3832365Z ^[[1m^[[92m       Fresh^[[0m displaydoc v0.2.5
Test (windows-latest)	Run tests	2026-05-09T15:58:12.3834126Z ^[[1m^[[92m       Fresh^[[0m tracing-attributes v0.1.31
Test (windows-latest)	Run tests	2026-05-09T15:58:12.3835688Z ^[[1m^[[92m       Fresh^[[0m zerovec v0.11.5
Test (windows-latest)	Run tests	2026-05-09T15:58:12.3837020Z ^[[1m^[[92m       Fresh^[[0m cfg-if v1.0.4
Test (windows-latest)	Run tests	2026-05-09T15:58:12.3838396Z ^[[1m^[[92m       Fresh^[[0m tracing v0.1.44
Test (windows-latest)	Run tests	2026-05-09T15:58:12.3839756Z ^[[1m^[[92m       Fresh^[[0m http v1.4.0
Test (windows-latest)	Run tests	2026-05-09T15:58:12.3841219Z ^[[1m^[[92m       Fresh^[[0m smallvec v1.15.1
Test (windows-latest)	Run tests	2026-05-09T15:58:12.3843961Z ^[[1m^[[92m       Fresh^[[0m serde_derive v1.0.228
Test (windows-latest)	Run tests	2026-05-09T15:58:12.3845525Z ^[[1m^[[92m       Fresh^[[0m slab v0.4.12
Test (windows-latest)	Run tests	2026-05-09T15:58:12.3846829Z ^[[1m^[[92m       Fresh^[[0m tinystr v0.8.2
Test (windows-latest)	Run tests	2026-05-09T15:58:12.3848184Z ^[[1m^[[92m       Fresh^[[0m http-body v1.0.1
Test (windows-latest)	Run tests	2026-05-09T15:58:12.3849531Z ^[[1m^[[92m       Fresh^[[0m writeable v0.6.2
Test (windows-latest)	Run tests	2026-05-09T15:58:12.3850981Z ^[[1m^[[92m       Fresh^[[0m serde v1.0.228
Test (windows-latest)	Run tests	2026-05-09T15:58:12.3852643Z ^[[1m^[[92m       Fresh^[[0m autocfg v1.5.0
Test (windows-latest)	Run tests	2026-05-09T15:58:12.3853988Z ^[[1m^[[92m       Fresh^[[0m litemap v0.8.1
Test (windows-latest)	Run tests	2026-05-09T15:58:12.3855427Z ^[[1m^[[92m       Fresh^[[0m potential_utf v0.1.4
Test (windows-latest)	Run tests	2026-05-09T15:58:12.3858124Z ^[[1m^[[92m       Fresh^[[0m icu_locale_core v2.1.1
Test (windows-latest)	Run tests	2026-05-09T15:58:12.3859350Z ^[[1m^[[92m       Fresh^[[0m zerotrie v0.2.3
Test (windows-latest)	Run tests	2026-05-09T15:58:12.3860731Z ^[[1m^[[92m       Fresh^[[0m futures-macro v0.3.32
Test (windows-latest)	Run tests	2026-05-09T15:58:12.3862405Z ^[[1m^[[92m       Fresh^[[0m hashbrown v0.16.1
Test (windows-latest)	Run tests	2026-05-09T15:58:12.3863746Z ^[[1m^[[92m       Fresh^[[0m futures-sink v0.3.32
Test (windows-latest)	Run tests	2026-05-09T15:58:12.3867179Z ^[[1m^[[92m       Fresh^[[0m version_check v0.9.5
Test (windows-latest)	Run tests	2026-05-09T15:58:12.3867761Z ^[[1m^[[92m       Fresh^[[0m equivalent v1.0.2
Test (windows-latest)	Run tests	2026-05-09T15:58:12.3870569Z ^[[1m^[[92m       Fresh^[[0m futures-task v0.3.32
Test (windows-latest)	Run tests	2026-05-09T15:58:12.3873747Z ^[[1m^[[92m       Fresh^[[0m tower-service v0.3.3
Test (windows-latest)	Run tests	2026-05-09T15:58:12.3876272Z ^[[1m^[[92m       Fresh^[[0m percent-encoding v2.3.2
Test (windows-latest)	Run tests	2026-05-09T15:58:12.3877574Z ^[[1m^[[92m       Fresh^[[0m indexmap v2.13.0
Test (windows-latest)	Run tests	2026-05-09T15:58:12.3879010Z ^[[1m^[[92m       Fresh^[[0m futures-util v0.3.32
Test (windows-latest)	Run tests	2026-05-09T15:58:12.3881741Z ^[[1m^[[92m       Fresh^[[0m tokio-util v0.7.18
Test (windows-latest)	Run tests	2026-05-09T15:58:12.3883140Z ^[[1m^[[92m       Fresh^[[0m icu_provider v2.1.1
Test (windows-latest)	Run tests	2026-05-09T15:58:12.3884590Z ^[[1m^[[92m       Fresh^[[0m icu_collections v2.1.1
Test (windows-latest)	Run tests	2026-05-09T15:58:12.3886020Z ^[[1m^[[92m       Fresh^[[0m base64 v0.22.1
Test (windows-latest)	Run tests	2026-05-09T15:58:12.3887461Z ^[[1m^[[92m       Fresh^[[0m try-lock v0.2.5
Test (windows-latest)	Run tests	2026-05-09T15:58:12.3890171Z ^[[1m^[[92m       Fresh^[[0m fnv v1.0.7
Test (windows-latest)	Run tests	2026-05-09T15:58:12.3893444Z ^[[1m^[[92m       Fresh^[[0m atomic-waker v1.1.2
Test (windows-latest)	Run tests	2026-05-09T15:58:12.3894739Z ^[[1m^[[92m       Fresh^[[0m h2 v0.4.13
Test (windows-latest)	Run tests	2026-05-09T15:58:12.3896146Z ^[[1m^[[92m       Fresh^[[0m want v0.3.1
Test (windows-latest)	Run tests	2026-05-09T15:58:12.3897603Z ^[[1m^[[92m       Fresh^[[0m num-traits v0.2.19
Test (windows-latest)	Run tests	2026-05-09T15:58:12.3898813Z ^[[1m^[[92m       Fresh^[[0m zmij v1.0.21
Test (windows-latest)	Run tests	2026-05-09T15:58:12.3900184Z ^[[1m^[[92m       Fresh^[[0m httparse v1.10.1
Test (windows-latest)	Run tests	2026-05-09T15:58:12.3901675Z ^[[1m^[[92m       Fresh^[[0m icu_properties_data v2.1.2
Test (windows-latest)	Run tests	2026-05-09T15:58:12.3902980Z ^[[1m^[[92m       Fresh^[[0m icu_normalizer_data v2.1.1
Test (windows-latest)	Run tests	2026-05-09T15:58:12.3904259Z ^[[1m^[[92m       Fresh^[[0m futures-channel v0.3.32
Test (windows-latest)	Run tests	2026-05-09T15:58:12.3905650Z ^[[1m^[[92m       Fresh^[[0m sync_wrapper v1.0.2
Test (windows-latest)	Run tests	2026-05-09T15:58:12.3907043Z ^[[1m^[[92m       Fresh^[[0m windows-strings v0.5.1
Test (windows-latest)	Run tests	2026-05-09T15:58:12.3908259Z ^[[1m^[[92m       Fresh^[[0m windows-result v0.4.1
Test (windows-latest)	Run tests	2026-05-09T15:58:12.3909741Z ^[[1m^[[92m       Fresh^[[0m pin-utils v0.1.0
Test (windows-latest)	Run tests	2026-05-09T15:58:12.3911280Z ^[[1m^[[92m       Fresh^[[0m shlex v1.3.0
Test (windows-latest)	Run tests	2026-05-09T15:58:12.3912601Z ^[[1m^[[92m       Fresh^[[0m utf8parse v0.2.2
Test (windows-latest)	Run tests	2026-05-09T15:58:12.3913920Z ^[[1m^[[92m       Fresh^[[0m typenum v1.20.0
Test (windows-latest)	Run tests	2026-05-09T15:58:12.3916566Z ^[[1m^[[92m       Fresh^[[0m find-msvc-tools v0.1.9
Test (windows-latest)	Run tests	2026-05-09T15:58:12.3917789Z ^[[1m^[[92m       Fresh^[[0m memchr v2.8.0
Test (windows-latest)	Run tests	2026-05-09T15:58:12.3919524Z ^[[1m^[[92m       Fresh^[[0m once_cell_polyfill v1.70.2
Test (windows-latest)	Run tests	2026-05-09T15:58:12.3920389Z ^[[1m^[[92m       Fresh^[[0m anstyle v1.0.14
Test (windows-latest)	Run tests	2026-05-09T15:58:12.3922433Z ^[[1m^[[92m       Fresh^[[0m tower-layer v0.3.3
Test (windows-latest)	Run tests	2026-05-09T15:58:12.3923307Z ^[[1m^[[92m       Fresh^[[0m httpdate v1.0.3
Test (windows-latest)	Run tests	2026-05-09T15:58:12.3925208Z ^[[1m^[[92m       Fresh^[[0m anstyle-wincon v3.0.11
Test (windows-latest)	Run tests	2026-05-09T15:58:12.3926744Z ^[[1m^[[92m       Fresh^[[0m serde_json v1.0.149
Test (windows-latest)	Run tests	2026-05-09T15:58:12.3928470Z ^[[1m^[[92m       Fresh^[[0m cc v1.2.57
Test (windows-latest)	Run tests	2026-05-09T15:58:12.3928985Z ^[[1m^[[92m       Fresh^[[0m hyper v1.8.1
Test (windows-latest)	Run tests	2026-05-09T15:58:12.3930928Z ^[[1m^[[92m       Fresh^[[0m generic-array v0.14.7
Test (windows-latest)	Run tests	2026-05-09T15:58:12.3931966Z ^[[1m^[[92m       Fresh^[[0m anstyle-parse v0.2.7
Test (windows-latest)	Run tests	2026-05-09T15:58:12.3933600Z ^[[1m^[[92m       Fresh^[[0m windows-registry v0.6.1
Test (windows-latest)	Run tests	2026-05-09T15:58:12.3934831Z ^[[1m^[[92m       Fresh^[[0m icu_properties v2.1.2
Test (windows-latest)	Run tests	2026-05-09T15:58:12.3936172Z ^[[1m^[[92m       Fresh^[[0m icu_normalizer v2.1.1
Test (windows-latest)	Run tests	2026-05-09T15:58:12.3937525Z ^[[1m^[[92m       Fresh^[[0m libc v0.2.183
Test (windows-latest)	Run tests	2026-05-09T15:58:12.3938938Z ^[[1m^[[92m       Fresh^[[0m form_urlencoded v1.2.2
Test (windows-latest)	Run tests	2026-05-09T15:58:12.3940365Z ^[[1m^[[92m       Fresh^[[0m http-body-util v0.1.3
Test (windows-latest)	Run tests	2026-05-09T15:58:12.3941692Z ^[[1m^[[92m       Fresh^[[0m schannel v0.1.29
Test (windows-latest)	Run tests	2026-05-09T15:58:12.3943040Z ^[[1m^[[92m       Fresh^[[0m anstyle-query v1.1.5
Test (windows-latest)	Run tests	2026-05-09T15:58:12.3944441Z ^[[1m^[[92m       Fresh^[[0m powerfmt v0.2.0
Test (windows-latest)	Run tests	2026-05-09T15:58:12.3945695Z ^[[1m^[[92m       Fresh^[[0m is_terminal_polyfill v1.70.2
Test (windows-latest)	Run tests	2026-05-09T15:58:12.3947055Z ^[[1m^[[92m       Fresh^[[0m num-conv v0.2.0
Test (windows-latest)	Run tests	2026-05-09T15:58:12.3949763Z ^[[1m^[[92m       Fresh^[[0m time-core v0.1.8
Test (windows-latest)	Run tests	2026-05-09T15:58:12.3951415Z ^[[1m^[[92m       Fresh^[[0m colorchoice v1.0.5
Test (windows-latest)	Run tests	2026-05-09T15:58:12.3952756Z ^[[1m^[[92m       Fresh^[[0m ipnet v2.12.0
Test (windows-latest)	Run tests	2026-05-09T15:58:12.3955727Z ^[[1m^[[92m       Fresh^[[0m anstream v0.6.21
Test (windows-latest)	Run tests	2026-05-09T15:58:12.3957013Z ^[[1m^[[92m       Fresh^[[0m time-macros v0.2.27
Test (windows-latest)	Run tests	2026-05-09T15:58:12.3958604Z ^[[1m^[[92m       Fresh^[[0m hyper-util v0.1.20
Test (windows-latest)	Run tests	2026-05-09T15:58:12.3960047Z ^[[1m^[[92m       Fresh^[[0m deranged v0.5.8
Test (windows-latest)	Run tests	2026-05-09T15:58:12.3961454Z ^[[1m^[[92m       Fresh^[[0m native-tls v0.2.18
Test (windows-latest)	Run tests	2026-05-09T15:58:12.3962696Z ^[[1m^[[92m       Fresh^[[0m idna_adapter v1.2.1
Test (windows-latest)	Run tests	2026-05-09T15:58:12.3965512Z ^[[1m^[[92m       Fresh^[[0m tower v0.5.3
Test (windows-latest)	Run tests	2026-05-09T15:58:12.3966828Z ^[[1m^[[92m       Fresh^[[0m num-integer v0.1.46
Test (windows-latest)	Run tests	2026-05-09T15:58:12.3968102Z ^[[1m^[[92m       Fresh^[[0m thiserror-impl v2.0.18
Test (windows-latest)	Run tests	2026-05-09T15:58:12.3969783Z ^[[1m^[[92m       Fresh^[[0m strsim v0.11.1
Test (windows-latest)	Run tests	2026-05-09T15:58:12.3971135Z ^[[1m^[[92m       Fresh^[[0m mime v0.3.17
Test (windows-latest)	Run tests	2026-05-09T15:58:12.3973851Z ^[[1m^[[92m       Fresh^[[0m utf8_iter v1.0.4
Test (windows-latest)	Run tests	2026-05-09T15:58:12.3975044Z ^[[1m^[[92m       Fresh^[[0m heck v0.5.0
Test (windows-latest)	Run tests	2026-05-09T15:58:12.3976339Z ^[[1m^[[92m       Fresh^[[0m ryu v1.0.23
Test (windows-latest)	Run tests	2026-05-09T15:58:12.3977725Z ^[[1m^[[92m       Fresh^[[0m dtor-proc-macro v0.0.5
Test (windows-latest)	Run tests	2026-05-09T15:58:12.3979232Z ^[[1m^[[92m       Fresh^[[0m regex-syntax v0.8.10
Test (windows-latest)	Run tests	2026-05-09T15:58:12.3980498Z ^[[1m^[[92m       Fresh^[[0m clap_lex v1.1.0
Test (windows-latest)	Run tests	2026-05-09T15:58:12.3981869Z ^[[1m^[[92m       Fresh^[[0m clap_derive v4.5.55
Test (windows-latest)	Run tests	2026-05-09T15:58:12.3983634Z ^[[1m^[[92m       Fresh^[[0m regex-automata v0.4.14
Test (windows-latest)	Run tests	2026-05-09T15:58:12.3984978Z ^[[1m^[[92m       Fresh^[[0m serde_urlencoded v0.7.1
Test (windows-latest)	Run tests	2026-05-09T15:58:12.3986358Z ^[[1m^[[92m       Fresh^[[0m clap_builder v4.5.60
Test (windows-latest)	Run tests	2026-05-09T15:58:12.3987724Z ^[[1m^[[92m       Fresh^[[0m dtor v0.0.6
Test (windows-latest)	Run tests	2026-05-09T15:58:12.3989100Z ^[[1m^[[92m       Fresh^[[0m idna v1.1.0
Test (windows-latest)	Run tests	2026-05-09T15:58:12.3990458Z ^[[1m^[[92m       Fresh^[[0m num-bigint v0.4.6
Test (windows-latest)	Run tests	2026-05-09T15:58:12.3991923Z ^[[1m^[[92m       Fresh^[[0m thiserror v2.0.18
Test (windows-latest)	Run tests	2026-05-09T15:58:12.3993217Z ^[[1m^[[92m       Fresh^[[0m time v0.3.47
Test (windows-latest)	Run tests	2026-05-09T15:58:12.3994686Z ^[[1m^[[92m       Fresh^[[0m tokio-native-tls v0.3.1
Test (windows-latest)	Run tests	2026-05-09T15:58:12.3996079Z ^[[1m^[[92m       Fresh^[[0m getrandom v0.4.2
Test (windows-latest)	Run tests	2026-05-09T15:58:12.3997432Z ^[[1m^[[92m       Fresh^[[0m crypto-common v0.1.7
Test (windows-latest)	Run tests	2026-05-09T15:58:12.3998644Z ^[[1m^[[92m       Fresh^[[0m block-buffer v0.10.4
Test (windows-latest)	Run tests	2026-05-09T15:58:12.3999996Z ^[[1m^[[92m       Fresh^[[0m getrandom v0.2.17
Test (windows-latest)	Run tests	2026-05-09T15:58:12.4001329Z ^[[1m^[[92m       Fresh^[[0m thiserror-impl v1.0.69
Test (windows-latest)	Run tests	2026-05-09T15:58:12.4002800Z ^[[1m^[[92m       Fresh^[[0m untrusted v0.9.0
Test (windows-latest)	Run tests	2026-05-09T15:58:12.4003939Z ^[[1m^[[92m       Fresh^[[0m zeroize v1.8.2
Test (windows-latest)	Run tests	2026-05-09T15:58:12.4005471Z ^[[1m^[[92m       Fresh^[[0m bitflags v2.11.0
Test (windows-latest)	Run tests	2026-05-09T15:58:12.4006775Z ^[[1m^[[92m       Fresh^[[0m lazy_static v1.5.0
Test (windows-latest)	Run tests	2026-05-09T15:58:12.4008156Z ^[[1m^[[92m       Fresh^[[0m ctor-proc-macro v0.0.6
Test (windows-latest)	Run tests	2026-05-09T15:58:12.4009794Z ^[[1m^[[92m       Fresh^[[0m iri-string v0.7.10
Test (windows-latest)	Run tests	2026-05-09T15:58:12.4011460Z ^[[1m^[[92m       Fresh^[[0m sharded-slab v0.1.7
Test (windows-latest)	Run tests	2026-05-09T15:58:12.4012770Z ^[[1m^[[92m       Fresh^[[0m ctor v0.4.3
Test (windows-latest)	Run tests	2026-05-09T15:58:12.4014443Z ^[[1m^[[92m       Fresh^[[0m tower-http v0.6.8
Test (windows-latest)	Run tests	2026-05-09T15:58:12.4015820Z ^[[1m^[[92m       Fresh^[[0m rustls-pki-types v1.14.0
Test (windows-latest)	Run tests	2026-05-09T15:58:12.4017246Z ^[[1m^[[92m       Fresh^[[0m ring v0.17.14
Test (windows-latest)	Run tests	2026-05-09T15:58:12.4018591Z ^[[1m^[[92m       Fresh^[[0m thiserror v1.0.69
Test (windows-latest)	Run tests	2026-05-09T15:58:12.4019838Z ^[[1m^[[92m       Fresh^[[0m digest v0.10.7
Test (windows-latest)	Run tests	2026-05-09T15:58:12.4021191Z ^[[1m^[[92m       Fresh^[[0m hyper-tls v0.6.0
Test (windows-latest)	Run tests	2026-05-09T15:58:12.4022463Z ^[[1m^[[92m       Fresh^[[0m simple_asn1 v0.6.4
Test (windows-latest)	Run tests	2026-05-09T15:58:12.4023758Z ^[[1m^[[92m       Fresh^[[0m url v2.5.8
Test (windows-latest)	Run tests	2026-05-09T15:58:12.4025028Z ^[[1m^[[92m       Fresh^[[0m clap v4.5.60
Test (windows-latest)	Run tests	2026-05-09T15:58:12.4026924Z ^[[1m^[[92m       Fresh^[[0m matchers v0.2.0
Test (windows-latest)	Run tests	2026-05-09T15:58:12.4028172Z ^[[1m^[[92m       Fresh^[[0m axum-core v0.5.6
Test (windows-latest)	Run tests	2026-05-09T15:58:12.4029617Z ^[[1m^[[92m       Fresh^[[0m pem v3.0.6
Test (windows-latest)	Run tests	2026-05-09T15:58:12.4030877Z ^[[1m^[[92m       Fresh^[[0m tracing-serde v0.2.0
Test (windows-latest)	Run tests	2026-05-09T15:58:12.4032331Z ^[[1m^[[92m       Fresh^[[0m thread_local v1.1.9
Test (windows-latest)	Run tests	2026-05-09T15:58:12.4033639Z ^[[1m^[[92m       Fresh^[[0m encoding_rs v0.8.35
Test (windows-latest)	Run tests	2026-05-09T15:58:12.4035045Z ^[[1m^[[92m       Fresh^[[0m serde_path_to_error v0.1.20
Test (windows-latest)	Run tests	2026-05-09T15:58:12.4036168Z ^[[1m^[[92m       Fresh^[[0m tracing-log v0.2.0
Test (windows-latest)	Run tests	2026-05-09T15:58:12.4037544Z ^[[1m^[[92m       Fresh^[[0m axum-macros v0.5.0
Test (windows-latest)	Run tests	2026-05-09T15:58:12.4039427Z ^[[1m^[[92m       Fresh^[[0m nu-ansi-term v0.50.3
Test (windows-latest)	Run tests	2026-05-09T15:58:12.4040647Z ^[[1m^[[92m       Fresh^[[0m lino-env v0.1.0
Test (windows-latest)	Run tests	2026-05-09T15:58:12.4041960Z ^[[1m^[[92m       Fresh^[[0m cpufeatures v0.2.17
Test (windows-latest)	Run tests	2026-05-09T15:58:12.4043257Z ^[[1m^[[92m       Fresh^[[0m matchit v0.8.4
Test (windows-latest)	Run tests	2026-05-09T15:58:12.4044671Z ^[[1m^[[92m       Fresh^[[0m dotenvy v0.15.7
Test (windows-latest)	Run tests	2026-05-09T15:58:12.4045855Z ^[[1m^[[92m       Fresh^[[0m sha2 v0.10.9
Test (windows-latest)	Run tests	2026-05-09T15:58:12.4047201Z ^[[1m^[[92m       Fresh^[[0m axum v0.8.8
Test (windows-latest)	Run tests	2026-05-09T15:58:12.4049002Z ^[[1m^[[92m       Fresh^[[0m tracing-subscriber v0.3.23
Test (windows-latest)	Run tests	2026-05-09T15:58:12.4050367Z ^[[1m^[[92m       Fresh^[[0m lino-arguments v0.3.0
Test (windows-latest)	Run tests	2026-05-09T15:58:12.4051994Z ^[[1m^[[92m       Fresh^[[0m reqwest v0.12.28
Test (windows-latest)	Run tests	2026-05-09T15:58:12.4053571Z ^[[1m^[[92m       Fresh^[[0m jsonwebtoken v9.3.1
Test (windows-latest)	Run tests	2026-05-09T15:58:12.4054910Z ^[[1m^[[92m       Fresh^[[0m uuid v1.22.0
Test (windows-latest)	Run tests	2026-05-09T15:58:12.4056349Z ^[[1m^[[92m       Fresh^[[0m chrono v0.4.44
Test (windows-latest)	Run tests	2026-05-09T15:58:12.4057700Z ^[[1m^[[92m       Fresh^[[0m async-stream-impl v0.3.6
Test (windows-latest)	Run tests	2026-05-09T15:58:12.4059254Z ^[[1m^[[92m       Fresh^[[0m async-trait v0.1.89
Test (windows-latest)	Run tests	2026-05-09T15:58:12.4060794Z ^[[1m^[[92m       Fresh^[[0m log-lazy v0.1.0
Test (windows-latest)	Run tests	2026-05-09T15:58:12.4062159Z ^[[1m^[[92m       Fresh^[[0m hex v0.4.3
Test (windows-latest)	Run tests	2026-05-09T15:58:12.4065647Z ^[[1m^[[92m       Fresh^[[0m async-stream v0.3.6
Test (windows-latest)	Run tests	2026-05-09T15:58:12.4067061Z ^[[1m^[[92m       Fresh^[[0m tokio-stream v0.1.17
Test (windows-latest)	Run tests	2026-05-09T15:58:12.4068986Z ^[[1m^[[92m       Fresh^[[0m fastrand v2.3.0
Test (windows-latest)	Run tests	2026-05-09T15:58:12.4069908Z ^[[1m^[[92m       Fresh^[[0m tokio-test v0.4.4
Test (windows-latest)	Run tests	2026-05-09T15:58:12.4071540Z ^[[1m^[[92m   Compiling^[[0m link-assistant-router v0.13.0 (D:\a\router\router)
Test (windows-latest)	Run tests	2026-05-09T15:58:12.4072255Z ^[[1m^[[92m       Fresh^[[0m tempfile v3.27.0
Test (windows-latest)	Run tests	2026-05-09T15:58:12.4107506Z ^[[1m^[[92m     Running^[[0m `C:\Users\runneradmin\.rustup\toolchains\stable-x86_64-pc-windows-msvc\bin\rustc.exe --crate-name link_assistant_router --edition=2021 src\lib.rs --error-format=json --json=diagnostic-rendered-ansi,artifacts,future-incompat --crate-type lib --emit=dep-info,metadata,link -C embed-bitcode=no -C debuginfo=2 --warn=clippy::pedantic --warn=clippy::nursery --warn=clippy::all --forbid=unsafe_code --allow=clippy::too_many_lines --allow=clippy::module_name_repetitions --allow=clippy::missing_panics_doc --allow=clippy::missing_errors_doc --check-cfg cfg(docsrs,test) --check-cfg "cfg(feature, values())" -C metadata=2a9c790885d548b9 -C extra-filename=-67b362fb3fd1e833 --out-dir D:\a\router\router\target\debug\deps -L dependency=D:\a\router\router\target\debug\deps --extern async_trait=D:\a\router\router\target\debug\deps\async_trait-ef00f149e0c4ef7f.dll --extern axum=D:\a\router\router\target\debug\deps\libaxum-044ff394cb4827c4.rmeta --extern base64=D:\a\router\router\target\debug\deps\libbase64-19c0972e70d576e3.rmeta --extern bytes=D:\a\router\router\target\debug\deps\libbytes-0049804197eeee46.rmeta --extern chrono=D:\a\router\router\target\debug\deps\libchrono-c81983bc7d6c2655.rmeta --extern clap=D:\a\router\router\target\debug\deps\libclap-e7a51dfa56f6cf4e.rmeta --extern futures_util=D:\a\router\router\target\debug\deps\libfutures_util-be5ddbcac4ba05ad.rmeta --extern hex=D:\a\router\router\target\debug\deps\libhex-c2b7bb54df207237.rmeta --extern http=D:\a\router\router\target\debug\deps\libhttp-f4e453de23c07076.rmeta --extern http_body_util=D:\a\router\router\target\debug\deps\libhttp_body_util-3a1fe3be55988cce.rmeta --extern hyper=D:\a\router\router\target\debug\deps\libhyper-a3ad4c450da3713b.rmeta --extern hyper_util=D:\a\router\router\target\debug\deps\libhyper_util-8e17a9eab3c7ddf9.rmeta --extern jsonwebtoken=D:\a\router\router\target\debug\deps\libjsonwebtoken-419c31de5b8dd0c9.rmeta --extern lino_arguments=D:\a\router\router\target\debug\deps\liblino_arguments-921722d47890633a.rmeta --extern log_lazy=D:\a\router\router\target\debug\deps\liblog_lazy-68e1cf4d39668084.rmeta --extern reqwest=D:\a\router\router\target\debug\deps\libreqwest-ec27e77615f8dd30.rmeta --extern serde=D:\a\router\router\target\debug\deps\libserde-f9b3dc43bd15d0dc.rmeta --extern serde_json=D:\a\router\router\target\debug\deps\libserde_json-e5ea8f73bcd10893.rmeta --extern sha2=D:\a\router\router\target\debug\deps\libsha2-6d8e02b2db3cd05d.rmeta --extern tokio=D:\a\router\router\target\debug\deps\libtokio-873f32c997ee07c7.rmeta --extern tower=D:\a\router\router\target\debug\deps\libtower-dc2dcebe0dd6a269.rmeta --extern tower_http=D:\a\router\router\target\debug\deps\libtower_http-77d6c52ab3246d0f.rmeta --extern tracing=D:\a\router\router\target\debug\deps\libtracing-b0f77ce5a7c3fbd7.rmeta --extern tracing_subscriber=D:\a\router\router\target\debug\deps\libtracing_subscriber-94cdab4d4653adfb.rmeta --extern uuid=D:\a\router\router\target\debug\deps\libuuid-cd037cbf6b0e6463.rmeta -Dwarnings -L native=D:\a\router\router\target\debug\build\ring-fa7904eea9a6bf49\out`
Test (windows-latest)	Run tests	2026-05-09T15:58:12.4136644Z ^[[1m^[[92m     Running^[[0m `C:\Users\runneradmin\.rustup\toolchains\stable-x86_64-pc-windows-msvc\bin\rustc.exe --crate-name link_assistant_router --edition=2021 src\lib.rs --error-format=json --json=diagnostic-rendered-ansi,artifacts,future-incompat --emit=dep-info,link -C embed-bitcode=no -C debuginfo=2 --warn=clippy::pedantic --warn=clippy::nursery --warn=clippy::all --forbid=unsafe_code --allow=clippy::too_many_lines --allow=clippy::module_name_repetitions --allow=clippy::missing_panics_doc --allow=clippy::missing_errors_doc --test --check-cfg cfg(docsrs,test) --check-cfg "cfg(feature, values())" -C metadata=dd68838ca11cb43b -C extra-filename=-77c7de1a8ab4a7f1 --out-dir D:\a\router\router\target\debug\deps -L dependency=D:\a\router\router\target\debug\deps --extern async_trait=D:\a\router\router\target\debug\deps\async_trait-ef00f149e0c4ef7f.dll --extern axum=D:\a\router\router\target\debug\deps\libaxum-044ff394cb4827c4.rlib --extern base64=D:\a\router\router\target\debug\deps\libbase64-19c0972e70d576e3.rlib --extern bytes=D:\a\router\router\target\debug\deps\libbytes-0049804197eeee46.rlib --extern chrono=D:\a\router\router\target\debug\deps\libchrono-c81983bc7d6c2655.rlib --extern clap=D:\a\router\router\target\debug\deps\libclap-e7a51dfa56f6cf4e.rlib --extern futures_util=D:\a\router\router\target\debug\deps\libfutures_util-be5ddbcac4ba05ad.rlib --extern hex=D:\a\router\router\target\debug\deps\libhex-c2b7bb54df207237.rlib --extern http=D:\a\router\router\target\debug\deps\libhttp-f4e453de23c07076.rlib --extern http_body_util=D:\a\router\router\target\debug\deps\libhttp_body_util-3a1fe3be55988cce.rlib --extern hyper=D:\a\router\router\target\debug\deps\libhyper-a3ad4c450da3713b.rlib --extern hyper_util=D:\a\router\router\target\debug\deps\libhyper_util-8e17a9eab3c7ddf9.rlib --extern jsonwebtoken=D:\a\router\router\target\debug\deps\libjsonwebtoken-419c31de5b8dd0c9.rlib --extern lino_arguments=D:\a\router\router\target\debug\deps\liblino_arguments-921722d47890633a.rlib --extern log_lazy=D:\a\router\router\target\debug\deps\liblog_lazy-68e1cf4d39668084.rlib --extern reqwest=D:\a\router\router\target\debug\deps\libreqwest-ec27e77615f8dd30.rlib --extern serde=D:\a\router\router\target\debug\deps\libserde-f9b3dc43bd15d0dc.rlib --extern serde_json=D:\a\router\router\target\debug\deps\libserde_json-e5ea8f73bcd10893.rlib --extern sha2=D:\a\router\router\target\debug\deps\libsha2-6d8e02b2db3cd05d.rlib --extern tempfile=D:\a\router\router\target\debug\deps\libtempfile-37237b10ea14254e.rlib --extern tokio=D:\a\router\router\target\debug\deps\libtokio-873f32c997ee07c7.rlib --extern tokio_test=D:\a\router\router\target\debug\deps\libtokio_test-f2c9f198e74c485a.rlib --extern tower=D:\a\router\router\target\debug\deps\libtower-dc2dcebe0dd6a269.rlib --extern tower_http=D:\a\router\router\target\debug\deps\libtower_http-77d6c52ab3246d0f.rlib --extern tracing=D:\a\router\router\target\debug\deps\libtracing-b0f77ce5a7c3fbd7.rlib --extern tracing_subscriber=D:\a\router\router\target\debug\deps\libtracing_subscriber-94cdab4d4653adfb.rlib --extern uuid=D:\a\router\router\target\debug\deps\libuuid-cd037cbf6b0e6463.rlib -Dwarnings -L native=D:\a\router\router\target\debug\build\ring-fa7904eea9a6bf49\out`
Test (windows-latest)	Run tests	2026-05-09T15:58:53.9235193Z ^[[1m^[[92m     Running^[[0m `C:\Users\runneradmin\.rustup\toolchains\stable-x86_64-pc-windows-msvc\bin\rustc.exe --crate-name basic_usage --edition=2021 examples\basic_usage.rs --error-format=json --json=diagnostic-rendered-ansi,artifacts,future-incompat --crate-type bin --emit=dep-info,link -C embed-bitcode=no -C debuginfo=2 --warn=clippy::pedantic --warn=clippy::nursery --warn=clippy::all --forbid=unsafe_code --allow=clippy::too_many_lines --allow=clippy::module_name_repetitions --allow=clippy::missing_panics_doc --allow=clippy::missing_errors_doc --check-cfg cfg(docsrs,test) --check-cfg "cfg(feature, values())" -C metadata=ea9cb498befb334b --out-dir D:\a\router\router\target\debug\examples -L dependency=D:\a\router\router\target\debug\deps --extern async_trait=D:\a\router\router\target\debug\deps\async_trait-ef00f149e0c4ef7f.dll --extern axum=D:\a\router\router\target\debug\deps\libaxum-044ff394cb4827c4.rlib --extern base64=D:\a\router\router\target\debug\deps\libbase64-19c0972e70d576e3.rlib --extern bytes=D:\a\router\router\target\debug\deps\libbytes-0049804197eeee46.rlib --extern chrono=D:\a\router\router\target\debug\deps\libchrono-c81983bc7d6c2655.rlib --extern clap=D:\a\router\router\target\debug\deps\libclap-e7a51dfa56f6cf4e.rlib --extern futures_util=D:\a\router\router\target\debug\deps\libfutures_util-be5ddbcac4ba05ad.rlib --extern hex=D:\a\router\router\target\debug\deps\libhex-c2b7bb54df207237.rlib --extern http=D:\a\router\router\target\debug\deps\libhttp-f4e453de23c07076.rlib --extern http_body_util=D:\a\router\router\target\debug\deps\libhttp_body_util-3a1fe3be55988cce.rlib --extern hyper=D:\a\router\router\target\debug\deps\libhyper-a3ad4c450da3713b.rlib --extern hyper_util=D:\a\router\router\target\debug\deps\libhyper_util-8e17a9eab3c7ddf9.rlib --extern jsonwebtoken=D:\a\router\router\target\debug\deps\libjsonwebtoken-419c31de5b8dd0c9.rlib --extern link_assistant_router=D:\a\router\router\target\debug\deps\liblink_assistant_router-67b362fb3fd1e833.rlib --extern lino_arguments=D:\a\router\router\target\debug\deps\liblino_arguments-921722d47890633a.rlib --extern log_lazy=D:\a\router\router\target\debug\deps\liblog_lazy-68e1cf4d39668084.rlib --extern reqwest=D:\a\router\router\target\debug\deps\libreqwest-ec27e77615f8dd30.rlib --extern serde=D:\a\router\router\target\debug\deps\libserde-f9b3dc43bd15d0dc.rlib --extern serde_json=D:\a\router\router\target\debug\deps\libserde_json-e5ea8f73bcd10893.rlib --extern sha2=D:\a\router\router\target\debug\deps\libsha2-6d8e02b2db3cd05d.rlib --extern tempfile=D:\a\router\router\target\debug\deps\libtempfile-37237b10ea14254e.rlib --extern tokio=D:\a\router\router\target\debug\deps\libtokio-873f32c997ee07c7.rlib --extern tokio_test=D:\a\router\router\target\debug\deps\libtokio_test-f2c9f198e74c485a.rlib --extern tower=D:\a\router\router\target\debug\deps\libtower-dc2dcebe0dd6a269.rlib --extern tower_http=D:\a\router\router\target\debug\deps\libtower_http-77d6c52ab3246d0f.rlib --extern tracing=D:\a\router\router\target\debug\deps\libtracing-b0f77ce5a7c3fbd7.rlib --extern tracing_subscriber=D:\a\router\router\target\debug\deps\libtracing_subscriber-94cdab4d4653adfb.rlib --extern uuid=D:\a\router\router\target\debug\deps\libuuid-cd037cbf6b0e6463.rlib -Dwarnings -L native=D:\a\router\router\target\debug\build\ring-fa7904eea9a6bf49\out`
Test (windows-latest)	Run tests	2026-05-09T15:58:53.9284075Z ^[[1m^[[92m     Running^[[0m `C:\Users\runneradmin\.rustup\toolchains\stable-x86_64-pc-windows-msvc\bin\rustc.exe --crate-name integration_test --edition=2021 tests\integration_test.rs --error-format=json --json=diagnostic-rendered-ansi,artifacts,future-incompat --emit=dep-info,link -C embed-bitcode=no -C debuginfo=2 --warn=clippy::pedantic --warn=clippy::nursery --warn=clippy::all --forbid=unsafe_code --allow=clippy::too_many_lines --allow=clippy::module_name_repetitions --allow=clippy::missing_panics_doc --allow=clippy::missing_errors_doc --test --check-cfg cfg(docsrs,test) --check-cfg "cfg(feature, values())" -C metadata=b2c481932021aa18 -C extra-filename=-1564ab743416df7a --out-dir D:\a\router\router\target\debug\deps -L dependency=D:\a\router\router\target\debug\deps --extern async_trait=D:\a\router\router\target\debug\deps\async_trait-ef00f149e0c4ef7f.dll --extern axum=D:\a\router\router\target\debug\deps\libaxum-044ff394cb4827c4.rlib --extern base64=D:\a\router\router\target\debug\deps\libbase64-19c0972e70d576e3.rlib --extern bytes=D:\a\router\router\target\debug\deps\libbytes-0049804197eeee46.rlib --extern chrono=D:\a\router\router\target\debug\deps\libchrono-c81983bc7d6c2655.rlib --extern clap=D:\a\router\router\target\debug\deps\libclap-e7a51dfa56f6cf4e.rlib --extern futures_util=D:\a\router\router\target\debug\deps\libfutures_util-be5ddbcac4ba05ad.rlib --extern hex=D:\a\router\router\target\debug\deps\libhex-c2b7bb54df207237.rlib --extern http=D:\a\router\router\target\debug\deps\libhttp-f4e453de23c07076.rlib --extern http_body_util=D:\a\router\router\target\debug\deps\libhttp_body_util-3a1fe3be55988cce.rlib --extern hyper=D:\a\router\router\target\debug\deps\libhyper-a3ad4c450da3713b.rlib --extern hyper_util=D:\a\router\router\target\debug\deps\libhyper_util-8e17a9eab3c7ddf9.rlib --extern jsonwebtoken=D:\a\router\router\target\debug\deps\libjsonwebtoken-419c31de5b8dd0c9.rlib --extern link_assistant_router=D:\a\router\router\target\debug\deps\liblink_assistant_router-67b362fb3fd1e833.rlib --extern lino_arguments=D:\a\router\router\target\debug\deps\liblino_arguments-921722d47890633a.rlib --extern log_lazy=D:\a\router\router\target\debug\deps\liblog_lazy-68e1cf4d39668084.rlib --extern reqwest=D:\a\router\router\target\debug\deps\libreqwest-ec27e77615f8dd30.rlib --extern serde=D:\a\router\router\target\debug\deps\libserde-f9b3dc43bd15d0dc.rlib --extern serde_json=D:\a\router\router\target\debug\deps\libserde_json-e5ea8f73bcd10893.rlib --extern sha2=D:\a\router\router\target\debug\deps\libsha2-6d8e02b2db3cd05d.rlib --extern tempfile=D:\a\router\router\target\debug\deps\libtempfile-37237b10ea14254e.rlib --extern tokio=D:\a\router\router\target\debug\deps\libtokio-873f32c997ee07c7.rlib --extern tokio_test=D:\a\router\router\target\debug\deps\libtokio_test-f2c9f198e74c485a.rlib --extern tower=D:\a\router\router\target\debug\deps\libtower-dc2dcebe0dd6a269.rlib --extern tower_http=D:\a\router\router\target\debug\deps\libtower_http-77d6c52ab3246d0f.rlib --extern tracing=D:\a\router\router\target\debug\deps\libtracing-b0f77ce5a7c3fbd7.rlib --extern tracing_subscriber=D:\a\router\router\target\debug\deps\libtracing_subscriber-94cdab4d4653adfb.rlib --extern uuid=D:\a\router\router\target\debug\deps\libuuid-cd037cbf6b0e6463.rlib -Dwarnings -L native=D:\a\router\router\target\debug\build\ring-fa7904eea9a6bf49\out`
Test (windows-latest)	Run tests	2026-05-09T15:58:53.9328130Z ^[[1m^[[92m     Running^[[0m `C:\Users\runneradmin\.rustup\toolchains\stable-x86_64-pc-windows-msvc\bin\rustc.exe --crate-name link_assistant_router --edition=2021 src\main.rs --error-format=json --json=diagnostic-rendered-ansi,artifacts,future-incompat --crate-type bin --emit=dep-info,link -C embed-bitcode=no -C debuginfo=2 --warn=clippy::pedantic --warn=clippy::nursery --warn=clippy::all --forbid=unsafe_code --allow=clippy::too_many_lines --allow=clippy::module_name_repetitions --allow=clippy::missing_panics_doc --allow=clippy::missing_errors_doc --check-cfg cfg(docsrs,test) --check-cfg "cfg(feature, values())" -C metadata=7394203dff87406b --out-dir D:\a\router\router\target\debug\deps -L dependency=D:\a\router\router\target\debug\deps --extern async_trait=D:\a\router\router\target\debug\deps\async_trait-ef00f149e0c4ef7f.dll --extern axum=D:\a\router\router\target\debug\deps\libaxum-044ff394cb4827c4.rlib --extern base64=D:\a\router\router\target\debug\deps\libbase64-19c0972e70d576e3.rlib --extern bytes=D:\a\router\router\target\debug\deps\libbytes-0049804197eeee46.rlib --extern chrono=D:\a\router\router\target\debug\deps\libchrono-c81983bc7d6c2655.rlib --extern clap=D:\a\router\router\target\debug\deps\libclap-e7a51dfa56f6cf4e.rlib --extern futures_util=D:\a\router\router\target\debug\deps\libfutures_util-be5ddbcac4ba05ad.rlib --extern hex=D:\a\router\router\target\debug\deps\libhex-c2b7bb54df207237.rlib --extern http=D:\a\router\router\target\debug\deps\libhttp-f4e453de23c07076.rlib --extern http_body_util=D:\a\router\router\target\debug\deps\libhttp_body_util-3a1fe3be55988cce.rlib --extern hyper=D:\a\router\router\target\debug\deps\libhyper-a3ad4c450da3713b.rlib --extern hyper_util=D:\a\router\router\target\debug\deps\libhyper_util-8e17a9eab3c7ddf9.rlib --extern jsonwebtoken=D:\a\router\router\target\debug\deps\libjsonwebtoken-419c31de5b8dd0c9.rlib --extern link_assistant_router=D:\a\router\router\target\debug\deps\liblink_assistant_router-67b362fb3fd1e833.rlib --extern lino_arguments=D:\a\router\router\target\debug\deps\liblino_arguments-921722d47890633a.rlib --extern log_lazy=D:\a\router\router\target\debug\deps\liblog_lazy-68e1cf4d39668084.rlib --extern reqwest=D:\a\router\router\target\debug\deps\libreqwest-ec27e77615f8dd30.rlib --extern serde=D:\a\router\router\target\debug\deps\libserde-f9b3dc43bd15d0dc.rlib --extern serde_json=D:\a\router\router\target\debug\deps\libserde_json-e5ea8f73bcd10893.rlib --extern sha2=D:\a\router\router\target\debug\deps\libsha2-6d8e02b2db3cd05d.rlib --extern tokio=D:\a\router\router\target\debug\deps\libtokio-873f32c997ee07c7.rlib --extern tower=D:\a\router\router\target\debug\deps\libtower-dc2dcebe0dd6a269.rlib --extern tower_http=D:\a\router\router\target\debug\deps\libtower_http-77d6c52ab3246d0f.rlib --extern tracing=D:\a\router\router\target\debug\deps\libtracing-b0f77ce5a7c3fbd7.rlib --extern tracing_subscriber=D:\a\router\router\target\debug\deps\libtracing_subscriber-94cdab4d4653adfb.rlib --extern uuid=D:\a\router\router\target\debug\deps\libuuid-cd037cbf6b0e6463.rlib -Dwarnings -L native=D:\a\router\router\target\debug\build\ring-fa7904eea9a6bf49\out`
Test (windows-latest)	Run tests	2026-05-09T15:59:01.1991293Z ^[[1m^[[92m     Running^[[0m `C:\Users\runneradmin\.rustup\toolchains\stable-x86_64-pc-windows-msvc\bin\rustc.exe --crate-name release_workflow_test --edition=2021 tests\release_workflow_test.rs --error-format=json --json=diagnostic-rendered-ansi,artifacts,future-incompat --emit=dep-info,link -C embed-bitcode=no -C debuginfo=2 --warn=clippy::pedantic --warn=clippy::nursery --warn=clippy::all --forbid=unsafe_code --allow=clippy::too_many_lines --allow=clippy::module_name_repetitions --allow=clippy::missing_panics_doc --allow=clippy::missing_errors_doc --test --check-cfg cfg(docsrs,test) --check-cfg "cfg(feature, values())" -C metadata=0032b2ee7df803aa -C extra-filename=-bedb7d8c15596e7d --out-dir D:\a\router\router\target\debug\deps -L dependency=D:\a\router\router\target\debug\deps --extern async_trait=D:\a\router\router\target\debug\deps\async_trait-ef00f149e0c4ef7f.dll --extern axum=D:\a\router\router\target\debug\deps\libaxum-044ff394cb4827c4.rlib --extern base64=D:\a\router\router\target\debug\deps\libbase64-19c0972e70d576e3.rlib --extern bytes=D:\a\router\router\target\debug\deps\libbytes-0049804197eeee46.rlib --extern chrono=D:\a\router\router\target\debug\deps\libchrono-c81983bc7d6c2655.rlib --extern clap=D:\a\router\router\target\debug\deps\libclap-e7a51dfa56f6cf4e.rlib --extern futures_util=D:\a\router\router\target\debug\deps\libfutures_util-be5ddbcac4ba05ad.rlib --extern hex=D:\a\router\router\target\debug\deps\libhex-c2b7bb54df207237.rlib --extern http=D:\a\router\router\target\debug\deps\libhttp-f4e453de23c07076.rlib --extern http_body_util=D:\a\router\router\target\debug\deps\libhttp_body_util-3a1fe3be55988cce.rlib --extern hyper=D:\a\router\router\target\debug\deps\libhyper-a3ad4c450da3713b.rlib --extern hyper_util=D:\a\router\router\target\debug\deps\libhyper_util-8e17a9eab3c7ddf9.rlib --extern jsonwebtoken=D:\a\router\router\target\debug\deps\libjsonwebtoken-419c31de5b8dd0c9.rlib --extern link_assistant_router=D:\a\router\router\target\debug\deps\liblink_assistant_router-67b362fb3fd1e833.rlib --extern lino_arguments=D:\a\router\router\target\debug\deps\liblino_arguments-921722d47890633a.rlib --extern log_lazy=D:\a\router\router\target\debug\deps\liblog_lazy-68e1cf4d39668084.rlib --extern reqwest=D:\a\router\router\target\debug\deps\libreqwest-ec27e77615f8dd30.rlib --extern serde=D:\a\router\router\target\debug\deps\libserde-f9b3dc43bd15d0dc.rlib --extern serde_json=D:\a\router\router\target\debug\deps\libserde_json-e5ea8f73bcd10893.rlib --extern sha2=D:\a\router\router\target\debug\deps\libsha2-6d8e02b2db3cd05d.rlib --extern tempfile=D:\a\router\router\target\debug\deps\libtempfile-37237b10ea14254e.rlib --extern tokio=D:\a\router\router\target\debug\deps\libtokio-873f32c997ee07c7.rlib --extern tokio_test=D:\a\router\router\target\debug\deps\libtokio_test-f2c9f198e74c485a.rlib --extern tower=D:\a\router\router\target\debug\deps\libtower-dc2dcebe0dd6a269.rlib --extern tower_http=D:\a\router\router\target\debug\deps\libtower_http-77d6c52ab3246d0f.rlib --extern tracing=D:\a\router\router\target\debug\deps\libtracing-b0f77ce5a7c3fbd7.rlib --extern tracing_subscriber=D:\a\router\router\target\debug\deps\libtracing_subscriber-94cdab4d4653adfb.rlib --extern uuid=D:\a\router\router\target\debug\deps\libuuid-cd037cbf6b0e6463.rlib -Dwarnings -L native=D:\a\router\router\target\debug\build\ring-fa7904eea9a6bf49\out`
Test (windows-latest)	Run tests	2026-05-09T15:59:01.2064006Z ^[[1m^[[92m     Running^[[0m `C:\Users\runneradmin\.rustup\toolchains\stable-x86_64-pc-windows-msvc\bin\rustc.exe --crate-name link_assistant_router --edition=2021 src\main.rs --error-format=json --json=diagnostic-rendered-ansi,artifacts,future-incompat --emit=dep-info,link -C embed-bitcode=no -C debuginfo=2 --warn=clippy::pedantic --warn=clippy::nursery --warn=clippy::all --forbid=unsafe_code --allow=clippy::too_many_lines --allow=clippy::module_name_repetitions --allow=clippy::missing_panics_doc --allow=clippy::missing_errors_doc --test --check-cfg cfg(docsrs,test) --check-cfg "cfg(feature, values())" -C metadata=74ba464bc6b4c7b1 -C extra-filename=-85e84bfb33f56c5c --out-dir D:\a\router\router\target\debug\deps -L dependency=D:\a\router\router\target\debug\deps --extern async_trait=D:\a\router\router\target\debug\deps\async_trait-ef00f149e0c4ef7f.dll --extern axum=D:\a\router\router\target\debug\deps\libaxum-044ff394cb4827c4.rlib --extern base64=D:\a\router\router\target\debug\deps\libbase64-19c0972e70d576e3.rlib --extern bytes=D:\a\router\router\target\debug\deps\libbytes-0049804197eeee46.rlib --extern chrono=D:\a\router\router\target\debug\deps\libchrono-c81983bc7d6c2655.rlib --extern clap=D:\a\router\router\target\debug\deps\libclap-e7a51dfa56f6cf4e.rlib --extern futures_util=D:\a\router\router\target\debug\deps\libfutures_util-be5ddbcac4ba05ad.rlib --extern hex=D:\a\router\router\target\debug\deps\libhex-c2b7bb54df207237.rlib --extern http=D:\a\router\router\target\debug\deps\libhttp-f4e453de23c07076.rlib --extern http_body_util=D:\a\router\router\target\debug\deps\libhttp_body_util-3a1fe3be55988cce.rlib --extern hyper=D:\a\router\router\target\debug\deps\libhyper-a3ad4c450da3713b.rlib --extern hyper_util=D:\a\router\router\target\debug\deps\libhyper_util-8e17a9eab3c7ddf9.rlib --extern jsonwebtoken=D:\a\router\router\target\debug\deps\libjsonwebtoken-419c31de5b8dd0c9.rlib --extern link_assistant_router=D:\a\router\router\target\debug\deps\liblink_assistant_router-67b362fb3fd1e833.rlib --extern lino_arguments=D:\a\router\router\target\debug\deps\liblino_arguments-921722d47890633a.rlib --extern log_lazy=D:\a\router\router\target\debug\deps\liblog_lazy-68e1cf4d39668084.rlib --extern reqwest=D:\a\router\router\target\debug\deps\libreqwest-ec27e77615f8dd30.rlib --extern serde=D:\a\router\router\target\debug\deps\libserde-f9b3dc43bd15d0dc.rlib --extern serde_json=D:\a\router\router\target\debug\deps\libserde_json-e5ea8f73bcd10893.rlib --extern sha2=D:\a\router\router\target\debug\deps\libsha2-6d8e02b2db3cd05d.rlib --extern tempfile=D:\a\router\router\target\debug\deps\libtempfile-37237b10ea14254e.rlib --extern tokio=D:\a\router\router\target\debug\deps\libtokio-873f32c997ee07c7.rlib --extern tokio_test=D:\a\router\router\target\debug\deps\libtokio_test-f2c9f198e74c485a.rlib --extern tower=D:\a\router\router\target\debug\deps\libtower-dc2dcebe0dd6a269.rlib --extern tower_http=D:\a\router\router\target\debug\deps\libtower_http-77d6c52ab3246d0f.rlib --extern tracing=D:\a\router\router\target\debug\deps\libtracing-b0f77ce5a7c3fbd7.rlib --extern tracing_subscriber=D:\a\router\router\target\debug\deps\libtracing_subscriber-94cdab4d4653adfb.rlib --extern uuid=D:\a\router\router\target\debug\deps\libuuid-cd037cbf6b0e6463.rlib -Dwarnings -L native=D:\a\router\router\target\debug\build\ring-fa7904eea9a6bf49\out`
Test (windows-latest)	Run tests	2026-05-09T15:59:03.0097741Z ^[[1m^[[92m    Finished^[[0m `test` profile [unoptimized + debuginfo] target(s) in 55.42s
Test (windows-latest)	Run tests	2026-05-09T15:59:03.0541776Z ^[[1m^[[92m     Running^[[0m `D:\a\router\router\target\debug\deps\link_assistant_router-77c7de1a8ab4a7f1.exe`
Test (windows-latest)	Run tests	2026-05-09T15:59:03.0664619Z
Test (windows-latest)	Run tests	2026-05-09T15:59:03.0664979Z running 57 tests
Test (windows-latest)	Run tests	2026-05-09T15:59:03.0693024Z test accounts::tests::no_healthy_returns_error ... ok
Test (windows-latest)	Run tests	2026-05-09T15:59:03.0697629Z test activitypub::tests::actor_contains_required_activitypub_and_forgefed_metadata ... ok
Test (windows-latest)	Run tests	2026-05-09T15:59:03.0700589Z test activitypub::tests::follow_activity_targets_problemsets_actor ... ok
Test (windows-latest)	Run tests	2026-05-09T15:59:03.0702982Z test activitypub::tests::inbound_activity_requires_core_fields ... ok
Test (windows-latest)	Run tests	2026-05-09T15:59:03.0706114Z test cli::tests::cli_defaults_round_trip_to_config ... ok
Test (windows-latest)	Run tests	2026-05-09T15:59:03.0709387Z test cli::tests::cli_invalid_routing_mode_rejected ... ok
Test (windows-latest)	Run tests	2026-05-09T15:59:03.0711921Z test config::tests::default_provider_is_anthropic ... ok
Test (windows-latest)	Run tests	2026-05-09T15:59:03.0715795Z test config::tests::gonka_provider_builds_with_private_key_and_defaults ... ok
Test (windows-latest)	Run tests	2026-05-09T15:59:03.0720722Z test config::tests::gonka_provider_requires_private_key ... ok
Test (windows-latest)	Run tests	2026-05-09T15:59:03.0724685Z test config::tests::test_api_format_parsing ... ok
Test (windows-latest)	Run tests	2026-05-09T15:59:03.0730134Z test config::tests::test_config_default_port ... ok
Test (windows-latest)	Run tests	2026-05-09T15:59:03.0734014Z test accounts::tests::cooldown_skips_unhealthy_account ... ok
Test (windows-latest)	Run tests	2026-05-09T15:59:03.0734731Z test accounts::tests::round_robin_distributes_calls ... ok
Test (windows-latest)	Run tests	2026-05-09T15:59:03.0735952Z test accounts::tests::least_used_picks_lowest_count ... ok
Test (windows-latest)	Run tests	2026-05-09T15:59:03.0737147Z test config::tests::test_config_empty_token_secret ... ok
Test (windows-latest)	Run tests	2026-05-09T15:59:03.0739687Z test config::tests::test_config_invalid_port ... ok
Test (windows-latest)	Run tests	2026-05-09T15:59:03.0740749Z test config::tests::test_config_missing_token_secret ... ok
Test (windows-latest)	Run tests	2026-05-09T15:59:03.0741986Z test config::tests::test_config_with_valid_values ... ok
Test (windows-latest)	Run tests	2026-05-09T15:59:03.0743132Z test config::tests::test_routing_mode_parsing ... ok
Test (windows-latest)	Run tests	2026-05-09T15:59:03.0744206Z test config::tests::test_storage_policy_parsing ... ok
Test (windows-latest)	Run tests	2026-05-09T15:59:03.0745060Z test config::tests::test_verbose_default_false ... ok
Test (windows-latest)	Run tests	2026-05-09T15:59:03.0748321Z test gonka::tests::default_model_is_added_when_missing ... ok
Test (windows-latest)	Run tests	2026-05-09T15:59:03.0749561Z test gonka::tests::existing_model_is_preserved ... ok
Test (windows-latest)	Run tests	2026-05-09T15:59:03.0750500Z test gonka::tests::models_endpoint_uses_gonka_owner ... ok
Test (windows-latest)	Run tests	2026-05-09T15:59:03.0753938Z test gonka::tests::signing_headers_do_not_include_private_key ... ok
Test (windows-latest)	Run tests	2026-05-09T15:59:03.0754965Z test metrics::tests::usage_snapshot_returns_consistent_values ... ok
Test (windows-latest)	Run tests	2026-05-09T15:59:03.0758895Z test mpp::tests::challenge_response_uses_http_402_and_payment_auth_scheme ... ok
Test (windows-latest)	Run tests	2026-05-09T15:59:03.0760246Z test metrics::tests::record_and_render_basic_counters ... ok
Test (windows-latest)	Run tests	2026-05-09T15:59:03.0761487Z test mpp::tests::detects_payment_authorization_credentials ... ok
Test (windows-latest)	Run tests	2026-05-09T15:59:03.0762872Z test mpp::tests::requires_enabled_and_charge_details ... ok
Test (windows-latest)	Run tests	2026-05-09T15:59:03.0763956Z test oauth::tests::test_cached_token_returned ... ok
Test (windows-latest)	Run tests	2026-05-09T15:59:03.0766621Z test oauth::tests::test_no_credential_files ... ok
Test (windows-latest)	Run tests	2026-05-09T15:59:03.0768174Z test oauth::tests::test_set_token_manually ... ok
Test (windows-latest)	Run tests	2026-05-09T15:59:03.0769200Z test openai::tests::anthropic_to_chat_basic ... ok
Test (windows-latest)	Run tests	2026-05-09T15:59:03.0773333Z test openai::tests::preserves_claude_native_model_id ... ok
Test (windows-latest)	Run tests	2026-05-09T15:59:03.0776271Z test openai::tests::anthropic_tool_use_to_openai_tool_calls ... ok
Test (windows-latest)	Run tests	2026-05-09T15:59:03.0777329Z test openai::tests::list_models_includes_known_ids ... ok
Test (windows-latest)	Run tests	2026-05-09T15:59:03.0778507Z test openai::tests::responses_api_translation ... ok
Test (windows-latest)	Run tests	2026-05-09T15:59:03.0780583Z test oauth::tests::test_read_credential_file ... ok
Test (windows-latest)	Run tests	2026-05-09T15:59:03.0782443Z test openai::tests::translates_basic_chat_completion ... ok
Test (windows-latest)	Run tests	2026-05-09T15:59:03.0783390Z test openai::tests::translates_multipart_user_content ... ok
Test (windows-latest)	Run tests	2026-05-09T15:59:03.0786716Z test openai::tests::translates_tool_call_blocks ... ok
Test (windows-latest)	Run tests	2026-05-09T15:59:03.0791894Z test storage::tests::lino_codec_handles_special_chars ... ok
Test (windows-latest)	Run tests	2026-05-09T15:59:03.0795609Z test storage::tests::memory_store_roundtrip ... ok
Test (windows-latest)	Run tests	2026-05-09T15:59:03.0799046Z test storage::tests::revoke_marks_record ... ok
Test (windows-latest)	Run tests	2026-05-09T15:59:03.1319067Z test storage::tests::binary_store_roundtrip ... ok
Test (windows-latest)	Run tests	2026-05-09T15:59:03.1327796Z test token::tests::test_expired_token ... ok
Test (windows-latest)	Run tests	2026-05-09T15:59:03.1330475Z test token::tests::test_issue_token_has_prefix ... ok
Test (windows-latest)	Run tests	2026-05-09T15:59:03.1334070Z test token::tests::test_list_tokens_returns_records ... ok
Test (windows-latest)	Run tests	2026-05-09T15:59:03.1613066Z test storage::tests::dual_store_writes_both ... ok
Test (windows-latest)	Run tests	2026-05-09T15:59:03.1614046Z test storage::tests::text_store_roundtrip ... ok
Test (windows-latest)	Run tests	2026-05-09T15:59:03.1617153Z test token::tests::test_validate_invalid_jwt ... ok
Test (windows-latest)	Run tests	2026-05-09T15:59:03.1620900Z test token::tests::test_revoke_token ... ok
Test (windows-latest)	Run tests	2026-05-09T15:59:03.1624498Z test token::tests::test_validate_wrong_prefix ... ok
Test (windows-latest)	Run tests	2026-05-09T15:59:03.1625638Z test token::tests::test_validate_valid_token ... ok
Test (windows-latest)	Run tests	2026-05-09T15:59:03.1637509Z test token::tests::test_persistent_store_roundtrip ... ok
Test (windows-latest)	Run tests	2026-05-09T15:59:03.1792635Z test storage::tests::build_token_store_dispatches_correctly ... ok
Test (windows-latest)	Run tests	2026-05-09T15:59:03.1793084Z
Test (windows-latest)	Run tests	2026-05-09T15:59:03.1793337Z test result: ok. 57 passed; 0 failed; 0 ignored; 0 measured; 0 filtered out; finished in 0.11s
Test (windows-latest)	Run tests	2026-05-09T15:59:03.1793691Z
Test (windows-latest)	Run tests	2026-05-09T15:59:03.1812470Z ^[[1m^[[92m     Running^[[0m `D:\a\router\router\target\debug\deps\link_assistant_router-85e84bfb33f56c5c.exe`
Test (windows-latest)	Run tests	2026-05-09T15:59:03.1912250Z
Test (windows-latest)	Run tests	2026-05-09T15:59:03.1912575Z running 0 tests
Test (windows-latest)	Run tests	2026-05-09T15:59:03.1912828Z
Test (windows-latest)	Run tests	2026-05-09T15:59:03.1913224Z test result: ok. 0 passed; 0 failed; 0 ignored; 0 measured; 0 filtered out; finished in 0.00s
Test (windows-latest)	Run tests	2026-05-09T15:59:03.1913652Z
Test (windows-latest)	Run tests	2026-05-09T15:59:03.1929340Z ^[[1m^[[92m     Running^[[0m `D:\a\router\router\target\debug\deps\integration_test-1564ab743416df7a.exe`
Test (windows-latest)	Run tests	2026-05-09T15:59:03.2085453Z
Test (windows-latest)	Run tests	2026-05-09T15:59:03.2085662Z running 49 tests
Test (windows-latest)	Run tests	2026-05-09T15:59:03.2101984Z test activitypub_tests::collections_are_addressable_ordered_collections ... ok
Test (windows-latest)	Run tests	2026-05-09T15:59:03.2102933Z test activitypub_tests::actor_document_exposes_required_activitypub_fields ... ok
Test (windows-latest)	Run tests	2026-05-09T15:59:03.2105411Z test activitypub_tests::follow_activity_can_be_posted_to_problemsets_inbox ... ok
Test (windows-latest)	Run tests	2026-05-09T15:59:03.2106396Z test activitypub_tests::actor_context_includes_forgefed_and_fep_ef61_aliases ... ok
Test (windows-latest)	Run tests	2026-05-09T15:59:03.2109566Z test activitypub_tests::inbox_validation_rejects_objects_without_actor_or_attributed_to ... ok
Test (windows-latest)	Run tests	2026-05-09T15:59:03.2110585Z test api_format_tests::test_api_format_anthropic_parsing ... ok
Test (windows-latest)	Run tests	2026-05-09T15:59:03.2113200Z test api_format_tests::test_api_format_bedrock_parsing ... ok
Test (windows-latest)	Run tests	2026-05-09T15:59:03.2113893Z test api_format_tests::test_api_format_unknown ... ok
Test (windows-latest)	Run tests	2026-05-09T15:59:03.2115233Z test api_format_tests::test_api_format_vertex_parsing ... ok
Test (windows-latest)	Run tests	2026-05-09T15:59:03.2155806Z test cli_parser_tests::cli_parses_disable_flags ... ok
Test (windows-latest)	Run tests	2026-05-09T15:59:03.2163713Z test cli_parser_tests::cli_default_subcommand_is_none ... ok
Test (windows-latest)	Run tests	2026-05-09T15:59:03.2166292Z test cli_parser_tests::cli_parses_serve_subcommand ... ok
Test (windows-latest)	Run tests	2026-05-09T15:59:03.2166989Z test cli_parser_tests::cli_parses_doctor_subcommand ... ok
Test (windows-latest)	Run tests	2026-05-09T15:59:03.2169641Z test config_verbose_tests::test_verbose_disabled ... ok
Test (windows-latest)	Run tests	2026-05-09T15:59:03.2170795Z test config_verbose_tests::test_verbose_enabled ... ok
Test (windows-latest)	Run tests	2026-05-09T15:59:03.2174641Z test metrics_rendering_tests::prometheus_output_contains_all_required_counters ... ok
Test (windows-latest)	Run tests	2026-05-09T15:59:03.2175914Z test metrics_rendering_tests::usage_snapshot_serialises_cleanly ... ok
Test (windows-latest)	Run tests	2026-05-09T15:59:03.2176816Z test mpp_tests::mpp_payment_authorization_is_not_treated_as_bearer_token ... ok
Test (windows-latest)	Run tests	2026-05-09T15:59:03.2181247Z test oauth_integration_tests::test_manual_token_set_and_get ... ok
Test (windows-latest)	Run tests	2026-05-09T15:59:03.2182018Z test mpp_tests::openai_mpp_challenge_is_machine_readable_402 ... ok
Test (windows-latest)	Run tests	2026-05-09T15:59:03.2186539Z test oauth_integration_tests::test_missing_credentials_error ... ok
Test (windows-latest)	Run tests	2026-05-09T15:59:03.2187635Z test openai_translation_tests::anthropic_response_to_openai_chat_completion ... ok
Test (windows-latest)	Run tests	2026-05-09T15:59:03.2194229Z test openai_translation_tests::chat_completion_translates_system_and_user ... ok
Test (windows-latest)	Run tests	2026-05-09T15:59:03.2195549Z test openai_translation_tests::maps_openai_aliases_to_claude_models ... ok
Test (windows-latest)	Run tests	2026-05-09T15:59:03.2200057Z test oauth_integration_tests::test_credential_file_parsing ... ok
Test (windows-latest)	Run tests	2026-05-09T15:59:03.2201771Z test path_routing_tests::test_anthropic_count_tokens_path ... ok
Test (windows-latest)	Run tests	2026-05-09T15:59:03.2202869Z test openai_translation_tests::models_endpoint_includes_known_claude_ids ... ok
Test (windows-latest)	Run tests	2026-05-09T15:59:03.2203689Z test path_routing_tests::test_anthropic_messages_path ... ok
Test (windows-latest)	Run tests	2026-05-09T15:59:03.2204320Z test path_routing_tests::test_bedrock_invoke_path ... ok
Test (windows-latest)	Run tests	2026-05-09T15:59:03.2206975Z test path_routing_tests::test_bedrock_invoke_stream_path ... ok
Test (windows-latest)	Run tests	2026-05-09T15:59:03.2208502Z test path_routing_tests::test_legacy_prefix_root ... ok
Test (windows-latest)	Run tests	2026-05-09T15:59:03.2209160Z test path_routing_tests::test_legacy_prefix_stripped ... ok
Test (windows-latest)	Run tests	2026-05-09T15:59:03.2211692Z test path_routing_tests::test_legacy_prefix_with_nested_path ... ok
Test (windows-latest)	Run tests	2026-05-09T15:59:03.2212737Z test path_routing_tests::test_vertex_count_tokens_raw_predict_path ... ok
Test (windows-latest)	Run tests	2026-05-09T15:59:03.2214261Z test path_routing_tests::test_vertex_raw_predict_path ... ok
Test (windows-latest)	Run tests	2026-05-09T15:59:03.2216717Z test cli_parser_tests::cli_parses_tokens_issue_with_label ... ok
Test (windows-latest)	Run tests	2026-05-09T15:59:03.2217491Z test path_routing_tests::test_vertex_stream_raw_predict_path ... ok
Test (windows-latest)	Run tests	2026-05-09T15:59:03.2218315Z test required_headers_tests::test_required_headers_include_anthropic_beta ... ok
Test (windows-latest)	Run tests	2026-05-09T15:59:03.2219944Z test required_headers_tests::test_required_headers_include_anthropic_version ... ok
Test (windows-latest)	Run tests	2026-05-09T15:59:03.2222245Z test required_headers_tests::test_required_headers_include_session_id ... ok
Test (windows-latest)	Run tests	2026-05-09T15:59:03.2225616Z test support_docs_tests::akash_template_exposes_router_and_required_configuration ... ok
Test (windows-latest)	Run tests	2026-05-09T15:59:03.2226842Z test support_docs_tests::forgefed_docs_describe_public_actor_and_inbox ... ok
Test (windows-latest)	Run tests	2026-05-09T15:59:03.2228664Z test support_docs_tests::kubernetes_template_includes_deployment_service_and_health_probes ... ok
Test (windows-latest)	Run tests	2026-05-09T15:59:03.2239698Z test token_integration_tests::test_different_secrets_reject ... ok
Test (windows-latest)	Run tests	2026-05-09T15:59:03.2241375Z test token_integration_tests::test_token_roundtrip ... ok
Test (windows-latest)	Run tests	2026-05-09T15:59:03.2242693Z test token_integration_tests::test_multiple_tokens_independent ... ok
Test (windows-latest)	Run tests	2026-05-09T15:59:03.2243456Z test token_integration_tests::test_revoke_then_reject ... ok
Test (windows-latest)	Run tests	2026-05-09T15:59:03.2243952Z test version_tests::test_version_is_not_empty ... ok
Test (windows-latest)	Run tests	2026-05-09T15:59:03.2244413Z test version_tests::test_version_matches_cargo_toml ... ok
Test (windows-latest)	Run tests	2026-05-09T15:59:03.2244765Z
Test (windows-latest)	Run tests	2026-05-09T15:59:03.2245069Z test result: ok. 49 passed; 0 failed; 0 ignored; 0 measured; 0 filtered out; finished in 0.02s
Test (windows-latest)	Run tests	2026-05-09T15:59:03.2245401Z
Test (windows-latest)	Run tests	2026-05-09T15:59:03.2263730Z ^[[1m^[[92m     Running^[[0m `D:\a\router\router\target\debug\deps\release_workflow_test-bedb7d8c15596e7d.exe`
Test (windows-latest)	Run tests	2026-05-09T15:59:03.2358552Z
Test (windows-latest)	Run tests	2026-05-09T15:59:03.2358724Z running 7 tests
Test (windows-latest)	Run tests	2026-05-09T15:59:03.2364710Z test readme_exposes_release_status_badges ... ok
Test (windows-latest)	Run tests	2026-05-09T15:59:03.2365552Z test dockerfile_builder_uses_supported_rust_toolchain ... ok
Test (windows-latest)	Run tests	2026-05-09T15:59:03.2368878Z test release_scripts_check_all_release_artifacts ... ok
Test (windows-latest)	Run tests	2026-05-09T15:59:03.2370709Z test release_workflow_maps_crates_io_token_fallback_to_cargo_native_env ... ok
Test (windows-latest)	Run tests	2026-05-09T15:59:03.2372543Z test release_workflow_adds_crates_io_link_to_github_releases ... ok
Test (windows-latest)	Run tests	2026-05-09T15:59:03.2378175Z test release_workflow_publishes_synced_docker_hub_image_after_crate ... ok
Test (windows-latest)	Run tests	2026-05-09T15:59:03.2378908Z test cargo_lock_package_version_matches_manifest ... FAILED
Test (windows-latest)	Run tests	2026-05-09T15:59:03.2380061Z
Test (windows-latest)	Run tests	2026-05-09T15:59:03.2380160Z failures:
Test (windows-latest)	Run tests	2026-05-09T15:59:03.2380274Z
Test (windows-latest)	Run tests	2026-05-09T15:59:03.2380425Z ---- cargo_lock_package_version_matches_manifest stdout ----
Test (windows-latest)	Run tests	2026-05-09T15:59:03.2380664Z
Test (windows-latest)	Run tests	2026-05-09T15:59:03.2380973Z thread 'cargo_lock_package_version_matches_manifest' (1028) panicked at tests\release_workflow_test.rs:28:5:
Test (windows-latest)	Run tests	2026-05-09T15:59:03.2381821Z assertion `left == right` failed: Cargo.lock package version should stay synced with Cargo.toml so cargo package does not dirty the checkout
Test (windows-latest)	Run tests	2026-05-09T15:59:03.2382493Z   left: "1.1.4"
Test (windows-latest)	Run tests	2026-05-09T15:59:03.2382788Z  right: "0.13.0"
Test (windows-latest)	Run tests	2026-05-09T15:59:03.2383143Z note: run with `RUST_BACKTRACE=1` environment variable to display a backtrace
Test (windows-latest)	Run tests	2026-05-09T15:59:03.2383439Z
Test (windows-latest)	Run tests	2026-05-09T15:59:03.2383443Z
Test (windows-latest)	Run tests	2026-05-09T15:59:03.2383502Z failures:
Test (windows-latest)	Run tests	2026-05-09T15:59:03.2383696Z     cargo_lock_package_version_matches_manifest
Test (windows-latest)	Run tests	2026-05-09T15:59:03.2383890Z
Test (windows-latest)	Run tests	2026-05-09T15:59:03.2384128Z test result: FAILED. 6 passed; 1 failed; 0 ignored; 0 measured; 0 filtered out; finished in 0.00s
Test (windows-latest)	Run tests	2026-05-09T15:59:03.2384461Z
Test (windows-latest)	Run tests	2026-05-09T15:59:03.2392895Z ^[[1m^[[91merror^[[0m: test failed, to rerun pass `--test release_workflow_test`
Test (windows-latest)	Run tests	2026-05-09T15:59:03.7407000Z ##[error]Process completed with exit code 1.
Test (windows-latest)	Post Run actions/checkout@v4	﻿2026-05-09T15:59:03.7609566Z Post job cleanup.
Test (windows-latest)	Post Run actions/checkout@v4	2026-05-09T15:59:04.0025187Z [command]"C:\Program Files\Git\bin\git.exe" version
Test (windows-latest)	Post Run actions/checkout@v4	2026-05-09T15:59:04.0312755Z git version 2.54.0.windows.1
Test (windows-latest)	Post Run actions/checkout@v4	2026-05-09T15:59:04.0404080Z Temporarily overriding HOME='D:\a\_temp\c5dd9b7c-0246-45f4-9d9c-09a0620284a9' before making global git config changes
Test (windows-latest)	Post Run actions/checkout@v4	2026-05-09T15:59:04.0405664Z Adding repository directory to the temporary git global config as a safe directory
Test (windows-latest)	Post Run actions/checkout@v4	2026-05-09T15:59:04.0419851Z [command]"C:\Program Files\Git\bin\git.exe" config --global --add safe.directory D:\a\router\router
Test (windows-latest)	Post Run actions/checkout@v4	2026-05-09T15:59:04.0767079Z [command]"C:\Program Files\Git\bin\git.exe" config --local --name-only --get-regexp core\.sshCommand
Test (windows-latest)	Post Run actions/checkout@v4	2026-05-09T15:59:04.1055243Z [command]"C:\Program Files\Git\bin\git.exe" submodule foreach --recursive "sh -c \"git config --local --name-only --get-regexp 'core\.sshCommand' && git config --local --unset-all 'core.sshCommand' || :\""
Test (windows-latest)	Post Run actions/checkout@v4	2026-05-09T15:59:04.6476317Z [command]"C:\Program Files\Git\bin\git.exe" config --local --name-only --get-regexp http\.https\:\/\/github\.com\/\.extraheader
Test (windows-latest)	Post Run actions/checkout@v4	2026-05-09T15:59:04.6736249Z http.https://github.com/.extraheader
Test (windows-latest)	Post Run actions/checkout@v4	2026-05-09T15:59:04.6786603Z [command]"C:\Program Files\Git\bin\git.exe" config --local --unset-all http.https://github.com/.extraheader
Test (windows-latest)	Post Run actions/checkout@v4	2026-05-09T15:59:04.7107875Z [command]"C:\Program Files\Git\bin\git.exe" submodule foreach --recursive "sh -c \"git config --local --name-only --get-regexp 'http\.https\:\/\/github\.com\/\.extraheader' && git config --local --unset-all 'http.https://github.com/.extraheader' || :\""
Test (windows-latest)	Post Run actions/checkout@v4	2026-05-09T15:59:05.2361857Z [command]"C:\Program Files\Git\bin\git.exe" config --local --name-only --get-regexp ^includeIf\.gitdir:
Test (windows-latest)	Post Run actions/checkout@v4	2026-05-09T15:59:05.2655054Z [command]"C:\Program Files\Git\bin\git.exe" submodule foreach --recursive "git config --local --show-origin --name-only --get-regexp remote.origin.url"
Test (windows-latest)	Complete job	﻿2026-05-09T15:59:05.8074576Z Cleaning up orphan processes
Test (windows-latest)	Complete job	2026-05-09T15:59:05.8393467Z Terminate orphan process: pid (5316) (vctip)
Test (windows-latest)	Complete job	2026-05-09T15:59:05.8414851Z ##[warning]Node.js 20 actions are deprecated. The following actions are running on Node.js 20 and may not work as expected: actions/cache@v4, actions/checkout@v4. Actions will be forced to run with Node.js 24 by default starting June 2nd, 2026. Node.js 20 will be removed from the runner on September 16th, 2026. Please check if updated versions of these actions are available that support Node.js 24. To opt into Node.js 24 now, set the FORCE_JAVASCRIPT_ACTIONS_TO_NODE24=true environment variable on the runner or in your workflow file. Once Node.js 24 becomes the default, you can temporarily opt out by setting ACTIONS_ALLOW_USE_UNSECURE_NODE_VERSION=true. For more information see: https://github.blog/changelog/2025-09-19-deprecation-of-node-20-on-github-actions-runners/
Test (macos-latest)	Set up job	﻿2026-05-09T15:57:19.1415970Z Current runner version: '2.334.0'
Test (macos-latest)	Set up job	2026-05-09T15:57:19.1434800Z ##[group]Runner Image Provisioner
Test (macos-latest)	Set up job	2026-05-09T15:57:19.1435380Z Hosted Compute Agent
Test (macos-latest)	Set up job	2026-05-09T15:57:19.1435760Z Version: 20260422.526
Test (macos-latest)	Set up job	2026-05-09T15:57:19.1436220Z Commit: e1a9e573f4d0838b3a7c1b07401aeb29ed3635a9
Test (macos-latest)	Set up job	2026-05-09T15:57:19.1436680Z Build Date: 2026-04-22T09:31:31Z
Test (macos-latest)	Set up job	2026-05-09T15:57:19.1437170Z Worker ID: {b29da890-283f-4ccc-8004-070b448d72c4}
Test (macos-latest)	Set up job	2026-05-09T15:57:19.1437610Z Azure Region: westus
Test (macos-latest)	Set up job	2026-05-09T15:57:19.1437960Z ##[endgroup]
Test (macos-latest)	Set up job	2026-05-09T15:57:19.1438920Z ##[group]Operating System
Test (macos-latest)	Set up job	2026-05-09T15:57:19.1439340Z macOS
Test (macos-latest)	Set up job	2026-05-09T15:57:19.1439650Z 15.7.4
Test (macos-latest)	Set up job	2026-05-09T15:57:19.1439930Z 24G517
Test (macos-latest)	Set up job	2026-05-09T15:57:19.1440310Z ##[endgroup]
Test (macos-latest)	Set up job	2026-05-09T15:57:19.1440690Z ##[group]Runner Image
Test (macos-latest)	Set up job	2026-05-09T15:57:19.1441100Z Image: macos-15-arm64
Test (macos-latest)	Set up job	2026-05-09T15:57:19.1441520Z Version: 20260427.0018.1
Test (macos-latest)	Set up job	2026-05-09T15:57:19.1442260Z Included Software: https://github.com/actions/runner-images/blob/macos-15-arm64/20260427.0018/images/macos/macos-15-arm64-Readme.md
Test (macos-latest)	Set up job	2026-05-09T15:57:19.1443430Z Image Release: https://github.com/actions/runner-images/releases/tag/macos-15-arm64%2F20260427.0018
Test (macos-latest)	Set up job	2026-05-09T15:57:19.1444060Z ##[endgroup]
Test (macos-latest)	Set up job	2026-05-09T15:57:19.1446220Z ##[group]GITHUB_TOKEN Permissions
Test (macos-latest)	Set up job	2026-05-09T15:57:19.1447600Z Actions: write
Test (macos-latest)	Set up job	2026-05-09T15:57:19.1447960Z ArtifactMetadata: write
Test (macos-latest)	Set up job	2026-05-09T15:57:19.1448400Z Attestations: write
Test (macos-latest)	Set up job	2026-05-09T15:57:19.1448720Z Checks: write
Test (macos-latest)	Set up job	2026-05-09T15:57:19.1449090Z Contents: write
Test (macos-latest)	Set up job	2026-05-09T15:57:19.1449540Z Deployments: write
Test (macos-latest)	Set up job	2026-05-09T15:57:19.1449890Z Discussions: write
Test (macos-latest)	Set up job	2026-05-09T15:57:19.1450210Z Issues: write
Test (macos-latest)	Set up job	2026-05-09T15:57:19.1450570Z Metadata: read
Test (macos-latest)	Set up job	2026-05-09T15:57:19.1450960Z Models: read
Test (macos-latest)	Set up job	2026-05-09T15:57:19.1451270Z Packages: write
Test (macos-latest)	Set up job	2026-05-09T15:57:19.1451580Z Pages: write
Test (macos-latest)	Set up job	2026-05-09T15:57:19.1451960Z PullRequests: write
Test (macos-latest)	Set up job	2026-05-09T15:57:19.1452370Z RepositoryProjects: write
Test (macos-latest)	Set up job	2026-05-09T15:57:19.1452760Z SecurityEvents: write
Test (macos-latest)	Set up job	2026-05-09T15:57:19.1453140Z Statuses: write
Test (macos-latest)	Set up job	2026-05-09T15:57:19.1453490Z VulnerabilityAlerts: read
Test (macos-latest)	Set up job	2026-05-09T15:57:19.1453860Z ##[endgroup]
Test (macos-latest)	Set up job	2026-05-09T15:57:19.1455400Z Secret source: Actions
Test (macos-latest)	Set up job	2026-05-09T15:57:19.1455890Z Prepare workflow directory
Test (macos-latest)	Set up job	2026-05-09T15:57:19.1997000Z Prepare all required actions
Test (macos-latest)	Set up job	2026-05-09T15:57:19.2060930Z Getting action download info
Test (macos-latest)	Set up job	2026-05-09T15:57:19.7246970Z Download action repository 'actions/checkout@v4' (SHA:34e114876b0b11c390a56381ad16ebd13914f8d5)
Test (macos-latest)	Set up job	2026-05-09T15:57:20.0488210Z Download action repository 'dtolnay/rust-toolchain@stable' (SHA:29eef336d9b2848a0b548edc03f92a220660cdb8)
Test (macos-latest)	Set up job	2026-05-09T15:57:20.3543650Z Download action repository 'actions/cache@v4' (SHA:0057852bfaa89a56745cba8c7296529d2fc39830)
Test (macos-latest)	Set up job	2026-05-09T15:57:20.6220260Z Complete job name: Test (macos-latest)
Test (macos-latest)	Run actions/checkout@v4	﻿2026-05-09T15:57:20.6913690Z ##[group]Run actions/checkout@v4
Test (macos-latest)	Run actions/checkout@v4	2026-05-09T15:57:20.6914460Z with:
Test (macos-latest)	Run actions/checkout@v4	2026-05-09T15:57:20.6914810Z   repository: link-assistant/router
Test (macos-latest)	Run actions/checkout@v4	2026-05-09T15:57:20.6915490Z   token: ***
Test (macos-latest)	Run actions/checkout@v4	2026-05-09T15:57:20.6915800Z   ssh-strict: true
Test (macos-latest)	Run actions/checkout@v4	2026-05-09T15:57:20.6916110Z   ssh-user: git
Test (macos-latest)	Run actions/checkout@v4	2026-05-09T15:57:20.6916450Z   persist-credentials: true
Test (macos-latest)	Run actions/checkout@v4	2026-05-09T15:57:20.6916810Z   clean: true
Test (macos-latest)	Run actions/checkout@v4	2026-05-09T15:57:20.6917130Z   sparse-checkout-cone-mode: true
Test (macos-latest)	Run actions/checkout@v4	2026-05-09T15:57:20.6917510Z   fetch-depth: 1
Test (macos-latest)	Run actions/checkout@v4	2026-05-09T15:57:20.6917810Z   fetch-tags: false
Test (macos-latest)	Run actions/checkout@v4	2026-05-09T15:57:20.6918150Z   show-progress: true
Test (macos-latest)	Run actions/checkout@v4	2026-05-09T15:57:20.6918460Z   lfs: false
Test (macos-latest)	Run actions/checkout@v4	2026-05-09T15:57:20.6918750Z   submodules: false
Test (macos-latest)	Run actions/checkout@v4	2026-05-09T15:57:20.6919070Z   set-safe-directory: true
Test (macos-latest)	Run actions/checkout@v4	2026-05-09T15:57:20.6919590Z env:
Test (macos-latest)	Run actions/checkout@v4	2026-05-09T15:57:20.6919910Z   CARGO_TERM_COLOR: always
Test (macos-latest)	Run actions/checkout@v4	2026-05-09T15:57:20.6920270Z   RUSTFLAGS: -Dwarnings
Test (macos-latest)	Run actions/checkout@v4	2026-05-09T15:57:20.6920720Z   CARGO_REGISTRY_TOKEN: ***
Test (macos-latest)	Run actions/checkout@v4	2026-05-09T15:57:20.6921120Z   DOCKERHUB_IMAGE: konard/link-assistant-router
Test (macos-latest)	Run actions/checkout@v4	2026-05-09T15:57:20.6922060Z ##[endgroup]
Test (macos-latest)	Run actions/checkout@v4	2026-05-09T15:57:21.0537960Z Syncing repository: link-assistant/router
Test (macos-latest)	Run actions/checkout@v4	2026-05-09T15:57:21.0542870Z ##[group]Getting Git version info
Test (macos-latest)	Run actions/checkout@v4	2026-05-09T15:57:21.0543750Z Working directory is '/Users/runner/work/router/router'
Test (macos-latest)	Run actions/checkout@v4	2026-05-09T15:57:21.0546290Z [command]/opt/homebrew/bin/git version
Test (macos-latest)	Run actions/checkout@v4	2026-05-09T15:57:21.1130880Z git version 2.54.0
Test (macos-latest)	Run actions/checkout@v4	2026-05-09T15:57:21.1168240Z ##[endgroup]
Test (macos-latest)	Run actions/checkout@v4	2026-05-09T15:57:21.1180300Z Copying '/Users/runner/.gitconfig' to '/Users/runner/work/_temp/358cf5b1-9745-43cc-8117-bd722fdbe2f8/.gitconfig'
Test (macos-latest)	Run actions/checkout@v4	2026-05-09T15:57:21.1192040Z Temporarily overriding HOME='/Users/runner/work/_temp/358cf5b1-9745-43cc-8117-bd722fdbe2f8' before making global git config changes
Test (macos-latest)	Run actions/checkout@v4	2026-05-09T15:57:21.1194220Z Adding repository directory to the temporary git global config as a safe directory
Test (macos-latest)	Run actions/checkout@v4	2026-05-09T15:57:21.1195920Z [command]/opt/homebrew/bin/git config --global --add safe.directory /Users/runner/work/router/router
Test (macos-latest)	Run actions/checkout@v4	2026-05-09T15:57:21.1307010Z Deleting the contents of '/Users/runner/work/router/router'
Test (macos-latest)	Run actions/checkout@v4	2026-05-09T15:57:21.1314890Z ##[group]Initializing the repository
Test (macos-latest)	Run actions/checkout@v4	2026-05-09T15:57:21.1319630Z [command]/opt/homebrew/bin/git init /Users/runner/work/router/router
Test (macos-latest)	Run actions/checkout@v4	2026-05-09T15:57:21.1565400Z hint: Using 'master' as the name for the initial branch. This default branch name
Test (macos-latest)	Run actions/checkout@v4	2026-05-09T15:57:21.1567630Z hint: will change to "main" in Git 3.0. To configure the initial branch name
Test (macos-latest)	Run actions/checkout@v4	2026-05-09T15:57:21.1569900Z hint: to use in all of your new repositories, which will suppress this warning,
Test (macos-latest)	Run actions/checkout@v4	2026-05-09T15:57:21.1571240Z hint: call:
Test (macos-latest)	Run actions/checkout@v4	2026-05-09T15:57:21.1572860Z hint:
Test (macos-latest)	Run actions/checkout@v4	2026-05-09T15:57:21.1574780Z hint: 	git config --global init.defaultBranch <name>
Test (macos-latest)	Run actions/checkout@v4	2026-05-09T15:57:21.1577030Z hint:
Test (macos-latest)	Run actions/checkout@v4	2026-05-09T15:57:21.1578200Z hint: Names commonly chosen instead of 'master' are 'main', 'trunk' and
Test (macos-latest)	Run actions/checkout@v4	2026-05-09T15:57:21.1579890Z hint: 'development'. The just-created branch can be renamed via this command:
Test (macos-latest)	Run actions/checkout@v4	2026-05-09T15:57:21.1582190Z hint:
Test (macos-latest)	Run actions/checkout@v4	2026-05-09T15:57:21.1582860Z hint: 	git branch -m <name>
Test (macos-latest)	Run actions/checkout@v4	2026-05-09T15:57:21.1585090Z hint:
Test (macos-latest)	Run actions/checkout@v4	2026-05-09T15:57:21.1586910Z hint: Disable this message with "git config set advice.defaultBranchName false"
Test (macos-latest)	Run actions/checkout@v4	2026-05-09T15:57:21.1588850Z Initialized empty Git repository in /Users/runner/work/router/router/.git/
Test (macos-latest)	Run actions/checkout@v4	2026-05-09T15:57:21.1592230Z [command]/opt/homebrew/bin/git remote add origin https://github.com/link-assistant/router
Test (macos-latest)	Run actions/checkout@v4	2026-05-09T15:57:21.1686280Z ##[endgroup]
Test (macos-latest)	Run actions/checkout@v4	2026-05-09T15:57:21.1688460Z ##[group]Disabling automatic garbage collection
Test (macos-latest)	Run actions/checkout@v4	2026-05-09T15:57:21.1690600Z [command]/opt/homebrew/bin/git config --local gc.auto 0
Test (macos-latest)	Run actions/checkout@v4	2026-05-09T15:57:21.1774640Z ##[endgroup]
Test (macos-latest)	Run actions/checkout@v4	2026-05-09T15:57:21.1775720Z ##[group]Setting up auth
Test (macos-latest)	Run actions/checkout@v4	2026-05-09T15:57:21.1780300Z [command]/opt/homebrew/bin/git config --local --name-only --get-regexp core\.sshCommand
Test (macos-latest)	Run actions/checkout@v4	2026-05-09T15:57:21.1855180Z [command]/opt/homebrew/bin/git submodule foreach --recursive sh -c "git config --local --name-only --get-regexp 'core\.sshCommand' && git config --local --unset-all 'core.sshCommand' || :"
Test (macos-latest)	Run actions/checkout@v4	2026-05-09T15:57:21.3087550Z [command]/opt/homebrew/bin/git config --local --name-only --get-regexp http\.https\:\/\/github\.com\/\.extraheader
Test (macos-latest)	Run actions/checkout@v4	2026-05-09T15:57:21.3159380Z [command]/opt/homebrew/bin/git submodule foreach --recursive sh -c "git config --local --name-only --get-regexp 'http\.https\:\/\/github\.com\/\.extraheader' && git config --local --unset-all 'http.https://github.com/.extraheader' || :"
Test (macos-latest)	Run actions/checkout@v4	2026-05-09T15:57:21.4265470Z [command]/opt/homebrew/bin/git config --local --name-only --get-regexp ^includeIf\.gitdir:
Test (macos-latest)	Run actions/checkout@v4	2026-05-09T15:57:21.4343560Z [command]/opt/homebrew/bin/git submodule foreach --recursive git config --local --show-origin --name-only --get-regexp remote.origin.url
Test (macos-latest)	Run actions/checkout@v4	2026-05-09T15:57:21.5444110Z [command]/opt/homebrew/bin/git config --local http.https://github.com/.extraheader AUTHORIZATION: basic ***
Test (macos-latest)	Run actions/checkout@v4	2026-05-09T15:57:21.5537280Z ##[endgroup]
Test (macos-latest)	Run actions/checkout@v4	2026-05-09T15:57:21.5540050Z ##[group]Fetching the repository
Test (macos-latest)	Run actions/checkout@v4	2026-05-09T15:57:21.5542940Z [command]/opt/homebrew/bin/git -c protocol.version=2 fetch --no-tags --prune --no-recurse-submodules --depth=1 origin +e9692c509449e98bfd3bc6c9ad427480ee4f6de9:refs/remotes/pull/26/merge
Test (macos-latest)	Run actions/checkout@v4	2026-05-09T15:57:22.1824060Z From https://github.com/link-assistant/router
Test (macos-latest)	Run actions/checkout@v4	2026-05-09T15:57:22.1836640Z  * [new ref]         e9692c509449e98bfd3bc6c9ad427480ee4f6de9 -> pull/26/merge
Test (macos-latest)	Run actions/checkout@v4	2026-05-09T15:57:22.1949470Z ##[endgroup]
Test (macos-latest)	Run actions/checkout@v4	2026-05-09T15:57:22.1950580Z ##[group]Determining the checkout info
Test (macos-latest)	Run actions/checkout@v4	2026-05-09T15:57:22.1951900Z ##[endgroup]
Test (macos-latest)	Run actions/checkout@v4	2026-05-09T15:57:22.1958920Z [command]/opt/homebrew/bin/git sparse-checkout disable
Test (macos-latest)	Run actions/checkout@v4	2026-05-09T15:57:22.2071270Z [command]/opt/homebrew/bin/git config --local --unset-all extensions.worktreeConfig
Test (macos-latest)	Run actions/checkout@v4	2026-05-09T15:57:22.2158400Z ##[group]Checking out the ref
Test (macos-latest)	Run actions/checkout@v4	2026-05-09T15:57:22.2161500Z [command]/opt/homebrew/bin/git checkout --progress --force refs/remotes/pull/26/merge
Test (macos-latest)	Run actions/checkout@v4	2026-05-09T15:57:22.2613350Z HEAD is now at e9692c5 Merge 79b6dd6bc499c0effbb7d27f0eb02d74f41a4a07 into 32be51c7464978cfb12e66692bfe04b8849db236
Test (macos-latest)	Run actions/checkout@v4	2026-05-09T15:57:22.2620300Z ##[endgroup]
Test (macos-latest)	Run actions/checkout@v4	2026-05-09T15:57:22.2723970Z [command]/opt/homebrew/bin/git log -1 --format=%H
Test (macos-latest)	Run actions/checkout@v4	2026-05-09T15:57:22.2804210Z e9692c509449e98bfd3bc6c9ad427480ee4f6de9
Test (macos-latest)	Setup Rust	﻿2026-05-09T15:57:22.3382670Z ##[group]Run dtolnay/rust-toolchain@stable
Test (macos-latest)	Setup Rust	2026-05-09T15:57:22.3383510Z with:
Test (macos-latest)	Setup Rust	2026-05-09T15:57:22.3384410Z   toolchain: stable
Test (macos-latest)	Setup Rust	2026-05-09T15:57:22.3385000Z env:
Test (macos-latest)	Setup Rust	2026-05-09T15:57:22.3385530Z   CARGO_TERM_COLOR: always
Test (macos-latest)	Setup Rust	2026-05-09T15:57:22.3386160Z   RUSTFLAGS: -Dwarnings
Test (macos-latest)	Setup Rust	2026-05-09T15:57:22.3387220Z   CARGO_REGISTRY_TOKEN: ***
Test (macos-latest)	Setup Rust	2026-05-09T15:57:22.3387930Z   DOCKERHUB_IMAGE: konard/link-assistant-router
Test (macos-latest)	Setup Rust	2026-05-09T15:57:22.3389030Z ##[endgroup]
Test (macos-latest)	Setup Rust	2026-05-09T15:57:22.3557970Z ##[group]Run : parse toolchain version
Test (macos-latest)	Setup Rust	2026-05-09T15:57:22.3558820Z ^[[36;1m: parse toolchain version^[[0m
Test (macos-latest)	Setup Rust	2026-05-09T15:57:22.3559470Z ^[[36;1mif [[ -z $toolchain ]]; then^[[0m
Test (macos-latest)	Setup Rust	2026-05-09T15:57:22.3560620Z ^[[36;1m  # GitHub does not enforce `required: true` inputs itself. https://github.com/actions/runner/issues/1070^[[0m
Test (macos-latest)	Setup Rust	2026-05-09T15:57:22.3561880Z ^[[36;1m  echo "'toolchain' is a required input" >&2^[[0m
Test (macos-latest)	Setup Rust	2026-05-09T15:57:22.3562720Z ^[[36;1m  exit 1^[[0m
Test (macos-latest)	Setup Rust	2026-05-09T15:57:22.3563510Z ^[[36;1melif [[ $toolchain =~ ^stable' '[0-9]+' '(year|month|week|day)s?' 'ago$ ]]; then^[[0m
Test (macos-latest)	Setup Rust	2026-05-09T15:57:22.3564530Z ^[[36;1m  if [[ macOS == macOS ]]; then^[[0m
Test (macos-latest)	Setup Rust	2026-05-09T15:57:22.3565730Z ^[[36;1m    echo "toolchain=1.$((($(date -v-$(sed 's/stable \([0-9]*\) \(.\).*/\1\2/' <<< $toolchain) +%s)/60/60/24-16569)/7/6))" >> $GITHUB_OUTPUT^[[0m
Test (macos-latest)	Setup Rust	2026-05-09T15:57:22.3566950Z ^[[36;1m  else^[[0m
Test (macos-latest)	Setup Rust	2026-05-09T15:57:22.3567870Z ^[[36;1m    echo "toolchain=1.$((($(date --date "${toolchain#stable }" +%s)/60/60/24-16569)/7/6))" >> $GITHUB_OUTPUT^[[0m
Test (macos-latest)	Setup Rust	2026-05-09T15:57:22.3568950Z ^[[36;1m  fi^[[0m
Test (macos-latest)	Setup Rust	2026-05-09T15:57:22.3569640Z ^[[36;1melif [[ $toolchain =~ ^stable' 'minus' '[0-9]+' 'releases?$ ]]; then^[[0m
Test (macos-latest)	Setup Rust	2026-05-09T15:57:22.3570870Z ^[[36;1m  echo "toolchain=1.$((($(date +%s)/60/60/24-16569)/7/6-${toolchain//[^0-9]/}))" >> $GITHUB_OUTPUT^[[0m
Test (macos-latest)	Setup Rust	2026-05-09T15:57:22.3571980Z ^[[36;1melif [[ $toolchain =~ ^1\.[0-9]+$ ]]; then^[[0m
Test (macos-latest)	Setup Rust	2026-05-09T15:57:22.3573210Z ^[[36;1m  echo "toolchain=1.$((i=${toolchain#1.}, c=($(date +%s)/60/60/24-16569)/7/6, i+9*i*(10*i<=c)+90*i*(100*i<=c)))" >> $GITHUB_OUTPUT^[[0m
Test (macos-latest)	Setup Rust	2026-05-09T15:57:22.3574430Z ^[[36;1melse^[[0m
Test (macos-latest)	Setup Rust	2026-05-09T15:57:22.3575030Z ^[[36;1m  echo "toolchain=$toolchain" >> $GITHUB_OUTPUT^[[0m
Test (macos-latest)	Setup Rust	2026-05-09T15:57:22.3575760Z ^[[36;1mfi^[[0m
Test (macos-latest)	Setup Rust	2026-05-09T15:57:22.3617270Z shell: /bin/bash --noprofile --norc -e -o pipefail {0}
Test (macos-latest)	Setup Rust	2026-05-09T15:57:22.3618130Z env:
Test (macos-latest)	Setup Rust	2026-05-09T15:57:22.3618630Z   CARGO_TERM_COLOR: always
Test (macos-latest)	Setup Rust	2026-05-09T15:57:22.3619410Z   RUSTFLAGS: -Dwarnings
Test (macos-latest)	Setup Rust	2026-05-09T15:57:22.3620300Z   CARGO_REGISTRY_TOKEN: ***
Test (macos-latest)	Setup Rust	2026-05-09T15:57:22.3620980Z   DOCKERHUB_IMAGE: konard/link-assistant-router
Test (macos-latest)	Setup Rust	2026-05-09T15:57:22.3621790Z   toolchain: stable
Test (macos-latest)	Setup Rust	2026-05-09T15:57:22.3622340Z ##[endgroup]
Test (macos-latest)	Setup Rust	2026-05-09T15:57:22.4140200Z ##[group]Run : construct rustup command line
Test (macos-latest)	Setup Rust	2026-05-09T15:57:22.4141470Z ^[[36;1m: construct rustup command line^[[0m
Test (macos-latest)	Setup Rust	2026-05-09T15:57:22.4142500Z ^[[36;1mecho "targets=$(for t in ${targets//,/ }; do echo -n ' --target' $t; done)" >> $GITHUB_OUTPUT^[[0m
Test (macos-latest)	Setup Rust	2026-05-09T15:57:22.4143970Z ^[[36;1mecho "components=$(for c in ${components//,/ }; do echo -n ' --component' $c; done)" >> $GITHUB_OUTPUT^[[0m
Test (macos-latest)	Setup Rust	2026-05-09T15:57:22.4145180Z ^[[36;1mecho "downgrade=" >> $GITHUB_OUTPUT^[[0m
Test (macos-latest)	Setup Rust	2026-05-09T15:57:22.4178340Z shell: /bin/bash --noprofile --norc -e -o pipefail {0}
Test (macos-latest)	Setup Rust	2026-05-09T15:57:22.4179450Z env:
Test (macos-latest)	Setup Rust	2026-05-09T15:57:22.4179950Z   CARGO_TERM_COLOR: always
Test (macos-latest)	Setup Rust	2026-05-09T15:57:22.4180880Z   RUSTFLAGS: -Dwarnings
Test (macos-latest)	Setup Rust	2026-05-09T15:57:22.4181810Z   CARGO_REGISTRY_TOKEN: ***
Test (macos-latest)	Setup Rust	2026-05-09T15:57:22.4182470Z   DOCKERHUB_IMAGE: konard/link-assistant-router
Test (macos-latest)	Setup Rust	2026-05-09T15:57:22.4183180Z   targets:
Test (macos-latest)	Setup Rust	2026-05-09T15:57:22.4183690Z   components:
Test (macos-latest)	Setup Rust	2026-05-09T15:57:22.4184190Z ##[endgroup]
Test (macos-latest)	Setup Rust	2026-05-09T15:57:22.4707060Z ##[group]Run : set $CARGO_HOME
Test (macos-latest)	Setup Rust	2026-05-09T15:57:22.4707800Z ^[[36;1m: set $CARGO_HOME^[[0m
Test (macos-latest)	Setup Rust	2026-05-09T15:57:22.4708560Z ^[[36;1mecho CARGO_HOME=${CARGO_HOME:-"$HOME/.cargo"} >> $GITHUB_ENV^[[0m
Test (macos-latest)	Setup Rust	2026-05-09T15:57:22.4756680Z shell: /bin/bash --noprofile --norc -e -o pipefail {0}
Test (macos-latest)	Setup Rust	2026-05-09T15:57:22.4758560Z env:
Test (macos-latest)	Setup Rust	2026-05-09T15:57:22.4759140Z   CARGO_TERM_COLOR: always
Test (macos-latest)	Setup Rust	2026-05-09T15:57:22.4759740Z   RUSTFLAGS: -Dwarnings
Test (macos-latest)	Setup Rust	2026-05-09T15:57:22.4761290Z   CARGO_REGISTRY_TOKEN: ***
Test (macos-latest)	Setup Rust	2026-05-09T15:57:22.4761950Z   DOCKERHUB_IMAGE: konard/link-assistant-router
Test (macos-latest)	Setup Rust	2026-05-09T15:57:22.4762700Z ##[endgroup]
Test (macos-latest)	Setup Rust	2026-05-09T15:57:22.5203700Z ##[group]Run : install rustup if needed
Test (macos-latest)	Setup Rust	2026-05-09T15:57:22.5204600Z ^[[36;1m: install rustup if needed^[[0m
Test (macos-latest)	Setup Rust	2026-05-09T15:57:22.5206660Z ^[[36;1mif ! command -v rustup &>/dev/null; then^[[0m
Test (macos-latest)	Setup Rust	2026-05-09T15:57:22.5208400Z ^[[36;1m  curl --proto '=https' --tlsv1.2 --retry 10 --retry-connrefused --location --silent --show-error --fail https://sh.rustup.rs | sh -s -- --default-toolchain none -y^[[0m
Test (macos-latest)	Setup Rust	2026-05-09T15:57:22.5210070Z ^[[36;1m  echo "$CARGO_HOME/bin" >> $GITHUB_PATH^[[0m
Test (macos-latest)	Setup Rust	2026-05-09T15:57:22.5210770Z ^[[36;1mfi^[[0m
Test (macos-latest)	Setup Rust	2026-05-09T15:57:22.5247190Z shell: /bin/bash --noprofile --norc -e -o pipefail {0}
Test (macos-latest)	Setup Rust	2026-05-09T15:57:22.5248010Z env:
Test (macos-latest)	Setup Rust	2026-05-09T15:57:22.5248510Z   CARGO_TERM_COLOR: always
Test (macos-latest)	Setup Rust	2026-05-09T15:57:22.5249120Z   RUSTFLAGS: -Dwarnings
Test (macos-latest)	Setup Rust	2026-05-09T15:57:22.5250350Z   CARGO_REGISTRY_TOKEN: ***
Test (macos-latest)	Setup Rust	2026-05-09T15:57:22.5251080Z   DOCKERHUB_IMAGE: konard/link-assistant-router
Test (macos-latest)	Setup Rust	2026-05-09T15:57:22.5251820Z   CARGO_HOME: /Users/runner/.cargo
Test (macos-latest)	Setup Rust	2026-05-09T15:57:22.5252490Z ##[endgroup]
Test (macos-latest)	Setup Rust	2026-05-09T15:57:22.5645060Z ##[group]Run rustup toolchain install stable --profile minimal --no-self-update
Test (macos-latest)	Setup Rust	2026-05-09T15:57:22.5646450Z ^[[36;1mrustup toolchain install stable --profile minimal --no-self-update^[[0m
Test (macos-latest)	Setup Rust	2026-05-09T15:57:22.5684200Z shell: /bin/bash --noprofile --norc -e -o pipefail {0}
Test (macos-latest)	Setup Rust	2026-05-09T15:57:22.5685010Z env:
Test (macos-latest)	Setup Rust	2026-05-09T15:57:22.5685490Z   CARGO_TERM_COLOR: always
Test (macos-latest)	Setup Rust	2026-05-09T15:57:22.5686060Z   RUSTFLAGS: -Dwarnings
Test (macos-latest)	Setup Rust	2026-05-09T15:57:22.5686990Z   CARGO_REGISTRY_TOKEN: ***
Test (macos-latest)	Setup Rust	2026-05-09T15:57:22.5687650Z   DOCKERHUB_IMAGE: konard/link-assistant-router
Test (macos-latest)	Setup Rust	2026-05-09T15:57:22.5688400Z   CARGO_HOME: /Users/runner/.cargo
Test (macos-latest)	Setup Rust	2026-05-09T15:57:22.5690400Z   RUSTUP_PERMIT_COPY_RENAME: 1
Test (macos-latest)	Setup Rust	2026-05-09T15:57:22.5692310Z ##[endgroup]
Test (macos-latest)	Setup Rust	2026-05-09T15:57:22.9596860Z info: syncing channel updates for stable-aarch64-apple-darwin
Test (macos-latest)	Setup Rust	2026-05-09T15:57:23.0584710Z
Test (macos-latest)	Setup Rust	2026-05-09T15:57:23.0755430Z info: self-update is disabled for this build of rustup
Test (macos-latest)	Setup Rust	2026-05-09T15:57:23.0756880Z   stable-aarch64-apple-darwin unchanged - rustc 1.95.0 (59807616e 2026-04-14)
Test (macos-latest)	Setup Rust	2026-05-09T15:57:23.0761690Z info: any updates to rustup will need to be fetched with your system package manager
Test (macos-latest)	Setup Rust	2026-05-09T15:57:23.0762560Z
Test (macos-latest)	Setup Rust	2026-05-09T15:57:23.0854520Z ##[group]Run rustup default stable
Test (macos-latest)	Setup Rust	2026-05-09T15:57:23.0855390Z ^[[36;1mrustup default stable^[[0m
Test (macos-latest)	Setup Rust	2026-05-09T15:57:23.0892910Z shell: /bin/bash --noprofile --norc -e -o pipefail {0}
Test (macos-latest)	Setup Rust	2026-05-09T15:57:23.0893730Z env:
Test (macos-latest)	Setup Rust	2026-05-09T15:57:23.0894200Z   CARGO_TERM_COLOR: always
Test (macos-latest)	Setup Rust	2026-05-09T15:57:23.0894760Z   RUSTFLAGS: -Dwarnings
Test (macos-latest)	Setup Rust	2026-05-09T15:57:23.0895760Z   CARGO_REGISTRY_TOKEN: ***
Test (macos-latest)	Setup Rust	2026-05-09T15:57:23.0896400Z   DOCKERHUB_IMAGE: konard/link-assistant-router
Test (macos-latest)	Setup Rust	2026-05-09T15:57:23.0897110Z   CARGO_HOME: /Users/runner/.cargo
Test (macos-latest)	Setup Rust	2026-05-09T15:57:23.0897810Z ##[endgroup]
Test (macos-latest)	Setup Rust	2026-05-09T15:57:23.1452390Z info: using existing install for stable-aarch64-apple-darwin
Test (macos-latest)	Setup Rust	2026-05-09T15:57:23.1488680Z info: default toolchain set to stable-aarch64-apple-darwin
Test (macos-latest)	Setup Rust	2026-05-09T15:57:23.1490350Z
Test (macos-latest)	Setup Rust	2026-05-09T15:57:23.1625820Z   stable-aarch64-apple-darwin unchanged - rustc 1.95.0 (59807616e 2026-04-14)
Test (macos-latest)	Setup Rust	2026-05-09T15:57:23.1628390Z
Test (macos-latest)	Setup Rust	2026-05-09T15:57:23.1695740Z ##[group]Run : create cachekey
Test (macos-latest)	Setup Rust	2026-05-09T15:57:23.1696470Z ^[[36;1m: create cachekey^[[0m
Test (macos-latest)	Setup Rust	2026-05-09T15:57:23.1697580Z ^[[36;1mDATE=$(rustc +stable --version --verbose | sed -ne 's/^commit-date: \(20[0-9][0-9]\)-\([01][0-9]\)-\([0-3][0-9]\)$/\1\2\3/p')^[[0m
Test (macos-latest)	Setup Rust	2026-05-09T15:57:23.1699030Z ^[[36;1mHASH=$(rustc +stable --version --verbose | sed -ne 's/^commit-hash: //p')^[[0m
Test (macos-latest)	Setup Rust	2026-05-09T15:57:23.1700130Z ^[[36;1mecho "cachekey=$(echo $DATE$HASH | head -c12)" >> $GITHUB_OUTPUT^[[0m
Test (macos-latest)	Setup Rust	2026-05-09T15:57:23.1738780Z shell: /bin/bash --noprofile --norc -e -o pipefail {0}
Test (macos-latest)	Setup Rust	2026-05-09T15:57:23.1739630Z env:
Test (macos-latest)	Setup Rust	2026-05-09T15:57:23.1740110Z   CARGO_TERM_COLOR: always
Test (macos-latest)	Setup Rust	2026-05-09T15:57:23.1740670Z   RUSTFLAGS: -Dwarnings
Test (macos-latest)	Setup Rust	2026-05-09T15:57:23.1741690Z   CARGO_REGISTRY_TOKEN: ***
Test (macos-latest)	Setup Rust	2026-05-09T15:57:23.1742710Z   DOCKERHUB_IMAGE: konard/link-assistant-router
Test (macos-latest)	Setup Rust	2026-05-09T15:57:23.1743410Z   CARGO_HOME: /Users/runner/.cargo
Test (macos-latest)	Setup Rust	2026-05-09T15:57:23.1744010Z ##[endgroup]
Test (macos-latest)	Setup Rust	2026-05-09T15:57:23.3118130Z ##[group]Run : disable incremental compilation
Test (macos-latest)	Setup Rust	2026-05-09T15:57:23.3119050Z ^[[36;1m: disable incremental compilation^[[0m
Test (macos-latest)	Setup Rust	2026-05-09T15:57:23.3119780Z ^[[36;1mif [ -z "${CARGO_INCREMENTAL+set}" ]; then^[[0m
Test (macos-latest)	Setup Rust	2026-05-09T15:57:23.3120530Z ^[[36;1m  echo CARGO_INCREMENTAL=0 >> $GITHUB_ENV^[[0m
Test (macos-latest)	Setup Rust	2026-05-09T15:57:23.3121190Z ^[[36;1mfi^[[0m
Test (macos-latest)	Setup Rust	2026-05-09T15:57:23.3156590Z shell: /bin/bash --noprofile --norc -e -o pipefail {0}
Test (macos-latest)	Setup Rust	2026-05-09T15:57:23.3157440Z env:
Test (macos-latest)	Setup Rust	2026-05-09T15:57:23.3157930Z   CARGO_TERM_COLOR: always
Test (macos-latest)	Setup Rust	2026-05-09T15:57:23.3158510Z   RUSTFLAGS: -Dwarnings
Test (macos-latest)	Setup Rust	2026-05-09T15:57:23.3159470Z   CARGO_REGISTRY_TOKEN: ***
Test (macos-latest)	Setup Rust	2026-05-09T15:57:23.3160110Z   DOCKERHUB_IMAGE: konard/link-assistant-router
Test (macos-latest)	Setup Rust	2026-05-09T15:57:23.3160820Z   CARGO_HOME: /Users/runner/.cargo
Test (macos-latest)	Setup Rust	2026-05-09T15:57:23.3161450Z ##[endgroup]
Test (macos-latest)	Setup Rust	2026-05-09T15:57:23.3615840Z ##[group]Run : enable colors in Cargo output
Test (macos-latest)	Setup Rust	2026-05-09T15:57:23.3616850Z ^[[36;1m: enable colors in Cargo output^[[0m
Test (macos-latest)	Setup Rust	2026-05-09T15:57:23.3617680Z ^[[36;1mif [ -z "${CARGO_TERM_COLOR+set}" ]; then^[[0m
Test (macos-latest)	Setup Rust	2026-05-09T15:57:23.3618540Z ^[[36;1m  echo CARGO_TERM_COLOR=always >> $GITHUB_ENV^[[0m
Test (macos-latest)	Setup Rust	2026-05-09T15:57:23.3619370Z ^[[36;1mfi^[[0m
Test (macos-latest)	Setup Rust	2026-05-09T15:57:23.3659850Z shell: /bin/bash --noprofile --norc -e -o pipefail {0}
Test (macos-latest)	Setup Rust	2026-05-09T15:57:23.3660680Z env:
Test (macos-latest)	Setup Rust	2026-05-09T15:57:23.3661160Z   CARGO_TERM_COLOR: always
Test (macos-latest)	Setup Rust	2026-05-09T15:57:23.3661720Z   RUSTFLAGS: -Dwarnings
Test (macos-latest)	Setup Rust	2026-05-09T15:57:23.3662650Z   CARGO_REGISTRY_TOKEN: ***
Test (macos-latest)	Setup Rust	2026-05-09T15:57:23.3663340Z   DOCKERHUB_IMAGE: konard/link-assistant-router
Test (macos-latest)	Setup Rust	2026-05-09T15:57:23.3664080Z   CARGO_HOME: /Users/runner/.cargo
Test (macos-latest)	Setup Rust	2026-05-09T15:57:23.3664700Z   CARGO_INCREMENTAL: 0
Test (macos-latest)	Setup Rust	2026-05-09T15:57:23.3665210Z ##[endgroup]
Test (macos-latest)	Setup Rust	2026-05-09T15:57:23.4112850Z ##[group]Run : enable Cargo sparse registry
Test (macos-latest)	Setup Rust	2026-05-09T15:57:23.4113680Z ^[[36;1m: enable Cargo sparse registry^[[0m
Test (macos-latest)	Setup Rust	2026-05-09T15:57:23.4114520Z ^[[36;1m# implemented in 1.66, stabilized in 1.68, made default in 1.70^[[0m
Test (macos-latest)	Setup Rust	2026-05-09T15:57:23.4116030Z ^[[36;1mif [ -z "${CARGO_REGISTRIES_CRATES_IO_PROTOCOL+set}" -o -f "/Users/runner/work/_temp"/.implicit_cargo_registries_crates_io_protocol ]; then^[[0m
Test (macos-latest)	Setup Rust	2026-05-09T15:57:23.4117630Z ^[[36;1m  if rustc +stable --version --verbose | grep -q '^release: 1\.6[89]\.'; then^[[0m
Test (macos-latest)	Setup Rust	2026-05-09T15:57:23.4118900Z ^[[36;1m    touch "/Users/runner/work/_temp"/.implicit_cargo_registries_crates_io_protocol || true^[[0m
Test (macos-latest)	Setup Rust	2026-05-09T15:57:23.4120110Z ^[[36;1m    echo CARGO_REGISTRIES_CRATES_IO_PROTOCOL=sparse >> $GITHUB_ENV^[[0m
Test (macos-latest)	Setup Rust	2026-05-09T15:57:23.4121210Z ^[[36;1m  elif rustc +stable --version --verbose | grep -q '^release: 1\.6[67]\.'; then^[[0m
Test (macos-latest)	Setup Rust	2026-05-09T15:57:23.4123370Z ^[[36;1m    touch "/Users/runner/work/_temp"/.implicit_cargo_registries_crates_io_protocol || true^[[0m
Test (macos-latest)	Setup Rust	2026-05-09T15:57:23.4124650Z ^[[36;1m    echo CARGO_REGISTRIES_CRATES_IO_PROTOCOL=git >> $GITHUB_ENV^[[0m
Test (macos-latest)	Setup Rust	2026-05-09T15:57:23.4125510Z ^[[36;1m  fi^[[0m
Test (macos-latest)	Setup Rust	2026-05-09T15:57:23.4126620Z ^[[36;1mfi^[[0m
Test (macos-latest)	Setup Rust	2026-05-09T15:57:23.4162950Z shell: /bin/bash --noprofile --norc -e -o pipefail {0}
Test (macos-latest)	Setup Rust	2026-05-09T15:57:23.4164020Z env:
Test (macos-latest)	Setup Rust	2026-05-09T15:57:23.4164510Z   CARGO_TERM_COLOR: always
Test (macos-latest)	Setup Rust	2026-05-09T15:57:23.4165070Z   RUSTFLAGS: -Dwarnings
Test (macos-latest)	Setup Rust	2026-05-09T15:57:23.4165960Z   CARGO_REGISTRY_TOKEN: ***
Test (macos-latest)	Setup Rust	2026-05-09T15:57:23.4166600Z   DOCKERHUB_IMAGE: konard/link-assistant-router
Test (macos-latest)	Setup Rust	2026-05-09T15:57:23.4167280Z   CARGO_HOME: /Users/runner/.cargo
Test (macos-latest)	Setup Rust	2026-05-09T15:57:23.4167870Z   CARGO_INCREMENTAL: 0
Test (macos-latest)	Setup Rust	2026-05-09T15:57:23.4168400Z ##[endgroup]
Test (macos-latest)	Setup Rust	2026-05-09T15:57:23.5163260Z ##[group]Run : work around spurious network errors in curl 8.0
Test (macos-latest)	Setup Rust	2026-05-09T15:57:23.5163800Z ^[[36;1m: work around spurious network errors in curl 8.0^[[0m
Test (macos-latest)	Setup Rust	2026-05-09T15:57:23.5164440Z ^[[36;1m# https://rust-lang.zulipchat.com/#narrow/stream/246057-t-cargo/topic/timeout.20investigation^[[0m
Test (macos-latest)	Setup Rust	2026-05-09T15:57:23.5165020Z ^[[36;1mif rustc +stable --version --verbose | grep -q '^release: 1\.7[01]\.'; then^[[0m
Test (macos-latest)	Setup Rust	2026-05-09T15:57:23.5165730Z ^[[36;1m  echo CARGO_HTTP_MULTIPLEXING=false >> $GITHUB_ENV^[[0m
Test (macos-latest)	Setup Rust	2026-05-09T15:57:23.5166040Z ^[[36;1mfi^[[0m
Test (macos-latest)	Setup Rust	2026-05-09T15:57:23.5209070Z shell: /bin/bash --noprofile --norc -e -o pipefail {0}
Test (macos-latest)	Setup Rust	2026-05-09T15:57:23.5209460Z env:
Test (macos-latest)	Setup Rust	2026-05-09T15:57:23.5209690Z   CARGO_TERM_COLOR: always
Test (macos-latest)	Setup Rust	2026-05-09T15:57:23.5209920Z   RUSTFLAGS: -Dwarnings
Test (macos-latest)	Setup Rust	2026-05-09T15:57:23.5210440Z   CARGO_REGISTRY_TOKEN: ***
Test (macos-latest)	Setup Rust	2026-05-09T15:57:23.5210710Z   DOCKERHUB_IMAGE: konard/link-assistant-router
Test (macos-latest)	Setup Rust	2026-05-09T15:57:23.5211010Z   CARGO_HOME: /Users/runner/.cargo
Test (macos-latest)	Setup Rust	2026-05-09T15:57:23.5211270Z   CARGO_INCREMENTAL: 0
Test (macos-latest)	Setup Rust	2026-05-09T15:57:23.5211490Z ##[endgroup]
Test (macos-latest)	Setup Rust	2026-05-09T15:57:23.5880910Z ##[group]Run rustc +stable --version --verbose
Test (macos-latest)	Setup Rust	2026-05-09T15:57:23.5881380Z ^[[36;1mrustc +stable --version --verbose^[[0m
Test (macos-latest)	Setup Rust	2026-05-09T15:57:23.5919770Z shell: /bin/bash --noprofile --norc -e -o pipefail {0}
Test (macos-latest)	Setup Rust	2026-05-09T15:57:23.5920120Z env:
Test (macos-latest)	Setup Rust	2026-05-09T15:57:23.5920360Z   CARGO_TERM_COLOR: always
Test (macos-latest)	Setup Rust	2026-05-09T15:57:23.5920590Z   RUSTFLAGS: -Dwarnings
Test (macos-latest)	Setup Rust	2026-05-09T15:57:23.5921110Z   CARGO_REGISTRY_TOKEN: ***
Test (macos-latest)	Setup Rust	2026-05-09T15:57:23.5921390Z   DOCKERHUB_IMAGE: konard/link-assistant-router
Test (macos-latest)	Setup Rust	2026-05-09T15:57:23.5921720Z   CARGO_HOME: /Users/runner/.cargo
Test (macos-latest)	Setup Rust	2026-05-09T15:57:23.5921970Z   CARGO_INCREMENTAL: 0
Test (macos-latest)	Setup Rust	2026-05-09T15:57:23.5922200Z ##[endgroup]
Test (macos-latest)	Setup Rust	2026-05-09T15:57:23.6527610Z rustc 1.95.0 (59807616e 2026-04-14)
Test (macos-latest)	Setup Rust	2026-05-09T15:57:23.6530260Z binary: rustc
Test (macos-latest)	Setup Rust	2026-05-09T15:57:23.6531900Z commit-hash: 59807616e1fa2540724bfbac14d7976d7e4a3860
Test (macos-latest)	Setup Rust	2026-05-09T15:57:23.6534820Z commit-date: 2026-04-14
Test (macos-latest)	Setup Rust	2026-05-09T15:57:23.6535950Z host: aarch64-apple-darwin
Test (macos-latest)	Setup Rust	2026-05-09T15:57:23.6538740Z release: 1.95.0
Test (macos-latest)	Setup Rust	2026-05-09T15:57:23.6540500Z LLVM version: 22.1.2
Test (macos-latest)	Cache cargo registry	﻿2026-05-09T15:57:23.7848190Z ##[group]Run actions/cache@v4
Test (macos-latest)	Cache cargo registry	2026-05-09T15:57:23.7848550Z with:
Test (macos-latest)	Cache cargo registry	2026-05-09T15:57:23.7848770Z   path: ~/.cargo/registry
Test (macos-latest)	Cache cargo registry	~/.cargo/git
Test (macos-latest)	Cache cargo registry	target
Test (macos-latest)	Cache cargo registry
Test (macos-latest)	Cache cargo registry	2026-05-09T15:57:23.7849230Z   key: macOS-cargo-c8469037771668bcb04056713cd1016fce250f1f3cf2be9d0d4de0a241d33a30
Test (macos-latest)	Cache cargo registry	2026-05-09T15:57:23.7849640Z   restore-keys: macOS-cargo-
Test (macos-latest)	Cache cargo registry
Test (macos-latest)	Cache cargo registry	2026-05-09T15:57:23.7849900Z   enableCrossOsArchive: false
Test (macos-latest)	Cache cargo registry	2026-05-09T15:57:23.7850160Z   fail-on-cache-miss: false
Test (macos-latest)	Cache cargo registry	2026-05-09T15:57:23.7850410Z   lookup-only: false
Test (macos-latest)	Cache cargo registry	2026-05-09T15:57:23.7850620Z   save-always: false
Test (macos-latest)	Cache cargo registry	2026-05-09T15:57:23.7850830Z env:
Test (macos-latest)	Cache cargo registry	2026-05-09T15:57:23.7851020Z   CARGO_TERM_COLOR: always
Test (macos-latest)	Cache cargo registry	2026-05-09T15:57:23.7851240Z   RUSTFLAGS: -Dwarnings
Test (macos-latest)	Cache cargo registry	2026-05-09T15:57:23.7851670Z   CARGO_REGISTRY_TOKEN: ***
Test (macos-latest)	Cache cargo registry	2026-05-09T15:57:23.7851950Z   DOCKERHUB_IMAGE: konard/link-assistant-router
Test (macos-latest)	Cache cargo registry	2026-05-09T15:57:23.7852240Z   CARGO_HOME: /Users/runner/.cargo
Test (macos-latest)	Cache cargo registry	2026-05-09T15:57:23.7852500Z   CARGO_INCREMENTAL: 0
Test (macos-latest)	Cache cargo registry	2026-05-09T15:57:23.7852700Z ##[endgroup]
Test (macos-latest)	Cache cargo registry	2026-05-09T15:57:24.2714900Z Cache hit for restore-key: macOS-cargo-ac0211d997d3e826656b655bf41293f81ab5b7c9a34b27fad7ce87479ad874c5
Test (macos-latest)	Cache cargo registry	2026-05-09T15:57:25.6005730Z Received 0 of 404084854 (0.0%), 0.0 MBs/sec
Test (macos-latest)	Cache cargo registry	2026-05-09T15:57:26.6109380Z Received 58720256 of 404084854 (14.5%), 27.6 MBs/sec
Test (macos-latest)	Cache cargo registry	2026-05-09T15:57:27.6962800Z Received 134217728 of 404084854 (33.2%), 41.2 MBs/sec
Test (macos-latest)	Cache cargo registry	2026-05-09T15:57:28.6865900Z Received 197132288 of 404084854 (48.8%), 45.8 MBs/sec
Test (macos-latest)	Cache cargo registry	2026-05-09T15:57:29.8007440Z Received 268435456 of 404084854 (66.4%), 49.1 MBs/sec
Test (macos-latest)	Cache cargo registry	2026-05-09T15:57:30.8014150Z Received 318767104 of 404084854 (78.9%), 48.9 MBs/sec
Test (macos-latest)	Cache cargo registry	2026-05-09T15:57:31.8041520Z Received 394264576 of 404084854 (97.6%), 52.1 MBs/sec
Test (macos-latest)	Cache cargo registry	2026-05-09T15:57:32.5247180Z Received 404084854 of 404084854 (100.0%), 48.5 MBs/sec
Test (macos-latest)	Cache cargo registry	2026-05-09T15:57:32.5293900Z Cache Size: ~385 MB (404084854 B)
Test (macos-latest)	Cache cargo registry	2026-05-09T15:57:32.5489070Z [command]/opt/homebrew/bin/gtar -xf /Users/runner/work/_temp/a79aa4a7-e81a-4e51-87e0-2ffc71019aa7/cache.tzst -P -C /Users/runner/work/router/router --delay-directory-restore --use-compress-program unzstd
Test (macos-latest)	Cache cargo registry	2026-05-09T15:57:41.4299800Z Cache restored successfully
Test (macos-latest)	Cache cargo registry	2026-05-09T15:57:41.4967430Z Cache restored from key: macOS-cargo-ac0211d997d3e826656b655bf41293f81ab5b7c9a34b27fad7ce87479ad874c5
Test (macos-latest)	Run tests	﻿2026-05-09T15:57:41.5601130Z ##[group]Run cargo test --all-features --verbose
Test (macos-latest)	Run tests	2026-05-09T15:57:41.5601630Z ^[[36;1mcargo test --all-features --verbose^[[0m
Test (macos-latest)	Run tests	2026-05-09T15:57:41.5653690Z shell: /bin/bash -e {0}
Test (macos-latest)	Run tests	2026-05-09T15:57:41.5654030Z env:
Test (macos-latest)	Run tests	2026-05-09T15:57:41.5654540Z   CARGO_TERM_COLOR: always
Test (macos-latest)	Run tests	2026-05-09T15:57:41.5654840Z   RUSTFLAGS: -Dwarnings
Test (macos-latest)	Run tests	2026-05-09T15:57:41.5656260Z   CARGO_REGISTRY_TOKEN: ***
Test (macos-latest)	Run tests	2026-05-09T15:57:41.5656550Z   DOCKERHUB_IMAGE: konard/link-assistant-router
Test (macos-latest)	Run tests	2026-05-09T15:57:41.5656860Z   CARGO_HOME: /Users/runner/.cargo
Test (macos-latest)	Run tests	2026-05-09T15:57:41.5657180Z   CARGO_INCREMENTAL: 0
Test (macos-latest)	Run tests	2026-05-09T15:57:41.5657420Z ##[endgroup]
Test (macos-latest)	Run tests	2026-05-09T15:57:42.8866860Z ^[[1m^[[92m       Fresh^[[0m unicode-ident v1.0.22
Test (macos-latest)	Run tests	2026-05-09T15:57:42.8873570Z ^[[1m^[[92m       Fresh^[[0m proc-macro2 v1.0.103
Test (macos-latest)	Run tests	2026-05-09T15:57:42.8874850Z ^[[1m^[[92m       Fresh^[[0m quote v1.0.42
Test (macos-latest)	Run tests	2026-05-09T15:57:42.8875730Z ^[[1m^[[92m       Fresh^[[0m pin-project-lite v0.2.16
Test (macos-latest)	Run tests	2026-05-09T15:57:42.8876540Z ^[[1m^[[92m       Fresh^[[0m syn v2.0.111
Test (macos-latest)	Run tests	2026-05-09T15:57:42.8877470Z ^[[1m^[[92m       Fresh^[[0m libc v0.2.183
Test (macos-latest)	Run tests	2026-05-09T15:57:42.8878590Z ^[[1m^[[92m       Fresh^[[0m itoa v1.0.17
Test (macos-latest)	Run tests	2026-05-09T15:57:42.8879320Z ^[[1m^[[92m       Fresh^[[0m errno v0.3.14
Test (macos-latest)	Run tests	2026-05-09T15:57:42.8880800Z ^[[1m^[[92m       Fresh^[[0m synstructure v0.13.2
Test (macos-latest)	Run tests	2026-05-09T15:57:42.8881800Z ^[[1m^[[92m       Fresh^[[0m futures-core v0.3.32
Test (macos-latest)	Run tests	2026-05-09T15:57:42.8883090Z ^[[1m^[[92m       Fresh^[[0m bytes v1.11.0
Test (macos-latest)	Run tests	2026-05-09T15:57:42.8883840Z ^[[1m^[[92m       Fresh^[[0m once_cell v1.21.4
Test (macos-latest)	Run tests	2026-05-09T15:57:42.8884660Z ^[[1m^[[92m       Fresh^[[0m zerofrom-derive v0.1.6
Test (macos-latest)	Run tests	2026-05-09T15:57:42.8885610Z ^[[1m^[[92m       Fresh^[[0m zerofrom v0.1.6
Test (macos-latest)	Run tests	2026-05-09T15:57:42.8886420Z ^[[1m^[[92m       Fresh^[[0m yoke-derive v0.8.1
Test (macos-latest)	Run tests	2026-05-09T15:57:42.8887250Z ^[[1m^[[92m       Fresh^[[0m core-foundation-sys v0.8.7
Test (macos-latest)	Run tests	2026-05-09T15:57:42.8888210Z ^[[1m^[[92m       Fresh^[[0m cfg-if v1.0.4
Test (macos-latest)	Run tests	2026-05-09T15:57:42.8889030Z ^[[1m^[[92m       Fresh^[[0m stable_deref_trait v1.2.1
Test (macos-latest)	Run tests	2026-05-09T15:57:42.8890070Z ^[[1m^[[92m       Fresh^[[0m tracing-core v0.1.36
Test (macos-latest)	Run tests	2026-05-09T15:57:42.8890980Z ^[[1m^[[92m       Fresh^[[0m yoke v0.8.1
Test (macos-latest)	Run tests	2026-05-09T15:57:42.8891870Z ^[[1m^[[92m       Fresh^[[0m signal-hook-registry v1.4.8
Test (macos-latest)	Run tests	2026-05-09T15:57:42.8892900Z ^[[1m^[[92m       Fresh^[[0m tokio-macros v2.6.0
Test (macos-latest)	Run tests	2026-05-09T15:57:42.8893810Z ^[[1m^[[92m       Fresh^[[0m socket2 v0.6.3
Test (macos-latest)	Run tests	2026-05-09T15:57:42.8894580Z ^[[1m^[[92m       Fresh^[[0m mio v1.1.1
Test (macos-latest)	Run tests	2026-05-09T15:57:42.8895290Z ^[[1m^[[92m       Fresh^[[0m tokio v1.48.0
Test (macos-latest)	Run tests	2026-05-09T15:57:42.8896180Z ^[[1m^[[92m       Fresh^[[0m zerovec-derive v0.11.2
Test (macos-latest)	Run tests	2026-05-09T15:57:42.8897020Z ^[[1m^[[92m       Fresh^[[0m log v0.4.29
Test (macos-latest)	Run tests	2026-05-09T15:57:42.8898320Z ^[[1m^[[92m       Fresh^[[0m zerovec v0.11.5
Test (macos-latest)	Run tests	2026-05-09T15:57:42.8899460Z ^[[1m^[[92m       Fresh^[[0m serde_core v1.0.228
Test (macos-latest)	Run tests	2026-05-09T15:57:42.8900310Z ^[[1m^[[92m       Fresh^[[0m displaydoc v0.2.5
Test (macos-latest)	Run tests	2026-05-09T15:57:42.8901400Z ^[[1m^[[92m       Fresh^[[0m tracing-attributes v0.1.31
Test (macos-latest)	Run tests	2026-05-09T15:57:42.8902240Z ^[[1m^[[92m       Fresh^[[0m bitflags v2.11.0
Test (macos-latest)	Run tests	2026-05-09T15:57:42.8903010Z ^[[1m^[[92m       Fresh^[[0m tracing v0.1.44
Test (macos-latest)	Run tests	2026-05-09T15:57:42.8903990Z ^[[1m^[[92m       Fresh^[[0m http v1.4.0
Test (macos-latest)	Run tests	2026-05-09T15:57:42.8905200Z ^[[1m^[[92m       Fresh^[[0m smallvec v1.15.1
Test (macos-latest)	Run tests	2026-05-09T15:57:42.8907170Z ^[[1m^[[92m       Fresh^[[0m serde_derive v1.0.228
Test (macos-latest)	Run tests	2026-05-09T15:57:42.8908570Z ^[[1m^[[92m       Fresh^[[0m slab v0.4.12
Test (macos-latest)	Run tests	2026-05-09T15:57:42.8922960Z ^[[1m^[[92m       Fresh^[[0m serde v1.0.228
Test (macos-latest)	Run tests	2026-05-09T15:57:42.8923310Z ^[[1m^[[92m       Fresh^[[0m http-body v1.0.1
Test (macos-latest)	Run tests	2026-05-09T15:57:42.8923750Z ^[[1m^[[92m       Fresh^[[0m tinystr v0.8.2
Test (macos-latest)	Run tests	2026-05-09T15:57:42.8924050Z ^[[1m^[[92m       Fresh^[[0m litemap v0.8.1
Test (macos-latest)	Run tests	2026-05-09T15:57:42.8924390Z ^[[1m^[[92m       Fresh^[[0m writeable v0.6.2
Test (macos-latest)	Run tests	2026-05-09T15:57:42.8924760Z ^[[1m^[[92m       Fresh^[[0m autocfg v1.5.0
Test (macos-latest)	Run tests	2026-05-09T15:57:42.8925090Z ^[[1m^[[92m       Fresh^[[0m icu_locale_core v2.1.1
Test (macos-latest)	Run tests	2026-05-09T15:57:42.8925420Z ^[[1m^[[92m       Fresh^[[0m zerotrie v0.2.3
Test (macos-latest)	Run tests	2026-05-09T15:57:42.8925820Z ^[[1m^[[92m       Fresh^[[0m potential_utf v0.1.4
Test (macos-latest)	Run tests	2026-05-09T15:57:42.8926170Z ^[[1m^[[92m       Fresh^[[0m futures-macro v0.3.32
Test (macos-latest)	Run tests	2026-05-09T15:57:42.8926600Z ^[[1m^[[92m       Fresh^[[0m futures-sink v0.3.32
Test (macos-latest)	Run tests	2026-05-09T15:57:42.8927530Z ^[[1m^[[92m       Fresh^[[0m futures-task v0.3.32
Test (macos-latest)	Run tests	2026-05-09T15:57:42.8928010Z ^[[1m^[[92m       Fresh^[[0m tower-service v0.3.3
Test (macos-latest)	Run tests	2026-05-09T15:57:42.8928510Z ^[[1m^[[92m       Fresh^[[0m version_check v0.9.5
Test (macos-latest)	Run tests	2026-05-09T15:57:42.8928840Z ^[[1m^[[92m       Fresh^[[0m hashbrown v0.16.1
Test (macos-latest)	Run tests	2026-05-09T15:57:42.8929240Z ^[[1m^[[92m       Fresh^[[0m percent-encoding v2.3.2
Test (macos-latest)	Run tests	2026-05-09T15:57:42.8930410Z ^[[1m^[[92m       Fresh^[[0m equivalent v1.0.2
Test (macos-latest)	Run tests	2026-05-09T15:57:42.8930920Z ^[[1m^[[92m       Fresh^[[0m indexmap v2.13.0
Test (macos-latest)	Run tests	2026-05-09T15:57:42.8934130Z ^[[1m^[[92m       Fresh^[[0m tokio-util v0.7.18
Test (macos-latest)	Run tests	2026-05-09T15:57:42.8935490Z ^[[1m^[[92m       Fresh^[[0m futures-util v0.3.32
Test (macos-latest)	Run tests	2026-05-09T15:57:42.8938040Z ^[[1m^[[92m       Fresh^[[0m icu_collections v2.1.1
Test (macos-latest)	Run tests	2026-05-09T15:57:42.8942610Z ^[[1m^[[92m       Fresh^[[0m icu_provider v2.1.1
Test (macos-latest)	Run tests	2026-05-09T15:57:42.8977250Z ^[[1m^[[92m       Fresh^[[0m getrandom v0.4.2
Test (macos-latest)	Run tests	2026-05-09T15:57:42.8980260Z ^[[1m^[[92m       Fresh^[[0m try-lock v0.2.5
Test (macos-latest)	Run tests	2026-05-09T15:57:42.8981620Z ^[[1m^[[92m       Fresh^[[0m fnv v1.0.7
Test (macos-latest)	Run tests	2026-05-09T15:57:42.8982730Z ^[[1m^[[92m       Fresh^[[0m base64 v0.22.1
Test (macos-latest)	Run tests	2026-05-09T15:57:42.8983720Z ^[[1m^[[92m       Fresh^[[0m atomic-waker v1.1.2
Test (macos-latest)	Run tests	2026-05-09T15:57:42.8984930Z ^[[1m^[[92m       Fresh^[[0m h2 v0.4.13
Test (macos-latest)	Run tests	2026-05-09T15:57:42.8986210Z ^[[1m^[[92m       Fresh^[[0m want v0.3.1
Test (macos-latest)	Run tests	2026-05-09T15:57:42.8987290Z ^[[1m^[[92m       Fresh^[[0m rustix v1.1.4
Test (macos-latest)	Run tests	2026-05-09T15:57:42.8988430Z ^[[1m^[[92m       Fresh^[[0m num-traits v0.2.19
Test (macos-latest)	Run tests	2026-05-09T15:57:42.8989380Z ^[[1m^[[92m       Fresh^[[0m httparse v1.10.1
Test (macos-latest)	Run tests	2026-05-09T15:57:42.8990510Z ^[[1m^[[92m       Fresh^[[0m icu_properties_data v2.1.2
Test (macos-latest)	Run tests	2026-05-09T15:57:42.8991650Z ^[[1m^[[92m       Fresh^[[0m system-configuration-sys v0.6.0
Test (macos-latest)	Run tests	2026-05-09T15:57:42.8992660Z ^[[1m^[[92m       Fresh^[[0m zmij v1.0.21
Test (macos-latest)	Run tests	2026-05-09T15:57:42.8993770Z ^[[1m^[[92m       Fresh^[[0m icu_normalizer_data v2.1.1
Test (macos-latest)	Run tests	2026-05-09T15:57:42.8994780Z ^[[1m^[[92m       Fresh^[[0m core-foundation v0.10.1
Test (macos-latest)	Run tests	2026-05-09T15:57:42.8996000Z ^[[1m^[[92m       Fresh^[[0m security-framework-sys v2.17.0
Test (macos-latest)	Run tests	2026-05-09T15:57:42.8996990Z ^[[1m^[[92m       Fresh^[[0m core-foundation v0.9.4
Test (macos-latest)	Run tests	2026-05-09T15:57:42.8999240Z ^[[1m^[[92m       Fresh^[[0m futures-channel v0.3.32
Test (macos-latest)	Run tests	2026-05-09T15:57:42.9000280Z ^[[1m^[[92m       Fresh^[[0m sync_wrapper v1.0.2
Test (macos-latest)	Run tests	2026-05-09T15:57:42.9001310Z ^[[1m^[[92m       Fresh^[[0m pin-utils v0.1.0
Test (macos-latest)	Run tests	2026-05-09T15:57:42.9002420Z ^[[1m^[[92m       Fresh^[[0m typenum v1.20.0
Test (macos-latest)	Run tests	2026-05-09T15:57:42.9003410Z ^[[1m^[[92m       Fresh^[[0m tower-layer v0.3.3
Test (macos-latest)	Run tests	2026-05-09T15:57:42.9004360Z ^[[1m^[[92m       Fresh^[[0m fastrand v2.3.0
Test (macos-latest)	Run tests	2026-05-09T15:57:42.9005450Z ^[[1m^[[92m       Fresh^[[0m memchr v2.8.0
Test (macos-latest)	Run tests	2026-05-09T15:57:42.9100520Z ^[[1m^[[92m       Fresh^[[0m shlex v1.3.0
Test (macos-latest)	Run tests	2026-05-09T15:57:42.9102120Z ^[[1m^[[92m       Fresh^[[0m find-msvc-tools v0.1.9
Test (macos-latest)	Run tests	2026-05-09T15:57:42.9103110Z ^[[1m^[[92m       Fresh^[[0m utf8parse v0.2.2
Test (macos-latest)	Run tests	2026-05-09T15:57:42.9104060Z ^[[1m^[[92m       Fresh^[[0m httpdate v1.0.3
Test (macos-latest)	Run tests	2026-05-09T15:57:42.9105180Z ^[[1m^[[92m       Fresh^[[0m anstyle-parse v0.2.7
Test (macos-latest)	Run tests	2026-05-09T15:57:42.9106130Z ^[[1m^[[92m       Fresh^[[0m hyper v1.8.1
Test (macos-latest)	Run tests	2026-05-09T15:57:42.9107230Z ^[[1m^[[92m       Fresh^[[0m cc v1.2.57
Test (macos-latest)	Run tests	2026-05-09T15:57:42.9108360Z ^[[1m^[[92m       Fresh^[[0m serde_json v1.0.149
Test (macos-latest)	Run tests	2026-05-09T15:57:42.9109330Z ^[[1m^[[92m       Fresh^[[0m generic-array v0.14.7
Test (macos-latest)	Run tests	2026-05-09T15:57:42.9110450Z ^[[1m^[[92m       Fresh^[[0m tempfile v3.27.0
Test (macos-latest)	Run tests	2026-05-09T15:57:42.9112540Z ^[[1m^[[92m       Fresh^[[0m security-framework v3.7.0
Test (macos-latest)	Run tests	2026-05-09T15:57:42.9113720Z ^[[1m^[[92m       Fresh^[[0m system-configuration v0.7.0
Test (macos-latest)	Run tests	2026-05-09T15:57:42.9114740Z ^[[1m^[[92m       Fresh^[[0m icu_normalizer v2.1.1
Test (macos-latest)	Run tests	2026-05-09T15:57:42.9115730Z ^[[1m^[[92m       Fresh^[[0m icu_properties v2.1.2
Test (macos-latest)	Run tests	2026-05-09T15:57:42.9116870Z ^[[1m^[[92m       Fresh^[[0m form_urlencoded v1.2.2
Test (macos-latest)	Run tests	2026-05-09T15:57:42.9117860Z ^[[1m^[[92m       Fresh^[[0m http-body-util v0.1.3
Test (macos-latest)	Run tests	2026-05-09T15:57:42.9118980Z ^[[1m^[[92m       Fresh^[[0m colorchoice v1.0.5
Test (macos-latest)	Run tests	2026-05-09T15:57:42.9119880Z ^[[1m^[[92m       Fresh^[[0m ipnet v2.12.0
Test (macos-latest)	Run tests	2026-05-09T15:57:42.9121040Z ^[[1m^[[92m       Fresh^[[0m is_terminal_polyfill v1.70.2
Test (macos-latest)	Run tests	2026-05-09T15:57:42.9122170Z ^[[1m^[[92m       Fresh^[[0m anstyle v1.0.14
Test (macos-latest)	Run tests	2026-05-09T15:57:42.9123740Z ^[[1m^[[92m       Fresh^[[0m time-core v0.1.8
Test (macos-latest)	Run tests	2026-05-09T15:57:42.9124710Z ^[[1m^[[92m       Fresh^[[0m anstyle-query v1.1.5
Test (macos-latest)	Run tests	2026-05-09T15:57:42.9125660Z ^[[1m^[[92m       Fresh^[[0m num-conv v0.2.0
Test (macos-latest)	Run tests	2026-05-09T15:57:42.9126720Z ^[[1m^[[92m       Fresh^[[0m powerfmt v0.2.0
Test (macos-latest)	Run tests	2026-05-09T15:57:42.9127630Z ^[[1m^[[92m       Fresh^[[0m anstream v0.6.21
Test (macos-latest)	Run tests	2026-05-09T15:57:42.9128600Z ^[[1m^[[92m       Fresh^[[0m time-macros v0.2.27
Test (macos-latest)	Run tests	2026-05-09T15:57:42.9130930Z ^[[1m^[[92m       Fresh^[[0m deranged v0.5.8
Test (macos-latest)	Run tests	2026-05-09T15:57:42.9145320Z ^[[1m^[[92m       Fresh^[[0m hyper-util v0.1.20
Test (macos-latest)	Run tests	2026-05-09T15:57:42.9146090Z ^[[1m^[[92m       Fresh^[[0m idna_adapter v1.2.1
Test (macos-latest)	Run tests	2026-05-09T15:57:42.9221810Z ^[[1m^[[92m       Fresh^[[0m native-tls v0.2.18
Test (macos-latest)	Run tests	2026-05-09T15:57:42.9223240Z ^[[1m^[[92m       Fresh^[[0m tower v0.5.3
Test (macos-latest)	Run tests	2026-05-09T15:57:42.9224380Z ^[[1m^[[92m       Fresh^[[0m num-integer v0.1.46
Test (macos-latest)	Run tests	2026-05-09T15:57:42.9225450Z ^[[1m^[[92m       Fresh^[[0m thiserror-impl v2.0.18
Test (macos-latest)	Run tests	2026-05-09T15:57:42.9226510Z ^[[1m^[[92m       Fresh^[[0m mime v0.3.17
Test (macos-latest)	Run tests	2026-05-09T15:57:42.9227390Z ^[[1m^[[92m       Fresh^[[0m heck v0.5.0
Test (macos-latest)	Run tests	2026-05-09T15:57:42.9228180Z ^[[1m^[[92m       Fresh^[[0m clap_lex v1.1.0
Test (macos-latest)	Run tests	2026-05-09T15:57:42.9229070Z ^[[1m^[[92m       Fresh^[[0m strsim v0.11.1
Test (macos-latest)	Run tests	2026-05-09T15:57:42.9230010Z ^[[1m^[[92m       Fresh^[[0m ryu v1.0.23
Test (macos-latest)	Run tests	2026-05-09T15:57:42.9231080Z ^[[1m^[[92m       Fresh^[[0m utf8_iter v1.0.4
Test (macos-latest)	Run tests	2026-05-09T15:57:42.9232480Z ^[[1m^[[92m       Fresh^[[0m dtor-proc-macro v0.0.5
Test (macos-latest)	Run tests	2026-05-09T15:57:42.9252170Z ^[[1m^[[92m       Fresh^[[0m regex-syntax v0.8.10
Test (macos-latest)	Run tests	2026-05-09T15:57:42.9252540Z ^[[1m^[[92m       Fresh^[[0m dtor v0.0.6
Test (macos-latest)	Run tests	2026-05-09T15:57:42.9252800Z ^[[1m^[[92m       Fresh^[[0m regex-automata v0.4.14
Test (macos-latest)	Run tests	2026-05-09T15:57:42.9253230Z ^[[1m^[[92m       Fresh^[[0m idna v1.1.0
Test (macos-latest)	Run tests	2026-05-09T15:57:42.9253520Z ^[[1m^[[92m       Fresh^[[0m clap_builder v4.5.60
Test (macos-latest)	Run tests	2026-05-09T15:57:42.9253950Z ^[[1m^[[92m       Fresh^[[0m serde_urlencoded v0.7.1
Test (macos-latest)	Run tests	2026-05-09T15:57:42.9254270Z ^[[1m^[[92m       Fresh^[[0m clap_derive v4.5.55
Test (macos-latest)	Run tests	2026-05-09T15:57:42.9254610Z ^[[1m^[[92m       Fresh^[[0m num-bigint v0.4.6
Test (macos-latest)	Run tests	2026-05-09T15:57:42.9254960Z ^[[1m^[[92m       Fresh^[[0m thiserror v2.0.18
Test (macos-latest)	Run tests	2026-05-09T15:57:42.9255240Z ^[[1m^[[92m       Fresh^[[0m tokio-native-tls v0.3.1
Test (macos-latest)	Run tests	2026-05-09T15:57:42.9255550Z ^[[1m^[[92m       Fresh^[[0m time v0.3.47
Test (macos-latest)	Run tests	2026-05-09T15:57:42.9255800Z ^[[1m^[[92m       Fresh^[[0m block-buffer v0.10.4
Test (macos-latest)	Run tests	2026-05-09T15:57:42.9256140Z ^[[1m^[[92m       Fresh^[[0m crypto-common v0.1.7
Test (macos-latest)	Run tests	2026-05-09T15:57:42.9256540Z ^[[1m^[[92m       Fresh^[[0m getrandom v0.2.17
Test (macos-latest)	Run tests	2026-05-09T15:57:42.9256880Z ^[[1m^[[92m       Fresh^[[0m thiserror-impl v1.0.69
Test (macos-latest)	Run tests	2026-05-09T15:57:42.9257250Z ^[[1m^[[92m       Fresh^[[0m iri-string v0.7.10
Test (macos-latest)	Run tests	2026-05-09T15:57:42.9257490Z ^[[1m^[[92m       Fresh^[[0m untrusted v0.9.0
Test (macos-latest)	Run tests	2026-05-09T15:57:42.9257750Z ^[[1m^[[92m       Fresh^[[0m ctor-proc-macro v0.0.6
Test (macos-latest)	Run tests	2026-05-09T15:57:42.9258080Z ^[[1m^[[92m       Fresh^[[0m lazy_static v1.5.0
Test (macos-latest)	Run tests	2026-05-09T15:57:42.9258320Z ^[[1m^[[92m       Fresh^[[0m zeroize v1.8.2
Test (macos-latest)	Run tests	2026-05-09T15:57:42.9258630Z ^[[1m^[[92m       Fresh^[[0m ctor v0.4.3
Test (macos-latest)	Run tests	2026-05-09T15:57:42.9259020Z ^[[1m^[[92m       Fresh^[[0m sharded-slab v0.1.7
Test (macos-latest)	Run tests	2026-05-09T15:57:42.9259380Z ^[[1m^[[92m       Fresh^[[0m rustls-pki-types v1.14.0
Test (macos-latest)	Run tests	2026-05-09T15:57:42.9259710Z ^[[1m^[[92m       Fresh^[[0m tower-http v0.6.8
Test (macos-latest)	Run tests	2026-05-09T15:57:42.9260020Z ^[[1m^[[92m       Fresh^[[0m thiserror v1.0.69
Test (macos-latest)	Run tests	2026-05-09T15:57:42.9260930Z ^[[1m^[[92m       Fresh^[[0m ring v0.17.14
Test (macos-latest)	Run tests	2026-05-09T15:57:42.9261250Z ^[[1m^[[92m       Fresh^[[0m digest v0.10.7
Test (macos-latest)	Run tests	2026-05-09T15:57:42.9261540Z ^[[1m^[[92m       Fresh^[[0m hyper-tls v0.6.0
Test (macos-latest)	Run tests	2026-05-09T15:57:42.9261850Z ^[[1m^[[92m       Fresh^[[0m simple_asn1 v0.6.4
Test (macos-latest)	Run tests	2026-05-09T15:57:42.9262250Z ^[[1m^[[92m       Fresh^[[0m clap v4.5.60
Test (macos-latest)	Run tests	2026-05-09T15:57:42.9262480Z ^[[1m^[[92m       Fresh^[[0m matchers v0.2.0
Test (macos-latest)	Run tests	2026-05-09T15:57:42.9262790Z ^[[1m^[[92m       Fresh^[[0m url v2.5.8
Test (macos-latest)	Run tests	2026-05-09T15:57:42.9263090Z ^[[1m^[[92m       Fresh^[[0m axum-core v0.5.6
Test (macos-latest)	Run tests	2026-05-09T15:57:42.9263420Z ^[[1m^[[92m       Fresh^[[0m pem v3.0.6
Test (macos-latest)	Run tests	2026-05-09T15:57:42.9263720Z ^[[1m^[[92m       Fresh^[[0m tracing-serde v0.2.0
Test (macos-latest)	Run tests	2026-05-09T15:57:42.9264020Z ^[[1m^[[92m       Fresh^[[0m tracing-log v0.2.0
Test (macos-latest)	Run tests	2026-05-09T15:57:42.9264610Z ^[[1m^[[92m       Fresh^[[0m serde_path_to_error v0.1.20
Test (macos-latest)	Run tests	2026-05-09T15:57:42.9265000Z ^[[1m^[[92m       Fresh^[[0m thread_local v1.1.9
Test (macos-latest)	Run tests	2026-05-09T15:57:42.9265320Z ^[[1m^[[92m       Fresh^[[0m encoding_rs v0.8.35
Test (macos-latest)	Run tests	2026-05-09T15:57:42.9265640Z ^[[1m^[[92m       Fresh^[[0m iana-time-zone v0.1.65
Test (macos-latest)	Run tests	2026-05-09T15:57:42.9266010Z ^[[1m^[[92m       Fresh^[[0m cpufeatures v0.2.17
Test (macos-latest)	Run tests	2026-05-09T15:57:42.9266270Z ^[[1m^[[92m       Fresh^[[0m axum-macros v0.5.0
Test (macos-latest)	Run tests	2026-05-09T15:57:42.9266520Z ^[[1m^[[92m       Fresh^[[0m dotenvy v0.15.7
Test (macos-latest)	Run tests	2026-05-09T15:57:42.9266790Z ^[[1m^[[92m       Fresh^[[0m nu-ansi-term v0.50.3
Test (macos-latest)	Run tests	2026-05-09T15:57:42.9267040Z ^[[1m^[[92m       Fresh^[[0m lino-env v0.1.0
Test (macos-latest)	Run tests	2026-05-09T15:57:42.9267290Z ^[[1m^[[92m       Fresh^[[0m matchit v0.8.4
Test (macos-latest)	Run tests	2026-05-09T15:57:42.9267550Z ^[[1m^[[92m       Fresh^[[0m tracing-subscriber v0.3.23
Test (macos-latest)	Run tests	2026-05-09T15:57:42.9267820Z ^[[1m^[[92m       Fresh^[[0m lino-arguments v0.3.0
Test (macos-latest)	Run tests	2026-05-09T15:57:42.9268060Z ^[[1m^[[92m       Fresh^[[0m axum v0.8.8
Test (macos-latest)	Run tests	2026-05-09T15:57:42.9268290Z ^[[1m^[[92m       Fresh^[[0m reqwest v0.12.28
Test (macos-latest)	Run tests	2026-05-09T15:57:42.9268520Z ^[[1m^[[92m       Fresh^[[0m sha2 v0.10.9
Test (macos-latest)	Run tests	2026-05-09T15:57:42.9268960Z ^[[1m^[[92m       Fresh^[[0m chrono v0.4.44
Test (macos-latest)	Run tests	2026-05-09T15:57:42.9269210Z ^[[1m^[[92m       Fresh^[[0m jsonwebtoken v9.3.1
Test (macos-latest)	Run tests	2026-05-09T15:57:42.9269530Z ^[[1m^[[92m       Fresh^[[0m uuid v1.22.0
Test (macos-latest)	Run tests	2026-05-09T15:57:42.9269800Z ^[[1m^[[92m       Fresh^[[0m async-trait v0.1.89
Test (macos-latest)	Run tests	2026-05-09T15:57:42.9270090Z ^[[1m^[[92m       Fresh^[[0m async-stream-impl v0.3.6
Test (macos-latest)	Run tests	2026-05-09T15:57:42.9270340Z ^[[1m^[[92m       Fresh^[[0m log-lazy v0.1.0
Test (macos-latest)	Run tests	2026-05-09T15:57:42.9270560Z ^[[1m^[[92m       Fresh^[[0m hex v0.4.3
Test (macos-latest)	Run tests	2026-05-09T15:57:42.9270840Z ^[[1m^[[92m       Fresh^[[0m async-stream v0.3.6
Test (macos-latest)	Run tests	2026-05-09T15:57:42.9271100Z ^[[1m^[[92m       Fresh^[[0m tokio-stream v0.1.17
Test (macos-latest)	Run tests	2026-05-09T15:57:42.9271580Z ^[[1m^[[92m   Compiling^[[0m link-assistant-router v0.13.0 (/Users/runner/work/router/router)
Test (macos-latest)	Run tests	2026-05-09T15:57:42.9288460Z ^[[1m^[[92m     Running^[[0m `/Users/runner/.rustup/toolchains/stable-aarch64-apple-darwin/bin/rustc --crate-name link_assistant_router --edition=2021 src/lib.rs --error-format=json --json=diagnostic-rendered-ansi,artifacts,future-incompat --crate-type lib --emit=dep-info,metadata,link -C embed-bitcode=no -C debuginfo=2 -C split-debuginfo=unpacked '--warn=clippy::pedantic' '--warn=clippy::nursery' '--warn=clippy::all' --forbid=unsafe_code '--allow=clippy::too_many_lines' '--allow=clippy::module_name_repetitions' '--allow=clippy::missing_panics_doc' '--allow=clippy::missing_errors_doc' --check-cfg 'cfg(docsrs,test)' --check-cfg 'cfg(feature, values())' -C metadata=3bf869d317e2ada7 -C extra-filename=-8cc9581ffc6e837e --out-dir /Users/runner/work/router/router/target/debug/deps -L dependency=/Users/runner/work/router/router/target/debug/deps --extern async_trait=/Users/runner/work/router/router/target/debug/deps/libasync_trait-bfb9792e80f79fd8.dylib --extern axum=/Users/runner/work/router/router/target/debug/deps/libaxum-ed9594439847a32a.rmeta --extern base64=/Users/runner/work/router/router/target/debug/deps/libbase64-e6ccf7ceb64fea1e.rmeta --extern bytes=/Users/runner/work/router/router/target/debug/deps/libbytes-a08a8352237a73c3.rmeta --extern chrono=/Users/runner/work/router/router/target/debug/deps/libchrono-f5991784c06a6364.rmeta --extern clap=/Users/runner/work/router/router/target/debug/deps/libclap-5d9954d5041995aa.rmeta --extern futures_util=/Users/runner/work/router/router/target/debug/deps/libfutures_util-0d5d29bb1f9ccda7.rmeta --extern hex=/Users/runner/work/router/router/target/debug/deps/libhex-096359349d8a5915.rmeta --extern http=/Users/runner/work/router/router/target/debug/deps/libhttp-62239d9c87604874.rmeta --extern http_body_util=/Users/runner/work/router/router/target/debug/deps/libhttp_body_util-8174f03327eff90e.rmeta --extern hyper=/Users/runner/work/router/router/target/debug/deps/libhyper-6071e85a5970d3e2.rmeta --extern hyper_util=/Users/runner/work/router/router/target/debug/deps/libhyper_util-7cd5f032ea048d58.rmeta --extern jsonwebtoken=/Users/runner/work/router/router/target/debug/deps/libjsonwebtoken-cdc30ad1722088e6.rmeta --extern lino_arguments=/Users/runner/work/router/router/target/debug/deps/liblino_arguments-a954d43f88b80ae3.rmeta --extern log_lazy=/Users/runner/work/router/router/target/debug/deps/liblog_lazy-9c0e73828ed29927.rmeta --extern reqwest=/Users/runner/work/router/router/target/debug/deps/libreqwest-1c7387e1d2b3c255.rmeta --extern serde=/Users/runner/work/router/router/target/debug/deps/libserde-5ddc369422a1614b.rmeta --extern serde_json=/Users/runner/work/router/router/target/debug/deps/libserde_json-b9005a21b2ee569f.rmeta --extern sha2=/Users/runner/work/router/router/target/debug/deps/libsha2-7e73485e6a075ce9.rmeta --extern tokio=/Users/runner/work/router/router/target/debug/deps/libtokio-6134fd0aeb77e455.rmeta --extern tower=/Users/runner/work/router/router/target/debug/deps/libtower-53a4f4b06c4aae36.rmeta --extern tower_http=/Users/runner/work/router/router/target/debug/deps/libtower_http-4172bcf1ce26407a.rmeta --extern tracing=/Users/runner/work/router/router/target/debug/deps/libtracing-5718b225f6f624d2.rmeta --extern tracing_subscriber=/Users/runner/work/router/router/target/debug/deps/libtracing_subscriber-9c5ce7a5bb29bc6e.rmeta --extern uuid=/Users/runner/work/router/router/target/debug/deps/libuuid-468874a6717d7e4b.rmeta -Dwarnings -L native=/Users/runner/work/router/router/target/debug/build/ring-516cfdbb72f3226a/out`
Test (macos-latest)	Run tests	2026-05-09T15:57:42.9304270Z ^[[1m^[[92m       Fresh^[[0m tokio-test v0.4.4
Test (macos-latest)	Run tests	2026-05-09T15:57:42.9318280Z ^[[1m^[[92m     Running^[[0m `/Users/runner/.rustup/toolchains/stable-aarch64-apple-darwin/bin/rustc --crate-name link_assistant_router --edition=2021 src/lib.rs --error-format=json --json=diagnostic-rendered-ansi,artifacts,future-incompat --emit=dep-info,link -C embed-bitcode=no -C debuginfo=2 -C split-debuginfo=unpacked '--warn=clippy::pedantic' '--warn=clippy::nursery' '--warn=clippy::all' --forbid=unsafe_code '--allow=clippy::too_many_lines' '--allow=clippy::module_name_repetitions' '--allow=clippy::missing_panics_doc' '--allow=clippy::missing_errors_doc' --test --check-cfg 'cfg(docsrs,test)' --check-cfg 'cfg(feature, values())' -C metadata=823872dd55645e85 -C extra-filename=-3a4f7247d697c2eb --out-dir /Users/runner/work/router/router/target/debug/deps -L dependency=/Users/runner/work/router/router/target/debug/deps --extern async_trait=/Users/runner/work/router/router/target/debug/deps/libasync_trait-bfb9792e80f79fd8.dylib --extern axum=/Users/runner/work/router/router/target/debug/deps/libaxum-ed9594439847a32a.rlib --extern base64=/Users/runner/work/router/router/target/debug/deps/libbase64-e6ccf7ceb64fea1e.rlib --extern bytes=/Users/runner/work/router/router/target/debug/deps/libbytes-a08a8352237a73c3.rlib --extern chrono=/Users/runner/work/router/router/target/debug/deps/libchrono-f5991784c06a6364.rlib --extern clap=/Users/runner/work/router/router/target/debug/deps/libclap-5d9954d5041995aa.rlib --extern futures_util=/Users/runner/work/router/router/target/debug/deps/libfutures_util-0d5d29bb1f9ccda7.rlib --extern hex=/Users/runner/work/router/router/target/debug/deps/libhex-096359349d8a5915.rlib --extern http=/Users/runner/work/router/router/target/debug/deps/libhttp-62239d9c87604874.rlib --extern http_body_util=/Users/runner/work/router/router/target/debug/deps/libhttp_body_util-8174f03327eff90e.rlib --extern hyper=/Users/runner/work/router/router/target/debug/deps/libhyper-6071e85a5970d3e2.rlib --extern hyper_util=/Users/runner/work/router/router/target/debug/deps/libhyper_util-7cd5f032ea048d58.rlib --extern jsonwebtoken=/Users/runner/work/router/router/target/debug/deps/libjsonwebtoken-cdc30ad1722088e6.rlib --extern lino_arguments=/Users/runner/work/router/router/target/debug/deps/liblino_arguments-a954d43f88b80ae3.rlib --extern log_lazy=/Users/runner/work/router/router/target/debug/deps/liblog_lazy-9c0e73828ed29927.rlib --extern reqwest=/Users/runner/work/router/router/target/debug/deps/libreqwest-1c7387e1d2b3c255.rlib --extern serde=/Users/runner/work/router/router/target/debug/deps/libserde-5ddc369422a1614b.rlib --extern serde_json=/Users/runner/work/router/router/target/debug/deps/libserde_json-b9005a21b2ee569f.rlib --extern sha2=/Users/runner/work/router/router/target/debug/deps/libsha2-7e73485e6a075ce9.rlib --extern tempfile=/Users/runner/work/router/router/target/debug/deps/libtempfile-3e70450e40360d58.rlib --extern tokio=/Users/runner/work/router/router/target/debug/deps/libtokio-6134fd0aeb77e455.rlib --extern tokio_test=/Users/runner/work/router/router/target/debug/deps/libtokio_test-47d63cb70db64e46.rlib --extern tower=/Users/runner/work/router/router/target/debug/deps/libtower-53a4f4b06c4aae36.rlib --extern tower_http=/Users/runner/work/router/router/target/debug/deps/libtower_http-4172bcf1ce26407a.rlib --extern tracing=/Users/runner/work/router/router/target/debug/deps/libtracing-5718b225f6f624d2.rlib --extern tracing_subscriber=/Users/runner/work/router/router/target/debug/deps/libtracing_subscriber-9c5ce7a5bb29bc6e.rlib --extern uuid=/Users/runner/work/router/router/target/debug/deps/libuuid-468874a6717d7e4b.rlib -Dwarnings -L native=/Users/runner/work/router/router/target/debug/build/ring-516cfdbb72f3226a/out`
Test (macos-latest)	Run tests	2026-05-09T15:57:48.2273490Z ^[[1m^[[92m     Running^[[0m `/Users/runner/.rustup/toolchains/stable-aarch64-apple-darwin/bin/rustc --crate-name release_workflow_test --edition=2021 tests/release_workflow_test.rs --error-format=json --json=diagnostic-rendered-ansi,artifacts,future-incompat --emit=dep-info,link -C embed-bitcode=no -C debuginfo=2 -C split-debuginfo=unpacked '--warn=clippy::pedantic' '--warn=clippy::nursery' '--warn=clippy::all' --forbid=unsafe_code '--allow=clippy::too_many_lines' '--allow=clippy::module_name_repetitions' '--allow=clippy::missing_panics_doc' '--allow=clippy::missing_errors_doc' --test --check-cfg 'cfg(docsrs,test)' --check-cfg 'cfg(feature, values())' -C metadata=7f7cafb82937b8a9 -C extra-filename=-c23f7cec82b6fca8 --out-dir /Users/runner/work/router/router/target/debug/deps -L dependency=/Users/runner/work/router/router/target/debug/deps --extern async_trait=/Users/runner/work/router/router/target/debug/deps/libasync_trait-bfb9792e80f79fd8.dylib --extern axum=/Users/runner/work/router/router/target/debug/deps/libaxum-ed9594439847a32a.rlib --extern base64=/Users/runner/work/router/router/target/debug/deps/libbase64-e6ccf7ceb64fea1e.rlib --extern bytes=/Users/runner/work/router/router/target/debug/deps/libbytes-a08a8352237a73c3.rlib --extern chrono=/Users/runner/work/router/router/target/debug/deps/libchrono-f5991784c06a6364.rlib --extern clap=/Users/runner/work/router/router/target/debug/deps/libclap-5d9954d5041995aa.rlib --extern futures_util=/Users/runner/work/router/router/target/debug/deps/libfutures_util-0d5d29bb1f9ccda7.rlib --extern hex=/Users/runner/work/router/router/target/debug/deps/libhex-096359349d8a5915.rlib --extern http=/Users/runner/work/router/router/target/debug/deps/libhttp-62239d9c87604874.rlib --extern http_body_util=/Users/runner/work/router/router/target/debug/deps/libhttp_body_util-8174f03327eff90e.rlib --extern hyper=/Users/runner/work/router/router/target/debug/deps/libhyper-6071e85a5970d3e2.rlib --extern hyper_util=/Users/runner/work/router/router/target/debug/deps/libhyper_util-7cd5f032ea048d58.rlib --extern jsonwebtoken=/Users/runner/work/router/router/target/debug/deps/libjsonwebtoken-cdc30ad1722088e6.rlib --extern link_assistant_router=/Users/runner/work/router/router/target/debug/deps/liblink_assistant_router-8cc9581ffc6e837e.rlib --extern lino_arguments=/Users/runner/work/router/router/target/debug/deps/liblino_arguments-a954d43f88b80ae3.rlib --extern log_lazy=/Users/runner/work/router/router/target/debug/deps/liblog_lazy-9c0e73828ed29927.rlib --extern reqwest=/Users/runner/work/router/router/target/debug/deps/libreqwest-1c7387e1d2b3c255.rlib --extern serde=/Users/runner/work/router/router/target/debug/deps/libserde-5ddc369422a1614b.rlib --extern serde_json=/Users/runner/work/router/router/target/debug/deps/libserde_json-b9005a21b2ee569f.rlib --extern sha2=/Users/runner/work/router/router/target/debug/deps/libsha2-7e73485e6a075ce9.rlib --extern tempfile=/Users/runner/work/router/router/target/debug/deps/libtempfile-3e70450e40360d58.rlib --extern tokio=/Users/runner/work/router/router/target/debug/deps/libtokio-6134fd0aeb77e455.rlib --extern tokio_test=/Users/runner/work/router/router/target/debug/deps/libtokio_test-47d63cb70db64e46.rlib --extern tower=/Users/runner/work/router/router/target/debug/deps/libtower-53a4f4b06c4aae36.rlib --extern tower_http=/Users/runner/work/router/router/target/debug/deps/libtower_http-4172bcf1ce26407a.rlib --extern tracing=/Users/runner/work/router/router/target/debug/deps/libtracing-5718b225f6f624d2.rlib --extern tracing_subscriber=/Users/runner/work/router/router/target/debug/deps/libtracing_subscriber-9c5ce7a5bb29bc6e.rlib --extern uuid=/Users/runner/work/router/router/target/debug/deps/libuuid-468874a6717d7e4b.rlib -Dwarnings -L native=/Users/runner/work/router/router/target/debug/build/ring-516cfdbb72f3226a/out`
Test (macos-latest)	Run tests	2026-05-09T15:57:48.2304020Z ^[[1m^[[92m     Running^[[0m `/Users/runner/.rustup/toolchains/stable-aarch64-apple-darwin/bin/rustc --crate-name link_assistant_router --edition=2021 src/main.rs --error-format=json --json=diagnostic-rendered-ansi,artifacts,future-incompat --crate-type bin --emit=dep-info,link -C embed-bitcode=no -C debuginfo=2 -C split-debuginfo=unpacked '--warn=clippy::pedantic' '--warn=clippy::nursery' '--warn=clippy::all' --forbid=unsafe_code '--allow=clippy::too_many_lines' '--allow=clippy::module_name_repetitions' '--allow=clippy::missing_panics_doc' '--allow=clippy::missing_errors_doc' --check-cfg 'cfg(docsrs,test)' --check-cfg 'cfg(feature, values())' -C metadata=aa24dc4c4298c0a0 -C extra-filename=-11cfab0c674b77f6 --out-dir /Users/runner/work/router/router/target/debug/deps -L dependency=/Users/runner/work/router/router/target/debug/deps --extern async_trait=/Users/runner/work/router/router/target/debug/deps/libasync_trait-bfb9792e80f79fd8.dylib --extern axum=/Users/runner/work/router/router/target/debug/deps/libaxum-ed9594439847a32a.rlib --extern base64=/Users/runner/work/router/router/target/debug/deps/libbase64-e6ccf7ceb64fea1e.rlib --extern bytes=/Users/runner/work/router/router/target/debug/deps/libbytes-a08a8352237a73c3.rlib --extern chrono=/Users/runner/work/router/router/target/debug/deps/libchrono-f5991784c06a6364.rlib --extern clap=/Users/runner/work/router/router/target/debug/deps/libclap-5d9954d5041995aa.rlib --extern futures_util=/Users/runner/work/router/router/target/debug/deps/libfutures_util-0d5d29bb1f9ccda7.rlib --extern hex=/Users/runner/work/router/router/target/debug/deps/libhex-096359349d8a5915.rlib --extern http=/Users/runner/work/router/router/target/debug/deps/libhttp-62239d9c87604874.rlib --extern http_body_util=/Users/runner/work/router/router/target/debug/deps/libhttp_body_util-8174f03327eff90e.rlib --extern hyper=/Users/runner/work/router/router/target/debug/deps/libhyper-6071e85a5970d3e2.rlib --extern hyper_util=/Users/runner/work/router/router/target/debug/deps/libhyper_util-7cd5f032ea048d58.rlib --extern jsonwebtoken=/Users/runner/work/router/router/target/debug/deps/libjsonwebtoken-cdc30ad1722088e6.rlib --extern link_assistant_router=/Users/runner/work/router/router/target/debug/deps/liblink_assistant_router-8cc9581ffc6e837e.rlib --extern lino_arguments=/Users/runner/work/router/router/target/debug/deps/liblino_arguments-a954d43f88b80ae3.rlib --extern log_lazy=/Users/runner/work/router/router/target/debug/deps/liblog_lazy-9c0e73828ed29927.rlib --extern reqwest=/Users/runner/work/router/router/target/debug/deps/libreqwest-1c7387e1d2b3c255.rlib --extern serde=/Users/runner/work/router/router/target/debug/deps/libserde-5ddc369422a1614b.rlib --extern serde_json=/Users/runner/work/router/router/target/debug/deps/libserde_json-b9005a21b2ee569f.rlib --extern sha2=/Users/runner/work/router/router/target/debug/deps/libsha2-7e73485e6a075ce9.rlib --extern tokio=/Users/runner/work/router/router/target/debug/deps/libtokio-6134fd0aeb77e455.rlib --extern tower=/Users/runner/work/router/router/target/debug/deps/libtower-53a4f4b06c4aae36.rlib --extern tower_http=/Users/runner/work/router/router/target/debug/deps/libtower_http-4172bcf1ce26407a.rlib --extern tracing=/Users/runner/work/router/router/target/debug/deps/libtracing-5718b225f6f624d2.rlib --extern tracing_subscriber=/Users/runner/work/router/router/target/debug/deps/libtracing_subscriber-9c5ce7a5bb29bc6e.rlib --extern uuid=/Users/runner/work/router/router/target/debug/deps/libuuid-468874a6717d7e4b.rlib -Dwarnings -L native=/Users/runner/work/router/router/target/debug/build/ring-516cfdbb72f3226a/out`
Test (macos-latest)	Run tests	2026-05-09T15:57:51.8159640Z ^[[1m^[[92m     Running^[[0m `/Users/runner/.rustup/toolchains/stable-aarch64-apple-darwin/bin/rustc --crate-name basic_usage --edition=2021 examples/basic_usage.rs --error-format=json --json=diagnostic-rendered-ansi,artifacts,future-incompat --crate-type bin --emit=dep-info,link -C embed-bitcode=no -C debuginfo=2 -C split-debuginfo=unpacked '--warn=clippy::pedantic' '--warn=clippy::nursery' '--warn=clippy::all' --forbid=unsafe_code '--allow=clippy::too_many_lines' '--allow=clippy::module_name_repetitions' '--allow=clippy::missing_panics_doc' '--allow=clippy::missing_errors_doc' --check-cfg 'cfg(docsrs,test)' --check-cfg 'cfg(feature, values())' -C metadata=f3a9a0ecf6f6cc55 -C extra-filename=-cf43de3ed309d226 --out-dir /Users/runner/work/router/router/target/debug/examples -L dependency=/Users/runner/work/router/router/target/debug/deps --extern async_trait=/Users/runner/work/router/router/target/debug/deps/libasync_trait-bfb9792e80f79fd8.dylib --extern axum=/Users/runner/work/router/router/target/debug/deps/libaxum-ed9594439847a32a.rlib --extern base64=/Users/runner/work/router/router/target/debug/deps/libbase64-e6ccf7ceb64fea1e.rlib --extern bytes=/Users/runner/work/router/router/target/debug/deps/libbytes-a08a8352237a73c3.rlib --extern chrono=/Users/runner/work/router/router/target/debug/deps/libchrono-f5991784c06a6364.rlib --extern clap=/Users/runner/work/router/router/target/debug/deps/libclap-5d9954d5041995aa.rlib --extern futures_util=/Users/runner/work/router/router/target/debug/deps/libfutures_util-0d5d29bb1f9ccda7.rlib --extern hex=/Users/runner/work/router/router/target/debug/deps/libhex-096359349d8a5915.rlib --extern http=/Users/runner/work/router/router/target/debug/deps/libhttp-62239d9c87604874.rlib --extern http_body_util=/Users/runner/work/router/router/target/debug/deps/libhttp_body_util-8174f03327eff90e.rlib --extern hyper=/Users/runner/work/router/router/target/debug/deps/libhyper-6071e85a5970d3e2.rlib --extern hyper_util=/Users/runner/work/router/router/target/debug/deps/libhyper_util-7cd5f032ea048d58.rlib --extern jsonwebtoken=/Users/runner/work/router/router/target/debug/deps/libjsonwebtoken-cdc30ad1722088e6.rlib --extern link_assistant_router=/Users/runner/work/router/router/target/debug/deps/liblink_assistant_router-8cc9581ffc6e837e.rlib --extern lino_arguments=/Users/runner/work/router/router/target/debug/deps/liblino_arguments-a954d43f88b80ae3.rlib --extern log_lazy=/Users/runner/work/router/router/target/debug/deps/liblog_lazy-9c0e73828ed29927.rlib --extern reqwest=/Users/runner/work/router/router/target/debug/deps/libreqwest-1c7387e1d2b3c255.rlib --extern serde=/Users/runner/work/router/router/target/debug/deps/libserde-5ddc369422a1614b.rlib --extern serde_json=/Users/runner/work/router/router/target/debug/deps/libserde_json-b9005a21b2ee569f.rlib --extern sha2=/Users/runner/work/router/router/target/debug/deps/libsha2-7e73485e6a075ce9.rlib --extern tempfile=/Users/runner/work/router/router/target/debug/deps/libtempfile-3e70450e40360d58.rlib --extern tokio=/Users/runner/work/router/router/target/debug/deps/libtokio-6134fd0aeb77e455.rlib --extern tokio_test=/Users/runner/work/router/router/target/debug/deps/libtokio_test-47d63cb70db64e46.rlib --extern tower=/Users/runner/work/router/router/target/debug/deps/libtower-53a4f4b06c4aae36.rlib --extern tower_http=/Users/runner/work/router/router/target/debug/deps/libtower_http-4172bcf1ce26407a.rlib --extern tracing=/Users/runner/work/router/router/target/debug/deps/libtracing-5718b225f6f624d2.rlib --extern tracing_subscriber=/Users/runner/work/router/router/target/debug/deps/libtracing_subscriber-9c5ce7a5bb29bc6e.rlib --extern uuid=/Users/runner/work/router/router/target/debug/deps/libuuid-468874a6717d7e4b.rlib -Dwarnings -L native=/Users/runner/work/router/router/target/debug/build/ring-516cfdbb72f3226a/out`
Test (macos-latest)	Run tests	2026-05-09T15:57:52.5779590Z ^[[1m^[[92m     Running^[[0m `/Users/runner/.rustup/toolchains/stable-aarch64-apple-darwin/bin/rustc --crate-name integration_test --edition=2021 tests/integration_test.rs --error-format=json --json=diagnostic-rendered-ansi,artifacts,future-incompat --emit=dep-info,link -C embed-bitcode=no -C debuginfo=2 -C split-debuginfo=unpacked '--warn=clippy::pedantic' '--warn=clippy::nursery' '--warn=clippy::all' --forbid=unsafe_code '--allow=clippy::too_many_lines' '--allow=clippy::module_name_repetitions' '--allow=clippy::missing_panics_doc' '--allow=clippy::missing_errors_doc' --test --check-cfg 'cfg(docsrs,test)' --check-cfg 'cfg(feature, values())' -C metadata=c7e4615b9e0b0bc8 -C extra-filename=-7d16a36855ff8f2e --out-dir /Users/runner/work/router/router/target/debug/deps -L dependency=/Users/runner/work/router/router/target/debug/deps --extern async_trait=/Users/runner/work/router/router/target/debug/deps/libasync_trait-bfb9792e80f79fd8.dylib --extern axum=/Users/runner/work/router/router/target/debug/deps/libaxum-ed9594439847a32a.rlib --extern base64=/Users/runner/work/router/router/target/debug/deps/libbase64-e6ccf7ceb64fea1e.rlib --extern bytes=/Users/runner/work/router/router/target/debug/deps/libbytes-a08a8352237a73c3.rlib --extern chrono=/Users/runner/work/router/router/target/debug/deps/libchrono-f5991784c06a6364.rlib --extern clap=/Users/runner/work/router/router/target/debug/deps/libclap-5d9954d5041995aa.rlib --extern futures_util=/Users/runner/work/router/router/target/debug/deps/libfutures_util-0d5d29bb1f9ccda7.rlib --extern hex=/Users/runner/work/router/router/target/debug/deps/libhex-096359349d8a5915.rlib --extern http=/Users/runner/work/router/router/target/debug/deps/libhttp-62239d9c87604874.rlib --extern http_body_util=/Users/runner/work/router/router/target/debug/deps/libhttp_body_util-8174f03327eff90e.rlib --extern hyper=/Users/runner/work/router/router/target/debug/deps/libhyper-6071e85a5970d3e2.rlib --extern hyper_util=/Users/runner/work/router/router/target/debug/deps/libhyper_util-7cd5f032ea048d58.rlib --extern jsonwebtoken=/Users/runner/work/router/router/target/debug/deps/libjsonwebtoken-cdc30ad1722088e6.rlib --extern link_assistant_router=/Users/runner/work/router/router/target/debug/deps/liblink_assistant_router-8cc9581ffc6e837e.rlib --extern lino_arguments=/Users/runner/work/router/router/target/debug/deps/liblino_arguments-a954d43f88b80ae3.rlib --extern log_lazy=/Users/runner/work/router/router/target/debug/deps/liblog_lazy-9c0e73828ed29927.rlib --extern reqwest=/Users/runner/work/router/router/target/debug/deps/libreqwest-1c7387e1d2b3c255.rlib --extern serde=/Users/runner/work/router/router/target/debug/deps/libserde-5ddc369422a1614b.rlib --extern serde_json=/Users/runner/work/router/router/target/debug/deps/libserde_json-b9005a21b2ee569f.rlib --extern sha2=/Users/runner/work/router/router/target/debug/deps/libsha2-7e73485e6a075ce9.rlib --extern tempfile=/Users/runner/work/router/router/target/debug/deps/libtempfile-3e70450e40360d58.rlib --extern tokio=/Users/runner/work/router/router/target/debug/deps/libtokio-6134fd0aeb77e455.rlib --extern tokio_test=/Users/runner/work/router/router/target/debug/deps/libtokio_test-47d63cb70db64e46.rlib --extern tower=/Users/runner/work/router/router/target/debug/deps/libtower-53a4f4b06c4aae36.rlib --extern tower_http=/Users/runner/work/router/router/target/debug/deps/libtower_http-4172bcf1ce26407a.rlib --extern tracing=/Users/runner/work/router/router/target/debug/deps/libtracing-5718b225f6f624d2.rlib --extern tracing_subscriber=/Users/runner/work/router/router/target/debug/deps/libtracing_subscriber-9c5ce7a5bb29bc6e.rlib --extern uuid=/Users/runner/work/router/router/target/debug/deps/libuuid-468874a6717d7e4b.rlib -Dwarnings -L native=/Users/runner/work/router/router/target/debug/build/ring-516cfdbb72f3226a/out`
Test (macos-latest)	Run tests	2026-05-09T15:57:52.6634050Z ^[[1m^[[92m     Running^[[0m `/Users/runner/.rustup/toolchains/stable-aarch64-apple-darwin/bin/rustc --crate-name link_assistant_router --edition=2021 src/main.rs --error-format=json --json=diagnostic-rendered-ansi,artifacts,future-incompat --emit=dep-info,link -C embed-bitcode=no -C debuginfo=2 -C split-debuginfo=unpacked '--warn=clippy::pedantic' '--warn=clippy::nursery' '--warn=clippy::all' --forbid=unsafe_code '--allow=clippy::too_many_lines' '--allow=clippy::module_name_repetitions' '--allow=clippy::missing_panics_doc' '--allow=clippy::missing_errors_doc' --test --check-cfg 'cfg(docsrs,test)' --check-cfg 'cfg(feature, values())' -C metadata=edad7771df40edb0 -C extra-filename=-fc7e400bf9a27a64 --out-dir /Users/runner/work/router/router/target/debug/deps -L dependency=/Users/runner/work/router/router/target/debug/deps --extern async_trait=/Users/runner/work/router/router/target/debug/deps/libasync_trait-bfb9792e80f79fd8.dylib --extern axum=/Users/runner/work/router/router/target/debug/deps/libaxum-ed9594439847a32a.rlib --extern base64=/Users/runner/work/router/router/target/debug/deps/libbase64-e6ccf7ceb64fea1e.rlib --extern bytes=/Users/runner/work/router/router/target/debug/deps/libbytes-a08a8352237a73c3.rlib --extern chrono=/Users/runner/work/router/router/target/debug/deps/libchrono-f5991784c06a6364.rlib --extern clap=/Users/runner/work/router/router/target/debug/deps/libclap-5d9954d5041995aa.rlib --extern futures_util=/Users/runner/work/router/router/target/debug/deps/libfutures_util-0d5d29bb1f9ccda7.rlib --extern hex=/Users/runner/work/router/router/target/debug/deps/libhex-096359349d8a5915.rlib --extern http=/Users/runner/work/router/router/target/debug/deps/libhttp-62239d9c87604874.rlib --extern http_body_util=/Users/runner/work/router/router/target/debug/deps/libhttp_body_util-8174f03327eff90e.rlib --extern hyper=/Users/runner/work/router/router/target/debug/deps/libhyper-6071e85a5970d3e2.rlib --extern hyper_util=/Users/runner/work/router/router/target/debug/deps/libhyper_util-7cd5f032ea048d58.rlib --extern jsonwebtoken=/Users/runner/work/router/router/target/debug/deps/libjsonwebtoken-cdc30ad1722088e6.rlib --extern link_assistant_router=/Users/runner/work/router/router/target/debug/deps/liblink_assistant_router-8cc9581ffc6e837e.rlib --extern lino_arguments=/Users/runner/work/router/router/target/debug/deps/liblino_arguments-a954d43f88b80ae3.rlib --extern log_lazy=/Users/runner/work/router/router/target/debug/deps/liblog_lazy-9c0e73828ed29927.rlib --extern reqwest=/Users/runner/work/router/router/target/debug/deps/libreqwest-1c7387e1d2b3c255.rlib --extern serde=/Users/runner/work/router/router/target/debug/deps/libserde-5ddc369422a1614b.rlib --extern serde_json=/Users/runner/work/router/router/target/debug/deps/libserde_json-b9005a21b2ee569f.rlib --extern sha2=/Users/runner/work/router/router/target/debug/deps/libsha2-7e73485e6a075ce9.rlib --extern tempfile=/Users/runner/work/router/router/target/debug/deps/libtempfile-3e70450e40360d58.rlib --extern tokio=/Users/runner/work/router/router/target/debug/deps/libtokio-6134fd0aeb77e455.rlib --extern tokio_test=/Users/runner/work/router/router/target/debug/deps/libtokio_test-47d63cb70db64e46.rlib --extern tower=/Users/runner/work/router/router/target/debug/deps/libtower-53a4f4b06c4aae36.rlib --extern tower_http=/Users/runner/work/router/router/target/debug/deps/libtower_http-4172bcf1ce26407a.rlib --extern tracing=/Users/runner/work/router/router/target/debug/deps/libtracing-5718b225f6f624d2.rlib --extern tracing_subscriber=/Users/runner/work/router/router/target/debug/deps/libtracing_subscriber-9c5ce7a5bb29bc6e.rlib --extern uuid=/Users/runner/work/router/router/target/debug/deps/libuuid-468874a6717d7e4b.rlib -Dwarnings -L native=/Users/runner/work/router/router/target/debug/build/ring-516cfdbb72f3226a/out`
Test (macos-latest)	Run tests	2026-05-09T15:57:53.6555330Z ^[[1m^[[92m    Finished^[[0m `test` profile [unoptimized + debuginfo] target(s) in 11.83s
Test (macos-latest)	Run tests	2026-05-09T15:57:53.6865300Z ^[[1m^[[92m     Running^[[0m `/Users/runner/work/router/router/target/debug/deps/link_assistant_router-3a4f7247d697c2eb`
Test (macos-latest)	Run tests	2026-05-09T15:57:53.6932060Z
Test (macos-latest)	Run tests	2026-05-09T15:57:53.6937520Z running 57 tests
Test (macos-latest)	Run tests	2026-05-09T15:57:53.6997920Z test accounts::tests::no_healthy_returns_error ... ok
Test (macos-latest)	Run tests	2026-05-09T15:57:53.7003450Z test accounts::tests::cooldown_skips_unhealthy_account ... ok
Test (macos-latest)	Run tests	2026-05-09T15:57:53.7005740Z test accounts::tests::least_used_picks_lowest_count ... ok
Test (macos-latest)	Run tests	2026-05-09T15:57:53.7008330Z test activitypub::tests::follow_activity_targets_problemsets_actor ... ok
Test (macos-latest)	Run tests	2026-05-09T15:57:53.7010070Z test activitypub::tests::actor_contains_required_activitypub_and_forgefed_metadata ... ok
Test (macos-latest)	Run tests	2026-05-09T15:57:53.7012240Z test accounts::tests::round_robin_distributes_calls ... ok
Test (macos-latest)	Run tests	2026-05-09T15:57:53.7013700Z test activitypub::tests::inbound_activity_requires_core_fields ... ok
Test (macos-latest)	Run tests	2026-05-09T15:57:53.7015630Z test cli::tests::cli_defaults_round_trip_to_config ... ok
Test (macos-latest)	Run tests	2026-05-09T15:57:53.7016460Z test cli::tests::cli_invalid_routing_mode_rejected ... ok
Test (macos-latest)	Run tests	2026-05-09T15:57:53.7030570Z test config::tests::default_provider_is_anthropic ... ok
Test (macos-latest)	Run tests	2026-05-09T15:57:53.7032320Z test config::tests::gonka_provider_builds_with_private_key_and_defaults ... ok
Test (macos-latest)	Run tests	2026-05-09T15:57:53.7033960Z test config::tests::gonka_provider_requires_private_key ... ok
Test (macos-latest)	Run tests	2026-05-09T15:57:53.7035320Z test config::tests::test_api_format_parsing ... ok
Test (macos-latest)	Run tests	2026-05-09T15:57:53.7036670Z test config::tests::test_config_default_port ... ok
Test (macos-latest)	Run tests	2026-05-09T15:57:53.7037680Z test config::tests::test_config_empty_token_secret ... ok
Test (macos-latest)	Run tests	2026-05-09T15:57:53.7038560Z test config::tests::test_config_invalid_port ... ok
Test (macos-latest)	Run tests	2026-05-09T15:57:53.7040870Z test config::tests::test_config_missing_token_secret ... ok
Test (macos-latest)	Run tests	2026-05-09T15:57:53.7041330Z test config::tests::test_config_with_valid_values ... ok
Test (macos-latest)	Run tests	2026-05-09T15:57:53.7041820Z test config::tests::test_routing_mode_parsing ... ok
Test (macos-latest)	Run tests	2026-05-09T15:57:53.7044080Z test config::tests::test_storage_policy_parsing ... ok
Test (macos-latest)	Run tests	2026-05-09T15:57:53.7052150Z test gonka::tests::default_model_is_added_when_missing ... ok
Test (macos-latest)	Run tests	2026-05-09T15:57:53.7054180Z test config::tests::test_verbose_default_false ... ok
Test (macos-latest)	Run tests	2026-05-09T15:57:53.7055560Z test gonka::tests::existing_model_is_preserved ... ok
Test (macos-latest)	Run tests	2026-05-09T15:57:53.7056710Z test gonka::tests::models_endpoint_uses_gonka_owner ... ok
Test (macos-latest)	Run tests	2026-05-09T15:57:53.7058200Z test metrics::tests::usage_snapshot_returns_consistent_values ... ok
Test (macos-latest)	Run tests	2026-05-09T15:57:53.7058690Z test gonka::tests::signing_headers_do_not_include_private_key ... ok
Test (macos-latest)	Run tests	2026-05-09T15:57:53.7059530Z test metrics::tests::record_and_render_basic_counters ... ok
Test (macos-latest)	Run tests	2026-05-09T15:57:53.7060910Z test mpp::tests::detects_payment_authorization_credentials ... ok
Test (macos-latest)	Run tests	2026-05-09T15:57:53.7062080Z test mpp::tests::challenge_response_uses_http_402_and_payment_auth_scheme ... ok
Test (macos-latest)	Run tests	2026-05-09T15:57:53.7062580Z test mpp::tests::requires_enabled_and_charge_details ... ok
Test (macos-latest)	Run tests	2026-05-09T15:57:53.7062960Z test oauth::tests::test_cached_token_returned ... ok
Test (macos-latest)	Run tests	2026-05-09T15:57:53.7063350Z test oauth::tests::test_no_credential_files ... ok
Test (macos-latest)	Run tests	2026-05-09T15:57:53.7063660Z test oauth::tests::test_set_token_manually ... ok
Test (macos-latest)	Run tests	2026-05-09T15:57:53.7063970Z test openai::tests::anthropic_to_chat_basic ... ok
Test (macos-latest)	Run tests	2026-05-09T15:57:53.7064430Z test openai::tests::anthropic_tool_use_to_openai_tool_calls ... ok
Test (macos-latest)	Run tests	2026-05-09T15:57:53.7066480Z test openai::tests::list_models_includes_known_ids ... ok
Test (macos-latest)	Run tests	2026-05-09T15:57:53.7133400Z test openai::tests::preserves_claude_native_model_id ... ok
Test (macos-latest)	Run tests	2026-05-09T15:57:53.7134170Z test openai::tests::responses_api_translation ... ok
Test (macos-latest)	Run tests	2026-05-09T15:57:53.7134780Z test openai::tests::translates_basic_chat_completion ... ok
Test (macos-latest)	Run tests	2026-05-09T15:57:53.7135670Z test openai::tests::translates_multipart_user_content ... ok
Test (macos-latest)	Run tests	2026-05-09T15:57:53.7136290Z test openai::tests::translates_tool_call_blocks ... ok
Test (macos-latest)	Run tests	2026-05-09T15:57:53.7136800Z test oauth::tests::test_read_credential_file ... ok
Test (macos-latest)	Run tests	2026-05-09T15:57:53.7234370Z test storage::tests::binary_store_roundtrip ... ok
Test (macos-latest)	Run tests	2026-05-09T15:57:53.7240980Z test storage::tests::lino_codec_handles_special_chars ... ok
Test (macos-latest)	Run tests	2026-05-09T15:57:53.7241470Z test storage::tests::dual_store_writes_both ... ok
Test (macos-latest)	Run tests	2026-05-09T15:57:53.7241870Z test storage::tests::memory_store_roundtrip ... ok
Test (macos-latest)	Run tests	2026-05-09T15:57:53.7245330Z test storage::tests::revoke_marks_record ... ok
Test (macos-latest)	Run tests	2026-05-09T15:57:53.7245760Z test token::tests::test_expired_token ... ok
Test (macos-latest)	Run tests	2026-05-09T15:57:53.7246650Z test token::tests::test_issue_token_has_prefix ... ok
Test (macos-latest)	Run tests	2026-05-09T15:57:53.7248950Z test token::tests::test_list_tokens_returns_records ... ok
Test (macos-latest)	Run tests	2026-05-09T15:57:53.7313810Z test storage::tests::text_store_roundtrip ... ok
Test (macos-latest)	Run tests	2026-05-09T15:57:53.7316180Z test storage::tests::build_token_store_dispatches_correctly ... ok
Test (macos-latest)	Run tests	2026-05-09T15:57:53.7316900Z test token::tests::test_validate_invalid_jwt ... ok
Test (macos-latest)	Run tests	2026-05-09T15:57:53.7317370Z test token::tests::test_validate_valid_token ... ok
Test (macos-latest)	Run tests	2026-05-09T15:57:53.7317670Z test token::tests::test_revoke_token ... ok
Test (macos-latest)	Run tests	2026-05-09T15:57:53.7318040Z test token::tests::test_validate_wrong_prefix ... ok
Test (macos-latest)	Run tests	2026-05-09T15:57:53.7325220Z test token::tests::test_persistent_store_roundtrip ... ok
Test (macos-latest)	Run tests	2026-05-09T15:57:53.7325470Z
Test (macos-latest)	Run tests	2026-05-09T15:57:53.7325770Z test result: ok. 57 passed; 0 failed; 0 ignored; 0 measured; 0 filtered out; finished in 0.04s
Test (macos-latest)	Run tests	2026-05-09T15:57:53.7326130Z
Test (macos-latest)	Run tests	2026-05-09T15:57:53.7328330Z ^[[1m^[[92m     Running^[[0m `/Users/runner/work/router/router/target/debug/deps/link_assistant_router-fc7e400bf9a27a64`
Test (macos-latest)	Run tests	2026-05-09T15:57:53.7381190Z
Test (macos-latest)	Run tests	2026-05-09T15:57:53.7381760Z running 0 tests
Test (macos-latest)	Run tests	2026-05-09T15:57:53.7382050Z
Test (macos-latest)	Run tests	2026-05-09T15:57:53.7382400Z test result: ok. 0 passed; 0 failed; 0 ignored; 0 measured; 0 filtered out; finished in 0.00s
Test (macos-latest)	Run tests	2026-05-09T15:57:53.7385590Z ^[[1m^[[92m     Running^[[0m `/Users/runner/work/router/router/target/debug/deps/integration_test-7d16a36855ff8f2e`
Test (macos-latest)	Run tests	2026-05-09T15:57:53.7386600Z
Test (macos-latest)	Run tests	2026-05-09T15:57:53.7453390Z
Test (macos-latest)	Run tests	2026-05-09T15:57:53.7458990Z running 49 tests
Test (macos-latest)	Run tests	2026-05-09T15:57:53.7463360Z test activitypub_tests::collections_are_addressable_ordered_collections ... ok
Test (macos-latest)	Run tests	2026-05-09T15:57:53.7469560Z test activitypub_tests::actor_document_exposes_required_activitypub_fields ... ok
Test (macos-latest)	Run tests	2026-05-09T15:57:53.7502910Z test activitypub_tests::actor_context_includes_forgefed_and_fep_ef61_aliases ... ok
Test (macos-latest)	Run tests	2026-05-09T15:57:53.7512620Z test activitypub_tests::follow_activity_can_be_posted_to_problemsets_inbox ... ok
Test (macos-latest)	Run tests	2026-05-09T15:57:53.7514680Z test activitypub_tests::inbox_validation_rejects_objects_without_actor_or_attributed_to ... ok
Test (macos-latest)	Run tests	2026-05-09T15:57:53.7516210Z test api_format_tests::test_api_format_anthropic_parsing ... ok
Test (macos-latest)	Run tests	2026-05-09T15:57:53.7516600Z test api_format_tests::test_api_format_bedrock_parsing ... ok
Test (macos-latest)	Run tests	2026-05-09T15:57:53.7517030Z test api_format_tests::test_api_format_unknown ... ok
Test (macos-latest)	Run tests	2026-05-09T15:57:53.7517540Z test api_format_tests::test_api_format_vertex_parsing ... ok
Test (macos-latest)	Run tests	2026-05-09T15:57:53.7517950Z test cli_parser_tests::cli_parses_disable_flags ... ok
Test (macos-latest)	Run tests	2026-05-09T15:57:53.7518350Z test cli_parser_tests::cli_default_subcommand_is_none ... ok
Test (macos-latest)	Run tests	2026-05-09T15:57:53.7518690Z test cli_parser_tests::cli_parses_doctor_subcommand ... ok
Test (macos-latest)	Run tests	2026-05-09T15:57:53.7519040Z test config_verbose_tests::test_verbose_disabled ... ok
Test (macos-latest)	Run tests	2026-05-09T15:57:53.7519410Z test config_verbose_tests::test_verbose_enabled ... ok
Test (macos-latest)	Run tests	2026-05-09T15:57:53.7520160Z test metrics_rendering_tests::prometheus_output_contains_all_required_counters ... ok
Test (macos-latest)	Run tests	2026-05-09T15:57:53.7520760Z test metrics_rendering_tests::usage_snapshot_serialises_cleanly ... ok
Test (macos-latest)	Run tests	2026-05-09T15:57:53.7521600Z test mpp_tests::mpp_payment_authorization_is_not_treated_as_bearer_token ... ok
Test (macos-latest)	Run tests	2026-05-09T15:57:53.7522130Z test mpp_tests::openai_mpp_challenge_is_machine_readable_402 ... ok
Test (macos-latest)	Run tests	2026-05-09T15:57:53.7522520Z test cli_parser_tests::cli_parses_serve_subcommand ... ok
Test (macos-latest)	Run tests	2026-05-09T15:57:53.7522910Z test oauth_integration_tests::test_manual_token_set_and_get ... ok
Test (macos-latest)	Run tests	2026-05-09T15:57:53.7523350Z test oauth_integration_tests::test_missing_credentials_error ... ok
Test (macos-latest)	Run tests	2026-05-09T15:57:53.7523860Z test openai_translation_tests::anthropic_response_to_openai_chat_completion ... ok
Test (macos-latest)	Run tests	2026-05-09T15:57:53.7524390Z test openai_translation_tests::chat_completion_translates_system_and_user ... ok
Test (macos-latest)	Run tests	2026-05-09T15:57:53.7524830Z test openai_translation_tests::maps_openai_aliases_to_claude_models ... ok
Test (macos-latest)	Run tests	2026-05-09T15:57:53.7525510Z test oauth_integration_tests::test_credential_file_parsing ... ok
Test (macos-latest)	Run tests	2026-05-09T15:57:53.7525930Z test path_routing_tests::test_anthropic_count_tokens_path ... ok
Test (macos-latest)	Run tests	2026-05-09T15:57:53.7526370Z test openai_translation_tests::models_endpoint_includes_known_claude_ids ... ok
Test (macos-latest)	Run tests	2026-05-09T15:57:53.7526800Z test path_routing_tests::test_anthropic_messages_path ... ok
Test (macos-latest)	Run tests	2026-05-09T15:57:53.7527710Z test path_routing_tests::test_bedrock_invoke_path ... ok
Test (macos-latest)	Run tests	2026-05-09T15:57:53.7528090Z test path_routing_tests::test_bedrock_invoke_stream_path ... ok
Test (macos-latest)	Run tests	2026-05-09T15:57:53.7528500Z test path_routing_tests::test_legacy_prefix_root ... ok
Test (macos-latest)	Run tests	2026-05-09T15:57:53.7528840Z test path_routing_tests::test_legacy_prefix_stripped ... ok
Test (macos-latest)	Run tests	2026-05-09T15:57:53.7529210Z test path_routing_tests::test_legacy_prefix_with_nested_path ... ok
Test (macos-latest)	Run tests	2026-05-09T15:57:53.7529680Z test path_routing_tests::test_vertex_count_tokens_raw_predict_path ... ok
Test (macos-latest)	Run tests	2026-05-09T15:57:53.7530110Z test path_routing_tests::test_vertex_raw_predict_path ... ok
Test (macos-latest)	Run tests	2026-05-09T15:57:53.7530520Z test path_routing_tests::test_vertex_stream_raw_predict_path ... ok
Test (macos-latest)	Run tests	2026-05-09T15:57:53.7530960Z test required_headers_tests::test_required_headers_include_anthropic_beta ... ok
Test (macos-latest)	Run tests	2026-05-09T15:57:53.7531500Z test required_headers_tests::test_required_headers_include_anthropic_version ... ok
Test (macos-latest)	Run tests	2026-05-09T15:57:53.7532230Z test required_headers_tests::test_required_headers_include_session_id ... ok
Test (macos-latest)	Run tests	2026-05-09T15:57:53.7532980Z test cli_parser_tests::cli_parses_tokens_issue_with_label ... ok
Test (macos-latest)	Run tests	2026-05-09T15:57:53.7533600Z test support_docs_tests::akash_template_exposes_router_and_required_configuration ... ok
Test (macos-latest)	Run tests	2026-05-09T15:57:53.7534330Z test support_docs_tests::forgefed_docs_describe_public_actor_and_inbox ... ok
Test (macos-latest)	Run tests	2026-05-09T15:57:53.7534980Z test support_docs_tests::kubernetes_template_includes_deployment_service_and_health_probes ... ok
Test (macos-latest)	Run tests	2026-05-09T15:57:53.7535550Z test token_integration_tests::test_different_secrets_reject ... ok
Test (macos-latest)	Run tests	2026-05-09T15:57:53.7556320Z test token_integration_tests::test_revoke_then_reject ... ok
Test (macos-latest)	Run tests	2026-05-09T15:57:53.7557720Z ^[[1m^[[92m     Running^[[0m `/Users/runner/work/router/router/target/debug/deps/release_workflow_test-c23f7cec82b6fca8`
Test (macos-latest)	Run tests	2026-05-09T15:57:53.7558320Z test token_integration_tests::test_multiple_tokens_independent ... ok
Test (macos-latest)	Run tests	2026-05-09T15:57:53.7558760Z test token_integration_tests::test_token_roundtrip ... ok
Test (macos-latest)	Run tests	2026-05-09T15:57:53.7559140Z test version_tests::test_version_is_not_empty ... ok
Test (macos-latest)	Run tests	2026-05-09T15:57:53.7559470Z test version_tests::test_version_matches_cargo_toml ... ok
Test (macos-latest)	Run tests	2026-05-09T15:57:53.7559650Z
Test (macos-latest)	Run tests	2026-05-09T15:57:53.7559910Z test result: ok. 49 passed; 0 failed; 0 ignored; 0 measured; 0 filtered out; finished in 0.01s
Test (macos-latest)	Run tests	2026-05-09T15:57:53.7560190Z
Test (macos-latest)	Run tests	2026-05-09T15:57:53.7592970Z
Test (macos-latest)	Run tests	2026-05-09T15:57:53.7593340Z running 7 tests
Test (macos-latest)	Run tests	2026-05-09T15:57:53.7601070Z test dockerfile_builder_uses_supported_rust_toolchain ... ok
Test (macos-latest)	Run tests	2026-05-09T15:57:53.7601620Z test readme_exposes_release_status_badges ... ok
Test (macos-latest)	Run tests	2026-05-09T15:57:53.7606280Z test cargo_lock_package_version_matches_manifest ... ok
Test (macos-latest)	Run tests	2026-05-09T15:57:53.7608500Z test release_workflow_maps_crates_io_token_fallback_to_cargo_native_env ... ok
Test (macos-latest)	Run tests	2026-05-09T15:57:53.7610250Z test release_workflow_publishes_synced_docker_hub_image_after_crate ... ok
Test (macos-latest)	Run tests	2026-05-09T15:57:53.7612300Z test release_workflow_adds_crates_io_link_to_github_releases ... ok
Test (macos-latest)	Run tests	2026-05-09T15:57:53.7619960Z test release_scripts_check_all_release_artifacts ... ok
Test (macos-latest)	Run tests	2026-05-09T15:57:53.7620220Z
Test (macos-latest)	Run tests	2026-05-09T15:57:53.7620420Z test result: ok. 7 passed; 0 failed; 0 ignored; 0 measured; 0 filtered out; finished in 0.00s
Test (macos-latest)	Run tests	2026-05-09T15:57:53.7620750Z
Test (macos-latest)	Run tests	2026-05-09T15:57:53.7623110Z ^[[1m^[[92m   Doc-tests^[[0m link_assistant_router
Test (macos-latest)	Run tests	2026-05-09T15:57:53.7635820Z ^[[1m^[[92m     Running^[[0m `/Users/runner/.rustup/toolchains/stable-aarch64-apple-darwin/bin/rustdoc --edition=2021 --crate-type lib --color always --crate-name link_assistant_router --test src/lib.rs --test-run-directory /Users/runner/work/router/router -L native=/Users/runner/work/router/router/target/debug/build/ring-516cfdbb72f3226a/out '--warn=clippy::pedantic' '--warn=clippy::nursery' '--warn=clippy::all' --forbid=unsafe_code '--allow=clippy::too_many_lines' '--allow=clippy::module_name_repetitions' '--allow=clippy::missing_panics_doc' '--allow=clippy::missing_errors_doc' --extern async_trait=/Users/runner/work/router/router/target/debug/deps/libasync_trait-bfb9792e80f79fd8.dylib --extern axum=/Users/runner/work/router/router/target/debug/deps/libaxum-ed9594439847a32a.rlib --extern base64=/Users/runner/work/router/router/target/debug/deps/libbase64-e6ccf7ceb64fea1e.rlib --extern bytes=/Users/runner/work/router/router/target/debug/deps/libbytes-a08a8352237a73c3.rlib --extern chrono=/Users/runner/work/router/router/target/debug/deps/libchrono-f5991784c06a6364.rlib --extern clap=/Users/runner/work/router/router/target/debug/deps/libclap-5d9954d5041995aa.rlib --extern futures_util=/Users/runner/work/router/router/target/debug/deps/libfutures_util-0d5d29bb1f9ccda7.rlib --extern hex=/Users/runner/work/router/router/target/debug/deps/libhex-096359349d8a5915.rlib --extern http=/Users/runner/work/router/router/target/debug/deps/libhttp-62239d9c87604874.rlib --extern http_body_util=/Users/runner/work/router/router/target/debug/deps/libhttp_body_util-8174f03327eff90e.rlib --extern hyper=/Users/runner/work/router/router/target/debug/deps/libhyper-6071e85a5970d3e2.rlib --extern hyper_util=/Users/runner/work/router/router/target/debug/deps/libhyper_util-7cd5f032ea048d58.rlib --extern jsonwebtoken=/Users/runner/work/router/router/target/debug/deps/libjsonwebtoken-cdc30ad1722088e6.rlib --extern link_assistant_router=/Users/runner/work/router/router/target/debug/deps/liblink_assistant_router-8cc9581ffc6e837e.rlib --extern lino_arguments=/Users/runner/work/router/router/target/debug/deps/liblino_arguments-a954d43f88b80ae3.rlib --extern log_lazy=/Users/runner/work/router/router/target/debug/deps/liblog_lazy-9c0e73828ed29927.rlib --extern reqwest=/Users/runner/work/router/router/target/debug/deps/libreqwest-1c7387e1d2b3c255.rlib --extern serde=/Users/runner/work/router/router/target/debug/deps/libserde-5ddc369422a1614b.rlib --extern serde_json=/Users/runner/work/router/router/target/debug/deps/libserde_json-b9005a21b2ee569f.rlib --extern sha2=/Users/runner/work/router/router/target/debug/deps/libsha2-7e73485e6a075ce9.rlib --extern tempfile=/Users/runner/work/router/router/target/debug/deps/libtempfile-3e70450e40360d58.rlib --extern tokio=/Users/runner/work/router/router/target/debug/deps/libtokio-6134fd0aeb77e455.rlib --extern tokio_test=/Users/runner/work/router/router/target/debug/deps/libtokio_test-47d63cb70db64e46.rlib --extern tower=/Users/runner/work/router/router/target/debug/deps/libtower-53a4f4b06c4aae36.rlib --extern tower_http=/Users/runner/work/router/router/target/debug/deps/libtower_http-4172bcf1ce26407a.rlib --extern tracing=/Users/runner/work/router/router/target/debug/deps/libtracing-5718b225f6f624d2.rlib --extern tracing_subscriber=/Users/runner/work/router/router/target/debug/deps/libtracing_subscriber-9c5ce7a5bb29bc6e.rlib --extern uuid=/Users/runner/work/router/router/target/debug/deps/libuuid-468874a6717d7e4b.rlib -L dependency=/Users/runner/work/router/router/target/debug/deps -C embed-bitcode=no --check-cfg 'cfg(docsrs,test)' --check-cfg 'cfg(feature, values())' --error-format human`
Test (macos-latest)	Run tests	2026-05-09T15:57:53.9643520Z
Test (macos-latest)	Run tests	2026-05-09T15:57:53.9644050Z running 0 tests
Test (macos-latest)	Run tests	2026-05-09T15:57:53.9644400Z
Test (macos-latest)	Run tests	2026-05-09T15:57:53.9648370Z test result: ok. 0 passed; 0 failed; 0 ignored; 0 measured; 0 filtered out; finished in 0.00s
Test (macos-latest)	Run tests	2026-05-09T15:57:53.9648780Z
Test (macos-latest)	Run doc tests	﻿2026-05-09T15:57:53.9763920Z ##[group]Run cargo test --doc --verbose
Test (macos-latest)	Run doc tests	2026-05-09T15:57:53.9764540Z ^[[36;1mcargo test --doc --verbose^[[0m
Test (macos-latest)	Run doc tests	2026-05-09T15:57:53.9811840Z shell: /bin/bash -e {0}
Test (macos-latest)	Run doc tests	2026-05-09T15:57:53.9812180Z env:
Test (macos-latest)	Run doc tests	2026-05-09T15:57:53.9812370Z   CARGO_TERM_COLOR: always
Test (macos-latest)	Run doc tests	2026-05-09T15:57:53.9812610Z   RUSTFLAGS: -Dwarnings
Test (macos-latest)	Run doc tests	2026-05-09T15:57:53.9814340Z   CARGO_REGISTRY_TOKEN: ***
Test (macos-latest)	Run doc tests	2026-05-09T15:57:53.9814610Z   DOCKERHUB_IMAGE: konard/link-assistant-router
Test (macos-latest)	Run doc tests	2026-05-09T15:57:53.9814960Z   CARGO_HOME: /Users/runner/.cargo
Test (macos-latest)	Run doc tests	2026-05-09T15:57:53.9815250Z   CARGO_INCREMENTAL: 0
Test (macos-latest)	Run doc tests	2026-05-09T15:57:53.9815450Z ##[endgroup]
Test (macos-latest)	Run doc tests	2026-05-09T15:57:54.7838690Z ^[[1m^[[92m       Fresh^[[0m unicode-ident v1.0.22
Test (macos-latest)	Run doc tests	2026-05-09T15:57:54.7842860Z ^[[1m^[[92m       Fresh^[[0m proc-macro2 v1.0.103
Test (macos-latest)	Run doc tests	2026-05-09T15:57:54.7847420Z ^[[1m^[[92m       Fresh^[[0m quote v1.0.42
Test (macos-latest)	Run doc tests	2026-05-09T15:57:54.7847880Z ^[[1m^[[92m       Fresh^[[0m pin-project-lite v0.2.16
Test (macos-latest)	Run doc tests	2026-05-09T15:57:54.7848280Z ^[[1m^[[92m       Fresh^[[0m syn v2.0.111
Test (macos-latest)	Run doc tests	2026-05-09T15:57:54.7848970Z ^[[1m^[[92m       Fresh^[[0m libc v0.2.183
Test (macos-latest)	Run doc tests	2026-05-09T15:57:54.7849670Z ^[[1m^[[92m       Fresh^[[0m itoa v1.0.17
Test (macos-latest)	Run doc tests	2026-05-09T15:57:54.7850520Z ^[[1m^[[92m       Fresh^[[0m errno v0.3.14
Test (macos-latest)	Run doc tests	2026-05-09T15:57:54.7850980Z ^[[1m^[[92m       Fresh^[[0m synstructure v0.13.2
Test (macos-latest)	Run doc tests	2026-05-09T15:57:54.7851390Z ^[[1m^[[92m       Fresh^[[0m once_cell v1.21.4
Test (macos-latest)	Run doc tests	2026-05-09T15:57:54.7851950Z ^[[1m^[[92m       Fresh^[[0m futures-core v0.3.32
Test (macos-latest)	Run doc tests	2026-05-09T15:57:54.7944950Z ^[[1m^[[92m       Fresh^[[0m bytes v1.11.0
Test (macos-latest)	Run doc tests	2026-05-09T15:57:54.7998380Z ^[[1m^[[92m       Fresh^[[0m zerofrom-derive v0.1.6
Test (macos-latest)	Run doc tests	2026-05-09T15:57:54.7999780Z ^[[1m^[[92m       Fresh^[[0m zerofrom v0.1.6
Test (macos-latest)	Run doc tests	2026-05-09T15:57:54.8002120Z ^[[1m^[[92m       Fresh^[[0m yoke-derive v0.8.1
Test (macos-latest)	Run doc tests	2026-05-09T15:57:54.8003440Z ^[[1m^[[92m       Fresh^[[0m stable_deref_trait v1.2.1
Test (macos-latest)	Run doc tests	2026-05-09T15:57:54.8006430Z ^[[1m^[[92m       Fresh^[[0m cfg-if v1.0.4
Test (macos-latest)	Run doc tests	2026-05-09T15:57:54.8006930Z ^[[1m^[[92m       Fresh^[[0m core-foundation-sys v0.8.7
Test (macos-latest)	Run doc tests	2026-05-09T15:57:54.8007480Z ^[[1m^[[92m       Fresh^[[0m yoke v0.8.1
Test (macos-latest)	Run doc tests	2026-05-09T15:57:54.8008270Z ^[[1m^[[92m       Fresh^[[0m tracing-core v0.1.36
Test (macos-latest)	Run doc tests	2026-05-09T15:57:54.8009640Z ^[[1m^[[92m       Fresh^[[0m signal-hook-registry v1.4.8
Test (macos-latest)	Run doc tests	2026-05-09T15:57:54.8011150Z ^[[1m^[[92m       Fresh^[[0m mio v1.1.1
Test (macos-latest)	Run doc tests	2026-05-09T15:57:54.8033100Z ^[[1m^[[92m       Fresh^[[0m socket2 v0.6.3
Test (macos-latest)	Run doc tests	2026-05-09T15:57:54.8038950Z ^[[1m^[[92m       Fresh^[[0m tokio-macros v2.6.0
Test (macos-latest)	Run doc tests	2026-05-09T15:57:54.8044260Z ^[[1m^[[92m       Fresh^[[0m tokio v1.48.0
Test (macos-latest)	Run doc tests	2026-05-09T15:57:54.8092950Z ^[[1m^[[92m       Fresh^[[0m zerovec-derive v0.11.2
Test (macos-latest)	Run doc tests	2026-05-09T15:57:54.8101720Z ^[[1m^[[92m       Fresh^[[0m log v0.4.29
Test (macos-latest)	Run doc tests	2026-05-09T15:57:54.8162330Z ^[[1m^[[92m       Fresh^[[0m zerovec v0.11.5
Test (macos-latest)	Run doc tests	2026-05-09T15:57:54.8162860Z ^[[1m^[[92m       Fresh^[[0m serde_core v1.0.228
Test (macos-latest)	Run doc tests	2026-05-09T15:57:54.8163420Z ^[[1m^[[92m       Fresh^[[0m tracing-attributes v0.1.31
Test (macos-latest)	Run doc tests	2026-05-09T15:57:54.8163830Z ^[[1m^[[92m       Fresh^[[0m displaydoc v0.2.5
Test (macos-latest)	Run doc tests	2026-05-09T15:57:54.8164220Z ^[[1m^[[92m       Fresh^[[0m bitflags v2.11.0
Test (macos-latest)	Run doc tests	2026-05-09T15:57:54.8164610Z ^[[1m^[[92m       Fresh^[[0m tracing v0.1.44
Test (macos-latest)	Run doc tests	2026-05-09T15:57:54.8164970Z ^[[1m^[[92m       Fresh^[[0m http v1.4.0
Test (macos-latest)	Run doc tests	2026-05-09T15:57:54.8165380Z ^[[1m^[[92m       Fresh^[[0m smallvec v1.15.1
Test (macos-latest)	Run doc tests	2026-05-09T15:57:54.8165750Z ^[[1m^[[92m       Fresh^[[0m serde_derive v1.0.228
Test (macos-latest)	Run doc tests	2026-05-09T15:57:54.8166140Z ^[[1m^[[92m       Fresh^[[0m slab v0.4.12
Test (macos-latest)	Run doc tests	2026-05-09T15:57:54.8166470Z ^[[1m^[[92m       Fresh^[[0m serde v1.0.228
Test (macos-latest)	Run doc tests	2026-05-09T15:57:54.8166810Z ^[[1m^[[92m       Fresh^[[0m http-body v1.0.1
Test (macos-latest)	Run doc tests	2026-05-09T15:57:54.8167210Z ^[[1m^[[92m       Fresh^[[0m tinystr v0.8.2
Test (macos-latest)	Run doc tests	2026-05-09T15:57:54.8167590Z ^[[1m^[[92m       Fresh^[[0m autocfg v1.5.0
Test (macos-latest)	Run doc tests	2026-05-09T15:57:54.8167920Z ^[[1m^[[92m       Fresh^[[0m writeable v0.6.2
Test (macos-latest)	Run doc tests	2026-05-09T15:57:54.8178240Z ^[[1m^[[92m       Fresh^[[0m litemap v0.8.1
Test (macos-latest)	Run doc tests	2026-05-09T15:57:54.8180320Z ^[[1m^[[92m       Fresh^[[0m icu_locale_core v2.1.1
Test (macos-latest)	Run doc tests	2026-05-09T15:57:54.8182800Z ^[[1m^[[92m       Fresh^[[0m zerotrie v0.2.3
Test (macos-latest)	Run doc tests	2026-05-09T15:57:54.8184190Z ^[[1m^[[92m       Fresh^[[0m potential_utf v0.1.4
Test (macos-latest)	Run doc tests	2026-05-09T15:57:54.8185150Z ^[[1m^[[92m       Fresh^[[0m futures-macro v0.3.32
Test (macos-latest)	Run doc tests	2026-05-09T15:57:54.8186820Z ^[[1m^[[92m       Fresh^[[0m version_check v0.9.5
Test (macos-latest)	Run doc tests	2026-05-09T15:57:54.8190860Z ^[[1m^[[92m       Fresh^[[0m futures-task v0.3.32
Test (macos-latest)	Run doc tests	2026-05-09T15:57:54.8192060Z ^[[1m^[[92m       Fresh^[[0m futures-sink v0.3.32
Test (macos-latest)	Run doc tests	2026-05-09T15:57:54.8193290Z ^[[1m^[[92m       Fresh^[[0m percent-encoding v2.3.2
Test (macos-latest)	Run doc tests	2026-05-09T15:57:54.8193740Z ^[[1m^[[92m       Fresh^[[0m hashbrown v0.16.1
Test (macos-latest)	Run doc tests	2026-05-09T15:57:54.8194070Z ^[[1m^[[92m       Fresh^[[0m equivalent v1.0.2
Test (macos-latest)	Run doc tests	2026-05-09T15:57:54.8194890Z ^[[1m^[[92m       Fresh^[[0m tower-service v0.3.3
Test (macos-latest)	Run doc tests	2026-05-09T15:57:54.8195280Z ^[[1m^[[92m       Fresh^[[0m indexmap v2.13.0
Test (macos-latest)	Run doc tests	2026-05-09T15:57:54.8195620Z ^[[1m^[[92m       Fresh^[[0m futures-util v0.3.32
Test (macos-latest)	Run doc tests	2026-05-09T15:57:54.8196360Z ^[[1m^[[92m       Fresh^[[0m tokio-util v0.7.18
Test (macos-latest)	Run doc tests	2026-05-09T15:57:54.8196730Z ^[[1m^[[92m       Fresh^[[0m icu_collections v2.1.1
Test (macos-latest)	Run doc tests	2026-05-09T15:57:54.8197120Z ^[[1m^[[92m       Fresh^[[0m icu_provider v2.1.1
Test (macos-latest)	Run doc tests	2026-05-09T15:57:54.8197480Z ^[[1m^[[92m       Fresh^[[0m getrandom v0.4.2
Test (macos-latest)	Run doc tests	2026-05-09T15:57:54.8197790Z ^[[1m^[[92m       Fresh^[[0m base64 v0.22.1
Test (macos-latest)	Run doc tests	2026-05-09T15:57:54.8198400Z ^[[1m^[[92m       Fresh^[[0m try-lock v0.2.5
Test (macos-latest)	Run doc tests	2026-05-09T15:57:54.8205530Z ^[[1m^[[92m       Fresh^[[0m atomic-waker v1.1.2
Test (macos-latest)	Run doc tests	2026-05-09T15:57:54.8205930Z ^[[1m^[[92m       Fresh^[[0m fnv v1.0.7
Test (macos-latest)	Run doc tests	2026-05-09T15:57:54.8206210Z ^[[1m^[[92m       Fresh^[[0m want v0.3.1
Test (macos-latest)	Run doc tests	2026-05-09T15:57:54.8206530Z ^[[1m^[[92m       Fresh^[[0m h2 v0.4.13
Test (macos-latest)	Run doc tests	2026-05-09T15:57:54.8206860Z ^[[1m^[[92m       Fresh^[[0m num-traits v0.2.19
Test (macos-latest)	Run doc tests	2026-05-09T15:57:54.8207250Z ^[[1m^[[92m       Fresh^[[0m icu_normalizer_data v2.1.1
Test (macos-latest)	Run doc tests	2026-05-09T15:57:54.8207670Z ^[[1m^[[92m       Fresh^[[0m icu_properties_data v2.1.2
Test (macos-latest)	Run doc tests	2026-05-09T15:57:54.8208100Z ^[[1m^[[92m       Fresh^[[0m system-configuration-sys v0.6.0
Test (macos-latest)	Run doc tests	2026-05-09T15:57:54.8208450Z ^[[1m^[[92m       Fresh^[[0m zmij v1.0.21
Test (macos-latest)	Run doc tests	2026-05-09T15:57:54.8208770Z ^[[1m^[[92m       Fresh^[[0m httparse v1.10.1
Test (macos-latest)	Run doc tests	2026-05-09T15:57:54.8209140Z ^[[1m^[[92m       Fresh^[[0m rustix v1.1.4
Test (macos-latest)	Run doc tests	2026-05-09T15:57:54.8209490Z ^[[1m^[[92m       Fresh^[[0m core-foundation v0.10.1
Test (macos-latest)	Run doc tests	2026-05-09T15:57:54.8209880Z ^[[1m^[[92m       Fresh^[[0m core-foundation v0.9.4
Test (macos-latest)	Run doc tests	2026-05-09T15:57:54.8210290Z ^[[1m^[[92m       Fresh^[[0m security-framework-sys v2.17.0
Test (macos-latest)	Run doc tests	2026-05-09T15:57:54.8210650Z ^[[1m^[[92m       Fresh^[[0m futures-channel v0.3.32
Test (macos-latest)	Run doc tests	2026-05-09T15:57:54.8210970Z ^[[1m^[[92m       Fresh^[[0m sync_wrapper v1.0.2
Test (macos-latest)	Run doc tests	2026-05-09T15:57:54.8211320Z ^[[1m^[[92m       Fresh^[[0m pin-utils v0.1.0
Test (macos-latest)	Run doc tests	2026-05-09T15:57:54.8211670Z ^[[1m^[[92m       Fresh^[[0m memchr v2.8.0
Test (macos-latest)	Run doc tests	2026-05-09T15:57:54.8212050Z ^[[1m^[[92m       Fresh^[[0m fastrand v2.3.0
Test (macos-latest)	Run doc tests	2026-05-09T15:57:54.8212450Z ^[[1m^[[92m       Fresh^[[0m find-msvc-tools v0.1.9
Test (macos-latest)	Run doc tests	2026-05-09T15:57:54.8212810Z ^[[1m^[[92m       Fresh^[[0m utf8parse v0.2.2
Test (macos-latest)	Run doc tests	2026-05-09T15:57:54.8213120Z ^[[1m^[[92m       Fresh^[[0m shlex v1.3.0
Test (macos-latest)	Run doc tests	2026-05-09T15:57:54.8214030Z ^[[1m^[[92m       Fresh^[[0m httpdate v1.0.3
Test (macos-latest)	Run doc tests	2026-05-09T15:57:54.8214410Z ^[[1m^[[92m       Fresh^[[0m typenum v1.20.0
Test (macos-latest)	Run doc tests	2026-05-09T15:57:54.8214760Z ^[[1m^[[92m       Fresh^[[0m tower-layer v0.3.3
Test (macos-latest)	Run doc tests	2026-05-09T15:57:54.8215110Z ^[[1m^[[92m       Fresh^[[0m hyper v1.8.1
Test (macos-latest)	Run doc tests	2026-05-09T15:57:54.8215900Z ^[[1m^[[92m       Fresh^[[0m generic-array v0.14.7
Test (macos-latest)	Run doc tests	2026-05-09T15:57:54.8216240Z ^[[1m^[[92m       Fresh^[[0m anstyle-parse v0.2.7
Test (macos-latest)	Run doc tests	2026-05-09T15:57:54.8216580Z ^[[1m^[[92m       Fresh^[[0m cc v1.2.57
Test (macos-latest)	Run doc tests	2026-05-09T15:57:54.8216970Z ^[[1m^[[92m       Fresh^[[0m tempfile v3.27.0
Test (macos-latest)	Run doc tests	2026-05-09T15:57:54.8217820Z ^[[1m^[[92m       Fresh^[[0m serde_json v1.0.149
Test (macos-latest)	Run doc tests	2026-05-09T15:57:54.8218230Z ^[[1m^[[92m       Fresh^[[0m system-configuration v0.7.0
Test (macos-latest)	Run doc tests	2026-05-09T15:57:54.8218590Z ^[[1m^[[92m       Fresh^[[0m security-framework v3.7.0
Test (macos-latest)	Run doc tests	2026-05-09T15:57:54.8218980Z ^[[1m^[[92m       Fresh^[[0m icu_properties v2.1.2
Test (macos-latest)	Run doc tests	2026-05-09T15:57:54.8219910Z ^[[1m^[[92m       Fresh^[[0m icu_normalizer v2.1.1
Test (macos-latest)	Run doc tests	2026-05-09T15:57:54.8220490Z ^[[1m^[[92m       Fresh^[[0m form_urlencoded v1.2.2
Test (macos-latest)	Run doc tests	2026-05-09T15:57:54.8221140Z ^[[1m^[[92m       Fresh^[[0m http-body-util v0.1.3
Test (macos-latest)	Run doc tests	2026-05-09T15:57:54.8221520Z ^[[1m^[[92m       Fresh^[[0m anstyle v1.0.14
Test (macos-latest)	Run doc tests	2026-05-09T15:57:54.8221820Z ^[[1m^[[92m       Fresh^[[0m num-conv v0.2.0
Test (macos-latest)	Run doc tests	2026-05-09T15:57:54.8222130Z ^[[1m^[[92m       Fresh^[[0m anstyle-query v1.1.5
Test (macos-latest)	Run doc tests	2026-05-09T15:57:54.8222500Z ^[[1m^[[92m       Fresh^[[0m colorchoice v1.0.5
Test (macos-latest)	Run doc tests	2026-05-09T15:57:54.8223250Z ^[[1m^[[92m       Fresh^[[0m powerfmt v0.2.0
Test (macos-latest)	Run doc tests	2026-05-09T15:57:54.8223970Z ^[[1m^[[92m       Fresh^[[0m ipnet v2.12.0
Test (macos-latest)	Run doc tests	2026-05-09T15:57:54.8224270Z ^[[1m^[[92m       Fresh^[[0m time-core v0.1.8
Test (macos-latest)	Run doc tests	2026-05-09T15:57:54.8224620Z ^[[1m^[[92m       Fresh^[[0m is_terminal_polyfill v1.70.2
Test (macos-latest)	Run doc tests	2026-05-09T15:57:54.8224970Z ^[[1m^[[92m       Fresh^[[0m hyper-util v0.1.20
Test (macos-latest)	Run doc tests	2026-05-09T15:57:54.8225270Z ^[[1m^[[92m       Fresh^[[0m anstream v0.6.21
Test (macos-latest)	Run doc tests	2026-05-09T15:57:54.8225630Z ^[[1m^[[92m       Fresh^[[0m time-macros v0.2.27
Test (macos-latest)	Run doc tests	2026-05-09T15:57:54.8225930Z ^[[1m^[[92m       Fresh^[[0m deranged v0.5.8
Test (macos-latest)	Run doc tests	2026-05-09T15:57:54.8228690Z ^[[1m^[[92m       Fresh^[[0m idna_adapter v1.2.1
Test (macos-latest)	Run doc tests	2026-05-09T15:57:54.8229860Z ^[[1m^[[92m       Fresh^[[0m native-tls v0.2.18
Test (macos-latest)	Run doc tests	2026-05-09T15:57:54.8230220Z ^[[1m^[[92m       Fresh^[[0m tower v0.5.3
Test (macos-latest)	Run doc tests	2026-05-09T15:57:54.8230540Z ^[[1m^[[92m       Fresh^[[0m num-integer v0.1.46
Test (macos-latest)	Run doc tests	2026-05-09T15:57:54.8231070Z ^[[1m^[[92m       Fresh^[[0m thiserror-impl v2.0.18
Test (macos-latest)	Run doc tests	2026-05-09T15:57:54.8231440Z ^[[1m^[[92m       Fresh^[[0m ryu v1.0.23
Test (macos-latest)	Run doc tests	2026-05-09T15:57:54.8231770Z ^[[1m^[[92m       Fresh^[[0m mime v0.3.17
Test (macos-latest)	Run doc tests	2026-05-09T15:57:54.8232100Z ^[[1m^[[92m       Fresh^[[0m heck v0.5.0
Test (macos-latest)	Run doc tests	2026-05-09T15:57:54.8232380Z ^[[1m^[[92m       Fresh^[[0m strsim v0.11.1
Test (macos-latest)	Run doc tests	2026-05-09T15:57:54.8232690Z ^[[1m^[[92m       Fresh^[[0m dtor-proc-macro v0.0.5
Test (macos-latest)	Run doc tests	2026-05-09T15:57:54.8233010Z ^[[1m^[[92m       Fresh^[[0m clap_lex v1.1.0
Test (macos-latest)	Run doc tests	2026-05-09T15:57:54.8233320Z ^[[1m^[[92m       Fresh^[[0m regex-syntax v0.8.10
Test (macos-latest)	Run doc tests	2026-05-09T15:57:54.8233650Z ^[[1m^[[92m       Fresh^[[0m utf8_iter v1.0.4
Test (macos-latest)	Run doc tests	2026-05-09T15:57:54.8233960Z ^[[1m^[[92m       Fresh^[[0m regex-automata v0.4.14
Test (macos-latest)	Run doc tests	2026-05-09T15:57:54.8234270Z ^[[1m^[[92m       Fresh^[[0m idna v1.1.0
Test (macos-latest)	Run doc tests	2026-05-09T15:57:54.8234610Z ^[[1m^[[92m       Fresh^[[0m clap_builder v4.5.60
Test (macos-latest)	Run doc tests	2026-05-09T15:57:54.8234970Z ^[[1m^[[92m       Fresh^[[0m clap_derive v4.5.55
Test (macos-latest)	Run doc tests	2026-05-09T15:57:54.8235310Z ^[[1m^[[92m       Fresh^[[0m dtor v0.0.6
Test (macos-latest)	Run doc tests	2026-05-09T15:57:54.8235830Z ^[[1m^[[92m       Fresh^[[0m serde_urlencoded v0.7.1
Test (macos-latest)	Run doc tests	2026-05-09T15:57:54.8236190Z ^[[1m^[[92m       Fresh^[[0m num-bigint v0.4.6
Test (macos-latest)	Run doc tests	2026-05-09T15:57:54.8236510Z ^[[1m^[[92m       Fresh^[[0m thiserror v2.0.18
Test (macos-latest)	Run doc tests	2026-05-09T15:57:54.8236830Z ^[[1m^[[92m       Fresh^[[0m tokio-native-tls v0.3.1
Test (macos-latest)	Run doc tests	2026-05-09T15:57:54.8237140Z ^[[1m^[[92m       Fresh^[[0m time v0.3.47
Test (macos-latest)	Run doc tests	2026-05-09T15:57:54.8237460Z ^[[1m^[[92m       Fresh^[[0m block-buffer v0.10.4
Test (macos-latest)	Run doc tests	2026-05-09T15:57:54.8237800Z ^[[1m^[[92m       Fresh^[[0m crypto-common v0.1.7
Test (macos-latest)	Run doc tests	2026-05-09T15:57:54.8238180Z ^[[1m^[[92m       Fresh^[[0m getrandom v0.2.17
Test (macos-latest)	Run doc tests	2026-05-09T15:57:54.8238510Z ^[[1m^[[92m       Fresh^[[0m thiserror-impl v1.0.69
Test (macos-latest)	Run doc tests	2026-05-09T15:57:54.8238840Z ^[[1m^[[92m       Fresh^[[0m ctor-proc-macro v0.0.6
Test (macos-latest)	Run doc tests	2026-05-09T15:57:54.8239140Z ^[[1m^[[92m       Fresh^[[0m zeroize v1.8.2
Test (macos-latest)	Run doc tests	2026-05-09T15:57:54.8239450Z ^[[1m^[[92m       Fresh^[[0m untrusted v0.9.0
Test (macos-latest)	Run doc tests	2026-05-09T15:57:54.8239770Z ^[[1m^[[92m       Fresh^[[0m iri-string v0.7.10
Test (macos-latest)	Run doc tests	2026-05-09T15:57:54.8240070Z ^[[1m^[[92m       Fresh^[[0m lazy_static v1.5.0
Test (macos-latest)	Run doc tests	2026-05-09T15:57:54.8240370Z ^[[1m^[[92m       Fresh^[[0m tower-http v0.6.8
Test (macos-latest)	Run doc tests	2026-05-09T15:57:54.8240690Z ^[[1m^[[92m       Fresh^[[0m sharded-slab v0.1.7
Test (macos-latest)	Run doc tests	2026-05-09T15:57:54.8241070Z ^[[1m^[[92m       Fresh^[[0m ring v0.17.14
Test (macos-latest)	Run doc tests	2026-05-09T15:57:54.8241400Z ^[[1m^[[92m       Fresh^[[0m thiserror v1.0.69
Test (macos-latest)	Run doc tests	2026-05-09T15:57:54.8241810Z ^[[1m^[[92m       Fresh^[[0m rustls-pki-types v1.14.0
Test (macos-latest)	Run doc tests	2026-05-09T15:57:54.8242660Z ^[[1m^[[92m       Fresh^[[0m ctor v0.4.3
Test (macos-latest)	Run doc tests	2026-05-09T15:57:54.8244260Z ^[[1m^[[92m       Fresh^[[0m digest v0.10.7
Test (macos-latest)	Run doc tests	2026-05-09T15:57:54.8245230Z ^[[1m^[[92m       Fresh^[[0m simple_asn1 v0.6.4
Test (macos-latest)	Run doc tests	2026-05-09T15:57:54.8246230Z ^[[1m^[[92m       Fresh^[[0m hyper-tls v0.6.0
Test (macos-latest)	Run doc tests	2026-05-09T15:57:54.8247240Z ^[[1m^[[92m       Fresh^[[0m clap v4.5.60
Test (macos-latest)	Run doc tests	2026-05-09T15:57:54.8247610Z ^[[1m^[[92m       Fresh^[[0m url v2.5.8
Test (macos-latest)	Run doc tests	2026-05-09T15:57:54.8248890Z ^[[1m^[[92m       Fresh^[[0m matchers v0.2.0
Test (macos-latest)	Run doc tests	2026-05-09T15:57:54.8249440Z ^[[1m^[[92m       Fresh^[[0m axum-core v0.5.6
Test (macos-latest)	Run doc tests	2026-05-09T15:57:54.8249810Z ^[[1m^[[92m       Fresh^[[0m pem v3.0.6
Test (macos-latest)	Run doc tests	2026-05-09T15:57:54.8250120Z ^[[1m^[[92m       Fresh^[[0m tracing-serde v0.2.0
Test (macos-latest)	Run doc tests	2026-05-09T15:57:54.8250440Z ^[[1m^[[92m       Fresh^[[0m tracing-log v0.2.0
Test (macos-latest)	Run doc tests	2026-05-09T15:57:54.8251280Z ^[[1m^[[92m       Fresh^[[0m serde_path_to_error v0.1.20
Test (macos-latest)	Run doc tests	2026-05-09T15:57:54.8251700Z ^[[1m^[[92m       Fresh^[[0m encoding_rs v0.8.35
Test (macos-latest)	Run doc tests	2026-05-09T15:57:54.8252100Z ^[[1m^[[92m       Fresh^[[0m thread_local v1.1.9
Test (macos-latest)	Run doc tests	2026-05-09T15:57:54.8265340Z ^[[1m^[[92m       Fresh^[[0m iana-time-zone v0.1.65
Test (macos-latest)	Run doc tests	2026-05-09T15:57:54.8302190Z ^[[1m^[[92m       Fresh^[[0m cpufeatures v0.2.17
Test (macos-latest)	Run doc tests	2026-05-09T15:57:54.8315240Z ^[[1m^[[92m       Fresh^[[0m axum-macros v0.5.0
Test (macos-latest)	Run doc tests	2026-05-09T15:57:54.8317070Z ^[[1m^[[92m       Fresh^[[0m async-stream-impl v0.3.6
Test (macos-latest)	Run doc tests	2026-05-09T15:57:54.8317480Z ^[[1m^[[92m       Fresh^[[0m nu-ansi-term v0.50.3
Test (macos-latest)	Run doc tests	2026-05-09T15:57:54.8317890Z ^[[1m^[[92m       Fresh^[[0m matchit v0.8.4
Test (macos-latest)	Run doc tests	2026-05-09T15:57:54.8318230Z ^[[1m^[[92m       Fresh^[[0m dotenvy v0.15.7
Test (macos-latest)	Run doc tests	2026-05-09T15:57:54.8318560Z ^[[1m^[[92m       Fresh^[[0m lino-env v0.1.0
Test (macos-latest)	Run doc tests	2026-05-09T15:57:54.8318860Z ^[[1m^[[92m       Fresh^[[0m axum v0.8.8
Test (macos-latest)	Run doc tests	2026-05-09T15:57:54.8319200Z ^[[1m^[[92m       Fresh^[[0m lino-arguments v0.3.0
Test (macos-latest)	Run doc tests	2026-05-09T15:57:54.8319540Z ^[[1m^[[92m       Fresh^[[0m tracing-subscriber v0.3.23
Test (macos-latest)	Run doc tests	2026-05-09T15:57:54.8319910Z ^[[1m^[[92m       Fresh^[[0m async-stream v0.3.6
Test (macos-latest)	Run doc tests	2026-05-09T15:57:54.8320660Z ^[[1m^[[92m       Fresh^[[0m chrono v0.4.44
Test (macos-latest)	Run doc tests	2026-05-09T15:57:54.8321000Z ^[[1m^[[92m       Fresh^[[0m sha2 v0.10.9
Test (macos-latest)	Run doc tests	2026-05-09T15:57:54.8321310Z ^[[1m^[[92m       Fresh^[[0m reqwest v0.12.28
Test (macos-latest)	Run doc tests	2026-05-09T15:57:54.8321600Z ^[[1m^[[92m       Fresh^[[0m jsonwebtoken v9.3.1
Test (macos-latest)	Run doc tests	2026-05-09T15:57:54.8321920Z ^[[1m^[[92m       Fresh^[[0m uuid v1.22.0
Test (macos-latest)	Run doc tests	2026-05-09T15:57:54.8322210Z ^[[1m^[[92m       Fresh^[[0m tokio-stream v0.1.17
Test (macos-latest)	Run doc tests	2026-05-09T15:57:54.8322570Z ^[[1m^[[92m       Fresh^[[0m async-trait v0.1.89
Test (macos-latest)	Run doc tests	2026-05-09T15:57:54.8322860Z ^[[1m^[[92m       Fresh^[[0m hex v0.4.3
Test (macos-latest)	Run doc tests	2026-05-09T15:57:54.8323140Z ^[[1m^[[92m       Fresh^[[0m log-lazy v0.1.0
Test (macos-latest)	Run doc tests	2026-05-09T15:57:54.8323430Z ^[[1m^[[92m       Fresh^[[0m tokio-test v0.4.4
Test (macos-latest)	Run doc tests	2026-05-09T15:57:54.8323870Z ^[[1m^[[92m       Fresh^[[0m link-assistant-router v0.13.0 (/Users/runner/work/router/router)
Test (macos-latest)	Run doc tests	2026-05-09T15:57:54.8324580Z ^[[1m^[[92m    Finished^[[0m `test` profile [unoptimized + debuginfo] target(s) in 0.67s
Test (macos-latest)	Run doc tests	2026-05-09T15:57:54.8328590Z ^[[1m^[[92m   Doc-tests^[[0m link_assistant_router
Test (macos-latest)	Run doc tests	2026-05-09T15:57:54.8351790Z ^[[1m^[[92m     Running^[[0m `/Users/runner/.rustup/toolchains/stable-aarch64-apple-darwin/bin/rustdoc --edition=2021 --crate-type lib --color always --crate-name link_assistant_router --test src/lib.rs --test-run-directory /Users/runner/work/router/router -L native=/Users/runner/work/router/router/target/debug/build/ring-516cfdbb72f3226a/out '--warn=clippy::pedantic' '--warn=clippy::nursery' '--warn=clippy::all' --forbid=unsafe_code '--allow=clippy::too_many_lines' '--allow=clippy::module_name_repetitions' '--allow=clippy::missing_panics_doc' '--allow=clippy::missing_errors_doc' --extern async_trait=/Users/runner/work/router/router/target/debug/deps/libasync_trait-bfb9792e80f79fd8.dylib --extern axum=/Users/runner/work/router/router/target/debug/deps/libaxum-ed9594439847a32a.rlib --extern base64=/Users/runner/work/router/router/target/debug/deps/libbase64-e6ccf7ceb64fea1e.rlib --extern bytes=/Users/runner/work/router/router/target/debug/deps/libbytes-a08a8352237a73c3.rlib --extern chrono=/Users/runner/work/router/router/target/debug/deps/libchrono-f5991784c06a6364.rlib --extern clap=/Users/runner/work/router/router/target/debug/deps/libclap-5d9954d5041995aa.rlib --extern futures_util=/Users/runner/work/router/router/target/debug/deps/libfutures_util-0d5d29bb1f9ccda7.rlib --extern hex=/Users/runner/work/router/router/target/debug/deps/libhex-096359349d8a5915.rlib --extern http=/Users/runner/work/router/router/target/debug/deps/libhttp-62239d9c87604874.rlib --extern http_body_util=/Users/runner/work/router/router/target/debug/deps/libhttp_body_util-8174f03327eff90e.rlib --extern hyper=/Users/runner/work/router/router/target/debug/deps/libhyper-6071e85a5970d3e2.rlib --extern hyper_util=/Users/runner/work/router/router/target/debug/deps/libhyper_util-7cd5f032ea048d58.rlib --extern jsonwebtoken=/Users/runner/work/router/router/target/debug/deps/libjsonwebtoken-cdc30ad1722088e6.rlib --extern link_assistant_router=/Users/runner/work/router/router/target/debug/deps/liblink_assistant_router-8cc9581ffc6e837e.rlib --extern lino_arguments=/Users/runner/work/router/router/target/debug/deps/liblino_arguments-a954d43f88b80ae3.rlib --extern log_lazy=/Users/runner/work/router/router/target/debug/deps/liblog_lazy-9c0e73828ed29927.rlib --extern reqwest=/Users/runner/work/router/router/target/debug/deps/libreqwest-1c7387e1d2b3c255.rlib --extern serde=/Users/runner/work/router/router/target/debug/deps/libserde-5ddc369422a1614b.rlib --extern serde_json=/Users/runner/work/router/router/target/debug/deps/libserde_json-b9005a21b2ee569f.rlib --extern sha2=/Users/runner/work/router/router/target/debug/deps/libsha2-7e73485e6a075ce9.rlib --extern tempfile=/Users/runner/work/router/router/target/debug/deps/libtempfile-3e70450e40360d58.rlib --extern tokio=/Users/runner/work/router/router/target/debug/deps/libtokio-6134fd0aeb77e455.rlib --extern tokio_test=/Users/runner/work/router/router/target/debug/deps/libtokio_test-47d63cb70db64e46.rlib --extern tower=/Users/runner/work/router/router/target/debug/deps/libtower-53a4f4b06c4aae36.rlib --extern tower_http=/Users/runner/work/router/router/target/debug/deps/libtower_http-4172bcf1ce26407a.rlib --extern tracing=/Users/runner/work/router/router/target/debug/deps/libtracing-5718b225f6f624d2.rlib --extern tracing_subscriber=/Users/runner/work/router/router/target/debug/deps/libtracing_subscriber-9c5ce7a5bb29bc6e.rlib --extern uuid=/Users/runner/work/router/router/target/debug/deps/libuuid-468874a6717d7e4b.rlib -L dependency=/Users/runner/work/router/router/target/debug/deps -C embed-bitcode=no --check-cfg 'cfg(docsrs,test)' --check-cfg 'cfg(feature, values())' --error-format human`
Test (macos-latest)	Run doc tests	2026-05-09T15:57:54.9892470Z
Test (macos-latest)	Run doc tests	2026-05-09T15:57:54.9922270Z running 0 tests
Test (macos-latest)	Run doc tests	2026-05-09T15:57:54.9922570Z
Test (macos-latest)	Run doc tests	2026-05-09T15:57:54.9922900Z test result: ok. 0 passed; 0 failed; 0 ignored; 0 measured; 0 filtered out; finished in 0.00s
Test (macos-latest)	Run doc tests	2026-05-09T15:57:54.9923300Z
Test (macos-latest)	Post Cache cargo registry	﻿2026-05-09T15:57:56.0862780Z Post job cleanup.
Test (macos-latest)	Post Cache cargo registry	2026-05-09T15:57:56.4340340Z [command]/opt/homebrew/bin/gtar --posix -cf cache.tzst --exclude cache.tzst -P -C /Users/runner/work/router/router --files-from manifest.txt --delay-directory-restore --use-compress-program zstdmt
Test (macos-latest)	Post Cache cargo registry	2026-05-09T15:58:09.9454050Z Sent 0 of 428950841 (0.0%), 0.0 MBs/sec
Test (macos-latest)	Post Cache cargo registry	2026-05-09T15:58:10.9478700Z Sent 26297657 of 428950841 (6.1%), 12.5 MBs/sec
Test (macos-latest)	Post Cache cargo registry	2026-05-09T15:58:11.9501890Z Sent 26297657 of 428950841 (6.1%), 8.3 MBs/sec
Test (macos-latest)	Post Cache cargo registry	2026-05-09T15:58:12.9511890Z Sent 361841977 of 428950841 (84.4%), 86.1 MBs/sec
Test (macos-latest)	Post Cache cargo registry	2026-05-09T15:58:13.9532260Z Sent 361841977 of 428950841 (84.4%), 68.9 MBs/sec
Test (macos-latest)	Post Cache cargo registry	2026-05-09T15:58:14.0930550Z Sent 428950841 of 428950841 (100.0%), 79.4 MBs/sec
Test (macos-latest)	Post Cache cargo registry	2026-05-09T15:58:14.3646930Z Cache saved with key: macOS-cargo-c8469037771668bcb04056713cd1016fce250f1f3cf2be9d0d4de0a241d33a30
Test (macos-latest)	Post Run actions/checkout@v4	﻿2026-05-09T15:58:14.4148160Z Post job cleanup.
Test (macos-latest)	Post Run actions/checkout@v4	2026-05-09T15:58:14.6761440Z [command]/opt/homebrew/bin/git version
Test (macos-latest)	Post Run actions/checkout@v4	2026-05-09T15:58:14.7090120Z git version 2.54.0
Test (macos-latest)	Post Run actions/checkout@v4	2026-05-09T15:58:14.7115000Z Copying '/Users/runner/.gitconfig' to '/Users/runner/work/_temp/1d6b188e-ad82-4210-ad98-91e755c64a34/.gitconfig'
Test (macos-latest)	Post Run actions/checkout@v4	2026-05-09T15:58:14.7126620Z Temporarily overriding HOME='/Users/runner/work/_temp/1d6b188e-ad82-4210-ad98-91e755c64a34' before making global git config changes
Test (macos-latest)	Post Run actions/checkout@v4	2026-05-09T15:58:14.7127630Z Adding repository directory to the temporary git global config as a safe directory
Test (macos-latest)	Post Run actions/checkout@v4	2026-05-09T15:58:14.7135690Z [command]/opt/homebrew/bin/git config --global --add safe.directory /Users/runner/work/router/router
Test (macos-latest)	Post Run actions/checkout@v4	2026-05-09T15:58:14.7351710Z [command]/opt/homebrew/bin/git config --local --name-only --get-regexp core\.sshCommand
Test (macos-latest)	Post Run actions/checkout@v4	2026-05-09T15:58:14.7488310Z [command]/opt/homebrew/bin/git submodule foreach --recursive sh -c "git config --local --name-only --get-regexp 'core\.sshCommand' && git config --local --unset-all 'core.sshCommand' || :"
Test (macos-latest)	Post Run actions/checkout@v4	2026-05-09T15:58:14.9455060Z [command]/opt/homebrew/bin/git config --local --name-only --get-regexp http\.https\:\/\/github\.com\/\.extraheader
Test (macos-latest)	Post Run actions/checkout@v4	2026-05-09T15:58:14.9530250Z http.https://github.com/.extraheader
Test (macos-latest)	Post Run actions/checkout@v4	2026-05-09T15:58:14.9543720Z [command]/opt/homebrew/bin/git config --local --unset-all http.https://github.com/.extraheader
Test (macos-latest)	Post Run actions/checkout@v4	2026-05-09T15:58:14.9696570Z [command]/opt/homebrew/bin/git submodule foreach --recursive sh -c "git config --local --name-only --get-regexp 'http\.https\:\/\/github\.com\/\.extraheader' && git config --local --unset-all 'http.https://github.com/.extraheader' || :"
Test (macos-latest)	Post Run actions/checkout@v4	2026-05-09T15:58:15.1669130Z [command]/opt/homebrew/bin/git config --local --name-only --get-regexp ^includeIf\.gitdir:
Test (macos-latest)	Post Run actions/checkout@v4	2026-05-09T15:58:15.1903040Z [command]/opt/homebrew/bin/git submodule foreach --recursive git config --local --show-origin --name-only --get-regexp remote.origin.url
Test (macos-latest)	Complete job	﻿2026-05-09T15:58:15.3699370Z Cleaning up orphan processes
Test (macos-latest)	Complete job	2026-05-09T15:58:16.1926050Z ##[warning]Node.js 20 actions are deprecated. The following actions are running on Node.js 20 and may not work as expected: actions/cache@v4, actions/checkout@v4. Actions will be forced to run with Node.js 24 by default starting June 2nd, 2026. Node.js 20 will be removed from the runner on September 16th, 2026. Please check if updated versions of these actions are available that support Node.js 24. To opt into Node.js 24 now, set the FORCE_JAVASCRIPT_ACTIONS_TO_NODE24=true environment variable on the runner or in your workflow file. Once Node.js 24 becomes the default, you can temporarily opt out by setting ACTIONS_ALLOW_USE_UNSECURE_NODE_VERSION=true. For more information see: https://github.blog/changelog/2025-09-19-deprecation-of-node-20-on-github-actions-runners/
